﻿标题,详情
MAGCOMSEN Women's UPF 50+ Lightweight Athletic Jacket Sun Protection Full Zip Long Sleeve Shirts Hiking Outdoor Pockets,"UV PROTECTION: UPF 50+ fabric for maximum protection against harmful ultraviolet rays, protected your sensitive skin against all the elements in summer."
MAGCOMSEN Women's UPF 50+ Lightweight Athletic Jacket Sun Protection Full Zip Long Sleeve Shirts Hiking Outdoor Pockets,"BREATHABLE & LIGHTWEIGHT: High density mesh fabric for enhanced ventilation, effectively absorbs skin moisture, and allows sweat to dry quickly. Lightweight, quick dry and 4-way stretch fabric keep you cool and comfort, improves mobility for full range motion."
MAGCOMSEN Women's UPF 50+ Lightweight Athletic Jacket Sun Protection Full Zip Long Sleeve Shirts Hiking Outdoor Pockets,STAND UP COLLAR & THUMB HOLES: Athleisure stand up collar provides extra sun protection for your neck. Thumbholes keep the sleeves in place and extend coverage to hands for sun protection.
MAGCOMSEN Women's UPF 50+ Lightweight Athletic Jacket Sun Protection Full Zip Long Sleeve Shirts Hiking Outdoor Pockets,ZIPPER POCKETS: Women upf outdoor jacket shirts have 2 side hide zipper pockets and 2 inner deep pockets provide secure storage for your essentials.
MAGCOMSEN Women's UPF 50+ Lightweight Athletic Jacket Sun Protection Full Zip Long Sleeve Shirts Hiking Outdoor Pockets,"OCCASIONS: Our Women's Lightweight Sun Jacket Shirt is fitted without being too tight. Perfect for hiking, workout, yoga, fishing, cycling, running, golfing, swimming, biking, camping, sports, traveling, boating and all kinds of outdoor activities."
MAGCOMSEN Women's UPF 50+ Lightweight Athletic Jacket Sun Protection Full Zip Long Sleeve Shirts Hiking Outdoor Pockets,
