﻿标题,详情
Miusey Womens Quarter Zip Running Pullover Jackets Long Sleeve Workout Tops (PRIME),"1/4 Zip Pullover Women: Made of super-warm brushed micro-grid fleece interior, Quick-Dry fabric draws sweat away from your skin, and keeps dry and comfy after high sports."
Miusey Womens Quarter Zip Running Pullover Jackets Long Sleeve Workout Tops (PRIME),"Womens Quarter Zip Pullover Athletic Long Sleeve Shirt: It can be flexibly turned into a sexy v-neck or cool cowl neck at need, will give the Polo a new modern feel."
Miusey Womens Quarter Zip Running Pullover Jackets Long Sleeve Workout Tops (PRIME),"1/4 Athletic Pullover Women Stylish Design: Unique front linear sewing has contrast accentuates the sporty style, slim fit can show your curve perfectly."
Miusey Womens Quarter Zip Running Pullover Jackets Long Sleeve Workout Tops (PRIME),"1/4 Zip Pullover Womens Athletic Shirt to Wear with Leggings for Running, Morning Jogger, Yoga, Gym Fitness, Sports, Working, Daily, School or any other occations."
Miusey Womens Quarter Zip Running Pullover Jackets Long Sleeve Workout Tops (PRIME),Quarter Zip Pullover: Hand wash is recommended. Do not bleach.do not hang or line dry. Please refer to the size chart we provided instead of the official amazon before you buy.
Miusey Womens Quarter Zip Running Pullover Jackets Long Sleeve Workout Tops (PRIME),
