﻿标题,详情
PRETTYGARDEN Women's Fall Fashion Outfits 2 Piece Sweatsuit Solid Color Long Sleeve Pullover Long Pants Lounge Set,"SIZE TIPS: S=US 4-6, M=US 8-10, L=US 12-14, XL=US 16-18, XXL=US 20-22. This 2 Piece Tracksuit Outfit Are Made Of Thin Rib Knit Fabric, And It Combines Both comfortability And High Stretch. Feel And Wear Soft, Skin-Friendly And Warm To Wear"
PRETTYGARDEN Women's Fall Fashion Outfits 2 Piece Sweatsuit Solid Color Long Sleeve Pullover Long Pants Lounge Set,"Womens Fall Fashion: This Two Piece Sweatsuit Has High Elasticity, So There Is No Limit To The Figure, Suitable For Different Body Types, And Will Not Feel Tight. Two Piece Pajamas Set Are Slim And Graceful And Keep You Warm For Winter Day, When You Get Up In The Fall Morning You Can Make A Nice Breakfast Without Having To Find A Robe"
PRETTYGARDEN Women's Fall Fashion Outfits 2 Piece Sweatsuit Solid Color Long Sleeve Pullover Long Pants Lounge Set,Features: Ribbed Knit Outfits; Round Neck Tops; Long Sleeve Pullover Tops; Elastic Waist Sweatpants Set; Skinny Pants; Long Pants; Winter Warm Pajamas; Solid Color Fall Outfits; Fashion Fall Clothes; Tops And Pants Set For Winter
PRETTYGARDEN Women's Fall Fashion Outfits 2 Piece Sweatsuit Solid Color Long Sleeve Pullover Long Pants Lounge Set,"Occasions: Womens Fall Two Piece Rib-Knit Sweatsuit Is Suitable For Daily Wearing, Breathable And Warming Material Is Ideal For Spring, Autumn, And Winter. Also It Can Wear Outsides, Go Shopping With Friends, Do Chores, Sports, Party, Running"
PRETTYGARDEN Women's Fall Fashion Outfits 2 Piece Sweatsuit Solid Color Long Sleeve Pullover Long Pants Lounge Set,Attention: Please Refer To The Size Chart Of The Product Detailed Page Or In The Product Description Before Ordering. And Hand Wash Or Machine Wash Separately In Cold Water
PRETTYGARDEN Women's Fall Fashion Outfits 2 Piece Sweatsuit Solid Color Long Sleeve Pullover Long Pants Lounge Set,
