﻿标题,详情
IUGA Wide Leg Yoga Pants for Women Sweatpants with Pockets Yoga Pants Flare Lounge Pants Loose High Waist Comfy Workout Dance,"Thicker Premium Fabric - Functioned with durable, buttery soft, 4-way stretch, breathable and not see-through fabric, IUGA thicker wide leg yoga pants are made of 80% Nylon and 20% spandex that redefine your comfort zone, allowing you to move freely and comfortably during workouts or daily activities without worrying about seeing through."
IUGA Wide Leg Yoga Pants for Women Sweatpants with Pockets Yoga Pants Flare Lounge Pants Loose High Waist Comfy Workout Dance,"Comfort Meets Flattering - With a high-rise drawstring waistband and a high-tolerance fit, these wide leg sweatpants for women are designed to fit your waist and flatter your hips. In addition, the flared design at the bottom flatters the line of the legs. Your legs are going to be very happy with this street-to-lounge staple and you will feel confident and comfortable all day long."
IUGA Wide Leg Yoga Pants for Women Sweatpants with Pockets Yoga Pants Flare Lounge Pants Loose High Waist Comfy Workout Dance,"DIY Option - Our yoga pants with pockets for women offer two inseam sizes 31"" and 29"" to suit different heights and shapes. Plus, we have added notches at the hem so that you can DIY and customize the length to your liking for the best fit."
IUGA Wide Leg Yoga Pants for Women Sweatpants with Pockets Yoga Pants Flare Lounge Pants Loose High Waist Comfy Workout Dance,"Deep Pockets - The 2 deep pockets in IUGA wide leg pants are designed to conveniently stash your phone, keys, and cards, helping you to keep your hands free while exercising or casual wear."
IUGA Wide Leg Yoga Pants for Women Sweatpants with Pockets Yoga Pants Flare Lounge Pants Loose High Waist Comfy Workout Dance,"Elevate Your Wardrobe - The IUGA flare yoga pants are designed with athleisure, aesthetics, and practicality in mind. Perfect for office, home, lounge, and street. You can wear these straight leg sweatpants for women as lounge pants or wear them to work, yoga, jogging, working out, dancing, hiking, or other activities. Grab some to elevate your wardrobe!"
IUGA Wide Leg Yoga Pants for Women Sweatpants with Pockets Yoga Pants Flare Lounge Pants Loose High Waist Comfy Workout Dance,
