﻿标题,详情
Mippo Womens Long Workout Tops Racerback Athletic Yoga Gym Tank Top Sports Tennis Shirt,"【Fit】: This workout tank top is longer than than a regular top, definitely long enough to wear with leggings, and no riding up when being active. Loose and flowy, it covers the lower stomach area and hits around or behind the hips, but is not clingy in the middle"
Mippo Womens Long Workout Tops Racerback Athletic Yoga Gym Tank Top Sports Tennis Shirt,"【FEATURE】: The way it drapes in back is especially flattering and personality, this eye-catching unusual style & design adds elegant look to your outfits. Racerback design hugs your shoulders well but not tight, and slightly fans out at the bottom adds a little fun to it"
Mippo Womens Long Workout Tops Racerback Athletic Yoga Gym Tank Top Sports Tennis Shirt,"【FABRIC】: Very lightweight comfortable material but thick enough that you can't see through it. So incredibly comfortable while working out, wicks sweat away very nicely and dry quickly, and it is also nice enough to wear as a regular everyday casual top in hot summer"
Mippo Womens Long Workout Tops Racerback Athletic Yoga Gym Tank Top Sports Tennis Shirt,"【MATCH】: Loose fitting long workout / yoga / gym / exercise / running / tennis / Plites tank top to wear with leggings, shorts, pants and jeans. Good choice for people who are looking for a extra long tank top or trendy shirt"
Mippo Womens Long Workout Tops Racerback Athletic Yoga Gym Tank Top Sports Tennis Shirt,"【NOTICE】: : Please check the size information in the description below before ordering instead of the default amazon size chart. Model Wear Size S : 5'8"" Height/115lbs Weight/34.6"" Bust/24.4"" Waist/36.2"" Hip"
Mippo Womens Long Workout Tops Racerback Athletic Yoga Gym Tank Top Sports Tennis Shirt,
