﻿标题,详情
TOPONSKY Women Two Piece Workout Outfits Sports Long-Pants & Short-Top Sets,"MATERIAL: Made of soft cotton and elastic polyester fiber, it is comfortable to wear."
TOPONSKY Women Two Piece Workout Outfits Sports Long-Pants & Short-Top Sets,"Feature: Tracksuit,2 Piece Sweatsuit, Short sleeve T-shirt, Bodycon shorts, Jogger Bodycon Sets."
TOPONSKY Women Two Piece Workout Outfits Sports Long-Pants & Short-Top Sets,"SIZE REFERENCE: The size of different patterns is slightly different, Please refer to the size chart on the left before purchase."
TOPONSKY Women Two Piece Workout Outfits Sports Long-Pants & Short-Top Sets,"OCCASIONS: This Cute Womens Activewear suitable for Casual, Sleeping, Daily wear, Sport, Exercise, Fitness, Workout, Running, Jogging, Yoga, Gym, Leisure Wear and etc."
TOPONSKY Women Two Piece Workout Outfits Sports Long-Pants & Short-Top Sets,"WASHING TIPs: Machine washable( with Similar colors only), No ironing, No bleaching. Package1 Contents: x Women's 2 Piece Outfits Shorts Set(Tops and Pants)."
TOPONSKY Women Two Piece Workout Outfits Sports Long-Pants & Short-Top Sets,
