﻿标题,详情
XIEERDUO Womens 2 Piece Outfits 2024 Sweatsuit Set Track Suits Oversized Hoodie Sweatshirts Wide Leg Sweatpants with Pockets,"【Fabric】This 2 piece sweatsuits made of 65% polyester and 35% cotton. The thick fleece fabric is soft and comfy, which keep you warm and free."
XIEERDUO Womens 2 Piece Outfits 2024 Sweatsuit Set Track Suits Oversized Hoodie Sweatshirts Wide Leg Sweatpants with Pockets,【Style】This 2 piece lounge set not only gives you style but also flatters your skin and your well-being with its pleasant soft fabric. The top and bottom can also be worn separately. Great for winter and fall.
XIEERDUO Womens 2 Piece Outfits 2024 Sweatsuit Set Track Suits Oversized Hoodie Sweatshirts Wide Leg Sweatpants with Pockets,【Features】This tracksuit sets featured a oversized long sleeve drop shoulder hoodie and two pockets wide leg jogger sweatpants.
XIEERDUO Womens 2 Piece Outfits 2024 Sweatsuit Set Track Suits Oversized Hoodie Sweatshirts Wide Leg Sweatpants with Pockets,"【Occashion】This sweatsuit set suits for airport, travel, lounge, going out, exercise, skifitness, workout, running, jogging, skiing, biking, casual shopping, vacation, sports wear etc."
XIEERDUO Womens 2 Piece Outfits 2024 Sweatsuit Set Track Suits Oversized Hoodie Sweatshirts Wide Leg Sweatpants with Pockets,"【Washing Care】Machine/ Hand wash, not bleach, hang or line dry."
XIEERDUO Womens 2 Piece Outfits 2024 Sweatsuit Set Track Suits Oversized Hoodie Sweatshirts Wide Leg Sweatpants with Pockets,
