﻿标题,详情
Bestisun Womens Open Back Workout Shirts Cropped Yoga Tank Tops Backless Athletic Clothes,"Material: Breathable, Strechy, Lightweight, feel relax and comfortable when you wear it. Super soft fabric, breathable, easy to care, comfortable and cute, great for sports yoga workout or casual clothes."
Bestisun Womens Open Back Workout Shirts Cropped Yoga Tank Tops Backless Athletic Clothes,Open Back: The open back and slightly loose fit creates a breezy feel with more cooling as your run heats up. Airy and have you back out.
Bestisun Womens Open Back Workout Shirts Cropped Yoga Tank Tops Backless Athletic Clothes,"Loose Fit: Loose and flowy cropped tank tops, feel very comfortable. Perfect for workouts, as a bathing suit coverup, or to just wear on a hot day."
Bestisun Womens Open Back Workout Shirts Cropped Yoga Tank Tops Backless Athletic Clothes,"Occasion: Bestisun workout clothes suitable for yoga, exercise, fitness, gym, running, any type of workout or everyday use. Our active shirts combine fashion, function and performance"
Bestisun Womens Open Back Workout Shirts Cropped Yoga Tank Tops Backless Athletic Clothes,Notice: Please check the size chart in the description below or picture before ordering instead of the default amazon size chart.
Bestisun Womens Open Back Workout Shirts Cropped Yoga Tank Tops Backless Athletic Clothes,
