﻿标题,详情
PINSPARK Womens Long Sleeve Shirts Workout Tops V Neck Twist Front Hiking Yoga Running Casual T-Shirt,"Match: The front twist design is perfect match with high rise bottoms，leggings, yoga pants, shorts, jeans and is the perfect choice for your wardrobe."
PINSPARK Womens Long Sleeve Shirts Workout Tops V Neck Twist Front Hiking Yoga Running Casual T-Shirt,"Material: Our womens long sleeve tops is made of high quality cotton blend, soft and light weight, fast drying comfort, bring you a quality wearing experience."
PINSPARK Womens Long Sleeve Shirts Workout Tops V Neck Twist Front Hiking Yoga Running Casual T-Shirt,"Design Features: Long sleeves / Stylish v-necks / Delicate kinks. Twist front tops keeps you stylish while working out, also is ideal for casual everyday wear."
PINSPARK Womens Long Sleeve Shirts Workout Tops V Neck Twist Front Hiking Yoga Running Casual T-Shirt,"Occasion: This workout casual shirts is perfect for yoga, workout, sports, running, pilates, exercise, fitness, gym and any type of workout, but also can be used as an everyday wear."
PINSPARK Womens Long Sleeve Shirts Workout Tops V Neck Twist Front Hiking Yoga Running Casual T-Shirt,"Friendly Service: This womens v neck t shirts will easily fit any body shape. Please kindly refer to our size chart before ordering. If you are between two sizes, please choose the larger size!"
PINSPARK Womens Long Sleeve Shirts Workout Tops V Neck Twist Front Hiking Yoga Running Casual T-Shirt,
