﻿标题,详情
ANRABESS Women 2 Piece Outfits Sweatshirt Shorts Sets 2024 Oversized Casual Lounge Sweat Set Sweatsuit Workout Tracksuit,"Size - S=US(4-6),M=US(8-10),L=US(12-14),XL=US(16-18) ，see details in rich description."
ANRABESS Women 2 Piece Outfits Sweatshirt Shorts Sets 2024 Oversized Casual Lounge Sweat Set Sweatsuit Workout Tracksuit,"Features - Long sleeve sweatshirt top and a high waist matching shorts, 1/4 zipped neckline, causal v-neck polo collared, ribbed cuffs, drop shoulder, and two side pockets on shorts. Super flattering and cozy while still looking cute and put together!"
ANRABESS Women 2 Piece Outfits Sweatshirt Shorts Sets 2024 Oversized Casual Lounge Sweat Set Sweatsuit Workout Tracksuit,"Style - Keep comfy in this two-piece casual set! It is no restriction on the figure, the loose shorts are softest with an elastic waistband for adjustable comfort all day long! With the zipper detail, the top is actually cute enough that you can wear it with jeans."
ANRABESS Women 2 Piece Outfits Sweatshirt Shorts Sets 2024 Oversized Casual Lounge Sweat Set Sweatsuit Workout Tracksuit,"Occasion - This outfit is super cute and comfortable, perfect for spring, winter, and fall. Suitable for a casual wear at home, hanging out, lounge, travel, vacation, outdoor, running, jogging, party, etc."
ANRABESS Women 2 Piece Outfits Sweatshirt Shorts Sets 2024 Oversized Casual Lounge Sweat Set Sweatsuit Workout Tracksuit,"Wash - Hand wash and machine wash,hang to dry."
ANRABESS Women 2 Piece Outfits Sweatshirt Shorts Sets 2024 Oversized Casual Lounge Sweat Set Sweatsuit Workout Tracksuit,
