﻿标题,详情
CRZ YOGA Women's Pima Cotton Workout Short Sleeve Shirts Loose Athletic Crop Tops Gym Casual Cropped T-Shirt,Designed for low-impact workouts or daily wear
CRZ YOGA Women's Pima Cotton Workout Short Sleeve Shirts Loose Athletic Crop Tops Gym Casual Cropped T-Shirt,"Super soft, skin-friendly and lightweight fabric keeps you comfortable"
CRZ YOGA Women's Pima Cotton Workout Short Sleeve Shirts Loose Athletic Crop Tops Gym Casual Cropped T-Shirt,"Relaxed fit, cropped length"
CRZ YOGA Women's Pima Cotton Workout Short Sleeve Shirts Loose Athletic Crop Tops Gym Casual Cropped T-Shirt,"Classic high crew neck, loose design allows you for a full range of motion without restriction"
CRZ YOGA Women's Pima Cotton Workout Short Sleeve Shirts Loose Athletic Crop Tops Gym Casual Cropped T-Shirt,"Basic crop top with an athleisure style that pairs well with your high-waisted pants, leggings, shorts"
CRZ YOGA Women's Pima Cotton Workout Short Sleeve Shirts Loose Athletic Crop Tops Gym Casual Cropped T-Shirt,
