﻿标题,详情
ALWAYS Hacci Jogger Pants for Women - Soft Warm Cozy Lounge Sweatpants,"Comfortable and Affordable: Enjoy the softness and stretch of Hacci fabric at a reasonable price, offering all-day comfort for various occasions."
ALWAYS Hacci Jogger Pants for Women - Soft Warm Cozy Lounge Sweatpants,"Lightweight and Breathable: Perfect for home wear or casual outings, these lightweight joggers are breathable and cozy."
ALWAYS Hacci Jogger Pants for Women - Soft Warm Cozy Lounge Sweatpants,"Vibrant, Fade-Resistant Colors: Available in a variety of vibrant, fade-resistant hues that stay fresh wash after wash."
ALWAYS Hacci Jogger Pants for Women - Soft Warm Cozy Lounge Sweatpants,"Slim Fit and Stretchy Design: These joggers run smaller than standard sizing. For a more relaxed fit, we recommend sizing up."
ALWAYS Hacci Jogger Pants for Women - Soft Warm Cozy Lounge Sweatpants,"Stylish Side Stripe: A sleek stripe runs down the side of the pants, adding a sporty and fashionable touch to your look."
ALWAYS Hacci Jogger Pants for Women - Soft Warm Cozy Lounge Sweatpants,
