﻿标题,详情
PAVOI ACTIVE Athleisure Crop Tee | Low Support Crew Neck Short Cap Sleeves Lounge Workout Women's Cropped Top | LuxeCloud,"✦LUXECLOUD COLLECTION✦ Easy to put on styles you’ll never want to take off. Feels-like-nothing fabric and flattering silhouettes for all-day, everyday comfort."
PAVOI ACTIVE Athleisure Crop Tee | Low Support Crew Neck Short Cap Sleeves Lounge Workout Women's Cropped Top | LuxeCloud,"✦KEEP IT LIGHT✦ Buttery soft with a luxe feel for coffee-shop dates, catching flights, and golden-hour walks."
PAVOI ACTIVE Athleisure Crop Tee | Low Support Crew Neck Short Cap Sleeves Lounge Workout Women's Cropped Top | LuxeCloud,"✦FIT AND DESIGN✦ A super-soft, breathable short-sleeve crop top."
PAVOI ACTIVE Athleisure Crop Tee | Low Support Crew Neck Short Cap Sleeves Lounge Workout Women's Cropped Top | LuxeCloud,✦DESIGNED FOR COMFORT✦ Classic crew neck with full coverage.
PAVOI ACTIVE Athleisure Crop Tee | Low Support Crew Neck Short Cap Sleeves Lounge Workout Women's Cropped Top | LuxeCloud,"Emilia, wearing a Size X-Small, has measurements of a 30½"" bust, 24½"" waist, 36"" hips, and she's 5'5"" tall."
PAVOI ACTIVE Athleisure Crop Tee | Low Support Crew Neck Short Cap Sleeves Lounge Workout Women's Cropped Top | LuxeCloud,
