﻿标题,详情
Cucuchy Womens V Neck Golf Polo Shirts Moisture Wicking Sports Workout Tops,"Stretch & Flattering - Nonrestrictive;Polyester fabric provides greater freedom of motion and elasticity,exercise without restraint;And the T shirt style flowy top enhances coverage,which deliver a athleisure silhouette easily;This yoga shirt is stretchable and loose fit,easy to wear and no need to worry about looking bloated when wearing it"
Cucuchy Womens V Neck Golf Polo Shirts Moisture Wicking Sports Workout Tops,"Occasions - The breathable shirt suitable for Sports,Gym,Yoga,Outdoor sport,Tennis,Golf, Running,Jogging,Exercise,Cycling,Travel and ect;Fashion Clothing for women,ladies,juniors and teen girls"
Cucuchy Womens V Neck Golf Polo Shirts Moisture Wicking Sports Workout Tops,Dry Fast - Polyester fabric is quick drying and wicks sweat and moisture away quickly;Never out of shape
Cucuchy Womens V Neck Golf Polo Shirts Moisture Wicking Sports Workout Tops,"Thumb Holes-Unique thumb holes design ensures the sleeves in place when you're of workout,also provides UV protection and keeps warm in cool weather"
Cucuchy Womens V Neck Golf Polo Shirts Moisture Wicking Sports Workout Tops,
