﻿标题,详情
BALEAF Workout Tank Tops for Women Sleeveless Running Loose Fit Yoga Tops Active Shirts Pickleball Sports Gym Exercise,"Cool-dry Fabric: Wicks sweat and dries really fast to keep you cool, breathability combined with super elasticity"
BALEAF Workout Tank Tops for Women Sleeveless Running Loose Fit Yoga Tops Active Shirts Pickleball Sports Gym Exercise,"Pattern Cutting: Sleeveless, suitable cut of arm holes design offer a full range of motion, tag-free collar for added comfort"
BALEAF Workout Tank Tops for Women Sleeveless Running Loose Fit Yoga Tops Active Shirts Pickleball Sports Gym Exercise,Free Swinging: 4-way stretch construction and suitable cut of armholes for great range of movement
BALEAF Workout Tank Tops for Women Sleeveless Running Loose Fit Yoga Tops Active Shirts Pickleball Sports Gym Exercise,Reflective Elements: Provide increased visibility during low-light situations
BALEAF Workout Tank Tops for Women Sleeveless Running Loose Fit Yoga Tops Active Shirts Pickleball Sports Gym Exercise,"Various Screens: Standard fit stretchy tank tops are perfect for running, jogging, workout, fitness, yoga and other activities"
BALEAF Workout Tank Tops for Women Sleeveless Running Loose Fit Yoga Tops Active Shirts Pickleball Sports Gym Exercise,
