﻿标题,详情
GRECERELLE 2 Piece Sets For Women Summer 2025 Outfits Lounge Sets Sleeveless Sweatsuits Wide Leg Tracksuits With Pockets,"Fabric: 50% Rayon, 44% Polyester, 6% Spandex.The 2 piece sets for women summer is crafted from light-as-air fabric, soft and ultra drapey, designed to feel silky against your skin."
GRECERELLE 2 Piece Sets For Women Summer 2025 Outfits Lounge Sets Sleeveless Sweatsuits Wide Leg Tracksuits With Pockets,"Size: S=US(4-6), M=US(8-10), L=US(12-14), XL=US(16-18),XXL=US(20-22). More details in rich description."
GRECERELLE 2 Piece Sets For Women Summer 2025 Outfits Lounge Sets Sleeveless Sweatsuits Wide Leg Tracksuits With Pockets,"Design：two piece sets for women Round Neck Sleeveless Tops,Wide Leg Pants,Elastic Drawstring."
GRECERELLE 2 Piece Sets For Women Summer 2025 Outfits Lounge Sets Sleeveless Sweatsuits Wide Leg Tracksuits With Pockets,"Occasion:the lounge sets for women,sweatsuits women 2 piece outfit,womens sweatsuits 2 piece set can be dressed up or down, great for casual wear/dressing up/vacation/travel/work"
GRECERELLE 2 Piece Sets For Women Summer 2025 Outfits Lounge Sets Sleeveless Sweatsuits Wide Leg Tracksuits With Pockets,"Wash Instruction:Our matching sets women clothing are machine washable, hand washes cold.For this matching sets women clothing, please avoid bleaching, and hang or line dry instead"
GRECERELLE 2 Piece Sets For Women Summer 2025 Outfits Lounge Sets Sleeveless Sweatsuits Wide Leg Tracksuits With Pockets,
