﻿标题,详情
"HOdo 32""/34""/36"" Inseam Womens Tall Yoga Sweatpants Quick Dry Long Joggers Lounge Yoga Pants with Pockets","Elastic Waistband & Built-in Drawstring: Drawstring waistband design can flatter your waist, offer a more slimming fit, make you feel confident and comfortable all day long"
"HOdo 32""/34""/36"" Inseam Womens Tall Yoga Sweatpants Quick Dry Long Joggers Lounge Yoga Pants with Pockets","Multiple Pockets: Deep pockets on the sides can easily accommodate your phone and other essentials. Additionally, there's a handy coin pocket for storing small yet important items"
"HOdo 32""/34""/36"" Inseam Womens Tall Yoga Sweatpants Quick Dry Long Joggers Lounge Yoga Pants with Pockets",Breathable & Warm Material: Feature a durable fabric that provides exceptional stretch. Move freely and comfortably during your workouts or daily activities
"HOdo 32""/34""/36"" Inseam Womens Tall Yoga Sweatpants Quick Dry Long Joggers Lounge Yoga Pants with Pockets",Sufficient Length & Open Bottom Design: The relaxed straight leg and relaxed fit design make these pants ideal for individuals with tall stature
"HOdo 32""/34""/36"" Inseam Womens Tall Yoga Sweatpants Quick Dry Long Joggers Lounge Yoga Pants with Pockets","Versatile Style: These pants are versatile and suitable for a range of activities, including yoga, jogging, travel, everyday exercise, gym workouts"
"HOdo 32""/34""/36"" Inseam Womens Tall Yoga Sweatpants Quick Dry Long Joggers Lounge Yoga Pants with Pockets",
