﻿标题,详情
Women's 2 Piece Sets Sweatsuit Lapel Half Zip Sweatshirt Sweatpants Lounge Matching Sets Fall Outfits,"【Light as Air Fabric】Womens matching sets are made with lightweight, buttery-soft material, which is breathable and stretchable to offer you a comfy wearing experience. A stylish and comfortable choice for your active lifestyle"
Women's 2 Piece Sets Sweatsuit Lapel Half Zip Sweatshirt Sweatpants Lounge Matching Sets Fall Outfits,"【Chic Design】This two piece sets consists of a long sleeve sweatshirt and tapered sweatpants. The loose 1/4 zip pullover top is easy to put on or off, while the elastic drawstring of the pants allows for a customiz fit, ensuring comfort and flexibility"
Women's 2 Piece Sets Sweatsuit Lapel Half Zip Sweatshirt Sweatpants Lounge Matching Sets Fall Outfits,"【Matching】2 piece fall outfits match well with sneakers, casual shoes, boots, baseball cap for a relaxed fashion look. The top and bottom can also be worn separately, allowing you to mix it up and provide versatility and options for your wardrobe"
Women's 2 Piece Sets Sweatsuit Lapel Half Zip Sweatshirt Sweatpants Lounge Matching Sets Fall Outfits,"【Occasion】Womens trendy tracksuit set fits for autumn winter and spring, jogging, running, hiking, gym, work, office, travel, airport, daily wear, running errands, lounging around, suitable for both indoor and outdoor activities"
Women's 2 Piece Sets Sweatsuit Lapel Half Zip Sweatshirt Sweatpants Lounge Matching Sets Fall Outfits,【Details】Fall Outfits Women Trendy/ Lounge Sets for Women/ Sweatsuits for Women Set 2 Piece/ Half Zip Pullover Women/ Tapered Pants Women/ Quarter Zip Sweatshirt/ Sweatpants Set/ Jogger Sets for Women/ Winter Clothes Woman
Women's 2 Piece Sets Sweatsuit Lapel Half Zip Sweatshirt Sweatpants Lounge Matching Sets Fall Outfits,
