﻿标题,详情
Kimmery Woman Short Sleeve Round Neck Criss Cross Back Yoga Shirt,"Criss cross open back: Criss cross tops for women design, great for hot weather and current fashion trends, sexy and modest at the same time."
Kimmery Woman Short Sleeve Round Neck Criss Cross Back Yoga Shirt,Featuring: Summer Tops for Women with Nice Designed Shirt -- Classic Round Neck / Short Sleeve / Criss Cross Back / Easy to Wash / Hold Shape Well / Not Wrinkle or Shrink / Pretty Colores Do Not Fade.
Kimmery Woman Short Sleeve Round Neck Criss Cross Back Yoga Shirt,"Occasions: Athletic tops for women, easy for exercise -- walking, running, hiking, yoga, sports, gym work or casual daily."
Kimmery Woman Short Sleeve Round Neck Criss Cross Back Yoga Shirt,"Easy Matches: Short sleeve shirts for women, works fine with jeans, yoga pants, shorts, leggings, sneakers. An essential shirt for ladies and juniors."
Kimmery Woman Short Sleeve Round Neck Criss Cross Back Yoga Shirt,"Note: We strongly suggest that you have your body measurements taken first, and then refer to our size chart before order, M=US 10-12, L=US 14-16, XL=US 16, XXL=US 18-20, 3XL=US 22-24."
Kimmery Woman Short Sleeve Round Neck Criss Cross Back Yoga Shirt,
