﻿标题,详情
Promover Wide Leg Pants Woman Yoga Pants with Pockets Stretch Loose Casual Lounge Sweatpants Petite/Regular/Tall,"(For reference) Petite- 28"" inseam fits women 5'4"" or under/ Regular- 30"" inseam fits women 5'4""-5'8"" / Tall- 32"" inseam fits women 5'8"" or above.(Note: Fabric is about 0.61-0.64mm thickness and may attract dust due to static. To keep clean, use a lint roller for a quick refresh.)"
Promover Wide Leg Pants Woman Yoga Pants with Pockets Stretch Loose Casual Lounge Sweatpants Petite/Regular/Tall,"➤Made of durable, buttery soft, 4-way stretch, breathable fabric, these yoga pants are not see-through and allow you to move freely during workouts or daily activities"
Promover Wide Leg Pants Woman Yoga Pants with Pockets Stretch Loose Casual Lounge Sweatpants Petite/Regular/Tall,"➤ Wide leg pants with a high waist design and streamlined hips cutting, contour your curves and provide a secure fit"
Promover Wide Leg Pants Woman Yoga Pants with Pockets Stretch Loose Casual Lounge Sweatpants Petite/Regular/Tall,"➤Conveniently stash your phone, keys, and cards in the 2 deep pockets, keeping your hands free while exercising or casual wear"
Promover Wide Leg Pants Woman Yoga Pants with Pockets Stretch Loose Casual Lounge Sweatpants Petite/Regular/Tall,"➤Whether you're lounging at home or practicing yoga, working, dancing, hiking, or engaging in other sports activities, these versatile pants are perfect for any occasion"
Promover Wide Leg Pants Woman Yoga Pants with Pockets Stretch Loose Casual Lounge Sweatpants Petite/Regular/Tall,
