﻿标题,详情
"CRZ YOGA Lightweight Workout Joggers for Women, High Waisted Outdoor Running Casual Track Pants with Pockets",Designed for workout or daily wear
"CRZ YOGA Lightweight Workout Joggers for Women, High Waisted Outdoor Running Casual Track Pants with Pockets","Vertical pinstripes fabric, lightweight, breathable, quick-drying and soft"
"CRZ YOGA Lightweight Workout Joggers for Women, High Waisted Outdoor Running Casual Track Pants with Pockets",Inseam: 28.5 Inches. High Rise
"CRZ YOGA Lightweight Workout Joggers for Women, High Waisted Outdoor Running Casual Track Pants with Pockets","Side pockets are deep enough to hold your hands, phone, keys, etc"
"CRZ YOGA Lightweight Workout Joggers for Women, High Waisted Outdoor Running Casual Track Pants with Pockets",Elastic waistband with drawstring
"CRZ YOGA Lightweight Workout Joggers for Women, High Waisted Outdoor Running Casual Track Pants with Pockets","Track joggers also perfect for running, hiking, golf, or lounge and casual"
"CRZ YOGA Lightweight Workout Joggers for Women, High Waisted Outdoor Running Casual Track Pants with Pockets",
