﻿标题,详情
Allegra K Women's Drawstring Elastic Waist Athleisure Pants Ankle Length Satin Joggers with Pocket,"Medium-weight Satin Fabric, High Waisted, Elastic Waist, Straight Leg, Two Side Pockets, Tassel Drawcord, Elastic Hem"
Allegra K Women's Drawstring Elastic Waist Athleisure Pants Ankle Length Satin Joggers with Pocket,Comfortable satin shapes the trendy pants with an elasticized waist and straight legs
Allegra K Women's Drawstring Elastic Waist Athleisure Pants Ankle Length Satin Joggers with Pocket,"Occassion: Daily, Casual, Sports, Workout, Lounge, Concert Outfit, Going Out; Perfect choice for any casual occassion at home or day out treaveling"
Allegra K Women's Drawstring Elastic Waist Athleisure Pants Ankle Length Satin Joggers with Pocket,Designer Collaboration Collection: Allegra K x Marie-Joelle LeBlanc
Allegra K Women's Drawstring Elastic Waist Athleisure Pants Ankle Length Satin Joggers with Pocket,"Machine Wash Cold with Like Colors, Do not bleach"
Allegra K Women's Drawstring Elastic Waist Athleisure Pants Ankle Length Satin Joggers with Pocket,
