﻿标题,详情
ICTIVE Womens Cross Backless Workout Tops for Women Racerback Tank Tops Open Back Running Muscle Tank Yoga Shirts,"Cross Back racerback workout tank tops, Sexy keyhole, It looks Sexy and charming. Keeps you cool when you sport"
ICTIVE Womens Cross Backless Workout Tops for Women Racerback Tank Tops Open Back Running Muscle Tank Yoga Shirts,"Backless, Scoop Neck, loose fit allows for easy layering over any bra, offers you the maximum comfort"
ICTIVE Womens Cross Backless Workout Tops for Women Racerback Tank Tops Open Back Running Muscle Tank Yoga Shirts,"This fabric dries quickly. It is stretchable, Breathable, Super soft, Lightweight, Skin Friendly and Moisture wicking"
ICTIVE Womens Cross Backless Workout Tops for Women Racerback Tank Tops Open Back Running Muscle Tank Yoga Shirts,"The workout tank top perfect for workout, yoga, running, gym, athletic, trainning, exercise or just daily wear"
ICTIVE Womens Cross Backless Workout Tops for Women Racerback Tank Tops Open Back Running Muscle Tank Yoga Shirts,"Easy to care, machine or hand wash cold,(Below 30°). Iron on loe heat settings. Do Not Bleach"
ICTIVE Womens Cross Backless Workout Tops for Women Racerback Tank Tops Open Back Running Muscle Tank Yoga Shirts,
