﻿标题,详情
"YITTY Active Women's UltraLuxe Crossover High-Waist Legging, 7/8 Length, Athleisure, 4-Way-Stretch","Sculpting Crossover Waistband: The high-waisted crossover design gives your waist and tummy a sculpted look, making these comfortable leggings perfect for yoga, pilates, walks, and an all-around essential in women's workout clothes."
"YITTY Active Women's UltraLuxe Crossover High-Waist Legging, 7/8 Length, Athleisure, 4-Way-Stretch","Find Your Perfect Fit: These leggings come in sizes XS to XL, with plus size options on the way! The 7/8 length hits just above the ankle to flatter the legs. This versatile piece of activewear is a must-have for both indoor gym workouts and outdoor activities."
"YITTY Active Women's UltraLuxe Crossover High-Waist Legging, 7/8 Length, Athleisure, 4-Way-Stretch",Sleek and Smooth: Leggings for women without side seams provide a polished look for errands to working out.
"YITTY Active Women's UltraLuxe Crossover High-Waist Legging, 7/8 Length, Athleisure, 4-Way-Stretch","Booty-Enhancing Back Yoke: Designed to give you a lifted, rounded butt, these leggings shape you in all the right places."
"YITTY Active Women's UltraLuxe Crossover High-Waist Legging, 7/8 Length, Athleisure, 4-Way-Stretch","UltraLuxe Fabric Performance: These buttery-soft leggings for women feature moisture-wicking properties, 4-way stretch, light to medium compression, and UPF 50+ protection to keep you comfortable in any activity."
"YITTY Active Women's UltraLuxe Crossover High-Waist Legging, 7/8 Length, Athleisure, 4-Way-Stretch",
