﻿标题,详情
BTFBM Women's Casual Crewneck Sweatshirts 2025 Spring Fall Clothes Long Sleeve Side Slit Workout Fleece Pullover Tops,"FEATURES: S=US 4-6, M=US 8-10, L=US 12-14, XL=US 16 / Soft Sweatshirts / Long Sleeve / Crew Neck / High Low Side Slit / Elastic Cuffs / No Collar / Solid Color / Drop Shoulder / Maybe Even ONE Size Up If You Like Oversized Style"
BTFBM Women's Casual Crewneck Sweatshirts 2025 Spring Fall Clothes Long Sleeve Side Slit Workout Fleece Pullover Tops,"MATERIAL: This Women's Pullover Sweaters Is Made Of Skin-Friendly Fabric, That Makes You Feeling Cozy And Warm All Day Long Which Wear In Spring, Fall And Winter Will Bring You a Soft Dressing Experience"
BTFBM Women's Casual Crewneck Sweatshirts 2025 Spring Fall Clothes Long Sleeve Side Slit Workout Fleece Pullover Tops,"DESIGNS: This Classic Crewneck Sweatshirt With Novel High Low Side Slit, Unique Line Design For Women Teen Girls Are Fashion Essentials. This Sweatshirts For Women Trendy Can Be Match With Leggings, Jackets, Coats, Jeans, Sneakers, Boots, Etc"
BTFBM Women's Casual Crewneck Sweatshirts 2025 Spring Fall Clothes Long Sleeve Side Slit Workout Fleece Pullover Tops,"OCCASIONS: This Cute Sweatshirts Women Suitable For Women And Teen Girls, Which Good Choice For Casual Daily, School, Vacation, Holiday, Office, Work, Home, Date, Outdoor, Sport, Gym, Hiking. Perfect Present For Mom, Daughter, Wife, Girlfriend, Or Own"
BTFBM Women's Casual Crewneck Sweatshirts 2025 Spring Fall Clothes Long Sleeve Side Slit Workout Fleece Pullover Tops,COLORS: Black Ladies Sweatshirts / Grey Long Sleeve Sweatshirt For Women / White Crewneck Sweatshirts / Beige College Sweatshirts / Dark Green Split Side Sweatshirts / Coffee Fall Sweatshirts For Women 2024 / Dark Blue Sweatshirts Pullover Women
BTFBM Women's Casual Crewneck Sweatshirts 2025 Spring Fall Clothes Long Sleeve Side Slit Workout Fleece Pullover Tops,
