﻿标题,详情
G Gradual Women's Joggers Pants with Zipper Pockets High Waisted Athletic Tapered Sweatpants for Women Workout Lounge,Ultra Soft & Comfy Material: Buttery soft and four-way stretch fabric provide maximum comfort while you workout and daily wear.
G Gradual Women's Joggers Pants with Zipper Pockets High Waisted Athletic Tapered Sweatpants for Women Workout Lounge,Four Pockets: One side zipper pocket and two front pockets are deep enough to store your phone. One back zipper pocket for a flattering look.
G Gradual Women's Joggers Pants with Zipper Pockets High Waisted Athletic Tapered Sweatpants for Women Workout Lounge,"High Waisted Joggers: High elastic waistband shapes the perfect waist curve, drawstring waistband with elastic for adjustability."
G Gradual Women's Joggers Pants with Zipper Pockets High Waisted Athletic Tapered Sweatpants for Women Workout Lounge,"Tapered Leg & Cuffed Ankle: The womens joggers have a loose tapered leg and cuffed ankle design, making them perfect for athletic and lounge wear."
G Gradual Women's Joggers Pants with Zipper Pockets High Waisted Athletic Tapered Sweatpants for Women Workout Lounge,"Occasions: G GRADUAL joggers for women are perfect for workout, athletic, jogging, running, track, lounge, and casual wear."
G Gradual Women's Joggers Pants with Zipper Pockets High Waisted Athletic Tapered Sweatpants for Women Workout Lounge,
