﻿标题,详情
Blaosn Cute 2 Piece Sets Outfits for Women Wide Leg Cargo Pants Crop Sweatshirt Matching Workout Sweatsuit Lounge Clothes,matching long sleeve cropped sweatshirts tops +wide leg cargo pants
Blaosn Cute 2 Piece Sets Outfits for Women Wide Leg Cargo Pants Crop Sweatshirt Matching Workout Sweatsuit Lounge Clothes,workout 2 piece sets outfits for women sweatsuits athleisure tracksuit
Blaosn Cute 2 Piece Sets Outfits for Women Wide Leg Cargo Pants Crop Sweatshirt Matching Workout Sweatsuit Lounge Clothes,wide leg cargo pants with pockets dress work business casual golf hiking petite sweatpants high waisted travel workout athletic yoga casual lounge fleece lined trousers slacks
Blaosn Cute 2 Piece Sets Outfits for Women Wide Leg Cargo Pants Crop Sweatshirt Matching Workout Sweatsuit Lounge Clothes,"This Sweatsuit Set featured crop long sleeve oversized sweatshirt & high waist wide leg cargo sweatpant for a 2 piece tracksuit set. Matching set sweatpants 2 piece sweatsuit are great for daily life, gym, sport, running, active, lounge, travel, beach, fitness and home."
Blaosn Cute 2 Piece Sets Outfits for Women Wide Leg Cargo Pants Crop Sweatshirt Matching Workout Sweatsuit Lounge Clothes,cute comfy trendy clothes fashion clothing 2024 fall preppy teen girls aesthetic
Blaosn Cute 2 Piece Sets Outfits for Women Wide Leg Cargo Pants Crop Sweatshirt Matching Workout Sweatsuit Lounge Clothes,
