﻿标题,详情
BASS OUTDOOR Women’s Pants – Lightweight Roque Joggers with Elastic Waist,"Activewear essential: These versatile joggers are a comfortable choice for working out at the gym, walking to the park, running errands, or relaxing at home"
BASS OUTDOOR Women’s Pants – Lightweight Roque Joggers with Elastic Waist,"Classic fit: These pull-on sweatpants are styled with a gently tapered leg, covered elastic waistband and nicely-sized side pockets, making them great for athletics or athleisure"
BASS OUTDOOR Women’s Pants – Lightweight Roque Joggers with Elastic Waist,"Easy wear, easy care: Machine washable polyester blend in a soft, gently stretchy, moisture-wicking weave provides comfortable all-day wear"
BASS OUTDOOR Women’s Pants – Lightweight Roque Joggers with Elastic Waist,"Versatile style: Pair these all-season joggers with your favorite yoga top, tank top, T-shirt or sweatshirt"
BASS OUTDOOR Women’s Pants – Lightweight Roque Joggers with Elastic Waist,"Time-tested quality: For generations, Bass Outdoor has been proud to create comfortable, functional apparel, accessories and footwear to help you make the most of outdoor adventures and enjoy your nature-loving lifestyle"
BASS OUTDOOR Women’s Pants – Lightweight Roque Joggers with Elastic Waist,
