﻿标题,详情
Blaosn Womens Golf Shorts Workout Running Bike Gym Athletic Lounge Work Dress Pants High Waist Cute Clothes Summer Outfits,"workleisure,formal dress shorts for work business casual,,cute soft and comfy"
Blaosn Womens Golf Shorts Workout Running Bike Gym Athletic Lounge Work Dress Pants High Waist Cute Clothes Summer Outfits,"athleisure,athletic shorts for women gym fitness running,functional fabrics,stretchy and breathable."
Blaosn Womens Golf Shorts Workout Running Bike Gym Athletic Lounge Work Dress Pants High Waist Cute Clothes Summer Outfits,workout shorts women bike volleyball tennis golf cheer hiking sport active wear
Blaosn Womens Golf Shorts Workout Running Bike Gym Athletic Lounge Work Dress Pants High Waist Cute Clothes Summer Outfits,"casual shorts for women,high waisted with pockets,a cute design."
Blaosn Womens Golf Shorts Workout Running Bike Gym Athletic Lounge Work Dress Pants High Waist Cute Clothes Summer Outfits,lounge wear summer outfits
Blaosn Womens Golf Shorts Workout Running Bike Gym Athletic Lounge Work Dress Pants High Waist Cute Clothes Summer Outfits,
