﻿标题,详情
Bestisun Long Sleeve Yoga Workout Tops Lightweight Thumbhole Shirts Athletic Wear for Women,"Material: Breathable, Strechy, Lightweight, feel relax and comfortable when you wear it. Super soft fabric, breathable, easy to care, comfortable and cute, great for sports yoga workout or casual clothes."
Bestisun Long Sleeve Yoga Workout Tops Lightweight Thumbhole Shirts Athletic Wear for Women,"Open Split Back Design: It's slightly open in the back and allows for ventilation. It is fitted in the right places, also covers enough of your butt, it covers up everything in the gym and the open back helps you cool off"
Bestisun Long Sleeve Yoga Workout Tops Lightweight Thumbhole Shirts Athletic Wear for Women,"Thumb holes design can keep the sleeves from shifting or flapping in the wind, help Keep Your Sleeves In Place and Hands Warm, add a little more coverage in cool weather, Provide a awesome vision"
Bestisun Long Sleeve Yoga Workout Tops Lightweight Thumbhole Shirts Athletic Wear for Women,"Bestisun Long Sleeve top suitable for yoga, exercise, fitness, gym, running, any type of workout or everyday use. Our active shirts combine fashion, function and performance"
Bestisun Long Sleeve Yoga Workout Tops Lightweight Thumbhole Shirts Athletic Wear for Women,NOTICE: Please check the size chart in the description below or picture before ordering instead of the default amazon size chart.
Bestisun Long Sleeve Yoga Workout Tops Lightweight Thumbhole Shirts Athletic Wear for Women,
