﻿标题,详情
QINSEN Womens Half Zip Crop Sweatshirt High Neck Long Sleeve Pullover Cropped Top,"Features with high neck(stand collar),half zip,long sleeve,inside fleece,soft,comfortable wear."
QINSEN Womens Half Zip Crop Sweatshirt High Neck Long Sleeve Pullover Cropped Top,"Athleisure fit in this sporty zipper up top featuring about 20""(the whole length from neck to hem measured size s), 2"" (the neck length)."
QINSEN Womens Half Zip Crop Sweatshirt High Neck Long Sleeve Pullover Cropped Top,"The mock neck crop sweatshirt is lightweight,perfect paired with high-rise pants,great for daily commute,walking,hiking,skiing,travel or any other your favorite outdoor activities in cold weather."
QINSEN Womens Half Zip Crop Sweatshirt High Neck Long Sleeve Pullover Cropped Top,"Hand wash or delicate cycle,no bleach.Warm for late Fall,Winter,early Spring."
QINSEN Womens Half Zip Crop Sweatshirt High Neck Long Sleeve Pullover Cropped Top,"Runs Small,one size up for better fit.Detail size reference please go to the size chart below the page or the images."
QINSEN Womens Half Zip Crop Sweatshirt High Neck Long Sleeve Pullover Cropped Top,
