﻿标题,详情
Dokotoo Hoodies for Women Waffle Knit Long Sleeve Drawstring Button V Neck Casual Pullover Sweatshirt Hooded Tops,"Features: Dokotoo Womens hoodies sweatshirt feature with Waffle knit, Long sleeve, Drawstring, V neck, pullover Hooded, Button Front, Drop shoulder, Oversized fit, Slight stretch, Solid color, Casual and fashion style fits for any body shape, and a sweatshirt necessary for women wardrobe."
Dokotoo Hoodies for Women Waffle Knit Long Sleeve Drawstring Button V Neck Casual Pullover Sweatshirt Hooded Tops,"Design: Waffle knit hoodie sweatshirt is a fashionable and comfortable addition to any wardrobe. The unique texture of the fabric gives the hoodie sweatshirt a trendy and modern look, while the soft and cozy material ensures maximum comfort. This waffle knit hoodie sweatshirt is sure to become a go-to favorite."
Dokotoo Hoodies for Women Waffle Knit Long Sleeve Drawstring Button V Neck Casual Pullover Sweatshirt Hooded Tops,"Material: Drawstring long sleeve hoodies for women is made with high-quality waffle knit fabric, breathable, lightweight, soft, durable, friendly to skin, which will bring you a comfortable dressing experience."
Dokotoo Hoodies for Women Waffle Knit Long Sleeve Drawstring Button V Neck Casual Pullover Sweatshirt Hooded Tops,"Match: Oversized sweatshirts for women are easy to pair with jeans, denim shorts, leggings, sneakers or heels to complete casual look. You can also match anything you like active bottoms, like yoga shorts, active leggings, active shorts, active pants, etc to complete sports look."
Dokotoo Hoodies for Women Waffle Knit Long Sleeve Drawstring Button V Neck Casual Pullover Sweatshirt Hooded Tops,"Occasion: Waffle Knit pullover hoodies is perfect choice for casual daily life, party, school, vacation, holiday, office, work, home, date, outdoor, running, sport, gym, skating, hiking, biking, yogo and any other occasions in Spring, Fall or Winter. Perfect gift for mom,wife,daughter,girlfriend,or to your own."
Dokotoo Hoodies for Women Waffle Knit Long Sleeve Drawstring Button V Neck Casual Pullover Sweatshirt Hooded Tops,
