﻿标题,详情
XIEERDUO Lounge Sets For Women 2024 Half Zip Sweatshirt And Wide Leg Sweatpant 2 Piece Outfits Sweatsuit Tracksuit,"Please note: Vacuum packaged may cause wrinkles on the sets,but washing or ironing will refresh them up."
XIEERDUO Lounge Sets For Women 2024 Half Zip Sweatshirt And Wide Leg Sweatpant 2 Piece Outfits Sweatsuit Tracksuit,"Features:Half zip long sleeve oversized sweatshirt,and high waist drawstring wide leg sweatpant.Relaxed fit,no hooded,solid color."
XIEERDUO Lounge Sets For Women 2024 Half Zip Sweatshirt And Wide Leg Sweatpant 2 Piece Outfits Sweatsuit Tracksuit,"Occasion:Suit for exercise,fitness,workout,running,jogging,biking,casual shopping,vacation,sports wear etc.Comfortable to wear in fall and winter."
XIEERDUO Lounge Sets For Women 2024 Half Zip Sweatshirt And Wide Leg Sweatpant 2 Piece Outfits Sweatsuit Tracksuit,"Match:Can be dressed up with booties or down with sneakers,and can be worn as a set or as separates for a variety of occasions. An effortless,cozy,and chic design for a laidback,throw-on-and-go approach to dressing."
XIEERDUO Lounge Sets For Women 2024 Half Zip Sweatshirt And Wide Leg Sweatpant 2 Piece Outfits Sweatsuit Tracksuit,Clothing Care:Machine or hand wash with cold water/Hang or line dry/No bleach/No dry clean/Warm iron if needed.
XIEERDUO Lounge Sets For Women 2024 Half Zip Sweatshirt And Wide Leg Sweatpant 2 Piece Outfits Sweatsuit Tracksuit,
