﻿标题,详情
Reebok Boys' Sweatsuit Set - 2 Piece Long Sleeve T-Shirt and Jogger Sweatpants with Pockets - Athleisure Set for Boys (8-12),"OFFICIALLY LICENSED REEBOK: Boys’ Active Performance Long Sleeve T-Shirt and Jogger Sweatpants; Greatness doesn’t come from standing still, Living an active life enables people to be their best selves"
Reebok Boys' Sweatsuit Set - 2 Piece Long Sleeve T-Shirt and Jogger Sweatpants with Pockets - Athleisure Set for Boys (8-12),"VERSATILE PERFORMANCE LONG SLEEVE SHIRT: Elevate your young athlete's wardrobe with the Reebok Boys' Long Sleeve Shirt; This versatile piece is perfect for both casual wear and intense activities; The breathable fabric ensures comfort, while the long sleeves offer added warmth during cooler days; Whether at school, on the field, or just hanging out, this shirt is designed for maximum comfort and style"
Reebok Boys' Sweatsuit Set - 2 Piece Long Sleeve T-Shirt and Jogger Sweatpants with Pockets - Athleisure Set for Boys (8-12),"MODERN JOGGER SWEATPANTS WITH POCKETS: The set includes Jogger Sweatpants that combine modern design with practical features; Equipped with convenient pockets, these joggers add a touch of functionality and style to your boy's wardrobe; The comfortable fit and quality construction make them suitable for various activities, from sports practice to relaxed weekend outings"
Reebok Boys' Sweatsuit Set - 2 Piece Long Sleeve T-Shirt and Jogger Sweatpants with Pockets - Athleisure Set for Boys (8-12),"COMFORTABLE FIT FOR UNRESTRICTED MOVEMENT: The Jogger Sweatpants are crafted for an active lifestyle, providing a comfortable fit that allows for unrestricted movement; The elastic waistband ensures a secure fit, and the jogger style adds a trendy touch; Whether running, playing, or just lounging, these sweatpants are the perfect choice for young boys who want to embrace both style and performance"
Reebok Boys' Sweatsuit Set - 2 Piece Long Sleeve T-Shirt and Jogger Sweatpants with Pockets - Athleisure Set for Boys (8-12),"REEBOK QUALITY AND STYLE: Reebok's commitment to quality and excellence is evident in every detail of this set; The iconic Reebok logo on both the long sleeve shirt and jogger sweatpants signifies a brand that values performance and style; Make a statement with this Reebok ensemble, encouraging your young athlete to be their best self in all their active pursuits"
Reebok Boys' Sweatsuit Set - 2 Piece Long Sleeve T-Shirt and Jogger Sweatpants with Pockets - Athleisure Set for Boys (8-12),
