﻿标题,详情
Zando Tennis Skirts for Women with Pockets Athletic Knee Length Golf Casual Skorts Shorts Sports Drawstring Waist Skirt,"Material: 95% Polyester, 5% Spandex. Soft and lightweight material, skin-friendly, stretchy, breathable. Our skorts skirts for women are very high-quality and comfortable, can bring you a cool feeling in the summer."
Zando Tennis Skirts for Women with Pockets Athletic Knee Length Golf Casual Skorts Shorts Sports Drawstring Waist Skirt,"Design: We have designed a short skirt with pockets for women, which are convenient for carrying some essential personal items. The thickness of the clothing fabric is appropriate, making it more breathable but not as transparent. The mesh shorts inside the skirt fit very well, which effectively protects privacy. The waist is equipped with a drawstring, which you can adjust to any comfortable length."
Zando Tennis Skirts for Women with Pockets Athletic Knee Length Golf Casual Skorts Shorts Sports Drawstring Waist Skirt,"Feature: Our sports skirt with pockets designed for women is knee length, high waisted, elastic, drawstring, and very fitting. The women's athletic skirt with shorts underneath, you can enjoy your sports without worries. Our skorts skirts provide all-day comfort for you and protects you from UV ray."
Zando Tennis Skirts for Women with Pockets Athletic Knee Length Golf Casual Skorts Shorts Sports Drawstring Waist Skirt,"Occasion: The athletic skirts is perfect choice for golf, tennis running, walking, bike riding, volleyball, badminton, shopping and summer party. It’s also suitable for daily life, office, school and many other activities. The skirts for women can be worn in various occasions."
Zando Tennis Skirts for Women with Pockets Athletic Knee Length Golf Casual Skorts Shorts Sports Drawstring Waist Skirt,"Gift: Skort skirt for women are wonderful gifts for professional athletes, runners, tennis, yoga, hiking and workout enthusiasts. Get one for yourself or a love one for their birthday, Christmas, anniversary or any special occasions. Suit you well!"
Zando Tennis Skirts for Women with Pockets Athletic Knee Length Golf Casual Skorts Shorts Sports Drawstring Waist Skirt,
