﻿标题,详情
THE GYM PEOPLE Womens' Half Zip Pullover Fleece Stand Collar Crop Sweatshirt with Pockets Thumb Hole,"High Quality Fabric. This Women's Sweatshirt is Fleece Lined and has the right amount of stretch, making it possible to keep your body warm even when you're outdoors, and it's designed to have optimal comfort and accentuate your silhouette."
THE GYM PEOPLE Womens' Half Zip Pullover Fleece Stand Collar Crop Sweatshirt with Pockets Thumb Hole,Kangaroo Pockets. The kangaroo pockets are designed to make it easy to place belongings as well as keep your hands warm.
THE GYM PEOPLE Womens' Half Zip Pullover Fleece Stand Collar Crop Sweatshirt with Pockets Thumb Hole,"Fashionable Design. The unique Half-zip can keep your neck warmer better while creating a V-stand collar neck look that slims the face and neck, and the loose fit fits most body types. The cuffs with Thumb Holes can prevent the sleeves from moving randomly, thus enhancing the warmth of the Sweatshirt, while keeping your hands warm."
THE GYM PEOPLE Womens' Half Zip Pullover Fleece Stand Collar Crop Sweatshirt with Pockets Thumb Hole,"Matching. The Women's Half-zip Sweatshirt is perfect for spring, fall, and winter. Pair it with Sweatpants, Jeans, and Leggings to create a stylish look. The Half-zip design is easy to put on and take off."
THE GYM PEOPLE Womens' Half Zip Pullover Fleece Stand Collar Crop Sweatshirt with Pockets Thumb Hole,"Versatility: The innovative style of this Half-zip Sweatshirt offers comfort and accentuates your silhouette. Perfect sportswear for at-home, casual, work office, park, dating, travel, shopping, Yoga, Sports, Gym, Fitness, Running, any type of Workout, or everyday use."
THE GYM PEOPLE Womens' Half Zip Pullover Fleece Stand Collar Crop Sweatshirt with Pockets Thumb Hole,
