﻿标题,详情
BMJL Women's Athletic Shorts High Waisted Running Shorts Pocket Sporty Short Gym Elastic Workout Shorts,"Quick-Dry Fabric: The sport shorts for women, is made up of 95%Polyester and 5%Spandex, which will keep you cool and comfortable when you exercise."
BMJL Women's Athletic Shorts High Waisted Running Shorts Pocket Sporty Short Gym Elastic Workout Shorts,"Double Layer Design: The high waisted shorts for women with Outer layer side split design, which offer breathability and wider range of motion.it also design with Inner layer, which provide elastic support and protective coverage."
BMJL Women's Athletic Shorts High Waisted Running Shorts Pocket Sporty Short Gym Elastic Workout Shorts,"Zipper Pocket: This womens gym shorts with a zipper phone pocket on the left, it can hold plus phone well when you workout."
BMJL Women's Athletic Shorts High Waisted Running Shorts Pocket Sporty Short Gym Elastic Workout Shorts,"Occasions: The running shorts with liner is perfect for exercise, yoga, cycling, volleyball, tennis, beach, swim,daily, biking, jogging, mountain,fitness,training,summer"
BMJL Women's Athletic Shorts High Waisted Running Shorts Pocket Sporty Short Gym Elastic Workout Shorts,"Size Guide: All our casual shorts for women, are producted according to our brand size ,please choose your size refer to the last photo or Amazon size chart."
BMJL Women's Athletic Shorts High Waisted Running Shorts Pocket Sporty Short Gym Elastic Workout Shorts,
