﻿标题,详情
"Felina Women's Sueded Athletic Leggings, Slimming Waistband","SOFT & DURABLE: Not just any legging, but the softest leggings you' ll ever own! Crafted from a lightweight polyester/spandex blend for a durable, comfortable X-Small fit. These athleisure pants in Black- Single sit just under the belly button, offering a natural contour without discomfort. The ideal mid rise workout leggings for women!"
"Felina Women's Sueded Athletic Leggings, Slimming Waistband","ALL-SEASON LOUNGE SET COMFORT: Perfect for any time of the year! The breathable, lightweight material of these athletic leggings for women makes them ideal for both cooler seasons and warmer months. The content is 71% Polyester and 29% Spandex. Ideal for the always-on-the-move lady, this pack of super soft leggings offers comfort and style, day and night - these are also the yoga pants women love for their comfort, style and durability"
"Felina Women's Sueded Athletic Leggings, Slimming Waistband","FASHIONABLE SPANDEX LEGGINGS VERSATILITY: Pair these thin waistband leggings with a T-shirt for a casual look, or dress them up for a night out. They' re perfect as an extra layer in cold weather, or stylishly paired with a dress, skirt, or shorts. These leggings complement boots, sandals, and ballet flats wonderfully, enhancing your personal style"
"Felina Women's Sueded Athletic Leggings, Slimming Waistband","VELVETY SOFT WOMENS WORKOUT LEGGINGS: Experience superior women's athleisure comfort with our ultra-soft modal blend leggings. The elastic waistband ensures a delicate, yet durable wear. These leggings are non-pill, extending their life wash after wash. With our super soft leggings, you don' t have to choose between style and comfort"
"Felina Women's Sueded Athletic Leggings, Slimming Waistband","CHOOSE FELINA: For over 30 years, Felina has been perfecting what women want in intimate apparel, including this jeggings for women high waist option. We offer unique styles at affordable prices, ensuring a perfect fit. Our mission: to bring out the best in every woman. We create beautiful pieces for all, including these womens athleisure pants in XX-Large, Black- Single. You deserve nothing but the best!"
"Felina Women's Sueded Athletic Leggings, Slimming Waistband",
