﻿标题,详情
IUGA Tennis Dress for Women Athletic Dress with Built-in Shorts & Bra Womens Workout Golf Exercise Dresses,"Ultra-soft material- Crafted in soft, breathable, stretchy fabric, IUGA tennis dress provides maximum soft touch& feel. These tennis dresses for women gently hug every curve of your body with slight tummy control. The moisture-wicking fabric keeps you cool in a workout and daily wear."
IUGA Tennis Dress for Women Athletic Dress with Built-in Shorts & Bra Womens Workout Golf Exercise Dresses,"Customize your fit- The athletic dress is designed with adjustable straps that accommodate a wide range of body shapes. Also, IUGA workout dress features a built-in bra equipped with removable pads for the support you need."
IUGA Tennis Dress for Women Athletic Dress with Built-in Shorts & Bra Womens Workout Golf Exercise Dresses,Built-in shorts- The IUGA womens dress is a lightweight and stretchy A-line mini dress with shorts underneath for coverage. Flat seams keep the shorts feeling smooth against your skin with two side pockets for holding a tennis ball and your phone.
IUGA Tennis Dress for Women Athletic Dress with Built-in Shorts & Bra Womens Workout Golf Exercise Dresses,"Versatility dress-This IUGA golf dress isn't exclusively for performance-focused exercise, but also for everyday, active lifestyle. The summer dresses are comfortable enough for hiking, running, tennis, golf, or just to hang out."
IUGA Tennis Dress for Women Athletic Dress with Built-in Shorts & Bra Womens Workout Golf Exercise Dresses,"Highly Recommended Brand- IUGA is a lifestyle brand that combines Style, Comfort and Performance. The High Quality Activewear is perfect for Fitness Enthusiasts and Everyday Athleisure as it is Affordable and Accessible. Operating at the cross section between fashion and function, IUGA aims to please both The Everyday Fashion Consumer and The Ultimate Exercise Enthusiast."
IUGA Tennis Dress for Women Athletic Dress with Built-in Shorts & Bra Womens Workout Golf Exercise Dresses,
