﻿标题,详情
Kimmery Workout Tops for Women Short Sleeve Shirts for Women Quick Dry Line Decor Yoga Tops,Features: Workout shirts for women/Thin but not see through/High Stretchy/ Round Neck/Short Sleeve/Gentle Loose Fit/ Yoga tops
Kimmery Workout Tops for Women Short Sleeve Shirts for Women Quick Dry Line Decor Yoga Tops,"Curvy Lines：Yoga tops for women, with beautiful embellished dense stitching decorative lines,they properly build you a curvy and energetic shape."
Kimmery Workout Tops for Women Short Sleeve Shirts for Women Quick Dry Line Decor Yoga Tops,Flattering shirttail hemline: Summer tops for women with impressive hemlines that hide any excess tummy and cover the hips really make you more elegant and attractive when paired with leggings and jeans.
Kimmery Workout Tops for Women Short Sleeve Shirts for Women Quick Dry Line Decor Yoga Tops,"Wash Garment: Machine Washable and Hand Washable.No bleach or iron, gentle cycle if you wash it by machine."
Kimmery Workout Tops for Women Short Sleeve Shirts for Women Quick Dry Line Decor Yoga Tops,"Note: We strongly suggest that you have your body measurements taken first, and then refer to our size chart before order, M=US 10-12, L=US 14-16, XL=US 16, XXL=US 18-26."
Kimmery Workout Tops for Women Short Sleeve Shirts for Women Quick Dry Line Decor Yoga Tops,
