﻿标题,详情
Women's 2 Piece Lounge Outfits Slim Short Sleeve Tops Low Rise Flare Leggings Sets Yoga Sweatsuit,Premium Fabric Blend: Enjoy the luxurious touch of our 92% Viscose Fiber and 8% Spandex blend that offers exceptional elasticity and a soft feel against your skin.
Women's 2 Piece Lounge Outfits Slim Short Sleeve Tops Low Rise Flare Leggings Sets Yoga Sweatsuit,"Sleek and Slim Design: Our short-sleeved tops are designed to contour your shape, paired with fashionable low-rise flare leggings for a flattering, modern silhouette."
Women's 2 Piece Lounge Outfits Slim Short Sleeve Tops Low Rise Flare Leggings Sets Yoga Sweatsuit,"All-Day Comfort: Whether you're practicing yoga, lounging at home, or stepping out for casual engagements, our outfits provide comfort that lasts all day."
Women's 2 Piece Lounge Outfits Slim Short Sleeve Tops Low Rise Flare Leggings Sets Yoga Sweatsuit,"Multiple Size and Color Options: Available in sizes S to XL to cater to a range of body types, with five color schemes to choose from for personalized style."
Women's 2 Piece Lounge Outfits Slim Short Sleeve Tops Low Rise Flare Leggings Sets Yoga Sweatsuit,"Easy to Care For: The resilient material blend ensures the outfit maintains its integrity and color, making it as practical as it is stylish."
Women's 2 Piece Lounge Outfits Slim Short Sleeve Tops Low Rise Flare Leggings Sets Yoga Sweatsuit,
