﻿标题,详情
Aleumdr Womens 2 Piece Outfits Sweatsuit Tracksuit Oversized Sweatshirt with Sweatpant Athleisure Clothes Matching Set,"50% Cotton Blended 2 Piece Outfit: The sweat set is made from a 50% polyester and 50% cotton blended fabric. The cotton content provides excellent comfort and breathability, keeping you soft and cozy in the fall winter season."
Aleumdr Womens 2 Piece Outfits Sweatsuit Tracksuit Oversized Sweatshirt with Sweatpant Athleisure Clothes Matching Set,"Design: This matching set features a colorblock striped design with a relaxed, comfortable look. The wide-leg sweatpants have an adjustable drawstring waist and two side pockets for added functionality. The oversized crewneck sweatshirt complements the wide-leg bottoms for an effortless, casual aesthetic."
Aleumdr Womens 2 Piece Outfits Sweatsuit Tracksuit Oversized Sweatshirt with Sweatpant Athleisure Clothes Matching Set,"Occasion: This fall/winter outfit is perfect for casual wear at home, travel and airport shopping, going out, lounging, vacationing, outdoor activities, running, jogging, and parties. It's a practical two-piece set that can be paired with anything."
Aleumdr Womens 2 Piece Outfits Sweatsuit Tracksuit Oversized Sweatshirt with Sweatpant Athleisure Clothes Matching Set,"Size: These Two Piece outfits for women come in sizes Small (US 4-6), Medium (US 8-10), Large (US 12-14), X-Large (US 16-18) and 2X-Large (US 20-22). The top and bottom pieces can be worn together as a loungewear set or separately for a relax and casual look."
Aleumdr Womens 2 Piece Outfits Sweatsuit Tracksuit Oversized Sweatshirt with Sweatpant Athleisure Clothes Matching Set,"Care: This garment is suitable for machine-washing and air-drying. To ensure optimal care, it is recommended to use laundry bags during the washing process."
Aleumdr Womens 2 Piece Outfits Sweatsuit Tracksuit Oversized Sweatshirt with Sweatpant Athleisure Clothes Matching Set,
