﻿标题,详情
Saloogoe Sweatshirts for Women Crewneck Long Sleeve Loose Fit Tops Color Block Ribbed Trim Fashion 2024,"✦Unique Design: Color Block Ribbed Trim tops, crewneck sweatshirt loose fit, lightweight cozy sweaters, long sleeve comfy shirts. The contrasting trim makes it easy to show your unique personal fashion charm."
Saloogoe Sweatshirts for Women Crewneck Long Sleeve Loose Fit Tops Color Block Ribbed Trim Fashion 2024,"✦Match: The versatile sweatshirts are easy to pair with jeans, leggings, shorts, slacks, skirts, boots and sneakers for fashion or casual look. It can be worn alone or as a layer under the coat in winter."
Saloogoe Sweatshirts for Women Crewneck Long Sleeve Loose Fit Tops Color Block Ribbed Trim Fashion 2024,"✦Occasion: The tunic sweaters is an ideal choice for your friends, family, or yourself. Suitable for Casual Daily/ Lounging around the House/ Running Errands/ Travel/ Work/ Gym/ Shopping/ Street/ Party/ Date/ Sister Outfits."
Saloogoe Sweatshirts for Women Crewneck Long Sleeve Loose Fit Tops Color Block Ribbed Trim Fashion 2024,✦Clothing Care: Machine or Hand Wash with Cold Water/Hang or Line Dry/No Bleach/No Dry Clean/Warm iron if needed.
Saloogoe Sweatshirts for Women Crewneck Long Sleeve Loose Fit Tops Color Block Ribbed Trim Fashion 2024,"✦Please Refer to the Saloogoe Size Chart before Ordering. Anyother questions, please contact us anytime!"
Saloogoe Sweatshirts for Women Crewneck Long Sleeve Loose Fit Tops Color Block Ribbed Trim Fashion 2024,
