﻿标题,详情
PINSPARK Womens UPF 50+ UV Sun Protection Shirts Long Sleeve Outdoor Fishing Blouse Quick Dry Safari Hiking Tops with Pockets,"【Material】Women's long sleeve sun shirts using UPF 50+ fabric for protection against the sun, reduces your exposure to harmful UVA/UVB radiation.slightly water repellent and quick-drying fabric，help you avoid outdoor dew moisture away to keep you cool and dry."
PINSPARK Womens UPF 50+ UV Sun Protection Shirts Long Sleeve Outdoor Fishing Blouse Quick Dry Safari Hiking Tops with Pockets,"【Fishing Shirts Design】This fishing shirt is ultra light and quick dry comfortable enough for maximum activity, with a modern classic casual fit, this long sleeve fishing blouses features 1 zipped breast pocket , 2 side zip pockets with closure and 17sunglasses hanger loop for convenient storing."
PINSPARK Womens UPF 50+ UV Sun Protection Shirts Long Sleeve Outdoor Fishing Blouse Quick Dry Safari Hiking Tops with Pockets,【Hiking Blouse Design】women's lightweight safari hiking shirts features a mesh-lined vented back for breathability and comfort. Roll-up sleeves to convert long sleeves to short sleeves for hot days.
PINSPARK Womens UPF 50+ UV Sun Protection Shirts Long Sleeve Outdoor Fishing Blouse Quick Dry Safari Hiking Tops with Pockets,"【Occasion】Outdoor quick dry blouse suitable for casual and outdoor recreation wear, such as hiking, hunting, travelling, camping, fishing, mountaineering, biking, cycling."
PINSPARK Womens UPF 50+ UV Sun Protection Shirts Long Sleeve Outdoor Fishing Blouse Quick Dry Safari Hiking Tops with Pockets,"【Washing】Machine washable, do not use bleach. Please choose the right size according to the size chart."
PINSPARK Womens UPF 50+ UV Sun Protection Shirts Long Sleeve Outdoor Fishing Blouse Quick Dry Safari Hiking Tops with Pockets,
