﻿标题,详情
Bestisun Women Long Sleeve Open Back Athletic Wear Workout Yoga Gym Shirts Thumb Hole Clothes,"Open Back: Creates a breezy feel with more cooling as your run heats up. The Open back not too exposed, but can makes the tops looks more fashionable and special. Suitable for all ages of women."
Bestisun Women Long Sleeve Open Back Athletic Wear Workout Yoga Gym Shirts Thumb Hole Clothes,"This clothes version is small, if you like loose clothes recommended to shoot a size larger."
Bestisun Women Long Sleeve Open Back Athletic Wear Workout Yoga Gym Shirts Thumb Hole Clothes,"Material: Breathable, Strechy, Lightweight, feel relax and comfortable when you wear it. Super soft fabric, breathable, easy to care, comfortable and cute, great for sports yoga workout or casual clothes."
Bestisun Women Long Sleeve Open Back Athletic Wear Workout Yoga Gym Shirts Thumb Hole Clothes,"OCCASION: Bestisun yoga tops suitable for yoga, exercise, fitness, gym, running, any type of workout or everyday use. Our active shirts combine fashion, function and performance."
Bestisun Women Long Sleeve Open Back Athletic Wear Workout Yoga Gym Shirts Thumb Hole Clothes,Size Chart: Please check the size chart in the description below or picture before ordering instead of the default amazon size chart.
Bestisun Women Long Sleeve Open Back Athletic Wear Workout Yoga Gym Shirts Thumb Hole Clothes,
