﻿标题,详情
Heathyoga Pleated Tennis Skirt with Pockets for Women Tennis Skort for Woman High Waisted Golf Skirts Athletic Skirt,"Seamless support meets flowy movement. Our expanded 4.5"" pleated tennis skirt with seamless waistband integrates with the weightless A-line pleats, delivering a flattering silhouette that moves with you. No more bulky seams digging in or causing irritation, so you can stay fully focused on your game without distractions."
Heathyoga Pleated Tennis Skirt with Pockets for Women Tennis Skort for Woman High Waisted Golf Skirts Athletic Skirt,"Beat the heat. Bring it cool. Feather light fabric with UV protection, you’ll be cool as a cucumber on the hottest days. This lightweight tennis skirt gives you the freedom and comfort to match your momentum on and off the court."
Heathyoga Pleated Tennis Skirt with Pockets for Women Tennis Skort for Woman High Waisted Golf Skirts Athletic Skirt,"Stays fresh, stays ready in tennis skirt with shorts underneath. Built-in mesh shorts let the heat out and the airflow in. With quick-drying fabric and construction keeps you cool and comfortable from first serve to match point."
Heathyoga Pleated Tennis Skirt with Pockets for Women Tennis Skort for Woman High Waisted Golf Skirts Athletic Skirt,"Play every game with confidence. Our 14.5-inch pleated skirts for women adds comfort and coverage, with the built-in shorts ensuring you're fully protected. Plus, we've included 2 deep side pockets on tennis skirt with underneath, so you can carry your essentials with you wherever you go."
Heathyoga Pleated Tennis Skirt with Pockets for Women Tennis Skort for Woman High Waisted Golf Skirts Athletic Skirt,"Make a statement on the court in this flowy skirt. Look cute, feel good. For golf, tennis, pickleball, or any way you like to play, this pleated skirt for women keeps you cute, breezy, comfortable, and ready for another match."
Heathyoga Pleated Tennis Skirt with Pockets for Women Tennis Skort for Woman High Waisted Golf Skirts Athletic Skirt,
