﻿标题,详情
OQQ Women's 2 Piece Yoga Pants Ribbed Seamless Workout High Waist Bell Bottoms Flare Leggings,"90% Nylon, 10% Polyester.Elastic closure"
OQQ Women's 2 Piece Yoga Pants Ribbed Seamless Workout High Waist Bell Bottoms Flare Leggings,"[Main Fabric]-This ribbed bell bottoms flare pants made with lightweight,moisture-wicking power fabric.High elasticity, Comfortable, Breathable,Dry,The 4-way stretch to promote both compression and butt lifting, upper leg muscles and reduce muscle vibrations."
OQQ Women's 2 Piece Yoga Pants Ribbed Seamless Workout High Waist Bell Bottoms Flare Leggings,"[Super Flattering]-elastic yoga leggings are very comfortable to wear, designed with tummy control wide waistband contours your curves and shape your body.Ribbed textured non-slip design that can keep it in place when you walk around."
OQQ Women's 2 Piece Yoga Pants Ribbed Seamless Workout High Waist Bell Bottoms Flare Leggings,"[Thick material]-Very soft and comfy. leggings is thick enough non see through.Four-way stretch, Fattering and squat proof! The triangular design of crotch provide ample coverage as you move from pose to pose and prevent thighs from rubbing. Leggings crotch for greater freedom of movement,without sacrificing support and durability"
OQQ Women's 2 Piece Yoga Pants Ribbed Seamless Workout High Waist Bell Bottoms Flare Leggings,"[Occasion]-The legging are suitable for casual,daily wear or everyday active lifestyle. Just imagine, on nice day, when you wear in these casual shorts, you will look more youthful and vigorous"
OQQ Women's 2 Piece Yoga Pants Ribbed Seamless Workout High Waist Bell Bottoms Flare Leggings,
