﻿标题,详情
FOREYOND Plus Size Workout Tops for Women T Shirts Loose Fit V Neck Clothing Yoga Casual Summer,"EXTRA STRETCHY and SOFT FABRIC: Plus size tops for women is made of soft, lightweight and stretchy 95% Polyester,5% Spandex fabric. plus size workout clothing is designed to go wick away sweat and moisture while providing lightweight comfort, the high quality fabric allows you not to worry about embarrassing see-throughs in yoga and pilates."
FOREYOND Plus Size Workout Tops for Women T Shirts Loose Fit V Neck Clothing Yoga Casual Summer,"ATHLEISURE STYLE: Yoga tops for women plus size with basic and classic loose fit V-neck short sleeve, its length can cover the hips and the loose waist can cover the small belly. plus size workout shirts with side curves design can show your fantastic figure. You will love to add in your wardrobe and the pretty colors to bring you good mood."
FOREYOND Plus Size Workout Tops for Women T Shirts Loose Fit V Neck Clothing Yoga Casual Summer,"MOISTURE-WICKING: The special soft fabric of T shirts for women plus size absorbs sweat and improves your athletic performance. Due to sweat-wicking and quick-drying fabrics, womens plus size shirts allow more air to pass through, keeping your skin dry and comfortable during exercise The skin-friendly fabric makes you fresh and cool all-day wear."
FOREYOND Plus Size Workout Tops for Women T Shirts Loose Fit V Neck Clothing Yoga Casual Summer,"OCCASION: Whether you're exercise or daily life, plus size tee shirts for women will give you the proper support and breathability so you can further enhance your workout. Plus size workout tops for women can match with leggings, pants, shorts, jeans. Nice option for indoor and outdoor activities: yoga, gym, running, hiking, walking."
FOREYOND Plus Size Workout Tops for Women T Shirts Loose Fit V Neck Clothing Yoga Casual Summer,"NOTICE: Please check the size chart carefully before purchasing. If you have any questions about this plus size exercise tops for women that you received, please feel free to contact us directly and we will be ready to assist you.gym tops for women plus size sold with a 30-day full money-back guarantee for unconditional returns."
FOREYOND Plus Size Workout Tops for Women T Shirts Loose Fit V Neck Clothing Yoga Casual Summer,
