﻿标题,详情
THE GYM PEOPLE Women's Long Sleeve Workout Shirts Athletic Crewneck Hiking Tops with Thumb Hole,"Skin-Friendly Fabrics: The Long Sleeve Workout Shirts is made of 47.5% cotton, 47.5% rayon, 5% spandex, super soft, stretchy, lightweight, breathable and warm, giving you a comfortable experience."
THE GYM PEOPLE Women's Long Sleeve Workout Shirts Athletic Crewneck Hiking Tops with Thumb Hole,"Simple Design: The Running Shirts features classic round neck, long sleeves, and solid color design, stylish and versatile. Slightly waist-skimming design trim your body curves, gives you slimmer look."
THE GYM PEOPLE Women's Long Sleeve Workout Shirts Athletic Crewneck Hiking Tops with Thumb Hole,"Curved Hem: This Workout Tops cut with a curved hem give you energetic look , makes you free to enjoy movement without restraint. Loose and simple design easier to pair with sweatpants, jeans and shorts."
THE GYM PEOPLE Women's Long Sleeve Workout Shirts Athletic Crewneck Hiking Tops with Thumb Hole,Thumb Hole: The thumb holes in cuffs of the Yoga Tops effectively prevent the sleeves from moving freely while keeping your hands warm.
THE GYM PEOPLE Women's Long Sleeve Workout Shirts Athletic Crewneck Hiking Tops with Thumb Hole,"Occasion: This Athletic Shirts suitable for daily leisure and outdoor activities in all seasons, perfect for exercise, gym, running, yoga, hiking."
THE GYM PEOPLE Women's Long Sleeve Workout Shirts Athletic Crewneck Hiking Tops with Thumb Hole,
