﻿标题,详情
Mippo Workout Tops for Women Cropped Split Back Athletic Gym Exercise Shirts Loose Fit,"Made of soft, silky feel and lightweight fabric. Features split back, long crop length, short sleeve, raglan sleeve and loose but not baggy"
Mippo Workout Tops for Women Cropped Split Back Athletic Gym Exercise Shirts Loose Fit,"Crop but not too short where stomach would show, while split back opening adds details that makes it more cute, and allows for air to flow freely"
Mippo Workout Tops for Women Cropped Split Back Athletic Gym Exercise Shirts Loose Fit,"Can be dressed up or down, you can pair it with high waisted leggings or workout shorts for working out, or with jeans for casual daily wear"
Mippo Workout Tops for Women Cropped Split Back Athletic Gym Exercise Shirts Loose Fit,"Stylish and airy, great athleisure shirt for gym, yoga, running, weightlifting, hiking or just lounging around, etc., and you're sure to get lots of compliments"
Mippo Workout Tops for Women Cropped Split Back Athletic Gym Exercise Shirts Loose Fit,"Notice: Please check the size information before ordering instead of the default amazon size chart. If you have a large chest or long torso, you might need size up"
Mippo Workout Tops for Women Cropped Split Back Athletic Gym Exercise Shirts Loose Fit,
