﻿标题,详情
Aleumdr Women's 2 Piece Outfits Oversized Sweatsuit Long Sleeve Pullover Half Zipper Sweatshirt with Jogger Pants,"Cozy Fabric: 2 piece lounge set are made of soft, lightweight and elastic fabric, 50% Polyester+50% Cotton, with a soft touch fleece lining for warmth and comfort. This is a lounge sweat set that combines fashion and warmth"
Aleumdr Women's 2 Piece Outfits Oversized Sweatsuit Long Sleeve Pullover Half Zipper Sweatshirt with Jogger Pants,"Casual 2 Piece Outfits: This sweatsuit set includes a pullover sweatshirt and jogger pants, creating a relaxed and stylish look. Ribbed cuffs, v neck, half zipper sweatshirt and slant pocket sweatpants effortlessly create a chic and oversized style."
Aleumdr Women's 2 Piece Outfits Oversized Sweatsuit Long Sleeve Pullover Half Zipper Sweatshirt with Jogger Pants,"Versatile Style: Enhance fall winter fashion with women's 2 piece outfits, half zipper tracksuit can be paired with sneakers or boots. In addition, the top and pants can also be worn separately, providing unlimited possibilities for your stylish look"
Aleumdr Women's 2 Piece Outfits Oversized Sweatsuit Long Sleeve Pullover Half Zipper Sweatshirt with Jogger Pants,"Occasion: This sweat set saves you time thinking about what to wear. The matching set is suitable for various occasions. Whether it's daily leisure, jogging suit, airport outfits or travel outfits in autumn and winter, they are all great choices"
Aleumdr Women's 2 Piece Outfits Oversized Sweatsuit Long Sleeve Pullover Half Zipper Sweatshirt with Jogger Pants,"Washing Care: Suggest machine washing with cold water, do not iron or bleach. The women's lounge sweat set is available in size S-2XL. Please check the size chart before placing an order"
Aleumdr Women's 2 Piece Outfits Oversized Sweatsuit Long Sleeve Pullover Half Zipper Sweatshirt with Jogger Pants,
