﻿标题,详情
CRZ YOGA Athletic Shorts for Women High Waisted Flowy Ruffle Skirt Overlay for Workout Running Tennis with Zip Pocket,Designed for tennis
CRZ YOGA Athletic Shorts for Women High Waisted Flowy Ruffle Skirt Overlay for Workout Running Tennis with Zip Pocket,"Feathery-Fit Soft fabric: Ultra soft, weightless and quick dry, slightly stretchy, no swish-swish sound"
CRZ YOGA Athletic Shorts for Women High Waisted Flowy Ruffle Skirt Overlay for Workout Running Tennis with Zip Pocket,"High Rise. Skirts Front, Shorts Back. Short Inseam: 1.5 Inches"
CRZ YOGA Athletic Shorts for Women High Waisted Flowy Ruffle Skirt Overlay for Workout Running Tennis with Zip Pocket,Built-in mesh liner reduces friction
CRZ YOGA Athletic Shorts for Women High Waisted Flowy Ruffle Skirt Overlay for Workout Running Tennis with Zip Pocket,Zipper pocket for your phone or other essentials
CRZ YOGA Athletic Shorts for Women High Waisted Flowy Ruffle Skirt Overlay for Workout Running Tennis with Zip Pocket,"Wide-smocked elastic waistband skorts shorts perfect for tennis, running, golf, pickleball, or casual"
CRZ YOGA Athletic Shorts for Women High Waisted Flowy Ruffle Skirt Overlay for Workout Running Tennis with Zip Pocket,
