﻿标题,详情
MOQIVGI Womens Short Sleeve Workout Tops Casual Wear Running Yoga Exercise Fitness Shirts Activewear,"Womens workout shirts short sleeve crewneck appearance with color block, make you get a comfortable feeling and fashionable looking."
MOQIVGI Womens Short Sleeve Workout Tops Casual Wear Running Yoga Exercise Fitness Shirts Activewear,Activewear tops loose fit soft lightweight breathable moisture wicking quick dry fabric which helps to keep you comfortably cool.
MOQIVGI Womens Short Sleeve Workout Tops Casual Wear Running Yoga Exercise Fitness Shirts Activewear,"Athletic tops easy fit with yoga pants, shorts, leggings, capris, sneakers. Perfect for yoga, gym, sports, also nice for daily wear."
MOQIVGI Womens Short Sleeve Workout Tops Casual Wear Running Yoga Exercise Fitness Shirts Activewear,"Versatile casual tshirts combine fashion function and performance, Show your beautiful curve and give you maximum freedom during workout."
MOQIVGI Womens Short Sleeve Workout Tops Casual Wear Running Yoga Exercise Fitness Shirts Activewear,"Care:Machine washable or Hand wash.Don't bleach.Note:Please refer to the size chart at the product description part for ordering a right size. If you have any questions, please feel free to contact us."
MOQIVGI Womens Short Sleeve Workout Tops Casual Wear Running Yoga Exercise Fitness Shirts Activewear,
