﻿标题,详情
"G Gradual Women's Pants with Deep Pockets 7/8 Stretch Ankle Sweatpants for Golf, Athletic, Lounge, Travel, Work","The fabric is made of 75% nylon and 25% spandex. Soft, four-way stretch material delivers a comfy wearing experience"
"G Gradual Women's Pants with Deep Pockets 7/8 Stretch Ankle Sweatpants for Golf, Athletic, Lounge, Travel, Work","Two deep side pockets are good for you to hold phones, cards, and keys easily while working or exercising"
"G Gradual Women's Pants with Deep Pockets 7/8 Stretch Ankle Sweatpants for Golf, Athletic, Lounge, Travel, Work",Elastic waistband and adjustable drawstring offer decent coverage and a comfortable fit
"G Gradual Women's Pants with Deep Pockets 7/8 Stretch Ankle Sweatpants for Golf, Athletic, Lounge, Travel, Work",The 7/8 ankle length pants keep you look very energetic and stylish during your work or exercise
"G Gradual Women's Pants with Deep Pockets 7/8 Stretch Ankle Sweatpants for Golf, Athletic, Lounge, Travel, Work","The pants are suitable for golf, travel, casual wear, work, lounge at home, yoga, athletics, workouts, and running errands"
"G Gradual Women's Pants with Deep Pockets 7/8 Stretch Ankle Sweatpants for Golf, Athletic, Lounge, Travel, Work",
