﻿标题,详情
Aoxjox Long Sleeve Crop Tops for Women Sienna Twist Deep V Workout Cropped T Shirt Top,"Ture to size, in between sizes you should size up and should fit fine"
Aoxjox Long Sleeve Crop Tops for Women Sienna Twist Deep V Workout Cropped T Shirt Top,Light to medium support
Aoxjox Long Sleeve Crop Tops for Women Sienna Twist Deep V Workout Cropped T Shirt Top,Deep V twist detail
Aoxjox Long Sleeve Crop Tops for Women Sienna Twist Deep V Workout Cropped T Shirt Top,Long sleeve workout women crop top
Aoxjox Long Sleeve Crop Tops for Women Sienna Twist Deep V Workout Cropped T Shirt Top,With high quality padded
Aoxjox Long Sleeve Crop Tops for Women Sienna Twist Deep V Workout Cropped T Shirt Top,
