﻿标题,详情
MAGCOMSEN Womens Quarter Zip Pullover Polar Fleece Jacket Soft Lightweight Sweatshirts Long Sleeve Warm Tops,MATERIAL: Polyester; It makes it breathable for your comfort.
MAGCOMSEN Womens Quarter Zip Pullover Polar Fleece Jacket Soft Lightweight Sweatshirts Long Sleeve Warm Tops,"QUARET ZIP: Easy on and off, flexibly adjusts to a V-neck when you’re hot, or a high neck when you’re cold."
MAGCOMSEN Womens Quarter Zip Pullover Polar Fleece Jacket Soft Lightweight Sweatshirts Long Sleeve Warm Tops,"FLEECE FABRIC: This thermal pullover is warm and soft to wear, suitable for spring, autumn, winter, or other cold weather."
MAGCOMSEN Womens Quarter Zip Pullover Polar Fleece Jacket Soft Lightweight Sweatshirts Long Sleeve Warm Tops,"STYLISH DESIGN: Features long sleeves and a zipper collar, perfect as activewear or a thermal layer."
MAGCOMSEN Womens Quarter Zip Pullover Polar Fleece Jacket Soft Lightweight Sweatshirts Long Sleeve Warm Tops,"OCCASION: Ideal for workouts such as yoga, gym, running, and also for daily wear, including camping, traveling, and dating."
MAGCOMSEN Womens Quarter Zip Pullover Polar Fleece Jacket Soft Lightweight Sweatshirts Long Sleeve Warm Tops,
