﻿标题,详情
Bestisun Long Sleeve Athletic Workout Shirts Sports Yoga Gym Crop Tops for Women,"Split Back Design: It's slightly open in the back and allows for ventilation, add a cute look and also make the shirts look sportier."
Bestisun Long Sleeve Athletic Workout Shirts Sports Yoga Gym Crop Tops for Women,"Thumb holes design can keep the sleeves from shifting or flapping in the wind, help keep your sleeves in place and hands warm, add a little more coverage in cool weather, provide a comfortable feeling and also give extra coverage for sun protection in summer."
Bestisun Long Sleeve Athletic Workout Shirts Sports Yoga Gym Crop Tops for Women,"Material: Breathable, Strechy, Lightweight, feel relax and comfortable when you wear it. Super soft fabric, breathable, easy to care, comfortable and cute, great for sports yoga workout or casual clothes."
Bestisun Long Sleeve Athletic Workout Shirts Sports Yoga Gym Crop Tops for Women,"Bestisun long sleeve workout shirts are suitable for yoga, exercise, fitness, gym, running, any type of workout or casual daily wear. Our workout shirts combine fashion, function and performance."
Bestisun Long Sleeve Athletic Workout Shirts Sports Yoga Gym Crop Tops for Women,"NOTICE: Since this top is a crop style, if you can not accept the effect of too short or small, it is recommended to buy a larger size. Of course, there are many people who prefer crop or short styles, so you can choose according to your preference. Please check the size chart in the description below or picture before ordering instead of the default amazon size chart."
Bestisun Long Sleeve Athletic Workout Shirts Sports Yoga Gym Crop Tops for Women,
