﻿标题,详情
90 Degree By Reflex Lightweight Lounge Shorts - Casual Summer Jersey Shorts for Women,"All Day Comfort. Find full comfort in these summer shorts. Constructed with a super soft cationic fabric and elastic waistband, you’ll never want to take them off! The ladies shorts fall at the perfect length, with the inseam approximately 3 inches from crotch to edge of cuff. The soft material of these womens shorts are made from 87% Polyester and 13% Spandex."
90 Degree By Reflex Lightweight Lounge Shorts - Casual Summer Jersey Shorts for Women,"Side Pockets. One of the top features of these sweat shorts are the pockets on the right and left side so you can forgo your purse when you head to the gym. The shorts for women also boast a comfortable drawstring waist and a secured leg cuff opening so you never have to worry about slipping, sliding or rubbing as you exercise."
90 Degree By Reflex Lightweight Lounge Shorts - Casual Summer Jersey Shorts for Women,"Versatile. These women’s gym shorts are a great addition to your athleisure wardrobe, so you can head straight from the studio to the beach. Dress them up with a nice blouse, or pair with a plain t-shirt or tank top for a more loungy look. Compare your hip, waist and inseam measurements with our size guide to help you determine the perfect size for you! Approximate model size (S)."
90 Degree By Reflex Lightweight Lounge Shorts - Casual Summer Jersey Shorts for Women,"Reliable, Well-Loved Brand. 90 Degree by Reflex is a lifestyle brand that combines style, comfort, fit, and performance. The high quality activewear is both affordable and accessible, perfect for fitness enthusiasts and everyday athleisure. Rest assured that you will receive a quality product from Amazon’s #1 seller of athletic leggings and other athleisure products. Consumers love our products and reviews speak for themselves. Get on board with the brand that men and women are raving about!"
90 Degree By Reflex Lightweight Lounge Shorts - Casual Summer Jersey Shorts for Women,"30-Day Money Back Guarantee. 90 Degree by Reflex’s lounge shorts are sold with a 30-day, full-money-back warranty and can be returned no questions asked. Add this item to your cart by clicking the ""Add-to-Cart"" button and buy it now. We run out of inventory quickly, so order now while colors and styles last."
90 Degree By Reflex Lightweight Lounge Shorts - Casual Summer Jersey Shorts for Women,
