﻿标题,详情
SAMPEEL Two Piece Sets for Women Summer Outfits Lounge Sets Mock Neck Tops Wide Leg Crop Pants Vacation Travel Outfits,"Fabric: Light-as-air fabric/Optimal air flow/4-way stretch,The Two Piece is made with spacer fabric that’s lightweight, soft and ultra drapey, designed to feel silky against your skin."
SAMPEEL Two Piece Sets for Women Summer Outfits Lounge Sets Mock Neck Tops Wide Leg Crop Pants Vacation Travel Outfits,"Design：Two Piece Sets for Women Mock Neck Sleeveless Tops,Wide Leg Crop Pants,Cropped Length,Contoured Back for The Most Flattering Rear View,Elastic Drawstring"
SAMPEEL Two Piece Sets for Women Summer Outfits Lounge Sets Mock Neck Tops Wide Leg Crop Pants Vacation Travel Outfits,"Occasion: Can be dressed up or down, great for casual wear/dressing up/vacation/travel/business casual/work"
SAMPEEL Two Piece Sets for Women Summer Outfits Lounge Sets Mock Neck Tops Wide Leg Crop Pants Vacation Travel Outfits,"Wash Instruction: Machine Wash Cold, Gentle Cycle. Inside Out. Only Non-Chlorine Bleach When Needed. Tumble Dry Low. Low Iron If Needed. Or Dry Clean."
SAMPEEL Two Piece Sets for Women Summer Outfits Lounge Sets Mock Neck Tops Wide Leg Crop Pants Vacation Travel Outfits,"Note: Please refer to SAMPEEL size chart,we use standard US sizes and provide inches and centimeters for reference"
SAMPEEL Two Piece Sets for Women Summer Outfits Lounge Sets Mock Neck Tops Wide Leg Crop Pants Vacation Travel Outfits,
