﻿标题,详情
Bestisun Women Split Side Athletic Workout Tank Tops Racerback Yoga Shirts for Women,Split Hem Design: Add a cute look and also make the shirts be more breathable and look sportier.
Bestisun Women Split Side Athletic Workout Tank Tops Racerback Yoga Shirts for Women,"Racerback Design: Racerback workout tank tops cut for full range of movement, it creates a sexy look on back and let you move easily through every pose."
Bestisun Women Split Side Athletic Workout Tank Tops Racerback Yoga Shirts for Women,"Match: Pair Perfectly with your pants, leggings, skirts, shorts or depending on the occasion, make you more beautiful, fashion and confident."
Bestisun Women Split Side Athletic Workout Tank Tops Racerback Yoga Shirts for Women,"Occasion: Bestisun workout shirts are suitable for yoga, exercise, fitness, gym, running, any type of workout or daily wear. Our sleeveless workout shirts combine fashion, function and performance."
Bestisun Women Split Side Athletic Workout Tank Tops Racerback Yoga Shirts for Women,"Notice: If you can not accept the effect of too short or small, it is recommended to buy a larger size. Of course, there are many people who prefer crop or short styles, so you can choose according to your preference. Please check the size chart in the description below or picture before ordering instead of the default amazon size chart."
Bestisun Women Split Side Athletic Workout Tank Tops Racerback Yoga Shirts for Women,
