﻿标题,详情
"HeyNuts Longline Zeal Bras Medium Impact Wirefree Sports Bras Workout Tank Tops with Removable Pads, A-D Cups",Specifically designed for the A-D cups people and intended for medium to high impact activities
"HeyNuts Longline Zeal Bras Medium Impact Wirefree Sports Bras Workout Tank Tops with Removable Pads, A-D Cups","Appropriate length provides more coverage, perfect with high waisted leggings"
"HeyNuts Longline Zeal Bras Medium Impact Wirefree Sports Bras Workout Tank Tops with Removable Pads, A-D Cups","Wireless sports bra, removable pads provide flexibility"
"HeyNuts Longline Zeal Bras Medium Impact Wirefree Sports Bras Workout Tank Tops with Removable Pads, A-D Cups",Cross back shows female's elegance and beauty
"HeyNuts Longline Zeal Bras Medium Impact Wirefree Sports Bras Workout Tank Tops with Removable Pads, A-D Cups","Soft fabric, four-way stretch, breathable and sweat-wicking"
"HeyNuts Longline Zeal Bras Medium Impact Wirefree Sports Bras Workout Tank Tops with Removable Pads, A-D Cups",
