﻿标题,详情
Libin Women's Joggers Pants Athletic Running Petite/Regular/Tall Sweatpants with Pockets Tapered Casual Workout Pants,"The fabric is super stretchy, Skin-Friendly, wrinkle-free and don't attract hair, the athletic joggers feature the 4-way-stretch and just like a second-layer of skin, they provide you with maximum comfort to ensure all-day active free"
Libin Women's Joggers Pants Athletic Running Petite/Regular/Tall Sweatpants with Pockets Tapered Casual Workout Pants,"Mid rise pants and elastic wasitband with drawstring offers a personalized fit, increases the range of waist line,no rolling up or down"
Libin Women's Joggers Pants Athletic Running Petite/Regular/Tall Sweatpants with Pockets Tapered Casual Workout Pants,"Two side deep pockets enough to hold your hands, phone, wallet, keys,etc,easy to access"
Libin Women's Joggers Pants Athletic Running Petite/Regular/Tall Sweatpants with Pockets Tapered Casual Workout Pants,"These dance joggers pants are lightweight but not thin, slightly fit but not too tight, that designed with tapered legs and elastic ribbed ankle cuffs are well for active and daily live"
Libin Women's Joggers Pants Athletic Running Petite/Regular/Tall Sweatpants with Pockets Tapered Casual Workout Pants,"Don't let sizing be a hassle! We launched petite(25.5""inseam) and tall (29.5""inseam) version if you got a petite or tall figure, pick it. Great for jogging, lounge, running, athletic, workout, dance, run errands"
Libin Women's Joggers Pants Athletic Running Petite/Regular/Tall Sweatpants with Pockets Tapered Casual Workout Pants,
