﻿标题,详情
BLEVONH Women Yoga Running Shorts 2 in 1 Workout Athletic Shorts with Pockets S-3XL,"Inner Lining: The workout shorts womens,doesn’t ride up and are long enough to keep you from chaffing."
BLEVONH Women Yoga Running Shorts 2 in 1 Workout Athletic Shorts with Pockets S-3XL,"Inner Pocket: The running shorts for women,with one side pocket can securely holds your phone during workout."
BLEVONH Women Yoga Running Shorts 2 in 1 Workout Athletic Shorts with Pockets S-3XL,"Reference:The athletic shorts for women,they fit true to size,I am a size 8-10 in pants,145lbs,and got a medium perfect fit."
BLEVONH Women Yoga Running Shorts 2 in 1 Workout Athletic Shorts with Pockets S-3XL,"Occasions: These active shorts are comfy so practical for fitness,yoga,working out or lounging."
BLEVONH Women Yoga Running Shorts 2 in 1 Workout Athletic Shorts with Pockets S-3XL,"Service: If you don't like the athletic shorts,you can return it,Pls don't hesitate.Give yourself a chance to try,may be look so pretty."
BLEVONH Women Yoga Running Shorts 2 in 1 Workout Athletic Shorts with Pockets S-3XL,
