﻿标题,详情
"YITTY Active Women's Ultraluxe High-Waist Pocket Legging, Athleisure, 4-Way-Stretch","Convenient Side Pockets: These leggings for women feature convenient side pockets, making them ideal for carrying essentials during workouts or errands."
"YITTY Active Women's Ultraluxe High-Waist Pocket Legging, Athleisure, 4-Way-Stretch","Designed for Every Body: Available in sizes XS to XXL with plus size options coming soon. Choose between 25"" or 27"" inseams for the perfect fit for you."
"YITTY Active Women's Ultraluxe High-Waist Pocket Legging, Athleisure, 4-Way-Stretch","High-Waist Tummy Control: Provides shaping and support with a high-rise waistband, perfect for women looking for leggings with tummy control."
"YITTY Active Women's Ultraluxe High-Waist Pocket Legging, Athleisure, 4-Way-Stretch","Booty-Sculpting Design: The unique double yoke design at the back sculpts and lifts the booty for a rounded, lifted look and flattering shape."
"YITTY Active Women's Ultraluxe High-Waist Pocket Legging, Athleisure, 4-Way-Stretch","Performance Meets Comfort: Crafted from buttery-soft, moisture-wicking fabric with 4-way stretch, light to medium compression, and UPF 50+ protection. Perfect for gym leggings, yoga, or everyday wear."
"YITTY Active Women's Ultraluxe High-Waist Pocket Legging, Athleisure, 4-Way-Stretch",
