﻿标题,详情
PRETTYGARDEN Women's Two Piece Outfit Sleeveless Crewneck Tops with Sweatpants Active Tracksuit Lounge Wear,"SIZE TIPS: S=US 4-6, M=US 8-10，L=US 12-14，XL=US 16-18, XXL=US 20-22, Choose The Right Size And Color For You. A Detailed Description Of The Dimensions Is Shown In The Size Chart On The Details Page. The 2 Piece Outfits Loungewear Is Made From High Quality Fabric, Soft, Lightweight, Comfortable, Breathable And Skin Friendly."
PRETTYGARDEN Women's Two Piece Outfit Sleeveless Crewneck Tops with Sweatpants Active Tracksuit Lounge Wear,Design:Womens Two Piece Outfits/Sleeveless Tops/Crewneck Pullover/Tank Tops/High Waist/Drawstring Waist/Solid Color/Beam Foot/Loose Fit/Long Pants/Sweatpants/Two Piece Sweatsuits For Women/Active Wear Two Piece Sets For Women/Two Piece Workout Outfits For Women/Two Piece Pajamas For Women/Two Piece Jogger Sets For Women/Two Piece Lounge Outfits For Women/Sleeveless Two Piece Outfits For Women/Tops And Bottom Matching Set
PRETTYGARDEN Women's Two Piece Outfit Sleeveless Crewneck Tops with Sweatpants Active Tracksuit Lounge Wear,"Simple Life,Simple Wear-This Basic 2 Piece Set For Women Is A Suit That Never Goes Wrong.It Includes A Comfortable Tank Tops And A Drawstring Long Pants, Both Of Which Are Designed In Loose Fit Style And Basic Solid Color Design, Classic And Never Go Out Of Style.This Is a Awesome Outfit For People Who Like Simple Dressing Styles."
PRETTYGARDEN Women's Two Piece Outfit Sleeveless Crewneck Tops with Sweatpants Active Tracksuit Lounge Wear,"Highlights-This Crewneck T Shirt With Sleeveless Design To Ensure You Can Stay Cool And Comfy In The Hot Summer, And The High Elastic Waist Long Pants With Drawstring Are Not Only Make It Easy To Take Off Or Down, But Also Provide You With The Maximum Comfort."
PRETTYGARDEN Women's Two Piece Outfit Sleeveless Crewneck Tops with Sweatpants Active Tracksuit Lounge Wear,"Basic Is Trendy-Thanks To Its Cozy And Casual Style And Skin-Friendly Fabric.This Women Two Piece Outfits Sets Is Can Be Worn As Pajamas Sets,Lounge Wears,Jogging Suit,Workout Set,Yoga Set And Suitable For Any Leisure Occasions."
PRETTYGARDEN Women's Two Piece Outfit Sleeveless Crewneck Tops with Sweatpants Active Tracksuit Lounge Wear,
