﻿标题,详情
Danysu Scrunch Butt Leggings for Women Butt Lift Tummy Control Booty Leggings,"Workout Sets for Summer: No front seam, Crossover Waist Short Sleeves Crop Top and sexy slimming v waist 3"" booty shorts bottoms."
Danysu Scrunch Butt Leggings for Women Butt Lift Tummy Control Booty Leggings,"Naked Feeling Fabric: Our 2 pieces outfits feature super soft 75％Nylon + 25％ Spandex Lightweight yet non-see through material as soft as butter. Second skin feeling, each pieces compress, lifts and shape the body, while providing support."
Danysu Scrunch Butt Leggings for Women Butt Lift Tummy Control Booty Leggings,"Butt Lift & Back Pocket: Perfect butt scrunch sits between the glutes and provide good separation without being too visible. Contouring peach butt gym shorts, Waist hidden pockets for phone and cards or keys."
Danysu Scrunch Butt Leggings for Women Butt Lift Tummy Control Booty Leggings,"Occasions: Perfect for yoga, home workout, dance, jogging, running, gym, fitness, aerobics,pilates or other exercise,any type of workout,everyday casual lounge wear pants.From the studio to the street, and lounging in between, Danysu allows you to Relax, Reflect, Rebound in 360 Degree."
Danysu Scrunch Butt Leggings for Women Butt Lift Tummy Control Booty Leggings,"Size: True to size, order your normal size. Danysu two piece yoga outfits are design to be true to size, if you prefer tight fit, please order size down."
Danysu Scrunch Butt Leggings for Women Butt Lift Tummy Control Booty Leggings,
