﻿标题,详情
Aleumdr Women's 2 Piece Outfits Sweatsuit Set Pullover V Neck Sweatshirt with Cargo Pant 2024 Fall Lounge Set,"Size Chart: S=US 4-6,M=US 8-10,L=US 12-14,XL=US 16-18,2XL=US 20-22. Athleisure 2 piece outfits made of soft and comfortable materials consisting of 50% Polyester+45% Viscose+5% Elastane, casual two piece sweatsuit set is suitable for daily wear"
Aleumdr Women's 2 Piece Outfits Sweatsuit Set Pullover V Neck Sweatshirt with Cargo Pant 2024 Fall Lounge Set,"Athleisure Outfits: Women's 2 piece sweatsuit includes a pullover top and cargo sweatpants. The loose fitting sweatshirt is suitable for every body type, jogger pants with cargo pocket makes it easy to carry keys, phones, wallets, and other items"
Aleumdr Women's 2 Piece Outfits Sweatsuit Set Pullover V Neck Sweatshirt with Cargo Pant 2024 Fall Lounge Set,Versatile Style: This matching lounge set reduces pairing time and provides a simple and fast fashion style. You can wear them separately and pair them with different tops or pants to easily create an oversized style and a chic and lazy look
Aleumdr Women's 2 Piece Outfits Sweatsuit Set Pullover V Neck Sweatshirt with Cargo Pant 2024 Fall Lounge Set,"Occasion: This womens 2 piece sweatsuits is moderately thick and thin, can be worn throughout the four seasons. Suitable for casual daily wear, running, hiking, jogging suit, travel sets, lounge wear, airport outfits, and other informal occasions"
Aleumdr Women's 2 Piece Outfits Sweatsuit Set Pullover V Neck Sweatshirt with Cargo Pant 2024 Fall Lounge Set,"Washing Care: It is recommended to machine wash with cold water, do not iron or bleach. Or line to dry. Casual two piece sets offers a standard size fit. Please check the size chart before purchasing"
Aleumdr Women's 2 Piece Outfits Sweatsuit Set Pullover V Neck Sweatshirt with Cargo Pant 2024 Fall Lounge Set,
