﻿标题,详情
NEYOUQE Womens Fall Winter Fashion Sweatshirts Quarter Zip up pullover Polo sweatshirt women casual trendy crewneck tops,Womens fall fashion 2024 sweatshirt long sleeve sweat shirt fitted for women comfortable wear
NEYOUQE Womens Fall Winter Fashion Sweatshirts Quarter Zip up pullover Polo sweatshirt women casual trendy crewneck tops,Womens long sleeve tops dressy casual fashionable plain color quarter zip up pullover sweatshirt women tops dressy casual design that's quite eye-catching
NEYOUQE Womens Fall Winter Fashion Sweatshirts Quarter Zip up pullover Polo sweatshirt women casual trendy crewneck tops,"Womens tops dressy casual made of soft cotton polyester fabric sweat shirts for women, pullover sweatshirt looks so comfy cozy"
NEYOUQE Womens Fall Winter Fashion Sweatshirts Quarter Zip up pullover Polo sweatshirt women casual trendy crewneck tops,"Womens sweaters dressy casual crewneck sweatshirt is easy to pair with jeans,leggings or boots for women.The long sleeve sweat shirts for women fitted trendy v neck can match tanks,vest,halter,cami,also can match womens sweaters cardigan,jeans jackets,windbreaker,down jacket as undershirts for womens coats. sweatshirts for women can be to your wife, girlfriend, mom, daughter or friend"
NEYOUQE Womens Fall Winter Fashion Sweatshirts Quarter Zip up pullover Polo sweatshirt women casual trendy crewneck tops,"2024 latest fashion women's sweatshirt suit occasion for daily life, party, school, vacation, office, mountaineering, hiking, camping, fishing, tennis, football, basketball, vacation, travel, cycling, hunting, home,school, running, outdoor, sports, exercise,work, sportswear, etc.Womens crewneck sweatshirts is good for fall,winter,spring seasons"
NEYOUQE Womens Fall Winter Fashion Sweatshirts Quarter Zip up pullover Polo sweatshirt women casual trendy crewneck tops,
