﻿标题,详情
Womens Long Sleeve Workout Yoga Gym Shirts Fall Winter Athletic Hoodies with Thumb holes,"Lightweight, Soft comfy Shirts for sports, Loose Fit Style offers you maximum comfort when workout."
Womens Long Sleeve Workout Yoga Gym Shirts Fall Winter Athletic Hoodies with Thumb holes,"Athletic shirts with hood, drawstring and thumb holes make it easy to do excersices, front with ""X"" looks very nice and fashion."
Womens Long Sleeve Workout Yoga Gym Shirts Fall Winter Athletic Hoodies with Thumb holes,"Thumb Holes keep the sleeves from shifting or flapping in the wind, also increase hand coverage and warmth during cold days."
Womens Long Sleeve Workout Yoga Gym Shirts Fall Winter Athletic Hoodies with Thumb holes,"Perfect sports hoodies for running, yoga, workout, gym, excersice, athletic, fitness outdoor sports. Also great for daily wear."
Womens Long Sleeve Workout Yoga Gym Shirts Fall Winter Athletic Hoodies with Thumb holes,Wash care: hand wash or machine wash. Do not bleach. Please select the size according to the size chart in the production description.
Womens Long Sleeve Workout Yoga Gym Shirts Fall Winter Athletic Hoodies with Thumb holes,
