﻿标题,详情
Real Essentials 5 Pack: Women's Dry Fit Tech Stretch Short-Sleeve Crew Neck Athletic T-Shirt (Available in Plus Size),"Available In Both Regular & Plus Sizing (S-3X) Ideal Crew Neck Short Sleeve Active Top for Yoga, Exercise, Fitness, Gym, Running, Any Type Of Workout Or Everyday Casual Use."
Real Essentials 5 Pack: Women's Dry Fit Tech Stretch Short-Sleeve Crew Neck Athletic T-Shirt (Available in Plus Size),"Providing four-way stretch, Dry-Fit sweat wicking fabric with bound edges and interlock seams, you won’t experience any chafing or rubbing"
Real Essentials 5 Pack: Women's Dry Fit Tech Stretch Short-Sleeve Crew Neck Athletic T-Shirt (Available in Plus Size),Banded Crew Neckline and Tag-Free Neck Label Offers You Maximum Comfort.
Real Essentials 5 Pack: Women's Dry Fit Tech Stretch Short-Sleeve Crew Neck Athletic T-Shirt (Available in Plus Size),"Pair perfectly with your pants, leggings, shorts, shirts for a cool everyday look, make you more beautiful, sexy and elegant."
Real Essentials 5 Pack: Women's Dry Fit Tech Stretch Short-Sleeve Crew Neck Athletic T-Shirt (Available in Plus Size),"Real Essentials is a lifestyle brand that combines style, comfort, fit, and performance. Our high quality activewear is both affordable and accessible, perfect for fitness enthusiasts and everyday athleisure."
Real Essentials 5 Pack: Women's Dry Fit Tech Stretch Short-Sleeve Crew Neck Athletic T-Shirt (Available in Plus Size),
