﻿标题,详情
Aleumdr Womens 2 Piece Outfits Matching Sweat Sets Sweatsuit Tracksuit Zip up Sweatshirt and Sweatpants Lounge Sets,"50% Cotton Matching Set: These lounge sets crafted from a premium 50% polyester and 50% cotton blend. This fabric combination ensures breathability and softness, making it perfect for lounging during the fall and winter months"
Aleumdr Womens 2 Piece Outfits Matching Sweat Sets Sweatsuit Tracksuit Zip up Sweatshirt and Sweatpants Lounge Sets,Zip Up Sweatshirt Top: This matching sweat set features a zip-up collar that can be worn up for a polished look or folded down for a casual vibe. It includes two convenient side pockets for added functionality
Aleumdr Womens 2 Piece Outfits Matching Sweat Sets Sweatsuit Tracksuit Zip up Sweatshirt and Sweatpants Lounge Sets,"Wide Leg Pants for Women: The high-waisted sweatpants offer tummy coverage and a flattering wide-leg style, also equipped with two side pockets. With its classic relaxed fit, this sweatpants set for women is perfect for comfort and versatility"
Aleumdr Womens 2 Piece Outfits Matching Sweat Sets Sweatsuit Tracksuit Zip up Sweatshirt and Sweatpants Lounge Sets,"Occasion: This fall/winter travel outfit is perfect for casual wear at home, travel and airport shopping, going out, lounging, vacationing, outdoor activities, running, jogging, and parties. It's a practical two-piece set that can be paired with anything"
Aleumdr Womens 2 Piece Outfits Matching Sweat Sets Sweatsuit Tracksuit Zip up Sweatshirt and Sweatpants Lounge Sets,"Size: These 2 piece outfits for women come in sizes Small (US 4-6), Medium (US 8-10), Large (US 12-14), X-Large (US 16-18) and 2X-Large (US 20-22). The top and bottom can be worn together as a loungewear set or separately for a relax and casual look"
Aleumdr Womens 2 Piece Outfits Matching Sweat Sets Sweatsuit Tracksuit Zip up Sweatshirt and Sweatpants Lounge Sets,
