﻿标题,详情
Women's 2 Piece Outfits Zip Up Sweatshirt Contrast Striped Wide Leg Sweatpants Suits Jogger Travel Matching Set,"【Light as Air Fabric】This lounge set is made of skin friendly and buttery-soft material, comfortable, lightweight, breathable and light-stretch, suitable for all seasons. Note: The product is vacuum packed and can be flattened by washing or ironing after receiving it."
Women's 2 Piece Outfits Zip Up Sweatshirt Contrast Striped Wide Leg Sweatpants Suits Jogger Travel Matching Set,"【Eye-Catching Design】Women's tracksuit features contrasting side stripes for an elongated effect. Zip-up, long sleeve, stand collar jacket, high waist, wide-leg pants, with pockets, loose fit to suit all body types. It is a suit that meets comfort, style and practicality."
Women's 2 Piece Outfits Zip Up Sweatshirt Contrast Striped Wide Leg Sweatpants Suits Jogger Travel Matching Set,"【Matching】2 piece fall sets for women save the trouble of matching clothes and are very suitable for dailywear. Pair with baseball cap, vest, and tennis shoes to create a trendy sports look. Pair with casual shoes or slippers can create a lazy and comfortable home style. You can also wear it separately according to your preference."
Women's 2 Piece Outfits Zip Up Sweatshirt Contrast Striped Wide Leg Sweatpants Suits Jogger Travel Matching Set,"【Occasion】Lounge sets for women is ideal for casual, home, brunch, vacation, travel, trip, airport, gym, exercise, summer air-conditioned room wear. Whether you are going out running errands or just lounging around at home, this lightweight suit can make you feel comfortable."
Women's 2 Piece Outfits Zip Up Sweatshirt Contrast Striped Wide Leg Sweatpants Suits Jogger Travel Matching Set,"【Attention】This women's sweatsuit is suitable for machine wash, low iron, dark colors are recommended to be washed separately. Please Refer to the Size Chart before Ordering. We will regularly introduce new colors to keep your style fresh."
Women's 2 Piece Outfits Zip Up Sweatshirt Contrast Striped Wide Leg Sweatpants Suits Jogger Travel Matching Set,
