﻿标题,详情
PINSPARK 2 Piece Sets for Women 2024 Fall Outfits Sweatsuit Oversized Sweatshirt Wide Leg Sweatpants Matching Set Tracksuit,"Size Chart : This style of sweatpants comes in petite and regular sizes. If you are 5'5"" and under, please choose the size petite. If you are between 5'5"" and 5'8"", please choose the size regular"
PINSPARK 2 Piece Sets for Women 2024 Fall Outfits Sweatsuit Oversized Sweatshirt Wide Leg Sweatpants Matching Set Tracksuit,"Fabric Type : Lightweight air layer fabric, breathable with 4-way stretch, value both luxury and coziness"
PINSPARK 2 Piece Sets for Women 2024 Fall Outfits Sweatsuit Oversized Sweatshirt Wide Leg Sweatpants Matching Set Tracksuit,"Features : This sweatsuit set includes a half-zip, long-sleeve oversized sweatshirt and high-waisted drawstring wide-leg sweatpants with pockets, making it a stylish 2 piece tracksuit set"
PINSPARK 2 Piece Sets for Women 2024 Fall Outfits Sweatsuit Oversized Sweatshirt Wide Leg Sweatpants Matching Set Tracksuit,"Half Zip : The oversized sweatshirt features a trendy half zip collar, allowing you to adjust your look and comfort level with ease. Its roomy design ensures unrestricted movement while maintaining a chic silhouette"
PINSPARK 2 Piece Sets for Women 2024 Fall Outfits Sweatsuit Oversized Sweatshirt Wide Leg Sweatpants Matching Set Tracksuit,"Occasion : 2 piece sweatsuits are great for everyday wear, the gym, sports, running, being active, lounging, traveling, the beach, fitness, and just hanging out at home"
PINSPARK 2 Piece Sets for Women 2024 Fall Outfits Sweatsuit Oversized Sweatshirt Wide Leg Sweatpants Matching Set Tracksuit,
