﻿标题,详情
AJISAI Petite/Regular Women's 7/8 Joggers Travel Pants with Pockets Lounge Casual Stretch Workout Pants,Workout-friendly fabric with 4-way stretch and shape retention
AJISAI Petite/Regular Women's 7/8 Joggers Travel Pants with Pockets Lounge Casual Stretch Workout Pants,Easy care material let you get rid of annoying lint or pilling
AJISAI Petite/Regular Women's 7/8 Joggers Travel Pants with Pockets Lounge Casual Stretch Workout Pants,Adjustable drawstring and deep front pockets to keep your belongings
AJISAI Petite/Regular Women's 7/8 Joggers Travel Pants with Pockets Lounge Casual Stretch Workout Pants,"Smooth, soft but not thin make these ankle pants ideal for all seasons"
AJISAI Petite/Regular Women's 7/8 Joggers Travel Pants with Pockets Lounge Casual Stretch Workout Pants,"Styling with different tops, they can be your companion for morning jogging,travel, golf or just lounging around the house"
AJISAI Petite/Regular Women's 7/8 Joggers Travel Pants with Pockets Lounge Casual Stretch Workout Pants,
