﻿标题,详情
Women's 2 Piece Outfits Mock Neck Long Sleeve Pullover Sweatshirt Jogger Pants Sweatsuit,This sweatsuit features a long-sleeved mock neck pullover top and cropped jogger pants
Women's 2 Piece Outfits Mock Neck Long Sleeve Pullover Sweatshirt Jogger Pants Sweatsuit,"The lantern sleeve design on the top elevates the look, while the elastic high-waist on the pants provides a secure, snug fit."
Women's 2 Piece Outfits Mock Neck Long Sleeve Pullover Sweatshirt Jogger Pants Sweatsuit,"This versatile tracksuit is perfect for daily wear, lounging, working out, and participating in sports"
Women's 2 Piece Outfits Mock Neck Long Sleeve Pullover Sweatshirt Jogger Pants Sweatsuit,"It comes in solid and color block design, suitable for all occasions, and is the ultimate choice for any fashion-savvy, health-conscious lady"
Women's 2 Piece Outfits Mock Neck Long Sleeve Pullover Sweatshirt Jogger Pants Sweatsuit,"Made with premium-quality polyester, it boasts stretchy and durable construction"
Women's 2 Piece Outfits Mock Neck Long Sleeve Pullover Sweatshirt Jogger Pants Sweatsuit,
