﻿标题,详情
Women's Joggers Pants with Zipper Pockets High Waisted Athletic Drawstring Sweatpants for Lounge Workout Jogging 2024,"Ultra Soft & Stretch Material: The women's joggers are made from ultra-soft 75% Nylon and 25% Spandex four-way stretch fabric, offering a buttery-soft feel and maximum comfort while enhancing your range of motion, perfect for any workout."
Women's Joggers Pants with Zipper Pockets High Waisted Athletic Drawstring Sweatpants for Lounge Workout Jogging 2024,"High Waisted Design: The elastic waistband and drawstring work together to provide a secure and adjustable fit, ensuring the joggers stay in place during movement. This combination allows for easy waist customization, raising overall comfort and support."
Women's Joggers Pants with Zipper Pockets High Waisted Athletic Drawstring Sweatpants for Lounge Workout Jogging 2024,"Fashion Zipper Pockets: These athletic jogger pants feature two spacious side zipper pockets, perfect for securely storing your phone, keys, cards, and more, ensuring you have everything you need during your workout or casual."
Women's Joggers Pants with Zipper Pockets High Waisted Athletic Drawstring Sweatpants for Lounge Workout Jogging 2024,"Feature: Our women's sweatpants are lightweight yet not thin, with a tapered leg and elastic ankle cuffs that combine the comfort of loungewear with activewear performance, giving you a flattering look and flexible fit for any season."
Women's Joggers Pants with Zipper Pockets High Waisted Athletic Drawstring Sweatpants for Lounge Workout Jogging 2024,"Occasions: Designed for joggers, they are perfect for workouts, athletics, track, running, jogging, exercise, gym, hiking, athleisure, travel, and sports, as well as being an ideal choice for daily casual and lounge wear, whether indoors or outdoors."
Women's Joggers Pants with Zipper Pockets High Waisted Athletic Drawstring Sweatpants for Lounge Workout Jogging 2024,
