﻿标题,详情
ANRABESS Women 2 Piece Outfits Sweatsuit Oversized Sweatshirt Sweatpants Tracksuit Sweat Lounge Matching Set 2025 Fall Trendy,"Material - 50% rayon, 45% polyester and 5% spandex"
ANRABESS Women 2 Piece Outfits Sweatsuit Oversized Sweatshirt Sweatpants Tracksuit Sweat Lounge Matching Set 2025 Fall Trendy,"Material Type - Stretch : Slight, Thickness : Medium, Softness : Medium"
ANRABESS Women 2 Piece Outfits Sweatsuit Oversized Sweatshirt Sweatpants Tracksuit Sweat Lounge Matching Set 2025 Fall Trendy,"Fit Type - Loose, S=US(4-6), M=US(8-10), L=US(12-14), XL=(16-18). More details in rich description."
ANRABESS Women 2 Piece Outfits Sweatsuit Oversized Sweatshirt Sweatpants Tracksuit Sweat Lounge Matching Set 2025 Fall Trendy,"Washing - Machine washable, hand wash cold , dry flat in shade, do not bleach"
ANRABESS Women 2 Piece Outfits Sweatsuit Oversized Sweatshirt Sweatpants Tracksuit Sweat Lounge Matching Set 2025 Fall Trendy,"Features - This Sweatsuit Set featured half zip long sleeve oversized sweatshirt & high waist drawstring wide leg sweatpant for a 2 piece tracksuit set. Matching set sweatpants 2 piece sweatsuit are great for daily life, gym, sport, running, active, lounge, travel, beach, fitness and home."
ANRABESS Women 2 Piece Outfits Sweatsuit Oversized Sweatshirt Sweatpants Tracksuit Sweat Lounge Matching Set 2025 Fall Trendy,
