﻿标题,详情
Herseas Womens 2 Piece Casual Outfit Workout Hoodie Sweatsuits with Sweatpant Travel Airport Track Suits Lounge Sets,"Soft Touch Fabric Blend: 65% Polyester, 30% Cotton, and 5% Elastane for ultimate softness, stretch, and light comfort"
Herseas Womens 2 Piece Casual Outfit Workout Hoodie Sweatsuits with Sweatpant Travel Airport Track Suits Lounge Sets,"Stylish Two Piece Outfit Set: A chic zip up hoodie with elastic trims pairs with loose-fit, drawstring waist sweatpants for versatile elegance"
Herseas Womens 2 Piece Casual Outfit Workout Hoodie Sweatsuits with Sweatpant Travel Airport Track Suits Lounge Sets,"Versatility Meets Comfort: Ideal for Spring to Autumn, Winter layering, or cool Summer evenings – this sweatsuit set is your wardrobe essential"
Herseas Womens 2 Piece Casual Outfit Workout Hoodie Sweatsuits with Sweatpant Travel Airport Track Suits Lounge Sets,"Fashionista's Essential: Full double zip hoodie with long pants, mix & match to reflect your unique style across seasons"
Herseas Womens 2 Piece Casual Outfit Workout Hoodie Sweatsuits with Sweatpant Travel Airport Track Suits Lounge Sets,"Size Guide: Model stats, Height: 5'8"", Weight: 110lb, Bust: 33"", Waist: 24"", Hips: 34.6"", fits S perfectly. Refer to the size chart for the best fit"
Herseas Womens 2 Piece Casual Outfit Workout Hoodie Sweatsuits with Sweatpant Travel Airport Track Suits Lounge Sets,
