﻿标题,详情
CRZ YOGA Womens Fleece Lined Half Zipper Sweatshirts Funnel Neck Long Sleeve Oversized Pullover Hoodies with Thumb Holes,Designed for daily wear
CRZ YOGA Womens Fleece Lined Half Zipper Sweatshirts Funnel Neck Long Sleeve Oversized Pullover Hoodies with Thumb Holes,"Thick cotton-blend fabric with fuzzy fleece lined, super soft and breathable"
CRZ YOGA Womens Fleece Lined Half Zipper Sweatshirts Funnel Neck Long Sleeve Oversized Pullover Hoodies with Thumb Holes,"Oversized fit, waist length"
CRZ YOGA Womens Fleece Lined Half Zipper Sweatshirts Funnel Neck Long Sleeve Oversized Pullover Hoodies with Thumb Holes,Kangaroo pocket with hidden phone sleeve for storing personal items
CRZ YOGA Womens Fleece Lined Half Zipper Sweatshirts Funnel Neck Long Sleeve Oversized Pullover Hoodies with Thumb Holes,Thumb holes and high funnel neck design provides added coverage to keep you warmer
CRZ YOGA Womens Fleece Lined Half Zipper Sweatshirts Funnel Neck Long Sleeve Oversized Pullover Hoodies with Thumb Holes,"Ideal as a pre-and post-workout cozy layer, and also great as lounging or casual outfit"
CRZ YOGA Womens Fleece Lined Half Zipper Sweatshirts Funnel Neck Long Sleeve Oversized Pullover Hoodies with Thumb Holes,
