﻿标题,详情
Mini Cargo Skirt Tennis Golf Skirts for Women Workout Athletic Skort with Shorts Pocket Cute Clothes Summer Outfits,cute soft and comfy.
Mini Cargo Skirt Tennis Golf Skirts for Women Workout Athletic Skort with Shorts Pocket Cute Clothes Summer Outfits,high waisted with pockets wide elastic waist stretch.
Mini Cargo Skirt Tennis Golf Skirts for Women Workout Athletic Skort with Shorts Pocket Cute Clothes Summer Outfits,mini cargo skirt workout tennis skirts for women athletic golf athleisure active wear.
Mini Cargo Skirt Tennis Golf Skirts for Women Workout Athletic Skort with Shorts Pocket Cute Clothes Summer Outfits,womens skirts dressy casual summer beach fall clothing everyday lounge wear.
Mini Cargo Skirt Tennis Golf Skirts for Women Workout Athletic Skort with Shorts Pocket Cute Clothes Summer Outfits,skirts for teen girls trendy clothes athleisure dupes.
Mini Cargo Skirt Tennis Golf Skirts for Women Workout Athletic Skort with Shorts Pocket Cute Clothes Summer Outfits,
