﻿标题,详情
IBKUL Sun Protective UPF 50 Icefil Cooling Long Sleeve Crew Neck Top with Under Arm Mesh – 83000,Our patented ICEFIL fabric converts sweat into cooling energy to keep you comfortable and up to 5 degrees cooler on hot humid days.
IBKUL Sun Protective UPF 50 Icefil Cooling Long Sleeve Crew Neck Top with Under Arm Mesh – 83000,"UPF 50+ offers superior protection from harmful UV rays of the sun. Fast-drying moisture-wicking fabric with two-way circulation helps you keep cool and dry. Flat weave, stretch fabric with textured interior is ultra-soft and odor free."
IBKUL Sun Protective UPF 50 Icefil Cooling Long Sleeve Crew Neck Top with Under Arm Mesh – 83000,CARE: Machine wash cold with similar colors. Do not bleach. Do not use fabric softener. Tumble dry low if needed. Do not dry clean.
IBKUL Sun Protective UPF 50 Icefil Cooling Long Sleeve Crew Neck Top with Under Arm Mesh – 83000,"SUITABLE FOR: Activities like Golf, Tennis, Hiking, Equestrian, Walking, Fishing, Running, Biking, etc."
IBKUL Sun Protective UPF 50 Icefil Cooling Long Sleeve Crew Neck Top with Under Arm Mesh – 83000,Size: XS-XXL This style has a mesh underarm panel promoting additional comfort and breathability. Wear the Long Sleeve Zip Crew Neck to all athleisure activities!
IBKUL Sun Protective UPF 50 Icefil Cooling Long Sleeve Crew Neck Top with Under Arm Mesh – 83000,
