﻿标题,详情
Move With You Sleeveless Spaghetti Strap Padded Sports Bra Tank Tops Square Neck Double Layer Workout Fitness Basic Crop Tops,"【Sports Bra with Chest Line】Thin cup design can show your chest line, reduce constriction on your breast, improving comfort"
Move With You Sleeveless Spaghetti Strap Padded Sports Bra Tank Tops Square Neck Double Layer Workout Fitness Basic Crop Tops,"【Features】 Sleeveless yoga top, classic square neck, strappy,spaghetti strap, white and black colorblock, cropped length, double layer, slim fit, cute and sexy tops, casual basic crop top"
Move With You Sleeveless Spaghetti Strap Padded Sports Bra Tank Tops Square Neck Double Layer Workout Fitness Basic Crop Tops,"【Matching】Basic tank tops is great to match with high waist shorts, skirts, pants, legging or sweatpants for a sporting look, better with cardigan, jacket, blazer in winter or fall when finished doing sport"
Move With You Sleeveless Spaghetti Strap Padded Sports Bra Tank Tops Square Neck Double Layer Workout Fitness Basic Crop Tops,【Design】 The ultra-soft fabric feels simply delicate and heavenly on the skin. Double lined design thick material which is nice.
Move With You Sleeveless Spaghetti Strap Padded Sports Bra Tank Tops Square Neck Double Layer Workout Fitness Basic Crop Tops,"【Occasion】 Camisole for women with built in bra is suitable for workout, gym, sports, daily casual wear, hiking, beach, holiday and other outdoor activities. It's a sexy going out top or sport bra in the summer and also can be used as a basic layer in the fall or cool weather"
Move With You Sleeveless Spaghetti Strap Padded Sports Bra Tank Tops Square Neck Double Layer Workout Fitness Basic Crop Tops,
