﻿标题,详情
HEYHUN Womens Athleisure Ultra Soft Knit Foldover Ruched Skirted Yoga Leggings S-XL,"COMFORT:This solid casual stretchy leggings will keep you warm and mobile when needed. Lightweight and versatile in function, this activewear style will keep you looking good while getting things done!"
HEYHUN Womens Athleisure Ultra Soft Knit Foldover Ruched Skirted Yoga Leggings S-XL,"QUALITY: Our dedication is to the workmanship, durability and longevity of all our styles and we hope to contribute to a more resilient ""slow fashion"" movement where Beauty is in the details and the stories behind your favorite item."
HEYHUN Womens Athleisure Ultra Soft Knit Foldover Ruched Skirted Yoga Leggings S-XL,VARIETY: Simple yet attentively crafted with purpose. Pull over the wide mini ruched skirt to get that perfect snug with added support and tummy control. Classic fit to accentuate hips and legs!
HEYHUN Womens Athleisure Ultra Soft Knit Foldover Ruched Skirted Yoga Leggings S-XL,MADE IN USA: We take the utmost pride in producing all our pants domestically. In doing so we ensure the quality and integrity of our styles is top notch while also being affordable and trendy.
HEYHUN Womens Athleisure Ultra Soft Knit Foldover Ruched Skirted Yoga Leggings S-XL,FIT: Please refer to the additional sizing information in the product images. Model in image is wearing size Small
HEYHUN Womens Athleisure Ultra Soft Knit Foldover Ruched Skirted Yoga Leggings S-XL,
