﻿标题,详情
AUTOMET Womens 2 Piece Outfits Tracksuits Lounge Matching Sets Two Piece Shorts Spring Tops 2025 Trendy Summer Clothes,"Material：50%polyester+50%cotton ,breathable waffle knit tracksuits set, skin-friend, stretchy, soft, lightweight.These two piece outfits for women are perfect."
AUTOMET Womens 2 Piece Outfits Tracksuits Lounge Matching Sets Two Piece Shorts Spring Tops 2025 Trendy Summer Clothes,"Design: Women’s 2 piece tracksuits lounge sets perfect for summer style!Sleeveless waffle crop top, crew neck, wide vest,stretchy,relaxed-fit shorts, drawstring waistband for adjustable-fit,two side pockets for belongings.These 2 piece outfits for women are made just for you."
AUTOMET Womens 2 Piece Outfits Tracksuits Lounge Matching Sets Two Piece Shorts Spring Tops 2025 Trendy Summer Clothes,"Match:This tracksuits not only reduces the hassle of choosing what to wear, save your time for your tracksuit outfit ,but also allows you to maintain a comfortable, lounge style.Simply wear accessories such as necklaces, earrings and any kinds of bags and shoes are enough.These lounge sets for women are a must-have for your travels."
AUTOMET Womens 2 Piece Outfits Tracksuits Lounge Matching Sets Two Piece Shorts Spring Tops 2025 Trendy Summer Clothes,"Occasions: Perfect for casual,daily,work-at home, tracksuits, leisure, jogging, vacation outfits, beach outfits, shopping, party and cycling etc.Choose your favorite color to cheer for your summer.You deserve these short sets women 2 piece outfits."
AUTOMET Womens 2 Piece Outfits Tracksuits Lounge Matching Sets Two Piece Shorts Spring Tops 2025 Trendy Summer Clothes,"Season:This womens tracksuits for casual summer outfits is suit for spring,summer and fall,you can match it with anything you like with it."
AUTOMET Womens 2 Piece Outfits Tracksuits Lounge Matching Sets Two Piece Shorts Spring Tops 2025 Trendy Summer Clothes,
