﻿标题,详情
Bestisun Long Sleeve Workout Shirts Yoga Dance Tops Open Back Athletic Clothes for Women,The open back and slightly loose fit creates a breezy feel with more cooling as your run heats up. The back part is open so you can show off your cute sports bra or whatever.
Bestisun Long Sleeve Workout Shirts Yoga Dance Tops Open Back Athletic Clothes for Women,"The cuffs have elasticity and you can push them up to the elbow when you exercise, provide more freedom. Elastic cuffs make sure the cuffs will not go up during a workout."
Bestisun Long Sleeve Workout Shirts Yoga Dance Tops Open Back Athletic Clothes for Women,"Bestisun long sleeve workout shirts suitable for yoga, exercise, dance, gym, running, any type of workout or casual daily wear. Our workout shirts combine fashion, function and performance."
Bestisun Long Sleeve Workout Shirts Yoga Dance Tops Open Back Athletic Clothes for Women,"Material: breathable, stretch, lightweight, feel relax and comfortable when you wear it. Soft skin-close silky smooth fabric."
Bestisun Long Sleeve Workout Shirts Yoga Dance Tops Open Back Athletic Clothes for Women,Notice: Please check the size chart in the description below or picture before ordering instead of the default amazon size chart.
Bestisun Long Sleeve Workout Shirts Yoga Dance Tops Open Back Athletic Clothes for Women,
