﻿标题,详情
Ceboyel Womens Neon Print Oversized Sweatshirt Drawstring Pullover Sweatshirt Trendy Sweater Tops Fall Fashion Clothes 2023,texas tech sweatshirt girls sweatshirts size 7-8 womens sherpa sweatshirt green sweatshirt women fall outfits for women 2023 trendy los angeles sweatshirt women baggy sweatshirts womens sweatshirt zip up hoodie cropped im cold 24/7 sweatshirt slouchy sweatshirt for women half zip sweatshirt women graphic warm long sleeve fleece shirts for women winter vintage sweatshirt womens plus size sweatshirts fall work clothes for women 2023 preppy hoodies
Ceboyel Womens Neon Print Oversized Sweatshirt Drawstring Pullover Sweatshirt Trendy Sweater Tops Fall Fashion Clothes 2023,crew neck sweatshirts women graphic oversized vintage crewneck sweatshirts for women vintage sweatshirt for women zip up no hoodie youth sweatshirt womens thanksgiving sweatshirt pink christmas sweatshirt witch sweatshirt boho sweatshirts for women vintage crewneck sweatshirt cute graphic hoodies for women trending fall clothes for black women 2023 hoodies for women y2k crewneck sweatshirts ugly sweatshirt christmas women american flag sweatshirt scuba hoodie dupes
Ceboyel Womens Neon Print Oversized Sweatshirt Drawstring Pullover Sweatshirt Trendy Sweater Tops Fall Fashion Clothes 2023,sweatshirt tunic anime hoodies halloween sweatshirt women hoodies zip up hoodies for women trendy california royal blue sweatshirt women im cold sweatshirt black panther sweatshirt trendy hoodies white hoodie zip up hoodies for women lightweight western crewneck sweatshirt women crew neck sweatshirts women graphic oversized vintage royal blue crewneck sweatshirt sweatshirt for women cotton super soft sweatshirts for women
Ceboyel Womens Neon Print Oversized Sweatshirt Drawstring Pullover Sweatshirt Trendy Sweater Tops Fall Fashion Clothes 2023,white sweatshirt for women loose fit womens snap front fleece sweatshirt jacket womens zip sweatshirt with hood black cropped sweatshirt pink zip up hoodie aunt sweatshirt zip up hoodie yellow crewneck sweatshirt white crewneck sweatshirt women gray zip up hoodie women women's zip up sweatshirt sweatshirt with zipper pockets blue crewneck sweatshirt plus size black hoodies for women hooded sweatshirt with thumb holes half zip pullover women golf
Ceboyel Womens Neon Print Oversized Sweatshirt Drawstring Pullover Sweatshirt Trendy Sweater Tops Fall Fashion Clothes 2023,texas tech sweatshirt new york sweatshirt red zip up hoodie oversized light pink sweatshirt women 2023 trendy fall work outfits for women fall sweatshirts for women graphic fall outfits for women 2023 trendy office cute sweatshirts for girls 10-12 hocus pocus sweatshirt plus size youth sweatshirt navy crewneck sweatshirt half zip oversize cropped pullover women womens cardigan sweaters unisex crewneck sweatshirt graphic crewneck sweatshirt women polyester sweatshirt
Ceboyel Womens Neon Print Oversized Sweatshirt Drawstring Pullover Sweatshirt Trendy Sweater Tops Fall Fashion Clothes 2023,
