﻿标题,详情
NEYOUQE Women Crewneck Pullover Sweatshirt Casual Fall Fashion Color Block Loose Long Sleeve Tops Plain Sweatshirts,Lightweight long sleeve pullover top for comfortable wear
NEYOUQE Women Crewneck Pullover Sweatshirt Casual Fall Fashion Color Block Loose Long Sleeve Tops Plain Sweatshirts,Fashionable color block tie dye design that's quite eyes catching
NEYOUQE Women Crewneck Pullover Sweatshirt Casual Fall Fashion Color Block Loose Long Sleeve Tops Plain Sweatshirts,"Made of soft fabric, pullover sweatshirt looks so comfy cozy"
NEYOUQE Women Crewneck Pullover Sweatshirt Casual Fall Fashion Color Block Loose Long Sleeve Tops Plain Sweatshirts,"Crewneck sweatshirt top is easy to pair with jeans,leggings or boots"
NEYOUQE Women Crewneck Pullover Sweatshirt Casual Fall Fashion Color Block Loose Long Sleeve Tops Plain Sweatshirts,"2024 latest fashion women's sweatshirt suit occasion for daily life, party, school, vacation, office, work, sportswear, home etc"
NEYOUQE Women Crewneck Pullover Sweatshirt Casual Fall Fashion Color Block Loose Long Sleeve Tops Plain Sweatshirts,
