﻿标题,详情
Real Essentials 5 Pack: Women's Short Sleeve Twist Front Crop Top Dry-Fit Athletic Crew Neck T-Shirt,"Versatile Workout Wear: Elevate your gym style with our women's crop top, perfect for all activities including yoga, running, and weightlifting. Ideal for workout tops for women, crop tops for women, and womens workout tops."
Real Essentials 5 Pack: Women's Short Sleeve Twist Front Crop Top Dry-Fit Athletic Crew Neck T-Shirt,"Twist Front Detail: Stay on-trend during your workouts with the stylish twist front design of our crop tee, ideal for dry fit t shirts for women and workout crop tops for women."
Real Essentials 5 Pack: Women's Short Sleeve Twist Front Crop Top Dry-Fit Athletic Crew Neck T-Shirt,"Moisture-Wicking Fabric: Keep dry and comfortable in this cropped workout top for women, crafted with advanced moisture-wicking technology for intense workouts."
Real Essentials 5 Pack: Women's Short Sleeve Twist Front Crop Top Dry-Fit Athletic Crew Neck T-Shirt,"Breathable & Comfortable: Our gym top for women features breathable fabric that promotes airflow, ensuring you stay cool during your gym sessions. Perfect for gym tops for women and crop workout tops for women."
Real Essentials 5 Pack: Women's Short Sleeve Twist Front Crop Top Dry-Fit Athletic Crew Neck T-Shirt,"Athletic Performance: Experience the perfect balance of style and functionality with this cropped gym top. A must-have addition to any active woman's wardrobe, suitable for crop tops, workout tops women, and womens crop tops."
Real Essentials 5 Pack: Women's Short Sleeve Twist Front Crop Top Dry-Fit Athletic Crew Neck T-Shirt,
