﻿标题,详情
KIRUNDO Women's Spring 2 Piece Outfits Ribbed Knit Lounge Sets Long Sleeve Pullover Drawstring Jogger Pants Tracksuit Set,"Spring Outfits for Women 2025: XS=US 0-2, S=US 4-6, M=US 8-10, L=US 12-14, XL=US 16-18, XXL=US 20. 2 Piece Sets for Women Are Made Of Soft Pit Rib Knit Fabric, Light, Airy, Skin-Friendly, Slightly Stretch, No Wrinkles. Thanks To Its Comfort, Relaxed Fit, and Versatility, You Can Use Them As Lounge Sets for Women, Pajamas, Athleisure Sets Women, Postpartum Lounge Sets for Women"
KIRUNDO Women's Spring 2 Piece Outfits Ribbed Knit Lounge Sets Long Sleeve Pullover Drawstring Jogger Pants Tracksuit Set,"Features: Two Piece Outfits For Women/ Womens Lounge Set/ Going Home Outfit for Mom After Birth/ Crewneck Long Sleeve Ribbed Knit Sweat Suits for Womens 2 Piece/ Drawstring Elastic Waist Beam Foot Jogger Pants Matching Set/ 2 Piece Tracksuit Outfit/ Sweat Set for Women/ Pajamas For Women Set/ Lightweight Pit Ribbed Knit Fabric/ Two Side Pockets And a Chest Pocket, Solid Color, Womens Spring Fashion 2025/ Casual Outfits"
KIRUNDO Women's Spring 2 Piece Outfits Ribbed Knit Lounge Sets Long Sleeve Pullover Drawstring Jogger Pants Tracksuit Set,"Convenient Womens Sets: Women's 2 Piece Lounge Sets Eliminate The Hassle Of Coordinating Separates, Offering a Complete And Effortless Ensemble. Elastic Waistband On Pants Offers a Secure Yet Flexible Fit Around The Waist. Little Oversized Knitted Top Supports Freedom Of Movement"
KIRUNDO Women's Spring 2 Piece Outfits Ribbed Knit Lounge Sets Long Sleeve Pullover Drawstring Jogger Pants Tracksuit Set,Color Options: Black Lounge Sets For Women 2 Piece/ Khaki Ribbed Knit Sweatsuit for Women/ Pink Womens Loungewear Set/ Bean Green Airplane Travel Outfit Women/ Dark Grey Jogger Sets for Women 2 Piece/ Navy Comfy Pajamas For Women Set
KIRUNDO Women's Spring 2 Piece Outfits Ribbed Knit Lounge Sets Long Sleeve Pullover Drawstring Jogger Pants Tracksuit Set,"Occasions: Knit Sets Two Piece Women Is Suitable For Casual, Running, Sleeping, Work From Home, Family Parties, Post Partum, Travel, Etc"
KIRUNDO Women's Spring 2 Piece Outfits Ribbed Knit Lounge Sets Long Sleeve Pullover Drawstring Jogger Pants Tracksuit Set,
