﻿标题,详情
G4Free Long Sleeve Crop Top for Women Athletic Gym Workout Tops Loose Cropped T-Shirts,"Premium Fabric for Women Workout Crop Shirts: Made of advanced 4-way stretch modal cotton, super soft and outstanding in athletic moisture wicking."
G4Free Long Sleeve Crop Top for Women Athletic Gym Workout Tops Loose Cropped T-Shirts,"Crop Beveled Hem: A shorter cropped cut in the front and longer in the back, allows for more airflow when activities in heat. Functional crop yoga shirts for workouts or hangouts."
G4Free Long Sleeve Crop Top for Women Athletic Gym Workout Tops Loose Cropped T-Shirts,Loose Fit Crop Tee with Thumb Holes: Thumb holes keep the sleeves from creeping up and keep hands warm during cold weather activities.
G4Free Long Sleeve Crop Top for Women Athletic Gym Workout Tops Loose Cropped T-Shirts,Long Sleeve Boat Neck Loose Tops: Classic boat neck design showing your gorgeous neckline.
G4Free Long Sleeve Crop Top for Women Athletic Gym Workout Tops Loose Cropped T-Shirts,"Basic Loose Crop Tee: Basic and timeless athleisure shirt that you must have, low profile design with great plus details, easy going with all styles bottoms."
G4Free Long Sleeve Crop Top for Women Athletic Gym Workout Tops Loose Cropped T-Shirts,
