﻿标题,详情
"Viracy Womens Sleeveless Golf Polo Shirts Zip Up Sun Protection Work Out Tank Tops Lightweight Fast Dry for Tennis, Casual","Special Sleeveless Polo Shirts for Women: this athletic tank top is designed to be a fashion style for the hot summer. It will be perfect for a golf course or tennis sports, even wearing as a casual outfits is also a nice choice."
"Viracy Womens Sleeveless Golf Polo Shirts Zip Up Sun Protection Work Out Tank Tops Lightweight Fast Dry for Tennis, Casual","Curve Hem & Zip Up Closure: Our marble printed sleeveless shirts give you more freedom in your movement. The armpits do not feel too tight, and the curve hem makes a beautiful bodyline. The zipper design makes it easy to adjust the neckline for easy wearing."
"Viracy Womens Sleeveless Golf Polo Shirts Zip Up Sun Protection Work Out Tank Tops Lightweight Fast Dry for Tennis, Casual","Lightweight & Breathable Fabric: This golf sports shirt is made of high-quality stretch fabric that feels super soft and comfortable to wear. Feel at your best in ultimate comfort in this breathable, Moisture Wicking women's active sleeveless top. You will feel cool when your skin touch it."
"Viracy Womens Sleeveless Golf Polo Shirts Zip Up Sun Protection Work Out Tank Tops Lightweight Fast Dry for Tennis, Casual","UPF 50+ Sun Protection: This collared tank top features specialized sun protecion fabrics. It can effecively shield 99% of ultraviolet ray, avoid sunburn."
"Viracy Womens Sleeveless Golf Polo Shirts Zip Up Sun Protection Work Out Tank Tops Lightweight Fast Dry for Tennis, Casual","Occasion: These active zip-up shirts can pair with skirts, jeans, shorts, leggings, and more. And it is very suitable for many occasions such as golf, yoga, tennis, casual outings, hiking, camping, running, and Outdoor activities."
"Viracy Womens Sleeveless Golf Polo Shirts Zip Up Sun Protection Work Out Tank Tops Lightweight Fast Dry for Tennis, Casual",
