﻿标题,详情
OLCHEE Womens 3 Pack Crop Tank Tops Basic Seamless Ribbed Sleeveless Square Neck Workout Top Summer Exercise Yoga Gym Shirts,"【Stretchy & Breathable】90% Nylon and 10% Elastane, soft to touch, gentle to your skin, comfy to wear. The tank tops are breathable, good at moisture absorbing and sweat releasing. Seamless fabric, high elasticity, gives you the maximum freedom of movement."
OLCHEE Womens 3 Pack Crop Tank Tops Basic Seamless Ribbed Sleeveless Square Neck Workout Top Summer Exercise Yoga Gym Shirts,"【Ribbed & Seamless & Flattering】 With perfect length, the ribbed seamless crop tops can wrap and fit your body well, provide you support in all aspects, thick enough and not see-through, super flattering and cute clothing."
OLCHEE Womens 3 Pack Crop Tank Tops Basic Seamless Ribbed Sleeveless Square Neck Workout Top Summer Exercise Yoga Gym Shirts,【Basic & Trendy】Low-cut square neck both front and back shows your charming curves of chest and neck. Ribbed thick bottom band doesn’t ride up. Wide shoulder straps can stay in place and not slip off. These sleeveless cropped tanks are trendy and perfect for workouts.
OLCHEE Womens 3 Pack Crop Tank Tops Basic Seamless Ribbed Sleeveless Square Neck Workout Top Summer Exercise Yoga Gym Shirts,"【Any Occasion】The basic fashion tanks without built-in bras look great with any bottoms, shorts, jeans, pants, skirts, a staple for summer wardrobe. They are a good choice for active or daily casual wear, suitable for any occasions, like party, lounge, going out, fitness, yoga, gym, running."
OLCHEE Womens 3 Pack Crop Tank Tops Basic Seamless Ribbed Sleeveless Square Neck Workout Top Summer Exercise Yoga Gym Shirts,"【Color And Size】 Various combinations of colors for 3 piece tank top sets - black, brown, beige, light grey, grass green, light blue, lavender, rose pink, olive green, royal blue for your choice. Three sizes available, please choose according to our size chart. If any problem, please do not hesitate to contact us."
OLCHEE Womens 3 Pack Crop Tank Tops Basic Seamless Ribbed Sleeveless Square Neck Workout Top Summer Exercise Yoga Gym Shirts,
