﻿标题,详情
XIEERDUO Lounge Sets for Women 2024 Sweatsuit 2 Piece Outfits Sweatshirt Wide Leg Sweatpant Tracksuit Matching Set,"✦Size:S=US(4-6), M=US(8-10),L=US(12-14),XL=(16-18),2XL(20-22).More details in rich description."
XIEERDUO Lounge Sets for Women 2024 Sweatsuit 2 Piece Outfits Sweatshirt Wide Leg Sweatpant Tracksuit Matching Set,"✦Tips:Please follow the size table and size recommendation on the details page before placing an order,please first look at the length of clothes and pants,and choose the size you want according to the model's display effect."
XIEERDUO Lounge Sets for Women 2024 Sweatsuit 2 Piece Outfits Sweatshirt Wide Leg Sweatpant Tracksuit Matching Set,"✦Fabric:Crafted from high-quality air layer fabric,our apparel is not only soft and comfortable but also lightweight and breathable,providing a super relaxed,skin-friendly feel!"
XIEERDUO Lounge Sets for Women 2024 Sweatsuit 2 Piece Outfits Sweatshirt Wide Leg Sweatpant Tracksuit Matching Set,"✦Design:This stylish two piece set features a full-zip,long sleeve sweatshirt paired with wide leg sweatpants,both equipped with convenient pockets.It's available in classic solid colors or unique patchwork designs."
XIEERDUO Lounge Sets for Women 2024 Sweatsuit 2 Piece Outfits Sweatshirt Wide Leg Sweatpant Tracksuit Matching Set,"✦Note:Due to vacuum packaging,the items may arrive slightly wrinkled.if you want to wear more texture,a light ironing on the fabric is recommended. Machine washable on gentle cycle with cold water or dry clean;hang or line dry.Do not bleach.Warm iron if needed."
XIEERDUO Lounge Sets for Women 2024 Sweatsuit 2 Piece Outfits Sweatshirt Wide Leg Sweatpant Tracksuit Matching Set,
