﻿标题,详情
Bestisun Womens Long Sleeve Workout Tops Yoga Exercise Gym Clothes Athletic Sports Shirts,"Model Body Measurement: Wear Size Small, Height: 5'8"" Bust: 34.6"" Waist: 24"" Hip: 37"""
Bestisun Womens Long Sleeve Workout Tops Yoga Exercise Gym Clothes Athletic Sports Shirts,"Breathable Fabric: Breathability of this long sleeve workout shirts is excellent, and the fabric is super light & airy. It can keeps you warm during yoga and isn't too hot"
Bestisun Womens Long Sleeve Workout Tops Yoga Exercise Gym Clothes Athletic Sports Shirts,"Thumb holes: Thumhole shirts can keep the sleeves from shifting or flapping in the wind, help Keep your Sleeves In Place and Hands Warm, add a little more coverage in cool weather, Provide a awesome visio"
Bestisun Womens Long Sleeve Workout Tops Yoga Exercise Gym Clothes Athletic Sports Shirts,"OCCASION: Bestisun long sleeve yoga tops suitable for yoga, exercise, fitness, gym, running, any type of workout or everyday use. Our active shirts combine fashion, function and performance"
Bestisun Womens Long Sleeve Workout Tops Yoga Exercise Gym Clothes Athletic Sports Shirts,NOTICE: Please check the size chart in the description below or picture (NOT AMAZON SIZE CHART).
Bestisun Womens Long Sleeve Workout Tops Yoga Exercise Gym Clothes Athletic Sports Shirts,
