﻿标题,详情
Boladeci Men's Quarter Zip Pullover Premium Fleece Lined Heather Long Sleeve Golf Shirts Midweight 1/4 Half Zip Sweatshirts,"92% Polyester, 8% Spandex. Fleece Lined, lightweight, moisture wicking, 4-way stretch and soft mens quarter zip pullover"
Boladeci Men's Quarter Zip Pullover Premium Fleece Lined Heather Long Sleeve Golf Shirts Midweight 1/4 Half Zip Sweatshirts,"[Fleece Lining] Micro-fleece lining blocks wind and keeps you warm in fall and winter, wicks away sweat while you workout and dries quickly"
Boladeci Men's Quarter Zip Pullover Premium Fleece Lined Heather Long Sleeve Golf Shirts Midweight 1/4 Half Zip Sweatshirts,"[1/4 Zip] Auto-locking quarter zipper placket with chin guard for easy on/off, ventilation and temperature regulation"
Boladeci Men's Quarter Zip Pullover Premium Fleece Lined Heather Long Sleeve Golf Shirts Midweight 1/4 Half Zip Sweatshirts,"[Comfortable] 4-way stretch fabric for full range of motion, soft enough to wear as a base layer."
Boladeci Men's Quarter Zip Pullover Premium Fleece Lined Heather Long Sleeve Golf Shirts Midweight 1/4 Half Zip Sweatshirts,"[Occasions] The mixed-color weaving process makes this mens quarter zip pullover more premium, more wrinkle-resistant. Ideal for work, leisure and all kinds of outdoor activities including golf, hiking, travel, running and workout. (NOTE: the actual color will look better than the picture)"
Boladeci Men's Quarter Zip Pullover Premium Fleece Lined Heather Long Sleeve Golf Shirts Midweight 1/4 Half Zip Sweatshirts,
