﻿标题,详情
NORACORA Women's Lounge Sets - 2 Piece Hooded V-Neck Sweatshirt & Wide Leg Pants Set | Casual Loungewear Tracksuit,"Soft Loungewear: Made from high-quality, stretchy knitted material, this lounge set provides a gentle feel against your skin, ensuring all-day comfort whether you're at home or on the go."
NORACORA Women's Lounge Sets - 2 Piece Hooded V-Neck Sweatshirt & Wide Leg Pants Set | Casual Loungewear Tracksuit,"Stylish Two Piece Outfit: This wide leg pants set features a cozy hooded V-neck sweatshirt with long sleeves, paired with matching wide-leg pants that have an adjustable drawstring waistband and practical side pockets for added convenience."
NORACORA Women's Lounge Sets - 2 Piece Hooded V-Neck Sweatshirt & Wide Leg Pants Set | Casual Loungewear Tracksuit,"Versatile Pairing: Effortlessly layer this pants set women 2 piece outfit with your favorite jacket or wear it as is for a casual look. Perfect for running errands, lounging, or enjoying a relaxed day at home."
NORACORA Women's Lounge Sets - 2 Piece Hooded V-Neck Sweatshirt & Wide Leg Pants Set | Casual Loungewear Tracksuit,"All-Season Comfort: Ideal for cooler weather, this cozy sweatsuit provides just the right amount of warmth, while the relaxed fit of the wide-leg pants creates a flattering silhouette suitable for any occasion."
NORACORA Women's Lounge Sets - 2 Piece Hooded V-Neck Sweatshirt & Wide Leg Pants Set | Casual Loungewear Tracksuit,"Occasions: Whether embarking on a long journey or a weekend getaway, this comfortable airport outfit combines style and practicality, making it your go-to choice for travel, lounging, running errands, or excercising."
NORACORA Women's Lounge Sets - 2 Piece Hooded V-Neck Sweatshirt & Wide Leg Pants Set | Casual Loungewear Tracksuit,
