﻿标题,详情
"CRZ YOGA 4-Way Stretch Workout Joggers for Women 28"" Casual Travel Lounge Athletic Pants with Pockets","Tips: Sizes S and up are recommended to size up, e.g., S to M, M to L, L to XL. Regular size might be tight according to our customers"
"CRZ YOGA 4-Way Stretch Workout Joggers for Women 28"" Casual Travel Lounge Athletic Pants with Pockets",Designed for daily wear or business casual
"CRZ YOGA 4-Way Stretch Workout Joggers for Women 28"" Casual Travel Lounge Athletic Pants with Pockets","4-way stretch, slick soft, wrinkle-free and decent thick"
"CRZ YOGA 4-Way Stretch Workout Joggers for Women 28"" Casual Travel Lounge Athletic Pants with Pockets",Inseam: 28 Inches. Mid Rise. Slim Fit
"CRZ YOGA 4-Way Stretch Workout Joggers for Women 28"" Casual Travel Lounge Athletic Pants with Pockets","Side pockets are deep enough to hold your hands, phone, keys, etc"
"CRZ YOGA 4-Way Stretch Workout Joggers for Women 28"" Casual Travel Lounge Athletic Pants with Pockets",Elastic waistband with drawstring
"CRZ YOGA 4-Way Stretch Workout Joggers for Women 28"" Casual Travel Lounge Athletic Pants with Pockets",
