﻿标题,详情
BEPEI Women Tunic Hoodies Long Sleeves Pocket Crewneck Dressy Shirts,"Material: 95% Rayon and 5% Spandex.This hoodie for women is suitable for fall,winter and spring,you can dress it up for daily casual wear or business office work."
BEPEI Women Tunic Hoodies Long Sleeves Pocket Crewneck Dressy Shirts,Features:Crew Neck/Long Sleeve/Pocket/Hood Design/Soft and Comfy/Drawstring/Pullover Hoodies for Women/Womens Cute Hooded Sweatshirt/Solid Color Basic Tunic Hoodie/Stretchy Shirts/Fashion Tops for Cool Weather/Fall Clothes 2024
BEPEI Women Tunic Hoodies Long Sleeves Pocket Crewneck Dressy Shirts,"Style:This casual tunic sweatshirt is long enough to cover your hips,can offer you a trendy and charming look."
BEPEI Women Tunic Hoodies Long Sleeves Pocket Crewneck Dressy Shirts,"Size:Please read the size measurement in the product description and read it carefully and choose your size.Bust Size: M(34.96""); L(37.96""); XL(39.96""); 2XL(41.96"")."
BEPEI Women Tunic Hoodies Long Sleeves Pocket Crewneck Dressy Shirts,"Dress:Lightweight hoody blouse,the fabric is thin but not sheer.You can pair this tunic hoodie with leggings,skinny dress pants,tights and jeans,suitable for home,vacation,travel,shopping and work."
BEPEI Women Tunic Hoodies Long Sleeves Pocket Crewneck Dressy Shirts,
