﻿标题,详情
Flare Yoga Leggings with Pockets High Waist Stretchy Super Soft Workout Yoga Pants,"Multiple Style Choices: Choose from Skinny, Flared, Flared with Slit, and explore two inseam variations to personalize your look."
Flare Yoga Leggings with Pockets High Waist Stretchy Super Soft Workout Yoga Pants,"Exceptional Comfort and Coverage: Experience ultimate comfort with our Yoga Pants, meticulously crafted from a Non-See-Through, 4-Way Stretchy Fabric. The fabric's magic stretchy power not only keeps you comfortable during fitness activities but also ensures full coverage without any transparency. Ideal for both Fitness Enthusiasts and Everyday Athleisure Activities, these high-quality activewear pants efficiently wick away moisture from your body."
Flare Yoga Leggings with Pockets High Waist Stretchy Super Soft Workout Yoga Pants,"Convenient Storage for Essentials: Our Yoga Pants with Pockets provide a practical solution for your workout sessions. Featuring 2 Pockets on both sides, these leggings allow you to effortlessly stash your phone or other essentials, ensuring a hassle-free and uninterrupted exercise experience."
Flare Yoga Leggings with Pockets High Waist Stretchy Super Soft Workout Yoga Pants,"Elegant Contouring and Unrestricted Movement: Tailored with a high-waist and elastic tummy control waistband, our leggings deliver a smooth, secure, and flattering fit, highlighting your figure. The integrated gusset crotch ensures not only free movement but also offers a perfect blend of compression and support for an unparalleled experience."
Flare Yoga Leggings with Pockets High Waist Stretchy Super Soft Workout Yoga Pants,"Versatile Fusion of Style and Functionality: Tailored for women, these workout pants effortlessly combine comfort and performance. Ideal for Yoga, Running, Cycling, and various workouts, they also transition seamlessly into day-to-day wear, suitable for shopping, casual dining, or a coffee shop rendezvous."
Flare Yoga Leggings with Pockets High Waist Stretchy Super Soft Workout Yoga Pants,
