﻿标题,详情
Cestyle Womens Sleeveless Scoop Neck Flowy Loose Fit Workout Shirts Racerback Long Tank Tops,"Bust Size: (S/US 6) 34-35 inches, (M/US 8) 36-37 inches, (L/US 10-12) 38-39 inches, (XL/US 14) 40-41 inches, (XXL/US 16) 42-43 inches."
Cestyle Womens Sleeveless Scoop Neck Flowy Loose Fit Workout Shirts Racerback Long Tank Tops,"Sport tank top offers a nice coverage and flows, provides a wider range of motion while you are exercising, is suitable to any workout."
Cestyle Womens Sleeveless Scoop Neck Flowy Loose Fit Workout Shirts Racerback Long Tank Tops,The yoga top is long enough to be stretching and moving around without your stomach showing. Just follow your body.
Cestyle Womens Sleeveless Scoop Neck Flowy Loose Fit Workout Shirts Racerback Long Tank Tops,"The tank top is simple and basic, but create different fashion style.You can wear it as a workout shirt or just as daily casual tops.Besides it can be inside the cardigan or jacket.Bundle them to get more benefit."
Cestyle Womens Sleeveless Scoop Neck Flowy Loose Fit Workout Shirts Racerback Long Tank Tops,"For better comfort, refer to size chart on the picture or in the Product Description before you purchase. And feel free to let us know if there is any questions."
Cestyle Womens Sleeveless Scoop Neck Flowy Loose Fit Workout Shirts Racerback Long Tank Tops,
