﻿标题,详情
LURANEE Womens UPF 50+ Long Sleeve 1/4 Zip Pullover Athletic Hiking Running Workout Tops,Features: Long Sleeve Workout Shirts / Half Zip Pullover / Fitness Yoga Tops / Athletic Running Shirts / Sport Hiking Clothes / Raglan Baseball Tee / Exercise Activewear / Dry Fit Gym Shirts
LURANEE Womens UPF 50+ Long Sleeve 1/4 Zip Pullover Athletic Hiking Running Workout Tops,"Unique Design: Quarter Zip Pullover, can freely change V neck into cowl neck, casual and unique. Not only a cool workout tops for exercising but also a lightweight sweatshirts for daily outdoor activities."
LURANEE Womens UPF 50+ Long Sleeve 1/4 Zip Pullover Athletic Hiking Running Workout Tops,"Lines Decoration: Slightly flattering A line shape with sewing line decoration in front, relaxed fit but can show your curve perfectly. Raglan sleeve also provide a free movement for arms."
LURANEE Womens UPF 50+ Long Sleeve 1/4 Zip Pullover Athletic Hiking Running Workout Tops,"Occasions: This Casual Outdoor Shirt is great to wear when workout, running, yoga, hiking, traveling, gym fitness sports, golf, tennis, climbing, casual daily, school, working or any other occasions."
LURANEE Womens UPF 50+ Long Sleeve 1/4 Zip Pullover Athletic Hiking Running Workout Tops,Notice: Please refer to size chart of the picture or product description before ordering. And please feel free to make us know if there have any problems before purchasing or after sale.
LURANEE Womens UPF 50+ Long Sleeve 1/4 Zip Pullover Athletic Hiking Running Workout Tops,
