﻿标题,详情
Gihuo Women's Athletic Full Zip Lightweight Workout Jacket with Thumb Holes,"🌞[THUMB HOLE]: prevent the cuff from slipping back during exercise, also protect your palms"
Gihuo Women's Athletic Full Zip Lightweight Workout Jacket with Thumb Holes,"🌞[ZIP UP]: effortlessly stylish with a smooth zip up closure for easy wear and a sleek, No more fussing with stubborn buttons."
Gihuo Women's Athletic Full Zip Lightweight Workout Jacket with Thumb Holes,"🌞[SLIM FIT]: experience ultimate freedom of movement with our slim-fitting design that contours to your body's natural shape, making it the perfect choice for any activity or exercise regimen."
Gihuo Women's Athletic Full Zip Lightweight Workout Jacket with Thumb Holes,🌞[MATCHING]: get ready to turn heads with our fashionable cropped length and eye-catching curved hemline. Perfect for pairing with high waist leggings or shorts for a trendy and sporty look.
Gihuo Women's Athletic Full Zip Lightweight Workout Jacket with Thumb Holes,"🌞[VERSATILE]: our jacket is designed to be worn for any occasion - from low-key weekend outings to high performance sports. Ideal for leisurely walks, running errands, or intense yoga and workout sessions."
Gihuo Women's Athletic Full Zip Lightweight Workout Jacket with Thumb Holes,
