﻿标题,详情
"MISS FORTUNE Women's Exercise Tops for Yoga Hiking Running Gym, Moisture Wicking Ladies Workout Clothes, Women Active Shirts","MISS FORTUNE Workout tops for women is Moisture wicking, Breathable and lightweight, These womens shirts are made from quick-dry soft fabric that helps you stay comfortable. Enjoy wearing it on different occasions such as yoga, Gym, walking, hiking, running, or relaxing time on the beach."
"MISS FORTUNE Women's Exercise Tops for Yoga Hiking Running Gym, Moisture Wicking Ladies Workout Clothes, Women Active Shirts","Women's Yoga tops with divergent lines at the front, so cute and on trend, add a touch of style. Versatile enough to everyday exercise or an athletic womens outfit."
"MISS FORTUNE Women's Exercise Tops for Yoga Hiking Running Gym, Moisture Wicking Ladies Workout Clothes, Women Active Shirts","Exercise top for women is designed with a loose fit, these moisture wicking shirts for women will be sure to flatter anyone with its stylish appearance. Made using 95% Polyester and 21% spandex. It doesn’t get any softer than this. Choose your preferred workout shirt and get ready for Gym."
"MISS FORTUNE Women's Exercise Tops for Yoga Hiking Running Gym, Moisture Wicking Ladies Workout Clothes, Women Active Shirts","Women workout shirt is stylish, Crew neck design Perfect for activewear, start your heathly and sporty life."
"MISS FORTUNE Women's Exercise Tops for Yoga Hiking Running Gym, Moisture Wicking Ladies Workout Clothes, Women Active Shirts","MISS FORTUNE's Size: S(US 6) 34.6"", M(US 8-10) 36.6"", L(US 12-14) 39.3"", Xl(US 16) 42"", 2X(US 18) 44.8"", 3X(US 20) 47.8"". The 3XL is Plus size tops for women"
"MISS FORTUNE Women's Exercise Tops for Yoga Hiking Running Gym, Moisture Wicking Ladies Workout Clothes, Women Active Shirts",
