﻿标题,详情
NexiEpoch Leggings for Women Plus Size-High Waisted L-XL-4XL Tummy Control Soft Capri Yoga Pants for Workout Running,"【PlUS SIZE LEGGINGS】-NexiEpoch plus leggings are designed for women in sizes L-XL to 3XL. The 2 large side pockets can well carry your phones, keys, cash, card, or other essentials. Upgrade deep pocket designs can well avoid things dropping when moving,"
NexiEpoch Leggings for Women Plus Size-High Waisted L-XL-4XL Tummy Control Soft Capri Yoga Pants for Workout Running,"【HIGH WAIST & BUTT FITTING】 - Women's leggings feature 5.3 inches wide compression waistband to control your tummy well and fit your body perfectly. Wear a second to become a peach buttock. For a comfortable and clingy pair of leggings, give these a try!"
NexiEpoch Leggings for Women Plus Size-High Waisted L-XL-4XL Tummy Control Soft Capri Yoga Pants for Workout Running,"【UlTRA STRETCH & SOFT】-Material in 92% polyester and 8% spandex that is a tight fit to feel like the second-skin layer of your body, soft and comfortable. 4-Way Stretch that avoids slipping or rolling down with movement."
NexiEpoch Leggings for Women Plus Size-High Waisted L-XL-4XL Tummy Control Soft Capri Yoga Pants for Workout Running,【NON-SEE THROUGH BUT BREATHABLE】-Our leggings for women comes with moderate thickness to ensure non-see through and help you away embarrassment when bending or squat proof. Breathable fabrics to say goodbye to the stuffy after exercising.
NexiEpoch Leggings for Women Plus Size-High Waisted L-XL-4XL Tummy Control Soft Capri Yoga Pants for Workout Running,"【PERFECT FOR DAILY WEAR】-Designed in athleisure style, our leggings can be well paired with oversize hoodies, casual outfits, sweaters, tank tops or worn alone. Also can be an ideal gift for your loved one on birthdays, Christmas, or other special occasions."
NexiEpoch Leggings for Women Plus Size-High Waisted L-XL-4XL Tummy Control Soft Capri Yoga Pants for Workout Running,
