﻿标题,详情
Workout Crop Tops for Women Cropped Racerback Halter Neck Shirts Sleeveless Yoga Tops Pack,🌈[No Bra Needed] This workout crop top is a simply designed tank top for women without padding. Double lined with super soft and stretchy fabric that you can wear the crop without a bra underneath. We made these cropped workout tops for more cashmere-like softness than other crop tops.
Workout Crop Tops for Women Cropped Racerback Halter Neck Shirts Sleeveless Yoga Tops Pack,"🌈[Tagless design] We use the tagless design in these fitted shirts for you to avoid scratchy tag, which gives you more freedom of movement. The high neckline curves into halter straps and join into the racer cut back, which make our cropped tank tops designed and uniquely fit to flatter every size."
Workout Crop Tops for Women Cropped Racerback Halter Neck Shirts Sleeveless Yoga Tops Pack,"🌈[Active Shirts] If you’re looking for a form-fitting workout tops for women, these athletic crop tops for women could be ideal for freshening up your gym routine. These crop top workout shirts with racer back design moves easily with your natural body’s movements so you can be as active as you want."
Workout Crop Tops for Women Cropped Racerback Halter Neck Shirts Sleeveless Yoga Tops Pack,"🌈[Plus Size Available] Our crop top is available from size S to XXL, it is suitable for most body types because of high elasticity of the fabric. And we also provide multi color packs in addition to single top pack to meet your different needs, you can select from various color pack. This crop top is extremely versatile and can be easily paired with almost anything."
Workout Crop Tops for Women Cropped Racerback Halter Neck Shirts Sleeveless Yoga Tops Pack,"🌈[Trendy Tops] These cropped shirts are suitable for both summer and winter. These cropped top tanks will keep you feeling cool and looking hot in summer, either makes a wonderful top to combine in layered looks in cold weather. Please contact us freely if you have any question, we are willing to solve your problem without hesitation."
Workout Crop Tops for Women Cropped Racerback Halter Neck Shirts Sleeveless Yoga Tops Pack,
