﻿标题,详情
TWFRHC Women's Workout Sets Ribbed Tank 2 Piece Seamless High Waist Gym Outfit Yoga Shorts Sets,"Material:90% nylon + 10% spandex, knitted thread elastic fabric, quick-drying high-elastic fabric, wear-resistant and not easy to deform, can be stretched at will, skin-friendly fabric absorbs sweat to keep it comfortable and breathable. The medium thickness does not affect the movement, and the limbs can be stretched greatly at will."
TWFRHC Women's Workout Sets Ribbed Tank 2 Piece Seamless High Waist Gym Outfit Yoga Shorts Sets,"Top Design: These womens active set are designed with a large neckline and exposed waist. It will not bind your arms at all. You can stretch your arms at will. The built-in bra sponge can provide support for your chest during any exercise. The design is simple, making the style more fashionable, thus achieving a fashionable effect. With seamless knitted ribbed fabric, this short top can keep you in fashion, whether in the gym or at home."
TWFRHC Women's Workout Sets Ribbed Tank 2 Piece Seamless High Waist Gym Outfit Yoga Shorts Sets,"Bottom Design: These legging sets for women 2 piece are designed with a high waist to wrap around the lower abdomen. The secure ribbed belt prevents slipping during squats or exercises. It is tightly cut and fits tightly to the thighs, perfectly delineating the leg lines. The thick and elastic fabric allows you to Maintain any large movements to provide a comfortable stretch and freedom of movement."
TWFRHC Women's Workout Sets Ribbed Tank 2 Piece Seamless High Waist Gym Outfit Yoga Shorts Sets,"Suitable Occasions: Athletic set for women is suitable for exercise, going to the gym, yoga class, daily exercise, running fitness, outdoor sports, any type of exercise or daily use. It can also be used as a daily wear with a suit jacket and windbreaker jacket. It is a simple and comfortable fashion item."
TWFRHC Women's Workout Sets Ribbed Tank 2 Piece Seamless High Waist Gym Outfit Yoga Shorts Sets,"Suggestions:♥You can use cold water machine wash or hand wash, hang to dry or dry, do not bleach, do not dry clean, the correct washing method can make the clothes not deformed and soft.♥Please note that the tight fit is slightly smaller, It is recommended to choose a larger size."
TWFRHC Women's Workout Sets Ribbed Tank 2 Piece Seamless High Waist Gym Outfit Yoga Shorts Sets,
