﻿标题,详情
Reebok Boys' Active Sweatsuit - 2 Piece Performance Knit Pullover Hoodie Sweatshirt and Sweat Shorts - Athleisure Set (8-12),"OFFICIALLY LICENSED REEBOK: Boys' Performance Knit Hoodie Sweatshirt and Sweat Shorts Sweatsuit Set; Greatness doesn't come from standing still, Living an active life enables people to be their best selve"
Reebok Boys' Active Sweatsuit - 2 Piece Performance Knit Pullover Hoodie Sweatshirt and Sweat Shorts - Athleisure Set (8-12),"PERFORMANCE-POWERED SWEATSUIT SET: Gear up your young athlete with the Reebok Boys' Performance Knit Pullover Hoodie Sweatshirt and Sweat Shorts Sweatsuit Set—a dynamic ensemble that combines style with unparalleled performance; Perfect for active boys on the move, this set empowers him to conquer every activity with confidence"
Reebok Boys' Active Sweatsuit - 2 Piece Performance Knit Pullover Hoodie Sweatshirt and Sweat Shorts - Athleisure Set (8-12),"COMFORT IN MOTION: Experience the ultimate blend of comfort and movement with the Reebok Sweatsuit Set; The Performance Knit Sweat Shorts offer optimal flexibility for gym sessions or casual wear, while the Pullover Hoodie Sweatshirt provides warmth and style; The activewear set ensures he stays comfortable and confident during any adventure"
Reebok Boys' Active Sweatsuit - 2 Piece Performance Knit Pullover Hoodie Sweatshirt and Sweat Shorts - Athleisure Set (8-12),"VERSATILE ATHLEISURE SET: Unleash versatility with the Reebok Athleisure Set—a key component of this empowering ensemble; Crafted for both casual and active pursuits, this set seamlessly transitions from the gym to everyday adventures; The Shorts and Hoodie combo makes a bold statement, reflecting his active lifestyle and confidence"
Reebok Boys' Active Sweatsuit - 2 Piece Performance Knit Pullover Hoodie Sweatshirt and Sweat Shorts - Athleisure Set (8-12),"CONFIDENCE IN EVERY MOVE: Fuel his confidence with the Reebok Boys' Sweatsuit Set, where every move is met with style and performance; From the Performance Knit Sweat Shorts to the Pullover Hoodie Sweatshirt, this ensemble is designed to empower him in all his active endeavors; Choose Reebok for a confident, empowering, and active lifestyle"
Reebok Boys' Active Sweatsuit - 2 Piece Performance Knit Pullover Hoodie Sweatshirt and Sweat Shorts - Athleisure Set (8-12),
