﻿标题,详情
Dokotoo Womens Fashion 2025 Color Block Long Sleeve Crewneck Knitted Casual Loose Pullover Shirts Tops,"Material: Dokotoo womens's elastic knit striped pullover, Crafted from ultra-soft, skin-friendly fabric that resists pilling for lasting comfort."
Dokotoo Womens Fashion 2025 Color Block Long Sleeve Crewneck Knitted Casual Loose Pullover Shirts Tops,"Features: Featuring a bold combination of colors, a classic round neckline, a loose fit, and long sleeves, this garment allows you to stand out and showcase your daring sense of fashion."
Dokotoo Womens Fashion 2025 Color Block Long Sleeve Crewneck Knitted Casual Loose Pullover Shirts Tops,"Versatile: Perfect for the spring autumn and winter seasons. It pairs seamlessly with jackets, denim pants, skinny jeans, casual trousers, or outerwear."
Dokotoo Womens Fashion 2025 Color Block Long Sleeve Crewneck Knitted Casual Loose Pullover Shirts Tops,"Occasions: Suitable for everyday wear, office, street fashion, dating, and outdoor activities."
Dokotoo Womens Fashion 2025 Color Block Long Sleeve Crewneck Knitted Casual Loose Pullover Shirts Tops,"Cleaning: Wash Recommended With Cold Water/Do Not Bleach/Hang Or Line Dry/Wash with like colours,that will increase the durability of your clothes."
Dokotoo Womens Fashion 2025 Color Block Long Sleeve Crewneck Knitted Casual Loose Pullover Shirts Tops,
