﻿标题,详情
"YITTY Active Women's UltraLuxe High-Waist No-Pocket Legging, No Front Seam, Athleisure, 4-Way-Stretch","Sleek and Stylish: These yoga pants for women are designed without front seams to prevent any unwanted lines or camel toe for a smooth, sleek look."
"YITTY Active Women's UltraLuxe High-Waist No-Pocket Legging, No Front Seam, Athleisure, 4-Way-Stretch","Tummy-Control High Waist: Features a high-rise waistband that smooths and supports your core, making these the perfect women’s gym leggings."
"YITTY Active Women's UltraLuxe High-Waist No-Pocket Legging, No Front Seam, Athleisure, 4-Way-Stretch","Find Your Perfect Fit: These leggings come in sizes XS to XL, with plus size options on the way! The extended bottom gusset provides extra flexibility, allowing you to move, stretch, and bend freely without chafing."
"YITTY Active Women's UltraLuxe High-Waist No-Pocket Legging, No Front Seam, Athleisure, 4-Way-Stretch","Wear-Everywhere Versatility: These leggings transition effortlessly from being ideal workout clothes for women to everyday casual activewear, making them a go-to for both performance and comfort."
"YITTY Active Women's UltraLuxe High-Waist No-Pocket Legging, No Front Seam, Athleisure, 4-Way-Stretch","UltraLuxe Fabric Feel: Made from buttery-soft fabric with moisture-wicking, 4-way stretch, and light to medium compression, these leggings offer UPF 50+ protection and are available in 25"" and 27"" inseams."
"YITTY Active Women's UltraLuxe High-Waist No-Pocket Legging, No Front Seam, Athleisure, 4-Way-Stretch",
