﻿标题,详情
Real Essentials 5 Pack: Women's Dry Fit Crop Top - Short Sleeve Crew Neck Stretch Athletic Tee (Available in Plus Size),"Available In Both Regular & Plus Sizing (S-3X) Ideal Crew Neck Short Sleeve Boxy Crop Top for Yoga, Exercise, Fitness, Gym, Running, Any Type Of Workout Or Everyday Casual Use."
Real Essentials 5 Pack: Women's Dry Fit Crop Top - Short Sleeve Crew Neck Stretch Athletic Tee (Available in Plus Size),Classy and fashion workout tops: Cropped length design for a full range of motion. Short sleeves & Boxy waist to create sexy and beautiful body lines. sculpt your perfect body with trendy tops for women.
Real Essentials 5 Pack: Women's Dry Fit Crop Top - Short Sleeve Crew Neck Stretch Athletic Tee (Available in Plus Size),"Providing four-way stretch, Dry-Fit sweat wicking crop top with bound edges and interlock seams, you won’t experience any chafing or rubbing"
Real Essentials 5 Pack: Women's Dry Fit Crop Top - Short Sleeve Crew Neck Stretch Athletic Tee (Available in Plus Size),Flex Fabric Crop Top Fits Any Cup Size & Straight Hem Designed For Tucked in or Un-tucked Look
Real Essentials 5 Pack: Women's Dry Fit Crop Top - Short Sleeve Crew Neck Stretch Athletic Tee (Available in Plus Size),"Pair Our Crop Top perfectly with your pants, leggings, shorts, shirts for a cool everyday look, make you more beautiful, sexy and elegant."
Real Essentials 5 Pack: Women's Dry Fit Crop Top - Short Sleeve Crew Neck Stretch Athletic Tee (Available in Plus Size),
