﻿标题,详情
THE GYM PEOPLE Womens' Sports Bra Longline Wirefree Padded with Medium Support,"Soft and Comfortable Material: Crop tank sports bra made of lightweight, breathable and stretchy fabric, sweat-wicking keep you dry."
THE GYM PEOPLE Womens' Sports Bra Longline Wirefree Padded with Medium Support,"Full coverage U-back Design: the sports bra for additional support with a removable pad, Great for low and medium impact activities. Full figure with racerback design not only effectively protects against shock, and prevents the bra from shifting, but also beautifies your back curve, increasing the fashion sexy style."
THE GYM PEOPLE Womens' Sports Bra Longline Wirefree Padded with Medium Support,"Match: Wear over your favorite sports leggings for an easy yoga workout fit, Great Matches skirts, and shorts for a casual everyday look, Dress it up with slacks or Sweatpants."
THE GYM PEOPLE Womens' Sports Bra Longline Wirefree Padded with Medium Support,"Perfect for Fitness & Life: The Sports Bras & Tank Top is ideal for yoga, running, workouts, pilates, dance and daily wear."
THE GYM PEOPLE Womens' Sports Bra Longline Wirefree Padded with Medium Support,Notice: Please check the size information in the description before ordering the Sports Bras
THE GYM PEOPLE Womens' Sports Bra Longline Wirefree Padded with Medium Support,
