﻿标题,详情
CRZ YOGA Pima Cotton Long Sleeve Workout Shirts for Women Loose Fit Athletic Yoga T-Shirts Casual Boat Neck Fall Tops,Designed for low-impact workouts or daily wear
CRZ YOGA Pima Cotton Long Sleeve Workout Shirts for Women Loose Fit Athletic Yoga T-Shirts Casual Boat Neck Fall Tops,"Super soft, skin-friendly and lightweight fabric keeps you comfortable"
CRZ YOGA Pima Cotton Long Sleeve Workout Shirts for Women Loose Fit Athletic Yoga T-Shirts Casual Boat Neck Fall Tops,"Loose fit, hip length"
CRZ YOGA Pima Cotton Long Sleeve Workout Shirts for Women Loose Fit Athletic Yoga T-Shirts Casual Boat Neck Fall Tops,Boat neckline for good comfort and offers a flattering style
CRZ YOGA Pima Cotton Long Sleeve Workout Shirts for Women Loose Fit Athletic Yoga T-Shirts Casual Boat Neck Fall Tops,"Long back hem design for casual style, and perfect match with leggings"
CRZ YOGA Pima Cotton Long Sleeve Workout Shirts for Women Loose Fit Athletic Yoga T-Shirts Casual Boat Neck Fall Tops,
