﻿标题,详情
"YITTY Active Women's UltraLuxe High-Waist Tennis Skirt with Built-in Shorts, Athleisure, 4-Way-Stretch, Built-in Shorts","High-Waist for All-Day Hold: The high-rise waistband provides tummy control and a secure fit, providing the support you crave in women’s activewear."
"YITTY Active Women's UltraLuxe High-Waist Tennis Skirt with Built-in Shorts, Athleisure, 4-Way-Stretch, Built-in Shorts","Built-In Shorts with Large Pocket: Designed with buttery-soft, moisture-wicking shorts that have a hidden pocket for holding tennis balls, your phone, or lip gloss."
"YITTY Active Women's UltraLuxe High-Waist Tennis Skirt with Built-in Shorts, Athleisure, 4-Way-Stretch, Built-in Shorts","Find Your Perfect Fit: Designed for on-and-off the court, this skirt drapes your figure beautifully while offering a flattering fit. Available in size XS to XL, with plus size options on the way!"
"YITTY Active Women's UltraLuxe High-Waist Tennis Skirt with Built-in Shorts, Athleisure, 4-Way-Stretch, Built-in Shorts",Perfect Length for Style and Coverage: Hits mid-thigh to provide the right amount of coverage while keeping you feeling comfortable and confident.
"YITTY Active Women's UltraLuxe High-Waist Tennis Skirt with Built-in Shorts, Athleisure, 4-Way-Stretch, Built-in Shorts","UltraLuxe Fabric Performance: This buttery-soft activewear fabric offers 4-way stretch with moisture-wicking properties, light to medium compression, and UPF 50+ protection to keep you cool and confident all day long."
"YITTY Active Women's UltraLuxe High-Waist Tennis Skirt with Built-in Shorts, Athleisure, 4-Way-Stretch, Built-in Shorts",
