﻿标题,详情
ANRABESS Womens Oversized Sweatshirt Crewneck Long Sleeve Tunic Pollover Shirt Side Zipper Hoodie Sweater 2024 Winter Clothes,"Introducing our comfortable and trendy Crew Neck Pullover, perfect for the crisp fall and winter seasons! Available in sizes S=US(4-6), M=US(8-10), L=US(12-14), XL=US(16-18) and XXL=US(20-22) simply choose your normal size and view the details in our rich description."
ANRABESS Womens Oversized Sweatshirt Crewneck Long Sleeve Tunic Pollover Shirt Side Zipper Hoodie Sweater 2024 Winter Clothes,"Our Pullover features an oversized design, slight stretch, long sleeves, with side zipper, oversized sweaters,fashion and casual style."
ANRABESS Womens Oversized Sweatshirt Crewneck Long Sleeve Tunic Pollover Shirt Side Zipper Hoodie Sweater 2024 Winter Clothes,"Match: This fall fashion Sweatshirts is fhe ideal choice in your wardrobe,one of the best choice for autumn and winter outfits.easy to match with pants,jeans,joggers,sweatpants."
ANRABESS Womens Oversized Sweatshirt Crewneck Long Sleeve Tunic Pollover Shirt Side Zipper Hoodie Sweater 2024 Winter Clothes,"Occasion: This pullover sweatshirt is suitable for casual, office, party, school, running, sport, gym, dancing, skating, hiking, biking, yogo, spring, fall and winter."
ANRABESS Womens Oversized Sweatshirt Crewneck Long Sleeve Tunic Pollover Shirt Side Zipper Hoodie Sweater 2024 Winter Clothes,Easy Care: Our dress is a breeze to care for! Simply hand wash in cold water or machine wash and hang to dry in the shade for long-lasting beauty.
ANRABESS Womens Oversized Sweatshirt Crewneck Long Sleeve Tunic Pollover Shirt Side Zipper Hoodie Sweater 2024 Winter Clothes,
