﻿标题,详情
Balance Collection Women's Emilia High Rise Pocket Bootcut Yoga Pant,"High-rise bootleg pant with 4"" waistband for full coverage, tummy control, and slimming compression."
Balance Collection Women's Emilia High Rise Pocket Bootcut Yoga Pant,"Contender Luxe is fit for ultimate versatility and everyday comfort. It's a moisture-wicking and double-knit fabric for added coverage, with a brushed finished that makes it soft, smooth and extra cozy."
Balance Collection Women's Emilia High Rise Pocket Bootcut Yoga Pant,Side seam pockets to hold small personal items.
Balance Collection Women's Emilia High Rise Pocket Bootcut Yoga Pant,Inseam: 32 inches
Balance Collection Women's Emilia High Rise Pocket Bootcut Yoga Pant,Seasons: Fall
Balance Collection Women's Emilia High Rise Pocket Bootcut Yoga Pant,Sport type: Exercise and Fitness
Balance Collection Women's Emilia High Rise Pocket Bootcut Yoga Pant,
