﻿标题,详情
Totatuit Women Oversized Tshirts Casual Crew Neck Rolled Short Sleeve Basic Tee Shirts Cute Loose Summer Tops Workout Clothes,"Soft Fabric:This basic solid color t shirts made of 60% polyester 35% cotton 5% spandex,It's soft breathable lightweight and durable,Skin-Friendly fabric,Keep you comfortable all day long."
Totatuit Women Oversized Tshirts Casual Crew Neck Rolled Short Sleeve Basic Tee Shirts Cute Loose Summer Tops Workout Clothes,Timeless Design:This summer t shirts has a crew neck and drop shoulder with loose fit rolled short sleeves that makes for the perfect relaxed fit t-shirt.This oversized tee is long enough with curved hem to cover your hips and hide your belly. A stylish and basic tops perfect for anyone.
Totatuit Women Oversized Tshirts Casual Crew Neck Rolled Short Sleeve Basic Tee Shirts Cute Loose Summer Tops Workout Clothes,"Various Styles:This oversized shirts would be so stylish front tucked into your favorite pair of jeans,cargo pants or shorts for the summer! Dress is up with leggings for workout as a athleisure outfit, or pairs with your favorite jacket in the fall for warmth and fashion.Suitable for all year round."
Totatuit Women Oversized Tshirts Casual Crew Neck Rolled Short Sleeve Basic Tee Shirts Cute Loose Summer Tops Workout Clothes,"Occasions:This women loose fitting tshirts is great for home,going out,workout,work,date,vacation,travel,school,outdoor,play basketball...A essential women tops."
Totatuit Women Oversized Tshirts Casual Crew Neck Rolled Short Sleeve Basic Tee Shirts Cute Loose Summer Tops Workout Clothes,Warm tip:Please refer to the size chart of the oversized tshirts before placing an order.Please allow 0.4-0.8inch difference due to manual measurement.
Totatuit Women Oversized Tshirts Casual Crew Neck Rolled Short Sleeve Basic Tee Shirts Cute Loose Summer Tops Workout Clothes,
