﻿标题,详情
Women Workout Clothes Set 5 PCS Exercise Athletic Outfits Set,"Workout Suits Set- Including sport bra, T-shirt, shorts, pants and jackets. Provide you the variety of options as possible"
Women Workout Clothes Set 5 PCS Exercise Athletic Outfits Set,"Comfortable Sport Outfits- Fabric is soft and stretchy, light weight and breathable, makes it comfortable while working out. Washes and dries well"
Women Workout Clothes Set 5 PCS Exercise Athletic Outfits Set,Size Attention- Order one size up pls if you have larger bust or hips
Women Workout Clothes Set 5 PCS Exercise Athletic Outfits Set,"Activity - This athletic sports wears is ideal for everyday active lifestyle like sports, gym exercise & fitness, yoga, jogging /running, even as casual suit in spring/ summer and fall"
Women Workout Clothes Set 5 PCS Exercise Athletic Outfits Set,"Nice Gift- Will be a nice present to your wife, sister, mom, daughter and friends for Valentine Day Mother Day"
Women Workout Clothes Set 5 PCS Exercise Athletic Outfits Set,
