﻿标题,详情
LURANEE Women's Short Sleeve Moisture Wicking Athletic Shirts Quarter Zip Pullover,Features: Short Sleeve Workout Shirts / Casual Summer Tops / Half Zip Pullover / Fitness Yoga Tops / Athletic Running Shirts / Sport Hiking Clothes / Raglan Baseball Tee / Exercise Activewear / Dry Fit Gym Shirts
LURANEE Women's Short Sleeve Moisture Wicking Athletic Shirts Quarter Zip Pullover,"Unique Design: Quarter Zip Pullover with adjustable zipper can easily change a summer V neck yoga tops into a hooded workout sweatshirts, makes a trendy half zip gym wear outlook whenever and wherever."
LURANEE Women's Short Sleeve Moisture Wicking Athletic Shirts Quarter Zip Pullover,"Lines Decoration: Flattering A line shape with sewing line, greatly increase the slim vision sense and show your curve perfectly. Raglan sleeve from the shoulder adds more freedom for arms to stretch, more relaxed and comfy."
LURANEE Women's Short Sleeve Moisture Wicking Athletic Shirts Quarter Zip Pullover,"Occasions: This Casual Outdoor Shirt is great to wear when workout, running, yoga, hiking, traveling, gym fitness sports, golf, tennis, climbing, casual daily, school, working or any other occasions."
LURANEE Women's Short Sleeve Moisture Wicking Athletic Shirts Quarter Zip Pullover,Notice: Please refer to size chart of the picture or product description before ordering. And please feel free to make us know if there have any problems before purchasing or after sale.
LURANEE Women's Short Sleeve Moisture Wicking Athletic Shirts Quarter Zip Pullover,
