﻿标题,详情
FireSwan Crossover Athletic Shorts for Women 2 in 1 Flowy Running Shorts with Pockets Spandex Butterfly Workout Tennis Skorts,"【SOFT & COMFY MATERIAL】- 79% Nylon+21% Spandex. Breezy butterfly shorts are made from extremely soft, lightweight, breathable, quick-drying fabrics that make you look cute and energetic. Stretch fiber, soft touch with a 4-Way stretch technology for superior comfort, moisture-wicking"
FireSwan Crossover Athletic Shorts for Women 2 in 1 Flowy Running Shorts with Pockets Spandex Butterfly Workout Tennis Skorts,"【CROSSOVER HIGH WAISTED SHORTS】- These womens athletic shorts feature a unique trendy design of V-waist is suitable for women of various body types to better modify your figure, the tummy control function to smooth out the waist bulg, lift your hips and tuck your abdomen, and outline the perfect curve"
FireSwan Crossover Athletic Shorts for Women 2 in 1 Flowy Running Shorts with Pockets Spandex Butterfly Workout Tennis Skorts,"【2 IN 1 FLOWY SHORTS】With a double layer design, these butterfly shorts provide comfort and freedom of movement. Unique pleated detailing and a floaty fit give you a trendy look, with an elasticated inner layer to protect your privacy and avoid camel toe"
FireSwan Crossover Athletic Shorts for Women 2 in 1 Flowy Running Shorts with Pockets Spandex Butterfly Workout Tennis Skorts,"【SIDE POCKET】- These flowy running shorts have ONE SIDE POCKETS which are ideal for keeping your Cash, Credit Cards, and your Phone while you are working out at any place.Our workout shorts can let you move, bend, squat, and stretch easily or do any poses you want while doing your exercises"
FireSwan Crossover Athletic Shorts for Women 2 in 1 Flowy Running Shorts with Pockets Spandex Butterfly Workout Tennis Skorts,"【OCCASION】- Womens athletic shorts would be your best choice either for work or casual wear, these preppy clothes are great for running, yoga, dancing, tennis, cycling, golf or hanging out with friends. These workout shorts can be matched with a variety of clothing and shoes at all kinds of different workplaces"
FireSwan Crossover Athletic Shorts for Women 2 in 1 Flowy Running Shorts with Pockets Spandex Butterfly Workout Tennis Skorts,
