﻿标题,详情
"CHRLEISURE Leggings with Pockets for Women, High Waisted Tummy Control Workout Yoga Pants","✔ SUPERIOR QUALITY & 3 PACK PERFECT VALUABLE-3 pack basic leggings for women are suitable for all-weather, seasons, and occasions,CHRLEISURE leggings for women high waisted will be the best affordable leggings you’ve ever bought! They can be worn under your shirt to the office, with a tank top and a pair of sneakers to exercise, with your casual wear to go to the mall, Casual or fashion, fun or pretty, you prefer to have 3 pack CHRLEISURE women’s leggings to complete your look"
"CHRLEISURE Leggings with Pockets for Women, High Waisted Tummy Control Workout Yoga Pants","✔ DEEP SIDE POCKETS & WAISTBAND INNER POCKET - Stop worrying about where to put your phone while you are working out, Yoga Pants with Pockets feature 2 Pockets on both sides, which easily store your phone or other essentials, Simply slip your phone into one of the pockets and carry on with your activities, Even better, there's a hidden Inner Pocket in the waistband for additional items that you may need to stash such as keys, clips or cash, It also allows you to travel with Hands-Free"
"CHRLEISURE Leggings with Pockets for Women, High Waisted Tummy Control Workout Yoga Pants","✔ HIGH WAIST & TUMMY CONTROL- Designed with High-Waist and Elastic Tummy Control Waistband to provide you with a Smooth Secure Flattering Fit and SHOW OFF YOUR FIGURE TO PERFECTION, In addition, a Gusset Crotch supports Free Movement and provides you with both Compression and Support!"
"CHRLEISURE Leggings with Pockets for Women, High Waisted Tummy Control Workout Yoga Pants","✔ ULTRA-STRETCH & NON-SEE THROUGH - The yoga leggings are very comfy with 4 way stretch material that promotes both compression and support, to give you freedom of movement no matter what you're doing, Non see through corpped leggings fit that slims and conforms with each pose, movement, and contour"
"CHRLEISURE Leggings with Pockets for Women, High Waisted Tummy Control Workout Yoga Pants","✔ FASHION DAILY WEAR & OUTFITS - Whether workout, Yoga, jumping, hiking, running, cycling, or everyday use, the slimming tights keep you fashionable and flexible, Basic black leggings for women are suitable for all-weather, seasons, and occasions, They can be worn under your shirt to the office, with a tank top and a pair of sneakers to exercise, with your casual wear to go to the mall, Casual or fashion, fun or pretty, you prefer to have 3 pack CHRLEISURE women’s leggings to complete your look"
"CHRLEISURE Leggings with Pockets for Women, High Waisted Tummy Control Workout Yoga Pants",
