﻿标题,详情
ODODOS 3-Pack Seamless Racerback Crop Tank for Women Ribbed Knit Soft Crop Tops,"Design for yoga, workout or daily life."
ODODOS 3-Pack Seamless Racerback Crop Tank for Women Ribbed Knit Soft Crop Tops,Seamless & Lightweight: The tank top is designed with the minimum number of seams for a more comfortable fit and increased mobility; Lightweight and ultra soft stretchy fabric creates naked sensation.
ODODOS 3-Pack Seamless Racerback Crop Tank for Women Ribbed Knit Soft Crop Tops,"Rib-Knit: Skin-friendly and soft rib-like texture, 4-way stretch fabric made with a seamless knitting technology for a comfortable, form-hugging fit."
ODODOS 3-Pack Seamless Racerback Crop Tank for Women Ribbed Knit Soft Crop Tops,Scoop Neck & RacerBack: Slight V-cut scoop neckline for an elevated look; Wide strap racerback let you twist with ease.
ODODOS 3-Pack Seamless Racerback Crop Tank for Women Ribbed Knit Soft Crop Tops,"Easy To Match: Can be worn alone or under your favorite piece of outerwear. Perfect for yoga,exercise,fitness,any type of workout,or everyday use."
ODODOS 3-Pack Seamless Racerback Crop Tank for Women Ribbed Knit Soft Crop Tops,
