﻿标题,详情
Dokotoo Women's Casual Crew Neck Sweatshirt Loose Soft Long Sleeve Pullover Tops,Women's Solid Color Long Sleeve Hoodie is made with lightweight and soft material that makes you feeling well for the soft skin.
Dokotoo Women's Casual Crew Neck Sweatshirt Loose Soft Long Sleeve Pullover Tops,"Features：Crewneck Sweatshirt, Women's Fashion Hoodies & Sweatshirts, Long Sleeve, Relaxed Fit, Classic Solid Color Pullover Tops, Side Splits."
Dokotoo Women's Casual Crew Neck Sweatshirt Loose Soft Long Sleeve Pullover Tops,"Style: Our long sleeve sweatshirt makes the perfect casual&athleisure style. Easily pair it with jeans, shorts, leggings, skirts for a casual everyday look."
Dokotoo Women's Casual Crew Neck Sweatshirt Loose Soft Long Sleeve Pullover Tops,"Occasion: 2024 Latest Fashion Womens Sweatshirt are suitable for daily life, school, office, running, gym，sportswear, home etc."
Dokotoo Women's Casual Crew Neck Sweatshirt Loose Soft Long Sleeve Pullover Tops,"Package Content:1 x Womens Sweatshirts. Please Refer to the Dokotoo Size Chart before Ordering. Anyother questions, please contact us freely."
Dokotoo Women's Casual Crew Neck Sweatshirt Loose Soft Long Sleeve Pullover Tops,
