﻿标题,详情
SweatyRocks Women's Summer Sleeveless Hooded Tank Top T-Shirt for Athletic Exercise Relaxed Breathable,LIGHTWEIGHT HOODIE: These workout tank tops for women are the perfect breathable hoodie workout shirts for your dance or athleisure activities; the womens hoodie muscle shirt has a drawcord to allow you to adjust your fit for more neck comfort
SweatyRocks Women's Summer Sleeveless Hooded Tank Top T-Shirt for Athletic Exercise Relaxed Breathable,"APPLICATIONS: This hooded workout top make great womens athletic tops which can be worn as casual womens tops, cute shirts for women, gym shirts, workout hoodie and even summer hoodies for teen girls; pair best with any workout pants or sweat shorts women"
SweatyRocks Women's Summer Sleeveless Hooded Tank Top T-Shirt for Athletic Exercise Relaxed Breathable,"HOW TO WEAR IT: Mix and match these sleeveless sweat shirt cute hoodies with any workout leggings for women, sweat pants and exercise clothes. Check out our matching Zumba muscle tank for women, high impact bras for women to complete your Zumba outfit."
SweatyRocks Women's Summer Sleeveless Hooded Tank Top T-Shirt for Athletic Exercise Relaxed Breathable,WIDE VARIETY: These classy womens workout tops offer you a stylish and bold display of style from small cute sweatshirts to plus size activewear hooded vest; choose from black hoodies gym tops for women to amazing tank tops sweatshirt with colorful prints
SweatyRocks Women's Summer Sleeveless Hooded Tank Top T-Shirt for Athletic Exercise Relaxed Breathable,Please refer to the size measurement in image before ordering
SweatyRocks Women's Summer Sleeveless Hooded Tank Top T-Shirt for Athletic Exercise Relaxed Breathable,
