﻿标题,详情
Aleumdr Women's 2 Piece Outfits Oversized Fleece Sweatsuit Half Zip Sweatshirt with Wide Leg Sweatpants Lounge Set,"Size Chart: S=US 4-6,M=US 8-10,L=US 12-14,XL=US 16-18,2XL=US 20-22. Wearing this 2 piece outfits oversized sweatsuit will bring you comfort and relaxation throughout the day"
Aleumdr Women's 2 Piece Outfits Oversized Fleece Sweatsuit Half Zip Sweatshirt with Wide Leg Sweatpants Lounge Set,"Cozy Material: Women's 2 piece lounge set made of soft and warm materials consisting of 50% Polyester+50% Cotton, with warm fleece lining, suitable for wearing in autumn, winter, and spring season"
Aleumdr Women's 2 Piece Outfits Oversized Fleece Sweatsuit Half Zip Sweatshirt with Wide Leg Sweatpants Lounge Set,"Unique Design: This fall sweatsuit includes half zip sweatshirt and high waisted wide leg sweatpants. Ribbed cuffs, high neck, drawstring waistband, with pockets, etc., effortlessly create a oversized style and stylish lazy look"
Aleumdr Women's 2 Piece Outfits Oversized Fleece Sweatsuit Half Zip Sweatshirt with Wide Leg Sweatpants Lounge Set,"Versatile Style: Enhance your autumn winter wardrobe with our women's oversized 2 piece outfits. The lounge set provides simple and fast fashion wearing, and the top and pants can be worn separately combining with your wardrobe"
Aleumdr Women's 2 Piece Outfits Oversized Fleece Sweatsuit Half Zip Sweatshirt with Wide Leg Sweatpants Lounge Set,"Occasion: This sweat lounge set is your first choice in daily life, suitable for various occasions. Whether it's daily wear, running, yoga, travel, office, dating, or gym, this comfy and stylish 2 piece tracksuit is a great choice"
Aleumdr Women's 2 Piece Outfits Oversized Fleece Sweatsuit Half Zip Sweatshirt with Wide Leg Sweatpants Lounge Set,
