﻿标题,详情
Real Essentials 3 Pack: Women's Track Pants with Pockets - High Waist Workout Casual Athletic Joggers (Available in Plus),"INNOVATIVE DESIGN: Our 3-Pack of Women's Athleisure High Waisted Athletic Track Pants feature a unique design that sets them apart from competitors. With a comfortable high waist and cuffed ankles, these joggers offer both style and function."
Real Essentials 3 Pack: Women's Track Pants with Pockets - High Waist Workout Casual Athletic Joggers (Available in Plus),"BENEFITS TO YOU: These Women's Athletic Yoga High Waisted Pants provide the perfect combination of comfort and style. Whether you're hitting the gym or running errands, these pants will keep you looking and feeling great. With four different colors to choose from, you'll always have the perfect pair for any occasion."
Real Essentials 3 Pack: Women's Track Pants with Pockets - High Waist Workout Casual Athletic Joggers (Available in Plus),"PRODUCT FEATURES: Our Women's High Waisted Track Pants are made from high-quality, soft, and durable materials that provide Legging-Like comfort. With pockets on the sides, you can keep your phone, keys, and other small items close at hand. The cuffed ankles and high waist provide a comfortable and secure fit."
Real Essentials 3 Pack: Women's Track Pants with Pockets - High Waist Workout Casual Athletic Joggers (Available in Plus),"MULTIPLE OCCASION WEAR: Our Women's Casual Joggers are perfect for any activity, from Yoga to Jogging to Casual Wear. With their versatile design, you can pair them with a t-shirt or hoodie for a comfortable and modest look."
Real Essentials 3 Pack: Women's Track Pants with Pockets - High Waist Workout Casual Athletic Joggers (Available in Plus),"REAL ESSENTIALS' COMMITMENT TO THE FAMILY: At Real Essentials, we believe that hard-working families deserve affordable, high-quality clothing options. Our 3-Pack of Women's Track Pants offers incredible value for your money. With three joggers for the price of one, you'll have multiple options to choose from. Order now and experience the Real Essentials difference!"
Real Essentials 3 Pack: Women's Track Pants with Pockets - High Waist Workout Casual Athletic Joggers (Available in Plus),
