﻿标题,详情
AUTOMET Womens Hoodies Half Zip Sweatshirts Fleece Jackets Tops Oversized Pullover Fall Outfits 2025 Winter Fashion Clothes,"Material: 50%cotton and 50%polyester, high quality, lightweight, breathable, soft fleece lined, this half zip sweatshirts will keep you warm all day."
AUTOMET Womens Hoodies Half Zip Sweatshirts Fleece Jackets Tops Oversized Pullover Fall Outfits 2025 Winter Fashion Clothes,"Design: Athletic workout half zip hoodies,women pullover sweatshirts,drop shoulder collar, long sleeve, half zip hooded collar, solid color, cropped length, fleece lined, relaxed fit, crop tops, fall and winter outfits for women and teen girls, fashion and casual style."
AUTOMET Womens Hoodies Half Zip Sweatshirts Fleece Jackets Tops Oversized Pullover Fall Outfits 2025 Winter Fashion Clothes,"Match: This fall fashion hoodies is easy to pair with casual pants, leggings, jeans, joggers. Perfect with shorts, sneaker, casual shoes to creat a chic and pretty looking in spring, fall and winter. You can also match anything you like inside, tank top, crop tops, vest, etc."
AUTOMET Womens Hoodies Half Zip Sweatshirts Fleece Jackets Tops Oversized Pullover Fall Outfits 2025 Winter Fashion Clothes,"Occasion: This quarter zip pullover sweatshirts is suitable for casual, daily wear, office, playing ball, party, school, running, sport, gym, dancing, skating, hiking, biking, yoga, spring, fall and winter."
AUTOMET Womens Hoodies Half Zip Sweatshirts Fleece Jackets Tops Oversized Pullover Fall Outfits 2025 Winter Fashion Clothes,"Machine washable, hand washes cold water. Do not bleach."
AUTOMET Womens Hoodies Half Zip Sweatshirts Fleece Jackets Tops Oversized Pullover Fall Outfits 2025 Winter Fashion Clothes,
