﻿标题,详情
Real Essentials 2 Pack: Women's Ribbed Knit Cropped Short Sleeve Top with Jogger Sweatpants Lounge Set Sleep,"Comfort and Style Combined: Experience ultimate relaxation with our 2 Pack Lounge Sets. This set includes a ribbed knit cropped short sleeve top and jogger sweatpants, perfect as pajama or summer pants. Ideal for lounging at home, travel, or casual outings, this women's sweatpants pajama set provides a stylish yet comfortable look."
Real Essentials 2 Pack: Women's Ribbed Knit Cropped Short Sleeve Top with Jogger Sweatpants Lounge Set Sleep,"Premium Quality Fabric: Made from high-quality, soft, and breathable jersey ribbed knit , this 4 Piece lounge set ensures maximum comfort and durability. The ribbed knit design adds a touch of texture and elegance to this athleisure apparel, making it a must-have in your wardrobe."
Real Essentials 2 Pack: Women's Ribbed Knit Cropped Short Sleeve Top with Jogger Sweatpants Lounge Set Sleep,"Versatile and Trendy Design: The cropped short sleeve top and jogger sweatpants are designed to offer a flattering fit for all body types. The elastic waistband, adjustable drawstring, and functional pockets provide a customized fit, while the jogger style ensures a modern, trendy look. Perfect for postpartum, going out, or as activewear."
Real Essentials 2 Pack: Women's Ribbed Knit Cropped Short Sleeve Top with Jogger Sweatpants Lounge Set Sleep,"Perfect for Any Occasion: Whether you're sleeping, lounging, or stepping out for a quick coffee run, this set is your go-to outfit. The lightweight and stretchable fabric allows for easy movement, making it ideal for both day and night wear. This cute, casual crop top and jogger combo is a versatile addition to your sleepwear and loungewear collection."
Real Essentials 2 Pack: Women's Ribbed Knit Cropped Short Sleeve Top with Jogger Sweatpants Lounge Set Sleep,"Easy Care and Maintenance: Enjoy the convenience of easy care with this women's sweatpants pajama set. It's machine washable and retains its shape and color wash after wash, ensuring it remains a favorite in your collection for a long time. This ropa loungewear set is designed for longevity, combining jersey shirts and waffle knit fabric for an enduring style."
Real Essentials 2 Pack: Women's Ribbed Knit Cropped Short Sleeve Top with Jogger Sweatpants Lounge Set Sleep,
