﻿标题,详情
Vanoluya Women's Workout Crop Top Seamless Athletic Yoga Short Sleeve Fitness Compression Shirt Tight Tee Gym Crop Tops.,"Soft & Seamless Elasticity Material: 52% Polyester, 40% Nylon, 8% Spandex,Provides you with breathable, elastic, soft and smooth, Sweat absorption and flash drying with this cropped shirts for women"
Vanoluya Women's Workout Crop Top Seamless Athletic Yoga Short Sleeve Fitness Compression Shirt Tight Tee Gym Crop Tops.,"Slim fit, Basic type, Short sleeve, crop tops design,quick-dry, Lightweight, stretchy enough,compression, scoop neckline, Double stitching on sleeves,sculpt your perfect body with this workout tops"
Vanoluya Women's Workout Crop Top Seamless Athletic Yoga Short Sleeve Fitness Compression Shirt Tight Tee Gym Crop Tops.,"Breathable&Mesh design on the sides and underbust to be more breathable and slimming, Let your skin get rid of stickiness,This workout tops for women provides lightweight comfort along with sweat absorption,reducing stickiness when sweating, keeping you dry and non-sticky during exercise, and enjoy the joy of yoga and exercise."
Vanoluya Women's Workout Crop Top Seamless Athletic Yoga Short Sleeve Fitness Compression Shirt Tight Tee Gym Crop Tops.,"Suitable for any occasion: This workout tops for women simple match with skinny jeans or high waisted leggings for a trendy look. You will perform, look and feel your best with croppred style tops while workout, gym, running, biking, Active, practicing, yoga, doing pilates, zumba or engaging in your favorite sports activity."
Vanoluya Women's Workout Crop Top Seamless Athletic Yoga Short Sleeve Fitness Compression Shirt Tight Tee Gym Crop Tops.,"Friendly Service:Please refer to the size measurement below before ordering, The seamless workout crop tops is tight, If you're in between two sizes, we suggest you go up a size, The color will be little different on different screens"
Vanoluya Women's Workout Crop Top Seamless Athletic Yoga Short Sleeve Fitness Compression Shirt Tight Tee Gym Crop Tops.,
