﻿标题,详情
Women’s Yoga Outfits 2 piece Set Workout Tracksuits Sports Bra High Waist Legging Active Wear Athletic Clothing Set,"COMFORTABLE & HIGH-QUALITYMaterial: made from top-grade nylon, elastane and polyester used in professional sportswear. The material is very stretchy. The breathable and moisture wicking fabric absorbs sweat well, dries fast and keeps the body cool. The flatlock and seamless design makes the material ultra soft and easy on movement, avoid rubbing and chafing during doing yoga activities and performing acrobatic."
Women’s Yoga Outfits 2 piece Set Workout Tracksuits Sports Bra High Waist Legging Active Wear Athletic Clothing Set,DESIGN FOR SPORTS: The sports bra is made from the stretchy fabric and elastic hemline. The pads in the all-around yoga bra are soft and removable which makes you look quite healthy and protect your chest muscles better during training. The long seamless and squat proof with high waist legging push-up your hip line.
Women’s Yoga Outfits 2 piece Set Workout Tracksuits Sports Bra High Waist Legging Active Wear Athletic Clothing Set,"MORE CHOICES: There are 5 colors for 2-piece in a set for you to choose from. You may mix and match between sports wear and causal coat in the daily life OOTD. The 2050 legging comes with 3 pockets, with one in the inner waist and the other two on both sides of trousers."
Women’s Yoga Outfits 2 piece Set Workout Tracksuits Sports Bra High Waist Legging Active Wear Athletic Clothing Set,"WEARINGOccasion: It can be worn when running, doing gym exercise, in fitness class, practicing yoga, pilates, jogging, running and climbing etc."
Women’s Yoga Outfits 2 piece Set Workout Tracksuits Sports Bra High Waist Legging Active Wear Athletic Clothing Set,"COLORS, SIZE and BEYOND: come in a few trendy colors, and a size chart for your reference. Please check the chart closely to find the right fit for yourself. The 2050 fluorescent pink is a very bright and beautiful color. Because of different lighting in photo shooting, there might be color difference between the photos and the products."
Women’s Yoga Outfits 2 piece Set Workout Tracksuits Sports Bra High Waist Legging Active Wear Athletic Clothing Set,
