﻿标题,详情
LEXISLOVE Womens Workout Shirts Sexy Open Back Activewear Workout Clothes Sports Yoga Tank Tops,"LEXISLOVE Workout Tops Size Details: S (Bust-33.07”, Length-24.8”); M (Bust-34.64”, Length-25.2”); L (Bust-37.60”, Length-25.6”); XL (Bust-40.55”, Length-26”)"
LEXISLOVE Womens Workout Shirts Sexy Open Back Activewear Workout Clothes Sports Yoga Tank Tops,"Fabric: 70% Modal and 30% Polyester; Super soft, breathable, smooth and has a silky luster and feel; Quick dry and wearing cool in summer"
LEXISLOVE Womens Workout Shirts Sexy Open Back Activewear Workout Clothes Sports Yoga Tank Tops,"Features: V neck front and back, sleeveless, solid color, open back, backless, loose fit, spaghetti strap, lightweight, activewear workout clothes, athletic tank tops, cute yoga shirts, summer workout tops"
LEXISLOVE Womens Workout Shirts Sexy Open Back Activewear Workout Clothes Sports Yoga Tank Tops,"Design: Fashion cut with a v neck and v back, backless design with slender straps, show off your sexy charming back, this workout top made of soft and comfy fabric great for pair with yoga pants, leggings, shorts, skirts all types of everyday outfits"
LEXISLOVE Womens Workout Shirts Sexy Open Back Activewear Workout Clothes Sports Yoga Tank Tops,"Occasions: Workout, gym, yoga, pilates, running, sports, training, exercise, hiking, at home, hang out, night out, daily life; Suitable for spring, summer and fall wear"
LEXISLOVE Womens Workout Shirts Sexy Open Back Activewear Workout Clothes Sports Yoga Tank Tops,
