﻿标题,详情
MEROKEETY Women Long Sleeve Slim Fit Crop Shirt Ribbed Knit Tops Casual Round Neck Y2K Tees,"Size Guide: S=US 4-6, M=US 8-10, L=US 12-14, XL=US 16-18. The y2k basic tees are made of 92%Polyester and 8%Spandex. Skin friendly and breathable."
MEROKEETY Women Long Sleeve Slim Fit Crop Shirt Ribbed Knit Tops Casual Round Neck Y2K Tees,"Features: Solid color, crewneck, long sleeve slimming shirts, rib knit fabric, soft and stretchy, y2k style, lightweight, cropped shirts."
MEROKEETY Women Long Sleeve Slim Fit Crop Shirt Ribbed Knit Tops Casual Round Neck Y2K Tees,"The material of the shirts is high quality and not see through, and it's more like athletic-wear type. Recommend a seamless bra and shorts or jeans for a trendy streatwear look."
MEROKEETY Women Long Sleeve Slim Fit Crop Shirt Ribbed Knit Tops Casual Round Neck Y2K Tees,"Occasion: The athleisure long sleeve tshirts are suitable for going out, vacation, school, streetwear, clubwear, and jogger outfit."
MEROKEETY Women Long Sleeve Slim Fit Crop Shirt Ribbed Knit Tops Casual Round Neck Y2K Tees,"Garment Care: Machine wash recommended with a laundry bag on the gentle cycle, wash separately and hang to dry."
MEROKEETY Women Long Sleeve Slim Fit Crop Shirt Ribbed Knit Tops Casual Round Neck Y2K Tees,
