﻿标题,详情
OFEEFAN Sweatshirts for Women Loose Fit Quarter Zip Pullover Lightweight Fall Clothes,"Material: 65%Polyester, 35%Cotton, lightweight and comfortable, keep you warm in fall and winter"
OFEEFAN Sweatshirts for Women Loose Fit Quarter Zip Pullover Lightweight Fall Clothes,"Design: Quarter zip sweatshirt women, pullover sweatshirts fall outfits 2024, teen girls preppy y2k clothes"
OFEEFAN Sweatshirts for Women Loose Fit Quarter Zip Pullover Lightweight Fall Clothes,"Match: Easy To Match with Leggings, Biker Shorts, Pants, Jeans,Joggers, Sweatpants"
OFEEFAN Sweatshirts for Women Loose Fit Quarter Zip Pullover Lightweight Fall Clothes,"Occasion: This pullover sweatshirt is suitable for casual outings, daily wear, office, sports, or outdoor activities. It suits running, gym workouts, skating, hiking, biking. Versatile for spring, fall, and winter. It's also a good gift to your friend or family"
OFEEFAN Sweatshirts for Women Loose Fit Quarter Zip Pullover Lightweight Fall Clothes,Care: Maintain the quality of this sweatshirt by machine or hand washing it in cold water.Iron at a low temperature after drying.Avoid using bleach to protect the fabric's integrity
OFEEFAN Sweatshirts for Women Loose Fit Quarter Zip Pullover Lightweight Fall Clothes,
