﻿标题,详情
HALCYEEN Sweatsuits For Women Set 2 Piece Outfits For Women Jogging Suit Lounge Sweatshirt & Jogger Pants With Pockets,"【Materials】:The sweatsuits for women set 2 piece are made of soft cotton and elastic polyester fiber. Soft, stretchy and lightweight fabric makes you comfy to wear all day long."
HALCYEEN Sweatsuits For Women Set 2 Piece Outfits For Women Jogging Suit Lounge Sweatshirt & Jogger Pants With Pockets,"【Chic Designs】:Long sleeve zipper up jacket, you can easily pull on or take off. Outfit with pockets is very convenient for you to take small items, like keys, wallet, phone. The high waisted sweatpants create a slimming look."
HALCYEEN Sweatsuits For Women Set 2 Piece Outfits For Women Jogging Suit Lounge Sweatshirt & Jogger Pants With Pockets,"【Match Casually】: This sweat sets for women 2 piece can be paired with other tops, leggings, and camis for a casual daily look. You can also match with sports bra, sneakers when going to the gym for a workout, giving you a simple energetic look."
HALCYEEN Sweatsuits For Women Set 2 Piece Outfits For Women Jogging Suit Lounge Sweatshirt & Jogger Pants With Pockets,"【Live your rest life 】:Classic conjuntos de 2 piezas para mujer zip up long sleeve top jacket patchwork pants set sweatsuit provide warm in autumn or early winter days.lightweight and stylish,best active set for spring, fall and winter season indoor /outdoor wearing."
HALCYEEN Sweatsuits For Women Set 2 Piece Outfits For Women Jogging Suit Lounge Sweatshirt & Jogger Pants With Pockets,"【Suitable for these occasion】:This cute two piece sets for women, shopping, leisure, jogging, exercise, fitness, workout,running,sports, vacation, home, dating or casual daily wear etc.It is an ideal gift choice for women."
HALCYEEN Sweatsuits For Women Set 2 Piece Outfits For Women Jogging Suit Lounge Sweatshirt & Jogger Pants With Pockets,
