﻿标题,详情
Womens Short Sleeve Tops Workout Athletic Sports Yoga Shirts,Moisure Wicking&Fast Dry: This Workout Top is Easy to Keep you Comfy and Stay Cool in hot days While you are doing exercise.
Womens Short Sleeve Tops Workout Athletic Sports Yoga Shirts,"Fashion Design: Round/ Notch V Neck, Raglan Short Sleeve, Color Block, Flowy / Irregular Hem,Loose Fit, Flattering Silhouette,Pull On closure."
Womens Short Sleeve Tops Workout Athletic Sports Yoga Shirts,"Versatile: This Comfy and Chic Tops Perfect for Yoga, Running, Hiking, Training, Exercise, Active, Gym wear. Also good for Casual, Daily Wear."
Womens Short Sleeve Tops Workout Athletic Sports Yoga Shirts,"Perfect Match: Layer this Basic Tee Shirt with leggings,Capris,Short Pants,Sneakers. It will Gives you a Trendy and Charming look While you wear it during working out."
Womens Short Sleeve Tops Workout Athletic Sports Yoga Shirts,Wash Garment: hand wash or machine wash. Do not bleach. Please select the size according to the size chart in the production description.
Womens Short Sleeve Tops Workout Athletic Sports Yoga Shirts,
