﻿标题,详情
Bestisun Long Sleeve Workout Running Shirts Athletic Yoga Gym Crop Tops for Women,"Open Back: Slightly loose fit creates a breezy feel with more cooling as your run heats up. The Open back not too exposed, but can show your cute sport bra. Suitable for all ages of women"
Bestisun Long Sleeve Workout Running Shirts Athletic Yoga Gym Crop Tops for Women,"Split Back Design: It's slightly open in the back and allows for ventilation, add a cute look"
Bestisun Long Sleeve Workout Running Shirts Athletic Yoga Gym Crop Tops for Women,"Material: Breathable, Strechy, Lightweight, feel relax and comfortable when you wear it"
Bestisun Long Sleeve Workout Running Shirts Athletic Yoga Gym Crop Tops for Women,"OCCASION: Bestisun long sleeve yoga tops suitable for yoga, exercise, fitness, gym, running, any type of workout or everyday use. Our active shirts combine fashion, function and performance."
Bestisun Long Sleeve Workout Running Shirts Athletic Yoga Gym Crop Tops for Women,Size Chart: Please check the size chart in the description below or picture before ordering instead of the default amazon size chart.
Bestisun Long Sleeve Workout Running Shirts Athletic Yoga Gym Crop Tops for Women,
