﻿标题,详情
G Gradual Women's Fleece Lined Joggers High Waisted Water Resistant Thermal Winter Sweatpants Running Hiking Pockets,"Warm Fleece Lining - Fleece lined joggers are crafted with thermal fabric, make you feel soft and warm on the skin, ideal for cold weather under 30°F"
G Gradual Women's Fleece Lined Joggers High Waisted Water Resistant Thermal Winter Sweatpants Running Hiking Pockets,"Water & Pet Hair Resistant - Durable water-resistant coating, keeps you warm and dry on the skin, excellent for walking dogs on a drizzly or light snowy day."
G Gradual Women's Fleece Lined Joggers High Waisted Water Resistant Thermal Winter Sweatpants Running Hiking Pockets,"High Waistband - 4-inch high-waisted joggers with an adjustable drawcord, great tummy control, and custom fit. Special tapered cutting, warm but not bulky."
G Gradual Women's Fleece Lined Joggers High Waisted Water Resistant Thermal Winter Sweatpants Running Hiking Pockets,2 Zipper Pockets - Convenient to store your phone and valuables. You can free your hands when exercising or put your hands in when it's cold.
G Gradual Women's Fleece Lined Joggers High Waisted Water Resistant Thermal Winter Sweatpants Running Hiking Pockets,"Versatile - G Gradual thermal sweatpants are perfect for dog walking, lounging, running, hiking, athletic, workout, skiing, casual, or daily wearing in winter."
G Gradual Women's Fleece Lined Joggers High Waisted Water Resistant Thermal Winter Sweatpants Running Hiking Pockets,
