﻿标题,详情
ATTRACO Women Tennis Dress with Shorts Workout Golf Skirts with Pockets Athletic Dresses,"TENNIS DRESS MATCHES WITH SHORTS: Sporty dress has separate inner shorts, including two pockets for storing tennis balls or small items like credit cards and keys"
ATTRACO Women Tennis Dress with Shorts Workout Golf Skirts with Pockets Athletic Dresses,"REMOVABLE BRA: Athletic dress featuring removable bra with an elastic band, offers modest support and customized fitting"
ATTRACO Women Tennis Dress with Shorts Workout Golf Skirts with Pockets Athletic Dresses,"STRETCH FABRIC: Golf Skirt made from lightweight, no see-through, and quick-dry fabric, keeping you cool and enhancing your range of motion"
ATTRACO Women Tennis Dress with Shorts Workout Golf Skirts with Pockets Athletic Dresses,"STYLISH EXERCISE DRESS: A-lined skirt designed with scalloped trim details and sleeveless, offers a fashionable and chic look"
ATTRACO Women Tennis Dress with Shorts Workout Golf Skirts with Pockets Athletic Dresses,"VARIOUS OCCASIONS: The workout skirt is ideal for tennis, golf, exercise, workout, running, athletic, pickleball, bowling, hiking, and daily wear"
ATTRACO Women Tennis Dress with Shorts Workout Golf Skirts with Pockets Athletic Dresses,
