﻿标题,详情
luvamia Sweat Shorts for Women High Waisted Pull On Side Zip Casual Lounge Cotton Summer Athleisure Shorts with Pockets,"luvamia womens running shorts feature high rise, 4 inches inseam, elastic waist, side zip, functional pockets. The womens sweat shorts are crafted from soft and breathable fabric for maximum comfort."
luvamia Sweat Shorts for Women High Waisted Pull On Side Zip Casual Lounge Cotton Summer Athleisure Shorts with Pockets,"These womens high waisted shorts come with an elastic waistband for the perfect fit. Finished with a relaxed silhouette, the women shorts for summer are a must have for your capsule wardrobe."
luvamia Sweat Shorts for Women High Waisted Pull On Side Zip Casual Lounge Cotton Summer Athleisure Shorts with Pockets,Go for an athleisure look with the black cotton shorts women pairing a basic top or sweatshirts. luvamia athleisure shorts women are made to fit all shapes with the wide leg design.
luvamia Sweat Shorts for Women High Waisted Pull On Side Zip Casual Lounge Cotton Summer Athleisure Shorts with Pockets,"The womens 4 inch inseam shorts work for lounging, casual day out, vacation, weekend getaways and more."
luvamia Sweat Shorts for Women High Waisted Pull On Side Zip Casual Lounge Cotton Summer Athleisure Shorts with Pockets,luvamia sweat shorts women trendy run standard US size: Size Small fits size 4 - size 6. Size Medium fits size 8 - size 10. Size Large fits size 12 - size 14. Size X-Large fits size 16 - size 18. Size XX-Large fits size 20 - size 22.
luvamia Sweat Shorts for Women High Waisted Pull On Side Zip Casual Lounge Cotton Summer Athleisure Shorts with Pockets,
