﻿标题,详情
MOQIVGI Womens Half Zip Long Sleeve Athletic Workout Sweatshirts Fitness Yoga Running Tops with Thumb Holes,"Quarter zip athletic pullover sweatshirt, very functional smart looking activewear, you could adjusted the zipper's height according to the needs of movement."
MOQIVGI Womens Half Zip Long Sleeve Athletic Workout Sweatshirts Fitness Yoga Running Tops with Thumb Holes,Color block long sleeve workout shirts with thumb holes helps to keep the sleeves from shifting or flapping in the wind and keep hands warm in cold weather.
MOQIVGI Womens Half Zip Long Sleeve Athletic Workout Sweatshirts Fitness Yoga Running Tops with Thumb Holes,"Activewear tops with two side pockets are very practical, easily to carry essentials like wallet keys phone. Also a nice warm place for your hands on cold days."
MOQIVGI Womens Half Zip Long Sleeve Athletic Workout Sweatshirts Fitness Yoga Running Tops with Thumb Holes,"Fashion cute active sweatshirts with stitching line decoration not only eye-catching but also flatter and slim your silhouette, sports and casual wear are fine."
MOQIVGI Womens Half Zip Long Sleeve Athletic Workout Sweatshirts Fitness Yoga Running Tops with Thumb Holes,"Garment Care: Machine wash or hand wash in cold water,hang to dry,don't bleach.Note:Please refer to the size chart at the product description part for ordering a right size."
MOQIVGI Womens Half Zip Long Sleeve Athletic Workout Sweatshirts Fitness Yoga Running Tops with Thumb Holes,
