﻿标题,详情
Womens Lightweight Hoodie Pullover-Hooded Long Sleeve Running Yoga Workout Tops for Women-Cowl Neck&Thumbhole,"✿Lightweight Pullover Hoodie: Washing before wearing-especially for dark colors(maroon/black/dark blue). Machine wash cold, wash with like colors. Made from super soft polyester/spandex jersey,comfy&stretchy."
Womens Lightweight Hoodie Pullover-Hooded Long Sleeve Running Yoga Workout Tops for Women-Cowl Neck&Thumbhole,"✿Long Sleeve Workout Tops : Cowl neck design for wind proof,high sleeve cuffs with thumb holes, providing a no slip fitting and added warmth.Two side pockets,tag-less collar to achieve more comfort."
Womens Lightweight Hoodie Pullover-Hooded Long Sleeve Running Yoga Workout Tops for Women-Cowl Neck&Thumbhole,"✿Regular fitting:Not loose and not slim tight, a little “A” shape cutting for easy pull over.Before ordering,please refer to our size information on the picture(Not Amazon’s Size Chart). Reference:Model 5’9 ft./132lbs(Bust 33.8”-Waist 24.4”-Hip 36”) wears Size XS."
Womens Lightweight Hoodie Pullover-Hooded Long Sleeve Running Yoga Workout Tops for Women-Cowl Neck&Thumbhole,"✿Great for Indoor & Outdoor Activities:Yoga,gym fitness,running,jogging,walking,climbing,hiking and other exercise training. Great matching with your leggings. Wear it alone or take it as a layering t shirt underneath jacket."
Womens Lightweight Hoodie Pullover-Hooded Long Sleeve Running Yoga Workout Tops for Women-Cowl Neck&Thumbhole,"✿Please kindly understand,colors may look differently on individual monitor due to the color setting and lighting."
Womens Lightweight Hoodie Pullover-Hooded Long Sleeve Running Yoga Workout Tops for Women-Cowl Neck&Thumbhole,
