﻿标题,详情
WIHOLL Two Piece Sets for Women Fall Outfits Lounge Sets Mock Neck Tops Wide Leg Pants Vacation Travel Airport Outfits,"Fabric: Light-as-air fabric/Optimal air flow/4-way stretch,the two piece set is made with spacer fabric that’s lightweight, soft and ultra drapey, designed to feel silky against your skin."
WIHOLL Two Piece Sets for Women Fall Outfits Lounge Sets Mock Neck Tops Wide Leg Pants Vacation Travel Airport Outfits,"Design: Two piece sets for women mock neck long sleeve tops,wide leg pants,equipped with convenient pockets, contoured back for the most flattering rear view,elastic drawstring."
WIHOLL Two Piece Sets for Women Fall Outfits Lounge Sets Mock Neck Tops Wide Leg Pants Vacation Travel Airport Outfits,"Matching: Can be dressed up with booties or down with sneakers,and can be worn as a set or as separates for a variety of occasions. An effortless,cozy,and chic design for a laidback,throw-on-and-go approach to dressing."
WIHOLL Two Piece Sets for Women Fall Outfits Lounge Sets Mock Neck Tops Wide Leg Pants Vacation Travel Airport Outfits,"Occasion: This 2 piece outfits perfect for travel,home,shopping,leisure outings,vacations,outdoor activities,sports,fitness,running, jogging,parties,and other casual occasions.Comfortable to wear in fall and winter."
WIHOLL Two Piece Sets for Women Fall Outfits Lounge Sets Mock Neck Tops Wide Leg Pants Vacation Travel Airport Outfits,"Wash Instruction: Due to vacuum packaging,the items may arrive slightly wrinkled.if you want to wear more texture,a light ironing on the fabric is recommended. Machine or hand wash with cold water, and hang or line dry. Avoid using bleach."
WIHOLL Two Piece Sets for Women Fall Outfits Lounge Sets Mock Neck Tops Wide Leg Pants Vacation Travel Airport Outfits,
