﻿标题,详情
TREELANCE Organic Cotton Yoga Workout Tank Top Moon Phases Shirts Tops Tees Tanks for Women,"Yoga, workout & casual wear tank tops; what every woman needs; organic cotton tanks with yoga prints; these yoga shirts for women are your key to comfort & style; soft tshirts that move and stretch with you through your yoga poses"
TREELANCE Organic Cotton Yoga Workout Tank Top Moon Phases Shirts Tops Tees Tanks for Women,"Soft yoga workout tops for women; 95 percent organic cotton 5 percent spandex; you'll be wearing this yoga shirt forever; get these graphic supportive tees for pilates, barre, hot yoga, dance. Best yoga theme fitted tank to avoid having your shirt fall over your head"
TREELANCE Organic Cotton Yoga Workout Tank Top Moon Phases Shirts Tops Tees Tanks for Women,"Yoga prints; white, black grey yoga designs from a yoga teacher; moon phases, namaste, soul searcher, chakras, evolution, compassion vegans, I love handstands supportive yoga tanks; these tanks for yoga are great for gifts"
TREELANCE Organic Cotton Yoga Workout Tank Top Moon Phases Shirts Tops Tees Tanks for Women,"Yoga instructor gift; she will love these lightweight tank tops; these yoga tops for women are designed by a yoga teacher, come with a lovely hangtag and cute packaging. Our workout tops for inversions like downward dog or headstand run Small"
TREELANCE Organic Cotton Yoga Workout Tank Top Moon Phases Shirts Tops Tees Tanks for Women,"Cute yoga tops; latex free, inversions are your friend, womens tank tops with staying power, skin-friendly, perfect for bending, twisting and squatting all over. They feel like a hug to your skin; will mold to your body; get a Larger size if you like looser shirts; wash inside out in cold."
TREELANCE Organic Cotton Yoga Workout Tank Top Moon Phases Shirts Tops Tees Tanks for Women,
