﻿标题,详情
Hibelle Women's Full-Zip Fleece Lined Hoodie Sports Sweatshirts with Handy Pockets & Inside Pocket,"√Fleece Lined Material: The Zip-up sweatshirt is made of athletic sports fabric with fleece lined added, which offers good thermal performance, quick-drying technology help keep you dry and comfortable all day long. It's good for over a shirts in Fall/spring or warm climates in winter"
Hibelle Women's Full-Zip Fleece Lined Hoodie Sports Sweatshirts with Handy Pockets & Inside Pocket,"√Full Zip Closure: Full Zip Running Track Jacket provides you with a super soft layer of warmth without overheating or preventing ventilation, and offers great freedom without restrictions during sports and workouts when adjust to propriate position, which is convenient and comfort"
Hibelle Women's Full-Zip Fleece Lined Hoodie Sports Sweatshirts with Handy Pockets & Inside Pocket,"√3 Pockets: 2 Side Pockets for storing your phone,keys, 1 inside pocket for your valuables. This workout hoodie match perfectly with your running leggings, jeans, shorts, sweatpants, tennis skirt etc."
Hibelle Women's Full-Zip Fleece Lined Hoodie Sports Sweatshirts with Handy Pockets & Inside Pocket,"√The Loose Fit with banded bottom version looks thinner and sets off the figure, which can flatter different tature. Also can provide better sun protection effect. Perfect active wear for running, jogging, exercise, yoga, lounging, fitness, gym, hiking, cycling and any type of workout or everyday use"
Hibelle Women's Full-Zip Fleece Lined Hoodie Sports Sweatshirts with Handy Pockets & Inside Pocket,"√Attention: Hand wash or machine wash.No bleach or iron,natural air drying is better.Please refer to size chart in Product Description as below before ordering,not the Amazon Size Chart."
Hibelle Women's Full-Zip Fleece Lined Hoodie Sports Sweatshirts with Handy Pockets & Inside Pocket,
