﻿标题,详情
CRZ YOGA Pleated Tennis Skorts Skirts for Women with Pockets 13'' - High Waisted Golf Skirts Workout Casual Skirts,Designed for tennis
CRZ YOGA Pleated Tennis Skorts Skirts for Women with Pockets 13'' - High Waisted Golf Skirts Workout Casual Skirts,"Feathery-Fit Soft fabric: Ultra soft, weightless and quick dry, slightly stretchy, no swish-swish sound"
CRZ YOGA Pleated Tennis Skorts Skirts for Women with Pockets 13'' - High Waisted Golf Skirts Workout Casual Skirts,High waisted. Skirt length: about 13''
CRZ YOGA Pleated Tennis Skorts Skirts for Women with Pockets 13'' - High Waisted Golf Skirts Workout Casual Skirts,Built in shorts with a phone pocket and a ball pocket
CRZ YOGA Pleated Tennis Skorts Skirts for Women with Pockets 13'' - High Waisted Golf Skirts Workout Casual Skirts,Elastic waistband with inner drawstring
CRZ YOGA Pleated Tennis Skorts Skirts for Women with Pockets 13'' - High Waisted Golf Skirts Workout Casual Skirts,"Back four pleated skirts perfect for tennis, golf, badminton, pickleball or daily wear"
CRZ YOGA Pleated Tennis Skorts Skirts for Women with Pockets 13'' - High Waisted Golf Skirts Workout Casual Skirts,
