﻿标题,详情
PINSPARK 2 Piece Sets For Women Long Sleeve Sweatshirts Drawstring Straight Leg Pants Fall Travel Airport Outfits 2025,"Applicable Sizes: This fall two-piece set is suitable for women between 5'4"" and 5'7"". If you are outside this range, the pants may appear too short and affect the fit. To ensure the best wearing experience, please confirm your height before purchasing."
PINSPARK 2 Piece Sets For Women Long Sleeve Sweatshirts Drawstring Straight Leg Pants Fall Travel Airport Outfits 2025,"Material: This women's 2 piece tracksuit is made from lightweight air layer fabric, which features four-way stretch and breathability. This ensures greater flexibility during exercise and stretching, while the comfortable skin feel provides a lighter wearing experience."
PINSPARK 2 Piece Sets For Women Long Sleeve Sweatshirts Drawstring Straight Leg Pants Fall Travel Airport Outfits 2025,"Feature Design：This sports two piece set combines function and style. The top and pants feature classic pockets on both sides, keeping your hands warm in the fall and providing convenient storage. The straight-leg pants come with an adjustable drawstring, giving you a relaxed and comfortable experience."
PINSPARK 2 Piece Sets For Women Long Sleeve Sweatshirts Drawstring Straight Leg Pants Fall Travel Airport Outfits 2025,"Different Style Combinations: Our women's athletic wear comes in various colors to meet your fashion needs. Wear it as a set for easy styling or mix and match pieces to create your own unique look. Pair with baseball caps, collared shirts, necklaces, scarves, tennis shoes, or sneakers to create diverse styles."
PINSPARK 2 Piece Sets For Women Long Sleeve Sweatshirts Drawstring Straight Leg Pants Fall Travel Airport Outfits 2025,"Versatile Scenarios: This women's 2 piece set suits various occasions. Whether traveling, at the airport, relaxing at home, exercising, shopping, at school, it fits effortlessly. Stylish and versatile, it meets your needs in different settings, keeping you confident and comfortable at all times."
PINSPARK 2 Piece Sets For Women Long Sleeve Sweatshirts Drawstring Straight Leg Pants Fall Travel Airport Outfits 2025,
