﻿标题,详情
Vindery Women Quick-Dry Line Decor Front Yoga Workout Shirts Athletic Gym Loose Fit Tops,"Features: Loose fit. Stylish line decor front and cotton-dot style fabric, lightweight, quick-dry designs offering more comfy feel for any workout gym yoga exercise activities. Essential athletic shirts for women"
Vindery Women Quick-Dry Line Decor Front Yoga Workout Shirts Athletic Gym Loose Fit Tops,"Occasions: This yoga workout shirts suitable to be worn to take part in any gym, exercise or outdoor activities. It can be also worn as a casual tops in leisure time"
Vindery Women Quick-Dry Line Decor Front Yoga Workout Shirts Athletic Gym Loose Fit Tops,"Collocations: Perfect to match with yoga pants, leggigns, workout shorts. Even jeans or other leisure pants"
Vindery Women Quick-Dry Line Decor Front Yoga Workout Shirts Athletic Gym Loose Fit Tops,Satisfaction Guarantee: Please refer to Vldnery's size chart instead of Amazon's size chart. The size error is 1-2 centimeters. Please understand.
Vindery Women Quick-Dry Line Decor Front Yoga Workout Shirts Athletic Gym Loose Fit Tops,Outfit care: Machine wash or hand wash. Hang dry. Do not bleach. Do not iron
Vindery Women Quick-Dry Line Decor Front Yoga Workout Shirts Athletic Gym Loose Fit Tops,
