﻿标题,详情
"RBX Active Women's Bra Top, Athletic Yoga Crop Tank Top with Built in Shelf Bra",Built-in low support shelf bra with removable foam cup padding for an ultra versatile bra top that can be worn as a low impact sports bra or as a casual tank top
"RBX Active Women's Bra Top, Athletic Yoga Crop Tank Top with Built in Shelf Bra","Buttery soft, moisture wicking fabric helps keep you dry, supported and comfortable"
"RBX Active Women's Bra Top, Athletic Yoga Crop Tank Top with Built in Shelf Bra","Strappy racerback design for full range of motion, enhanced breathability and easy layering"
"RBX Active Women's Bra Top, Athletic Yoga Crop Tank Top with Built in Shelf Bra",Cropped length and fitted design for a multi-functional tank top you can wear as a crop tank top or yoga/sports bra
"RBX Active Women's Bra Top, Athletic Yoga Crop Tank Top with Built in Shelf Bra","Available in a range of color/patterns for an option to fit every style preference. Dual-purpose bra top pairs perfectly with yoga leggings, shorts or your favorite pair of jeans"
"RBX Active Women's Bra Top, Athletic Yoga Crop Tank Top with Built in Shelf Bra",
