﻿标题,详情
Oversized Comfort Plain Fall Women's Hoodie - Winter Fashion,"☆Material☆:Strictly selected fabric ensures that hoodies for women will not shrink after washing and maintain a loose shape for a long time. The fabric is skin-friendly and breathable, making you feel extremely comfortable all the time."
Oversized Comfort Plain Fall Women's Hoodie - Winter Fashion,"☆Product Description☆:Our oversized hoodies have undergone strict quality inspections before leaving the factory. We wholeheartedly provide you with brand new, clean and tidy, good clothes made of high-quality fabrics."
Oversized Comfort Plain Fall Women's Hoodie - Winter Fashion,"☆Style Design☆:The comfrt hoodie feature a solid color design with a hood and pockets. They are casual and loose, fashionable and versatile, and can be matched with casual pants, jeans, etc."
Oversized Comfort Plain Fall Women's Hoodie - Winter Fashion,"☆Occasion☆: This piece of comfort hoodie is suitable for use in scenes such as at home, in the office, and during outdoor sports. It is suitable for wearing in fall and winter and is very warm and comfortable."
Oversized Comfort Plain Fall Women's Hoodie - Winter Fashion,☆Size Selection☆:Our cute hoodies are available in multiple sizes for you to choose. Please select the appropriate size according to the size chart we provide to avoid wasting your precious time due to mismatched sizes.
Oversized Comfort Plain Fall Women's Hoodie - Winter Fashion,
