﻿标题,详情
PRETTYGARDEN Women's Fall 2 Piece Lounge Outfit Long Sleeve Crewneck Pullover Tops High Waisted Pants Set Tracksuit,"Size Tips: S=US 4-6, M=US 8-10, L=US 12-14, XL=US 16-18, XXL=US 20-22, 3XL=US 24-26. This Pants Set Is Loose-Fitting Style, Please Refer to Our Size Chart to Find A Better Fit"
PRETTYGARDEN Women's Fall 2 Piece Lounge Outfit Long Sleeve Crewneck Pullover Tops High Waisted Pants Set Tracksuit,"Casual Two Piece Set: This Lounge Set Includes A Comfortable Crewneck Long Sleeve Sweatshirt Tops And A High Waist Long Pants With Drawstring. The Drawstring Waist Can Provide You With Maximum Comfort, Long Sleeves And Long Pants Can Keep You Warm In Cool Days. This Definitely A Must Have For Outfit Lovers"
PRETTYGARDEN Women's Fall 2 Piece Lounge Outfit Long Sleeve Crewneck Pullover Tops High Waisted Pants Set Tracksuit,"Details: The Soft Two Piece Jogger Set Has A Dolman Long Sleeve, Which Is Wide At The Top, Narrow At The Bottom.It Is Not Only For A More Fashionable Look, But Also More Convenient For You To Pull Up Your Sleeves When You Exercise. The Long Pants With Beam Foot To Complete A Clean Look"
PRETTYGARDEN Women's Fall 2 Piece Lounge Outfit Long Sleeve Crewneck Pullover Tops High Waisted Pants Set Tracksuit,"Multifunctional: Basic And Casual Design Makes This Two Piece Set Not Only A Tracksuit, But Also A Cozy Lounge Wear, Pajamas Set, Jogger Set, Athletic Clothing Sets, Daily Wear, Outing Suit And So On. An Ordinary Sneakers Can Complete A Clean Look In Daily Life, Or You Will Look Cute With Jacket, Coat, Cardigan In Cold Days"
PRETTYGARDEN Women's Fall 2 Piece Lounge Outfit Long Sleeve Crewneck Pullover Tops High Waisted Pants Set Tracksuit,Chic Designs: Two Piece Set; Long Sleeve Pullover Tops; Two Piece Tracksuit Set; Loungewear Set; Jogger Set; Winter Outfits; Fall Fashion Clothes; Matching Pajama Set; Airport Travel Outfits; Matching Sweatsuits; Lounge Set for Women; Casual Outfit Sets
PRETTYGARDEN Women's Fall 2 Piece Lounge Outfit Long Sleeve Crewneck Pullover Tops High Waisted Pants Set Tracksuit,
