﻿标题,详情
"RBX Tank Dress for Women, Quick Drying Stretch Woven Hiking Golf Dress, Drawstring Waist Beach Dress Coverup with Pockets","QUICK DRYING WOVEN FABRIC- Lightweight, smooth stretch woven fabric dries quickly for irritation-free wear that helps keep you cool, dry and comfortable throughout wear"
"RBX Tank Dress for Women, Quick Drying Stretch Woven Hiking Golf Dress, Drawstring Waist Beach Dress Coverup with Pockets",DRAWSTRING ELASTIC WAIST- An elastic waistband with adjustable drawcord allows for the perfect fit to flatter every figure
"RBX Tank Dress for Women, Quick Drying Stretch Woven Hiking Golf Dress, Drawstring Waist Beach Dress Coverup with Pockets","FUNCTIONAL POCKETS- Large side pockets to conveniently stash your smartphone, keys, ear buds and other essentials while you hike, workout, travel and more"
"RBX Tank Dress for Women, Quick Drying Stretch Woven Hiking Golf Dress, Drawstring Waist Beach Dress Coverup with Pockets","VERSATILE & STYLISH- Available in a variety of sizes an colors to offer an option for every wardrobe and activity. Wear this cute tank top dress tunic for everyday causal wear and fashion outfits, tennis dress or golf dress, workouts, hiking, dog walks, travel, beach wear and more!"
"RBX Tank Dress for Women, Quick Drying Stretch Woven Hiking Golf Dress, Drawstring Waist Beach Dress Coverup with Pockets",BREATHABLE- A sleeveless design with a draped fit and curved hemline help provide enhanced breathability throughout wear
"RBX Tank Dress for Women, Quick Drying Stretch Woven Hiking Golf Dress, Drawstring Waist Beach Dress Coverup with Pockets",
