﻿标题,详情
Dokotoo Womens Oversized Waffle Knit Crewneck Sweatshirts Long Sleeve Side Slits Casual Pullover Sweatshirt Tops,"Features: Dokotoo Womens sweatshirt feature with Waffle knit, Long sleeve, Crew neck pullover women,Side slits, High low, Drop shoulder, Oversized fit, Slight stretch, Solid color, Casual and fashion style fits for any body shape, and a sweatshirt necessary for women wardrobe."
Dokotoo Womens Oversized Waffle Knit Crewneck Sweatshirts Long Sleeve Side Slits Casual Pullover Sweatshirt Tops,"Design: Waffle knit sweatshirt is a fashionable and comfortable addition to any wardrobe. The unique texture of the fabric gives the sweatshirt a trendy and modern look, while the soft and cozy material ensures maximum comfort. This waffle knit sweatshirt is sure to become a go-to favorite."
Dokotoo Womens Oversized Waffle Knit Crewneck Sweatshirts Long Sleeve Side Slits Casual Pullover Sweatshirt Tops,"Material: Womens crewneck long sleeve sweatshirt is made with high-quality waffle knit fabric, breathable, lightweight, soft, durable, friendly to skin, which will bring you a comfortable dressing experience."
Dokotoo Womens Oversized Waffle Knit Crewneck Sweatshirts Long Sleeve Side Slits Casual Pullover Sweatshirt Tops,"Match: Oversized sweatshirts for women are easy to pair with jeans, denim shorts, leggings, sneakers or heels to complete casual look. You can also match anything you like active bottoms, like yoga shorts, active leggings, active shorts, active pants, etc to complete sports look."
Dokotoo Womens Oversized Waffle Knit Crewneck Sweatshirts Long Sleeve Side Slits Casual Pullover Sweatshirt Tops,"Occasion: Waffle Knit pullover sweatshirt is perfect choice for casual daily life, party, school, vacation, holiday, office, work, home, date, outdoor, running, sport, gym, skating, hiking, biking, yogo and any other occasions in Spring, Fall or Winter. Perfect gift for mom,wife,daughter,girlfriend,or to your own."
Dokotoo Womens Oversized Waffle Knit Crewneck Sweatshirts Long Sleeve Side Slits Casual Pullover Sweatshirt Tops,
