﻿标题,详情
Ekouaer Womens Pajamas 2 Piece Lounge Sets Oversized V Neck T-Shirts Tops Biker Shorts Set Workout Reversible Tracksuit S-XXL,"FASHION & COMFY DESIGN: 2 Piece Lounge Sets, Short sleeve oversized T-shirt, Deep V-neck, Side slit, Reversible T-shirt top. Loose fit, suitable for all body types. Matching with high waist elastic bodycon biker shorts."
Ekouaer Womens Pajamas 2 Piece Lounge Sets Oversized V Neck T-Shirts Tops Biker Shorts Set Workout Reversible Tracksuit S-XXL,"OVERSIZED OUTFITS SETS FABRIC: Made of lightweight, soft, breathable and skin-friendly fabric, giving you a comfortable wearing experience."
Ekouaer Womens Pajamas 2 Piece Lounge Sets Oversized V Neck T-Shirts Tops Biker Shorts Set Workout Reversible Tracksuit S-XXL,"MATCH: Oversized Tops is reversible and can easily match with skirts, leggings, jeans, slacks or pajamas. Biker shorts can be worn with sweatshirts, and shirts. Can be matched separately with other items for a casual and sporty look."
Ekouaer Womens Pajamas 2 Piece Lounge Sets Oversized V Neck T-Shirts Tops Biker Shorts Set Workout Reversible Tracksuit S-XXL,"OCCASIONS: Soft and comfy loungewear nightwear fits for all seasons. Weekend casual, summer daily wear. Perfect for street, party, casual, outdoor, exercise, fitness, running, dating and more."
Ekouaer Womens Pajamas 2 Piece Lounge Sets Oversized V Neck T-Shirts Tops Biker Shorts Set Workout Reversible Tracksuit S-XXL,PACKAGE: 2 pieces sweatsuit set available in 5 sizes. You could choose size according to the pj shorts as t-shirt top is oversized style.
Ekouaer Womens Pajamas 2 Piece Lounge Sets Oversized V Neck T-Shirts Tops Biker Shorts Set Workout Reversible Tracksuit S-XXL,
