﻿标题,详情
MOQIVGI Womens Crew Neck Casual Workout Tops Activewear Yoga Gym Sports Shirts,"Womens workout shirts short sleeve crewneck appearance with active lines, make you get a comfortable feeling and fashionable looking."
MOQIVGI Womens Crew Neck Casual Workout Tops Activewear Yoga Gym Sports Shirts,Ladies activewear loose fit soft lightweight breathable moisture wicking quick dry fabric which helps to keep you comfortably cool.
MOQIVGI Womens Crew Neck Casual Workout Tops Activewear Yoga Gym Sports Shirts,"Athletic tops easy fit with yoga pants, shorts, leggings, capris, sneakers.Perfect for yoga, gym, sports, also nice for daily wear."
MOQIVGI Womens Crew Neck Casual Workout Tops Activewear Yoga Gym Sports Shirts,"Versatile casual tshirts combine fashion function and performance, Show your beautiful curve and give you maximum freedom during workout."
MOQIVGI Womens Crew Neck Casual Workout Tops Activewear Yoga Gym Sports Shirts,"Care:Machine washable or Hand wash.Don't bleach.Note:Please refer to the size chart at the product description part for ordering a right size.If you have any questions, please feel free to contact us."
MOQIVGI Womens Crew Neck Casual Workout Tops Activewear Yoga Gym Sports Shirts,
