﻿标题,详情
altiland Women's Athletic Running Yoga Gym Track Zip Up Cropped Jackets UPF 50+ Sun Protection Long Sleeve Workout Shirts,Quick-drying. Sweat-wicking. Breathable. Engineered four-way stretch
altiland Women's Athletic Running Yoga Gym Track Zip Up Cropped Jackets UPF 50+ Sun Protection Long Sleeve Workout Shirts,Slightly cropped. Hits just above your waist
altiland Women's Athletic Running Yoga Gym Track Zip Up Cropped Jackets UPF 50+ Sun Protection Long Sleeve Workout Shirts,Bonded construction for flat and smooth seams. Relaxed fit feels roomy and can be worn over larger layers
altiland Women's Athletic Running Yoga Gym Track Zip Up Cropped Jackets UPF 50+ Sun Protection Long Sleeve Workout Shirts,"UV Protection: Certified UPF50+. Protect your sensitive skin away from harmful rays, effectively block melanocytes"
altiland Women's Athletic Running Yoga Gym Track Zip Up Cropped Jackets UPF 50+ Sun Protection Long Sleeve Workout Shirts,This cropped jacket has breathable fabric and side pockets for running trails or running errands. Stretches with your body's motion and eases back into shape so you don't feel tension as you move
altiland Women's Athletic Running Yoga Gym Track Zip Up Cropped Jackets UPF 50+ Sun Protection Long Sleeve Workout Shirts,
