﻿标题,详情
Facitisu Women 2 Piece Outfits Fleece Sweatsuits Tracksuits Lounge Pullover Hoodie Sets with Pockets,"Material: 55% cotton and 45% polyester, soft and cozy, skin-friendly, it does not cause any scratchy feeling."
Facitisu Women 2 Piece Outfits Fleece Sweatsuits Tracksuits Lounge Pullover Hoodie Sets with Pockets,"Feature: sherpa lined fleece hooded sweatshirts jackets, ribbed cuffs and hem, drawstring sweatpants, kangaroo pockets, fit for daily wear, keep you comfy and warm all day."
Facitisu Women 2 Piece Outfits Fleece Sweatsuits Tracksuits Lounge Pullover Hoodie Sets with Pockets,"Women's fleece tracksuit is designed in solid color and pair well with your other clothes, both together for a comfy recreational outfit, you also can wear the bottoms or jacket alone for relaxing."
Facitisu Women 2 Piece Outfits Fleece Sweatsuits Tracksuits Lounge Pullover Hoodie Sets with Pockets,"Occasion: womens warm winter sweatsuit perfect for wear it around your house, suit for fitness, lounging, jogging, work, outdoor,home, cold days. Great gifts for your friends and family."
Facitisu Women 2 Piece Outfits Fleece Sweatsuits Tracksuits Lounge Pullover Hoodie Sets with Pockets,Garment Care: Machine wash or hand wash in cold water. Do not bleach or soak for too Long. Please select your size according to the picture we provide.
Facitisu Women 2 Piece Outfits Fleece Sweatsuits Tracksuits Lounge Pullover Hoodie Sets with Pockets,
