﻿标题,详情
Aloodor Sweatsuit for Women 2 Piece Outfits for Womens Crewneck Sweatshirts Pullover,"✦ Features:Classic loungewear set design,long sleeve pullover tops with color block crewneck and striped sleeves,drawstring elastic waistband sweatpants with functional pocket and long stripes on both sides.These are the highlights of this 2 piece outfits and bring a fashion and casual look,which are easier to catch his eyes."
Aloodor Sweatsuit for Women 2 Piece Outfits for Womens Crewneck Sweatshirts Pullover,"✦ Multi-functional wear：Simple colors and styles are suitable for all occasions.Perfect for daily wear,outdoors,sports,exercise and home.It is suitable whether it is at home or going out,comfortable enough to be worn the whole day.Best for spring,fall and winter."
Aloodor Sweatsuit for Women 2 Piece Outfits for Womens Crewneck Sweatshirts Pullover,"✦ Reason for selection：Comfort is always the primary consideration when choosing clothes,and this sweatsuit set is your best choice.It uses smooth,stretchy and high-quality fabrics to ensure that you can feel comfortable while you are relaxing or exercising.When you sweat it does not become sticky and non itchy.It's a perfect present for your wife,girlfriend,mom,daughter or friends."
Aloodor Sweatsuit for Women 2 Piece Outfits for Womens Crewneck Sweatshirts Pullover,"✦ Tips:Machine or Hand Wash with Cold Water/Hang or Line Dry/No Bleach/No Dry Clean.Try not to wear brightly colored underwear inside the white Sets,which will not see through!"
Aloodor Sweatsuit for Women 2 Piece Outfits for Womens Crewneck Sweatshirts Pullover,"✦Please Refer to the Aloodor Size Chart before Ordering. Anyother questions, please contact us freely!"
Aloodor Sweatsuit for Women 2 Piece Outfits for Womens Crewneck Sweatshirts Pullover,
