﻿标题,详情
Oalka Sports Bra Womens Longline Padded Crop Tank Yoga Bras Workout Fitness Top,"80% Nylon 20% Spandex. Super comfortable four way stretch, moisture-wicking quick drying fabric, ultra soft handfeel, lightweight and breathable."
Oalka Sports Bra Womens Longline Padded Crop Tank Yoga Bras Workout Fitness Top,Cropped top designed with sports bra band structure inside provides enough support.
Oalka Sports Bra Womens Longline Padded Crop Tank Yoga Bras Workout Fitness Top,Build in removable pads for optional coverage and shape maintenance.
Oalka Sports Bra Womens Longline Padded Crop Tank Yoga Bras Workout Fitness Top,Sleek silhouette workout shirt features flattering deep V-neck cut and tank shoulder straps with wide hemline for full range of movement and keep cool while training.
Oalka Sports Bra Womens Longline Padded Crop Tank Yoga Bras Workout Fitness Top,"Womens crop style sports bras tops is ideal for gym, pilates, burpee, yoga workout, strength training, dance excercise, lifting, cycling, running, tennis and everyday use."
Oalka Sports Bra Womens Longline Padded Crop Tank Yoga Bras Workout Fitness Top,
