﻿标题,详情
LURANEE Women's Workout Athletic Tank Tops Quick Dry Sun Protection Yoga Gym Crop Sleeveless Shirts,Feature: Workout Tank Tops/ Sun Protection/ Crossover Hem/ Dance Activewear/ Patterm Crop Tops/ Hiking Clothes/ Athletic Yoga Tank/ Muscle Cropped Tank
LURANEE Women's Workout Athletic Tank Tops Quick Dry Sun Protection Yoga Gym Crop Sleeveless Shirts,"High quality fabric: This women's sleeveless yoga shirts is made of high-quality sports fabric, soft and stretchy, quick drying, and breathable fabric to keep you dry and comfortable while exercising."
LURANEE Women's Workout Athletic Tank Tops Quick Dry Sun Protection Yoga Gym Crop Sleeveless Shirts,Fashionable design: The crossed hem design adds a fashion element to the tops as a whole. Crossover hem designs with slight waist slimming effect.
LURANEE Women's Workout Athletic Tank Tops Quick Dry Sun Protection Yoga Gym Crop Sleeveless Shirts,"Matching: Women's workout cropped tank tops will be perfect for all your fashion styles, paired with skirts, shorts, leggings, joggers, etc."
LURANEE Women's Workout Athletic Tank Tops Quick Dry Sun Protection Yoga Gym Crop Sleeveless Shirts,"Occasion: This long-sleeve shirts is perfect for casual style, sports, home, shopping, dating, parties, indoor or outdoor activities, and any other occasion."
LURANEE Women's Workout Athletic Tank Tops Quick Dry Sun Protection Yoga Gym Crop Sleeveless Shirts,
