﻿标题,详情
Blaosn Flowy Athletic Shorts for Women Workout Running Gym Yoga High Waist Skort Sweat Skirt Cute Clothes Summer Outfits,"Cute,soft and comfy."
Blaosn Flowy Athletic Shorts for Women Workout Running Gym Yoga High Waist Skort Sweat Skirt Cute Clothes Summer Outfits,"high waisted shorts women,built in spandex with underneath, drawstring with pockets,elastic waist stretchy."
Blaosn Flowy Athletic Shorts for Women Workout Running Gym Yoga High Waist Skort Sweat Skirt Cute Clothes Summer Outfits,flowy shorts for women sweat spandex aesthetic athleisure trendy clothes casual summer.
Blaosn Flowy Athletic Shorts for Women Workout Running Gym Yoga High Waist Skort Sweat Skirt Cute Clothes Summer Outfits,womens shorts for gym yoga athletic workout running tennis cheer dance exercise sport sports active fitness hiking golf basketball volleyball.
Blaosn Flowy Athletic Shorts for Women Workout Running Gym Yoga High Waist Skort Sweat Skirt Cute Clothes Summer Outfits,"2 in 1 flowy skirts and also flowy skorts,trending fashion clothing outfits stuff teen girls lounge wear dupes everyday."
Blaosn Flowy Athletic Shorts for Women Workout Running Gym Yoga High Waist Skort Sweat Skirt Cute Clothes Summer Outfits,
