﻿标题,详情
WIHOLL Two Piece Outfits for Women Lounge Sets Button Down Sweatshirt Sweatpants Sweatsuits Set with Pockets,"MACHINE WASHABLE - Soft thermal fleece keeps you warm in the fall/winter. WIHOLL sweatsuits contains 90% Polyester+10% Spandex, which is light but not too thin and very easy garment."
WIHOLL Two Piece Outfits for Women Lounge Sets Button Down Sweatshirt Sweatpants Sweatsuits Set with Pockets,"BUTTON DOWN TOP - Basic henley V neck style shirt can be styled with any jeans, leggins, a great going out outfits for women."
WIHOLL Two Piece Outfits for Women Lounge Sets Button Down Sweatshirt Sweatpants Sweatsuits Set with Pockets,"DRAWSTRING PANTS with POCKETS - High waist, very stretchy, soft and comfortable enough to be a sweatpants or pajama pants."
WIHOLL Two Piece Outfits for Women Lounge Sets Button Down Sweatshirt Sweatpants Sweatsuits Set with Pockets,PACKAGE INCLUDES - 1 x sweatshirt for women + 1 x sweatpants for women.
WIHOLL Two Piece Outfits for Women Lounge Sets Button Down Sweatshirt Sweatpants Sweatsuits Set with Pockets,"OCCASION - WIHOLL lounge sets is perfect for all seasins, autumn/winter/spring. Suitable for daily, casual, sports, jogging, lounging around house, home, streetwear, go shopping, train, travel, school, workout, Holloween/Thanksgiving Day/Christmas/New Year/Valentine and etc."
WIHOLL Two Piece Outfits for Women Lounge Sets Button Down Sweatshirt Sweatpants Sweatsuits Set with Pockets,
