﻿标题,详情
CRZ YOGA Butterluxe Athletic Rompers for Women Adjustable Strap Padded Workout Shorts Jumpsuits One Piece Bodysuit Tank Tops,Designed for yoga and daily wear
CRZ YOGA Butterluxe Athletic Rompers for Women Adjustable Strap Padded Workout Shorts Jumpsuits One Piece Bodysuit Tank Tops,"Butterluxe collection features extremely soft and ultra stretchy, engineered for luxurious comfort"
CRZ YOGA Butterluxe Athletic Rompers for Women Adjustable Strap Padded Workout Shorts Jumpsuits One Piece Bodysuit Tank Tops,4 inches shorts. Light support
CRZ YOGA Butterluxe Athletic Rompers for Women Adjustable Strap Padded Workout Shorts Jumpsuits One Piece Bodysuit Tank Tops,Built-in removable pads for added support and coverage
CRZ YOGA Butterluxe Athletic Rompers for Women Adjustable Strap Padded Workout Shorts Jumpsuits One Piece Bodysuit Tank Tops,Adjustable straps for a custom torso fit
CRZ YOGA Butterluxe Athletic Rompers for Women Adjustable Strap Padded Workout Shorts Jumpsuits One Piece Bodysuit Tank Tops,"One piece bodycon jumpsuit perfect for yoga, home, leisure, vacation, outdoor, exercise, party, etc"
CRZ YOGA Butterluxe Athletic Rompers for Women Adjustable Strap Padded Workout Shorts Jumpsuits One Piece Bodysuit Tank Tops,
