﻿标题,详情
Aoxjox Women's Workout Sports Bras Fitness Padded Backless Yoga Crop Tank Top Twist Back Cami,"Ture to size, in between size up"
Aoxjox Women's Workout Sports Bras Fitness Padded Backless Yoga Crop Tank Top Twist Back Cami,The backless top is Low support but it has decent support and quality
Aoxjox Women's Workout Sports Bras Fitness Padded Backless Yoga Crop Tank Top Twist Back Cami,"Body fit, removable padding"
Aoxjox Women's Workout Sports Bras Fitness Padded Backless Yoga Crop Tank Top Twist Back Cami,This workout tops for women are also good for small waist and wide back
Aoxjox Women's Workout Sports Bras Fitness Padded Backless Yoga Crop Tank Top Twist Back Cami,"You will fall in love with them as they feel less restricted, RUN to get it !!"
Aoxjox Women's Workout Sports Bras Fitness Padded Backless Yoga Crop Tank Top Twist Back Cami,
