﻿标题,详情
"CRZ YOGA Mens 4-Way Stretch Golf Joggers with Pockets 30""/32"" - Track Gym Athletic Workout Hiking Pants",Designed for daily wear or workout
"CRZ YOGA Mens 4-Way Stretch Golf Joggers with Pockets 30""/32"" - Track Gym Athletic Workout Hiking Pants","4-way stretch, premium soft, wrinkle-free, decent thick and cool to touch"
"CRZ YOGA Mens 4-Way Stretch Golf Joggers with Pockets 30""/32"" - Track Gym Athletic Workout Hiking Pants","30"" Inseam"
"CRZ YOGA Mens 4-Way Stretch Golf Joggers with Pockets 30""/32"" - Track Gym Athletic Workout Hiking Pants",Two Side zipper pockets for your phone or other essentials
"CRZ YOGA Mens 4-Way Stretch Golf Joggers with Pockets 30""/32"" - Track Gym Athletic Workout Hiking Pants",Slim tapered joggers with ankle zippers fit you better
"CRZ YOGA Mens 4-Way Stretch Golf Joggers with Pockets 30""/32"" - Track Gym Athletic Workout Hiking Pants",Elastic waistband with drawstring
"CRZ YOGA Mens 4-Way Stretch Golf Joggers with Pockets 30""/32"" - Track Gym Athletic Workout Hiking Pants",
