﻿标题,详情
Mippo Long Workout Tops for Women Short Sleeve Pleated Back Yoga Shirts Loose Fit,"Made of soft, lightweight and breathable fabric that washes well and is not see through. Features longer length, short sleeve, scoop neck, pleated back and loose fit"
Mippo Long Workout Tops for Women Short Sleeve Pleated Back Yoga Shirts Loose Fit,"This workout top runs a little longer to cover behind, the neckling is perfect that there is no issue when bending over, and the pleat on the back adds it a little flare"
Mippo Long Workout Tops for Women Short Sleeve Pleated Back Yoga Shirts Loose Fit,"Flowy but not baggy, and flattering but not clingy, you will feel comfortable wearing this athleisure top over a sports bra with leggings or under a jacket for the silky feel fabric"
Mippo Long Workout Tops for Women Short Sleeve Pleated Back Yoga Shirts Loose Fit,"This athletic top is perfect for yoga, gym, exercise, tennis, pilates, or walking etc., and is ideal for those who are looking for an active top that's relaxed but doesn't reveal everything"
Mippo Long Workout Tops for Women Short Sleeve Pleated Back Yoga Shirts Loose Fit,"Notice: Please check the size information before ordering instead of the default amazon size chart. If you have a large chest or long torso, you might need size up"
Mippo Long Workout Tops for Women Short Sleeve Pleated Back Yoga Shirts Loose Fit,
