﻿标题,详情
Mippo Workout Tops for Women Cropped Open Back Sleeveless Tank Tops Athletic Gym Yoga Shirts Loose Fit,"Soft fabic : 95% Modal and 5% Spandex to keep you comfort, feel cool, lightweight, soft fabric for all-day comfort"
Mippo Workout Tops for Women Cropped Open Back Sleeveless Tank Tops Athletic Gym Yoga Shirts Loose Fit,"Features : Cute and sports, mid-crop length, high round neck, backless top, sleeveless tops, and loose front design"
Mippo Workout Tops for Women Cropped Open Back Sleeveless Tank Tops Athletic Gym Yoga Shirts Loose Fit,"Design : The opening at the back of this shirt is very cute, adds a little detials that makes it cool and airflow during exercise. Suitable cut of arm hole design lets the tank hang over liberally for a relaxed feel. High neckling with flowy and flattering front design fall just about the belly button, ensures maximum comfort during intense workouts"
Mippo Workout Tops for Women Cropped Open Back Sleeveless Tank Tops Athletic Gym Yoga Shirts Loose Fit,"Match and Occasions : Open back workout tank top can be dressed up and down, pair perfectly with your favorite high waisted workout, yoga pants, leggings, shorts or jeans. Suitable for workout, gym, running, dance, hiking, tennis etc., or just casual daily wear"
Mippo Workout Tops for Women Cropped Open Back Sleeveless Tank Tops Athletic Gym Yoga Shirts Loose Fit,Notice : Please check the size information in the description below before ordering instead of the default amazon size chart
Mippo Workout Tops for Women Cropped Open Back Sleeveless Tank Tops Athletic Gym Yoga Shirts Loose Fit,
