﻿标题,详情
Libin Women's Cargo Joggers Lightweight Quick Dry Hiking Pants Athletic Lounge Casual Travel Petite/Regular/Tall,"Fabric is super lightweight, slightly elastic, quick dry and comfortable"
Libin Women's Cargo Joggers Lightweight Quick Dry Hiking Pants Athletic Lounge Casual Travel Petite/Regular/Tall,UPF 50+ treatment provides excellent UV protection. Water resistant capacity helps resist light moisture
Libin Women's Cargo Joggers Lightweight Quick Dry Hiking Pants Athletic Lounge Casual Travel Petite/Regular/Tall,"5 functional pockets including 2 side zip pockets, 2 cargo pockets with hook-and-loop closure and 1 back zip pocket"
Libin Women's Cargo Joggers Lightweight Quick Dry Hiking Pants Athletic Lounge Casual Travel Petite/Regular/Tall,Elastic wasitband with drawstring for a adjustable fit. Stretchy ankle cuffs for a sporty look and easy wear
Libin Women's Cargo Joggers Lightweight Quick Dry Hiking Pants Athletic Lounge Casual Travel Petite/Regular/Tall,"These versatile jogger pants are perfect for lounge, travel, hiking, workout, walking or daily wear"
Libin Women's Cargo Joggers Lightweight Quick Dry Hiking Pants Athletic Lounge Casual Travel Petite/Regular/Tall,
