﻿标题,详情
Real Essentials 3 Pack: Women's Ribbed Lounge Jogger Cuffed Yoga SweatpantsPockets (Available in Plus),"Ultimate Comfort for Lounge Pants Women Love: Designed with ultra-soft, breathable fabric, these women's lounge pants are perfect for lounging at home, yoga, or as cozy ladies lounge pants for pajamas. Must-have in women’s apparel for comfy nights or active days."
Real Essentials 3 Pack: Women's Ribbed Lounge Jogger Cuffed Yoga SweatpantsPockets (Available in Plus),"Adjustable Fit for All Women: These high-waisted women lounge pants feature an elastic waistband for a customizable fit, ideal for lounge pants women with pockets and suitable for all body types, including plus sizes."
Real Essentials 3 Pack: Women's Ribbed Lounge Jogger Cuffed Yoga SweatpantsPockets (Available in Plus),"Functional Design with Pockets: Spacious pockets make these womens lounge pants perfect for casual outings, running errands, or staying organized during workouts. Lightweight and quick-dry, they’re great for lounging, yoga, or hiking."
Real Essentials 3 Pack: Women's Ribbed Lounge Jogger Cuffed Yoga SweatpantsPockets (Available in Plus),"Soft Lounge Pants Women Adore: The ribbed texture and cuffed ankles add a stylish touch to these comfy lounge pants women can wear for sleepwear, sports, or even casual activities."
Real Essentials 3 Pack: Women's Ribbed Lounge Jogger Cuffed Yoga SweatpantsPockets (Available in Plus),"Durable, Easy Care Material: Crafted from a stretchy cotton and spandex blend, these soft lounge pants women will last for years. Machine washable, lightweight, and breathable, they’re perfect as cozy pajama bottoms or ladies lounge pants for summer workouts."
Real Essentials 3 Pack: Women's Ribbed Lounge Jogger Cuffed Yoga SweatpantsPockets (Available in Plus),
