﻿标题,详情
Misyula Womens Golf Shirt Quick Dry Half Sleeve Quarter Zip Polo Workout Tops Tennis Shirts M-3XL,"Half Sleeve Design: The raglan sleeves are approximately elbow length, which is flattering and provides just the right amount of coverage, as well as protecting your skin from UV rays"
Misyula Womens Golf Shirt Quick Dry Half Sleeve Quarter Zip Polo Workout Tops Tennis Shirts M-3XL,"Quarter zip collar: You can freely adjust the depth of the collar according to your outfit matching or temperature, easily transforming the v-neck polo shirt into a turtleneck top, looking professional and stylish in any occasions"
Misyula Womens Golf Shirt Quick Dry Half Sleeve Quarter Zip Polo Workout Tops Tennis Shirts M-3XL,"Sporty Fabric: Women's golf shirts are made of stretchy, soft, breathable, moisture-wicking fabric that quickly wicks sweat away from the skin, keeping you dry all day long and fully enjoy movements"
Misyula Womens Golf Shirt Quick Dry Half Sleeve Quarter Zip Polo Workout Tops Tennis Shirts M-3XL,"Athleisure: This quarter zip shirt is elegant and comfortable for daily casual wear and any sports occasions, such as golf, tennis, badminton, fitness, running, cycling, outdoor, hanging out, walking, camping, outdoors, travel, or work"
Misyula Womens Golf Shirt Quick Dry Half Sleeve Quarter Zip Polo Workout Tops Tennis Shirts M-3XL,"Easy Match: Misyula Style Womens polo shirts with a variety of prints are easy to match with different styles of clothing, such as skirts, gym shorts, leggings, jeans"
Misyula Womens Golf Shirt Quick Dry Half Sleeve Quarter Zip Polo Workout Tops Tennis Shirts M-3XL,
