﻿标题,详情
"Dragon Fit Joggers for Women with Pockets,High Waist Workout Yoga Tapered Sweatpants Women's Lounge Pants","Dragon fit design: light weight tapered lounge pants provide more comfortable for outdoor activity; Features two fixed side pockets, the pockets are deep enough to store your phone, keys and wallet, easy to access"
"Dragon Fit Joggers for Women with Pockets,High Waist Workout Yoga Tapered Sweatpants Women's Lounge Pants","All-purpose pants:the high waist tummy control joggers by dragon fit are the affordable sport pants whether you’re working out in the gym or lounging at home; With a wide high rise waistband together with tummy control, these joggers are perfect for active women and daily live"
"Dragon Fit Joggers for Women with Pockets,High Waist Workout Yoga Tapered Sweatpants Women's Lounge Pants","Taperrd leg: elasticized ankle cuffs are easy wearing ;and tapered legs design with elastic ankle cuff provides a versatile and athletic fit, comfy at the ankles, ease at any time, offers an active look"
"Dragon Fit Joggers for Women with Pockets,High Waist Workout Yoga Tapered Sweatpants Women's Lounge Pants","Taperrd Leg: Elasticized ankle cuffs are easy wearing ;And tapered legs design with elastic ankle cuff provides a versatile and athletic fit, comfy at the ankles, ease at any time, offers an active look"
"Dragon Fit Joggers for Women with Pockets,High Waist Workout Yoga Tapered Sweatpants Women's Lounge Pants",
