﻿标题,详情
Bestisun Women Workout Athletic Yoga Shirts Loose Fit Racerback Long Tank Tops,"Racerback Design: The unique back design makes you more breathable, flexible, comfortable for workout or everyday wear, and adds a cute look."
Bestisun Women Workout Athletic Yoga Shirts Loose Fit Racerback Long Tank Tops,"Match: Pair Perfectly with your pants, leggings, skirts, shorts or depending on the occasion, make you more beautiful, fashion and confident."
Bestisun Women Workout Athletic Yoga Shirts Loose Fit Racerback Long Tank Tops,"Material: Breathable, Strechy, Lightweight, feel relax and comfortable when you wear it. Super soft fabric, breathable, easy to care, comfortable and cute, great for sports yoga workout or casual clothes."
Bestisun Women Workout Athletic Yoga Shirts Loose Fit Racerback Long Tank Tops,"Bestisun workout shirts are suitable for yoga, exercise, fitness, gym, running, any type of workout or casual daily wear. Our workout shirts combine fashion, function and performance."
Bestisun Women Workout Athletic Yoga Shirts Loose Fit Racerback Long Tank Tops,"NOTICE: If you can not accept the effect of short or small, it is recommended to buy a larger size. Of course, there are many people who prefer short styles, so you can choose according to your preference. Please check the size chart in the description below or picture before ordering instead of the default amazon size chart."
Bestisun Women Workout Athletic Yoga Shirts Loose Fit Racerback Long Tank Tops,
