﻿标题,详情
ANRABESS Women Summer Mini Romper Dress Workout Tennis Active Sports Athletic Outfits Built in Shorts Trendy Vacation,"Size - XS-(2-4 ), S=US(6-8), M=US(10-12), L=US(14-16), XL=US(18-20),XXL=US(22-24). Please refer to our size chart carefully to find your perfect fit before ordering!"
ANRABESS Women Summer Mini Romper Dress Workout Tennis Active Sports Athletic Outfits Built in Shorts Trendy Vacation,"Features - This workout mini dress build in shapewear featured spaghetti straps, V neck, patch pockets, solid color, making it perfect for staying cool and stylish during hot summer days."
ANRABESS Women Summer Mini Romper Dress Workout Tennis Active Sports Athletic Outfits Built in Shorts Trendy Vacation,"Versatile Wear - Beach activities, shopping, tennis, running, daily wear, hang out, etc. This casual mini active dress is ideal for your summer wardrobe, whether you're going out or at home. It can also be paired with sandals, sneaker, boots, and other accessories to create a casual and comfy look."
ANRABESS Women Summer Mini Romper Dress Workout Tennis Active Sports Athletic Outfits Built in Shorts Trendy Vacation,"Fabric - The sleeveless sundress is made by 60% Polyester + 35% Rayon + 5% Spandex. It's soft, lightweight, skin friendly and breathable, keep you cool and comfortable during sports and daily wear, perfect for summer wear."
ANRABESS Women Summer Mini Romper Dress Workout Tennis Active Sports Athletic Outfits Built in Shorts Trendy Vacation,Wash Care - Keep your summer romper looking its best by hand/machine washing in cold water and hanging it to dry. Iron on padded cloth.
ANRABESS Women Summer Mini Romper Dress Workout Tennis Active Sports Athletic Outfits Built in Shorts Trendy Vacation,
