﻿标题,详情
QINSEN Workout Sets for Women 2 Piece Seamless Ribbed Crop Tank High Waist Shorts Yoga Outfits,"MATERIAL: 78% nylon + 22% spandex, ribbed stretchy fabric; high impact;quick-drying fabric Wear-resistant high elastic,skin-friendly, Moisture wicking,comfortable,breathable.medium thickness, 4-way stretch material to promote both soft and compression."
QINSEN Workout Sets for Women 2 Piece Seamless Ribbed Crop Tank High Waist Shorts Yoga Outfits,"MOISTURE WICKING:knit ribbed material has strong sweat absorption capacity,Let your skin get rid of stickiness,It provides lightweight comfort along with sweat absorption,reducing stickiness when sweating, keeping you dry and non-sticky during exercise, and enjoy the joy of yoga and exercise."
QINSEN Workout Sets for Women 2 Piece Seamless Ribbed Crop Tank High Waist Shorts Yoga Outfits,"TUMMY CONTROL BIKER SHORTS:tummy control mid thigh length workout short leggings. cut to a flattering high waist, secure ribbed waistband,sweat and squat proof,seamless ribbed knit fabric,tight cut to the body,the thick supportive band is made to keep you secure. our all new ribbed, seamless knit fabric fits close-to the skin, giving comfortable stretch and freedom of movement"
QINSEN Workout Sets for Women 2 Piece Seamless Ribbed Crop Tank High Waist Shorts Yoga Outfits,"OCCASION: Suitable for sport, gym, yoga, exercise, fitness, running, jogging, outdoor, any type of workout, or everyday use. Perfect for an everyday active lifestyle."
QINSEN Workout Sets for Women 2 Piece Seamless Ribbed Crop Tank High Waist Shorts Yoga Outfits,
