﻿标题,详情
Women's Flare Yoga Pants with Pockets-V Crossover High Waisted Bootcut Yoga Leggings-Flare Workout Gym Leggings,"DESIGN：It is a new fashion trend of these cross waist FLARE leggings, the V-shaped design can not only tummy control but also exposes the belly button, and shows your slender waist curve, butt lift shapes your legs and butt, Whether you are in the workplace or in the gym, you can show your sexy waist curve."
Women's Flare Yoga Pants with Pockets-V Crossover High Waisted Bootcut Yoga Leggings-Flare Workout Gym Leggings,"FABRIC:Our flare yoga pants are made of 80% Polyester + 20% Spandex, No pilling, Non-fading, Good touching, Light-weight, Ultra soft! The 4-Way stretchable fabric is chosen to ensure no itching, irritation or chafing, moisture-wicking. It helps to dissipate heat and smell, wicks away sweat quickly, keeps your skin dry. Also, our squat-proof workout leggings thick enough for work dress pants and definitely non-see through, feel like you're floating on a cloud."
Women's Flare Yoga Pants with Pockets-V Crossover High Waisted Bootcut Yoga Leggings-Flare Workout Gym Leggings,"FEATURES: Copyleaf flare Yoga leggings will remind you with these features: two practical large pockets, Flare Legs, Slim Fit, Crossover waist,Tummy Control, Bootleg, Bootcut, Buttery Soft, Lightweight, Stretchy, Squat Proof, Skinny Leg, Full Length, wide leg pants for women, casual lounge pants, work dress pants, jazz Pants, cross waist leggings, workout leggings for women."
Women's Flare Yoga Pants with Pockets-V Crossover High Waisted Bootcut Yoga Leggings-Flare Workout Gym Leggings,"OCCASIONS: The yoga pants are so soft, breathable and comfortable, you can definitely wear all seasons. Our Yoga leggings would be your Best Choice either for work or casual wear, these work dress pants can be matched with a variety of clothing and shoes at all kinds of different workplaces. Not only can you wear it in Pilates, yoga, gym, indoor sports, and outing exercises, it can also be used as a wide leg pants, workout leggings, and other daily wear to create a fashionable sports style."
Women's Flare Yoga Pants with Pockets-V Crossover High Waisted Bootcut Yoga Leggings-Flare Workout Gym Leggings,"SERVICE：Copyleaf high waist yoga pants are sold with a 30-day, full-money-back warranty and can be returned no questions asked. Please refer to the size chart for shopping and machine washing. We have excellent after-sales service, and we will solve any problems you encounter during the shopping process. Add these workout leggings to your cart by clicking the ""Add-to-Cart"" button and get it now!"
Women's Flare Yoga Pants with Pockets-V Crossover High Waisted Bootcut Yoga Leggings-Flare Workout Gym Leggings,
