﻿标题,详情
EFAN Women's Drawstring Zip Up Cute Hoodies Fall Jacket Oversized Casual Sweatshirts with Pocket,"No compromises on comfort. Super-soft fleece fabric means you'll be cozy all day long. Hood has an adjustable drawstring, and kangaroo pocket at front."
EFAN Women's Drawstring Zip Up Cute Hoodies Fall Jacket Oversized Casual Sweatshirts with Pocket,"This will be your favorite hoodie in no time. With dropped shoulders for a relaxed and comfortable fit, this loose fitting hooded sweatshirt is just what you need for those cooler days and nights."
EFAN Women's Drawstring Zip Up Cute Hoodies Fall Jacket Oversized Casual Sweatshirts with Pocket,"Pair this cute sweatshirts with leggings, jeans, shorts or skirts for a chic look.Your pre- and post-workout dressing plan are all zipped up when you wear this hoodie over gym gear."
EFAN Women's Drawstring Zip Up Cute Hoodies Fall Jacket Oversized Casual Sweatshirts with Pocket,"MACHINE WASH COLD, TUMBLE DRY LOW: To maintain your apparel's vibrant color we recommend machine washing with laundry bag on cold."
EFAN Women's Drawstring Zip Up Cute Hoodies Fall Jacket Oversized Casual Sweatshirts with Pocket,Size: Please Refer To Size Chart For Details Before Purchase.
EFAN Women's Drawstring Zip Up Cute Hoodies Fall Jacket Oversized Casual Sweatshirts with Pocket,
