﻿标题,详情
Dokotoo Oversized Hoodies for Women Casual Long Sleeve Waffle Knit Drawstring Side Slit Pullover Sweatshirts with Pocket,"Material: Oversized hoodies for women are made of waffle knit fabric and comfy to wear. Womens hoodie featured with oversized style and with pocket, perfect solid color tunic tops to wear with leggings."
Dokotoo Oversized Hoodies for Women Casual Long Sleeve Waffle Knit Drawstring Side Slit Pullover Sweatshirts with Pocket,"Features: Solid Color, Hooded Neck, Long Sleeve, Drawstring, Front Pocket, Oversized Sweatshirts for Women, Casual Chic Hooded Style, Reduce Body Bearing, Shows Good Figure, Super Soft, Comfy and Close to Your Skin. Fall Outfits for Women 2024"
Dokotoo Oversized Hoodies for Women Casual Long Sleeve Waffle Knit Drawstring Side Slit Pullover Sweatshirts with Pocket,"Design: The tunic length offers a flattering silhouette, while the front big pocket combines functionality with style, making these hoodies a practical and trendy choice for your wardrobe."
Dokotoo Oversized Hoodies for Women Casual Long Sleeve Waffle Knit Drawstring Side Slit Pullover Sweatshirts with Pocket,"Match & Occasion: You can wear these casual loose hoodies can be matched with jeans, leggings, boots and jackets,cardigan all year round and any occasion, for example, stay home/ go shopping/ working/ Casual Beach/ Party/ night out."
Dokotoo Oversized Hoodies for Women Casual Long Sleeve Waffle Knit Drawstring Side Slit Pullover Sweatshirts with Pocket,Garment Care: Hand wash or gentle machine wash in cold water/Hang or line dry/ Do not bleach/Wash similar colors together in cold water to prevent color bleeding.
Dokotoo Oversized Hoodies for Women Casual Long Sleeve Waffle Knit Drawstring Side Slit Pullover Sweatshirts with Pocket,
