﻿标题,详情
"YITTY Active Women's UltraLuxe Cropped Full Zip Jacket, Athleisure, 4-Way-Stretch, Thumbholes","Fitted, Cropped Design: This cropped performance jacket flatters every figure and is perfect for layering with your favorite women’s workout clothes. Available in sizes XS to XL, with plus size options coming soon."
"YITTY Active Women's UltraLuxe Cropped Full Zip Jacket, Athleisure, 4-Way-Stretch, Thumbholes","Full Zip Front for Easy Layering: This jacket is the perfect light layer over any outfit, providing both style and functionality. Designed with princess seams, this jacket gives you a sleek, contoured silhouette."
"YITTY Active Women's UltraLuxe Cropped Full Zip Jacket, Athleisure, 4-Way-Stretch, Thumbholes","Thumbholes for Extra Comfort: Features convenient thumbholes for added comfort and warmth, perfect for outdoor workouts on cooler days."
"YITTY Active Women's UltraLuxe Cropped Full Zip Jacket, Athleisure, 4-Way-Stretch, Thumbholes",Convenient Back Pocket: Stash your must-haves from keys to lip balm in the handy back pocket.
"YITTY Active Women's UltraLuxe Cropped Full Zip Jacket, Athleisure, 4-Way-Stretch, Thumbholes","Buttery-Soft Fabric: Made from moisture-wicking UltraLuxe fabric with 4-way stretch, this jacket is ideal for all day, everyday wear."
"YITTY Active Women's UltraLuxe Cropped Full Zip Jacket, Athleisure, 4-Way-Stretch, Thumbholes",
