﻿标题,详情
OMKAGI Women Ribbed Workout Sets Seamless Strappy Sport Bra Butt Lifting Leggings Outfits,"Backless Crisscross Strappy Crop Top: Fashion square neck sleeveless workout top with open back multi strap back detailing, medium impact, removable padded, thick ribbed underband ensures a stay-put fit."
OMKAGI Women Ribbed Workout Sets Seamless Strappy Sport Bra Butt Lifting Leggings Outfits,"Seamless High Waisted Workout Leggings: Sexy push up tummy control compression gym leggings with v back design, no camel toe, without scrunch butt. Slimming booty workout outfits, supportive ribbed wide waistband, pass squat proof, no slip."
OMKAGI Women Ribbed Workout Sets Seamless Strappy Sport Bra Butt Lifting Leggings Outfits,"Buttery Soft Fabric: Nylon and Spandex. The cute workout sets for women 2 piece, lightweight, 4-way stretch, non see-through, breathable, quick-drying, sweat-wicking and skin-friendly."
OMKAGI Women Ribbed Workout Sets Seamless Strappy Sport Bra Butt Lifting Leggings Outfits,"Occasion: This black two piece workout sets for women is prefer for sports, workout, yoga, running, gym, training, exercise, fitness, jogging, cycling or daily wear."
OMKAGI Women Ribbed Workout Sets Seamless Strappy Sport Bra Butt Lifting Leggings Outfits,OMKAGI Size Chart: The size of OMKAGI criss cross black crop tank tops and high anti cellulite athletic shorts [ S fit for US 4 ] [ M fit for US 6 ] [ L fit for US 8 ]. Please see our size chart before you order.
OMKAGI Women Ribbed Workout Sets Seamless Strappy Sport Bra Butt Lifting Leggings Outfits,
