﻿标题,详情
UEU Women Oversized Striped Crewneck Sweatshirt Long Sleeve Color Block Pullover Tops Casual Loose Workout Shirt,"Comfort: Oversized cotton sweatshirt is soft, comfy, breathable, and skin-friendly, ensuring comfort throughout the day. The striped sweatshirts is cozy, lightweight yet warm, providing comfort throughout the year, suitable for all seasons."
UEU Women Oversized Striped Crewneck Sweatshirt Long Sleeve Color Block Pullover Tops Casual Loose Workout Shirt,"Design: UEU basic sweatshirts feature a color block striped design with long batwing sleeves, a crew neck, drop shoulder, and ribbed cuffs and hem. The loose fit and unique stripe pattern contribute to a trendy, youthful vibe. TO WEAR IT WITH A SNUGGER FIT, CHOOSE ONE SIZE SMALLER."
UEU Women Oversized Striped Crewneck Sweatshirt Long Sleeve Color Block Pullover Tops Casual Loose Workout Shirt,"Matching Outfits: Oversized striped sweatshirt can be easily paired with various bottom options including shorts, skirts, jeans, leggings, and pants, along with sneakers and casual shoes. They also complement outerwear such as jackets, coats, vests, and cardigans."
UEU Women Oversized Striped Crewneck Sweatshirt Long Sleeve Color Block Pullover Tops Casual Loose Workout Shirt,"Occasions: Suitable for a plethora of occasions ranging from casual outings to more formal settings like work, school, clubbing, nights out, holidays, weekends, vacations, and even office wear. Additionally, they are ideal for sports, workouts, and outdoor activities."
UEU Women Oversized Striped Crewneck Sweatshirt Long Sleeve Color Block Pullover Tops Casual Loose Workout Shirt,"Care: Recommend referencing the size chart before ordering. FOR A MORE TAILORED LOOK, SIMPLY SIZE DOWN. Machine wash in cold water, no bleaching, and hanging or line drying. Fashion Trendy sweatshirts as gifts for various recipients, such as wives, girlfriends, daughters, sisters, and friends. They are wardrobe essentials for women and teen girls."
UEU Women Oversized Striped Crewneck Sweatshirt Long Sleeve Color Block Pullover Tops Casual Loose Workout Shirt,
