﻿标题,详情
Aoxjox Workout Seamless Leggings for Women High Waisted Fitness Yoga Contour Sculpt Pants,"Ture to size, run a bit large size down in between.The 22-inch inseam stretches to 24 inches due to the seamless fabric's great elasticity."
Aoxjox Workout Seamless Leggings for Women High Waisted Fitness Yoga Contour Sculpt Pants,Seamless fabric
Aoxjox Workout Seamless Leggings for Women High Waisted Fitness Yoga Contour Sculpt Pants,Scrunch detail
Aoxjox Workout Seamless Leggings for Women High Waisted Fitness Yoga Contour Sculpt Pants,Contour design
Aoxjox Workout Seamless Leggings for Women High Waisted Fitness Yoga Contour Sculpt Pants,"22"" inseam"
Aoxjox Workout Seamless Leggings for Women High Waisted Fitness Yoga Contour Sculpt Pants,
