﻿标题,详情
Tanst Sky Women Tie Dye Sweatshirt Long Sleeve Crew Neck Shirt Color Block Loose Pullover Tops,"Feature: Cotton tie dye sweatshirt women,color block Long sleeve shirt,loose fitting pullover,casual ribbed sleeve tops."
Tanst Sky Women Tie Dye Sweatshirt Long Sleeve Crew Neck Shirt Color Block Loose Pullover Tops,"Design: Oversize sweatshirts are great to hide your tummy well,show your feminine curve and brings you a good sense of comfort. Unique color block tie dye printed make you more chic."
Tanst Sky Women Tie Dye Sweatshirt Long Sleeve Crew Neck Shirt Color Block Loose Pullover Tops,"Match: Cute crewneck pullover tops,goes well with leggings,yoga pants,jeans,shorts,slacks,skirts,cardigan,sweater and boots for fall, winter, spring."
Tanst Sky Women Tie Dye Sweatshirt Long Sleeve Crew Neck Shirt Color Block Loose Pullover Tops,"Occasions: Stylish tie dye sweatshirts for daily casual wear,loungewear,workout,activewear,vacation,trip,party,dinner,day date,travel,graduation,etc...."
Tanst Sky Women Tie Dye Sweatshirt Long Sleeve Crew Neck Shirt Color Block Loose Pullover Tops,"Note: Hand wash or machine Wash. No bleach, natural air drying is better. Please refer to the Size Chart at the Product Description or Image for ordering a right size."
Tanst Sky Women Tie Dye Sweatshirt Long Sleeve Crew Neck Shirt Color Block Loose Pullover Tops,
