﻿标题,详情
Dokotoo Women's Casual Half Zip Long Sleeve Pullover Shirts Solid Color Textured Sweatshirt Tunic Tops,Dokotoo Women's Quarter Zip Up Pullover Shirts is made with lhigh-quality knitted fabric that makes you feeling well for the soft skin.
Dokotoo Women's Casual Half Zip Long Sleeve Pullover Shirts Solid Color Textured Sweatshirt Tunic Tops,"Features：Womens Pullover Sweatshirt, Long Sleeve Shirts for Women, Fall Outfits for Women 2024, Exquisite Pleated Texture, Half Zip Collar, Womens Sweatshirt No Hood, Fall Sweatshirts for Women Loose Fit, Relaxed Fit, Fashion and Casual Style, Solid Color , Fall Jackets for Women."
Dokotoo Women's Casual Half Zip Long Sleeve Pullover Shirts Solid Color Textured Sweatshirt Tunic Tops,"Style: Our long sleeve womens sweatshirt makes the perfect athleisure style. Easily pair it with jeans, shorts, leggings, skirts for a casual everyday look. The simple silhouette is casual chic and never out of date."
Dokotoo Women's Casual Half Zip Long Sleeve Pullover Shirts Solid Color Textured Sweatshirt Tunic Tops,"Occasion: 2024 Latest Fashion Womens Shirt are suitable for daily life, party, school, vacation, office, work, sportswear, home etc."
Dokotoo Women's Casual Half Zip Long Sleeve Pullover Shirts Solid Color Textured Sweatshirt Tunic Tops,"Package Content: 1 x Women's Tops Shirts. Please Refer to the Dokotoo Size Chart before Ordering. Anyother questions, please contact us via amazon."
Dokotoo Women's Casual Half Zip Long Sleeve Pullover Shirts Solid Color Textured Sweatshirt Tunic Tops,
