﻿标题,详情
CADMUS 2 in 1 Women's Workout Shorts for Athletic Gym Running Shorts with Phone Pockets,"2 in1 Double Layer Design: Elastic inner layer with ergonomic design can provide greater freedom of movement, No riding up, No rolling up, you can move freely and comfortably as you run, jump, twist and bend"
CADMUS 2 in 1 Women's Workout Shorts for Athletic Gym Running Shorts with Phone Pockets,"Outer layer side split design, loose fit shorts with the visual of culottes offer wider range of motion, it makes you look more beautiful while exercising, and protects your privacy."
CADMUS 2 in 1 Women's Workout Shorts for Athletic Gym Running Shorts with Phone Pockets,"Quick-drying, moisture wicking, lightweight and breathable material wicks away sweat to keep you cool and comfortable"
CADMUS 2 in 1 Women's Workout Shorts for Athletic Gym Running Shorts with Phone Pockets,"Inner layer Spandex Shorts with a elastic phone pocket on the right side can hold plus phone properly, free your hands when workout."
CADMUS 2 in 1 Women's Workout Shorts for Athletic Gym Running Shorts with Phone Pockets,"Soft elastic waistband fits comfortably without falling down, perfect for running, workout, exercise, gym, fitness, jogging, daily wear."
CADMUS 2 in 1 Women's Workout Shorts for Athletic Gym Running Shorts with Phone Pockets,
