﻿标题,详情
PINSPARK Womens 2 Piece Outfits Fleece Sweatsuit Half Zip Pullover Track Suit Jogger Sweatshirt and Sweatpants Matching Set,"Size Chart : This sweatsuit is in a relaxed fit, perfect for ranging from 5'4"" to 5'7"". Please Refer to Our Size Chart before Ordering."
PINSPARK Womens 2 Piece Outfits Fleece Sweatsuit Half Zip Pullover Track Suit Jogger Sweatshirt and Sweatpants Matching Set,"Fleece Fabric : PINSPARK travel outfits for women is made from fleece fabric , ensuring a comfortable experience. The polyester and cotton material is breathable and features four-way stretch. Combining luxury and comfort, it is ideal for long flights and leisurely weekdays."
PINSPARK Womens 2 Piece Outfits Fleece Sweatsuit Half Zip Pullover Track Suit Jogger Sweatshirt and Sweatpants Matching Set,"Comprehensive Design : PINSPARK matching sets women clothing features a quarter zip, thumb holes at the cuffs, and a drawstring waist, offering both convenience and style. Both the top and jogger sweatpants come with pockets, perfect for carrying your travel essentials."
PINSPARK Womens 2 Piece Outfits Fleece Sweatsuit Half Zip Pullover Track Suit Jogger Sweatshirt and Sweatpants Matching Set,"Effortless Matching : The classic look of PINSPARK airport outfits for women 2024 makes it easy to coordinate with various outfits. Wear it as a matching sets, or mix and match the sweatshirt and jogger pants with your wardrobe. This fall outfits for women allows you to create stylish looks effortlessly."
PINSPARK Womens 2 Piece Outfits Fleece Sweatsuit Half Zip Pullover Track Suit Jogger Sweatshirt and Sweatpants Matching Set,"Occasions : Suitable for various scenarios, including lounge at home, long flights, airport , vacation, casual ,going out, college, and even jogging or hitting the gym during your trip. This sweatsuits women 2 piece outfit ensures you are always comfortable and stylish."
PINSPARK Womens 2 Piece Outfits Fleece Sweatsuit Half Zip Pullover Track Suit Jogger Sweatshirt and Sweatpants Matching Set,
