﻿标题,详情
Kimmery Workout Tops for Women Long Sleeve Shirts for Women Quick Dry Line Decor Yoga Tops Sizes S-3XL,Quick Dry: Our workout tops for women are made from quick drying fabrics with high moisture-wicking to keep you dry and cool. Stretchy fabrics never out of shape.
Kimmery Workout Tops for Women Long Sleeve Shirts for Women Quick Dry Line Decor Yoga Tops Sizes S-3XL,"Unique Design: Long sleeve shirts for women with curved lines in the front adds a dynamic feel that makes you look stylish in the crowd. The loose tee style offers room to move while still hugging your curves, easily updating your slim look and making you cute."
Kimmery Workout Tops for Women Long Sleeve Shirts for Women Quick Dry Line Decor Yoga Tops Sizes S-3XL,"Performance Features: Womens workout tops with high stretch fabric provides greater freedom of motion,workout without restraint.And the T shirt style flowy top enhances coverage,which deliver a athleisure silhouette easily."
Kimmery Workout Tops for Women Long Sleeve Shirts for Women Quick Dry Line Decor Yoga Tops Sizes S-3XL,"Perfect Match: The workout tops for women is perfectly pair with capris, skorts, leggings, skirts, jeans and sport shoes, etc. It can also be worn as a basic underwear in a jacket or sweatshirt when the weather gets cold. All seasons available."
Kimmery Workout Tops for Women Long Sleeve Shirts for Women Quick Dry Line Decor Yoga Tops Sizes S-3XL,"Multiple Occasions: This long sleeve shirts for women is suitable for Yoga, Gym, Fitness, Running, Hiking, Jogging and any type of workout or everyday use. Essential workout shirts for women,ladies,juniors and teen girls."
Kimmery Workout Tops for Women Long Sleeve Shirts for Women Quick Dry Line Decor Yoga Tops Sizes S-3XL,
