﻿标题,详情
ANRABESS Women Rompers Running Exercise Workout Set One Piece Jumpsuits Gym Yoga Outfits 2025 Summer Active Wear Clothes,"Fit Type - Regular, Size down if between bust and waist sizes."
ANRABESS Women Rompers Running Exercise Workout Set One Piece Jumpsuits Gym Yoga Outfits 2025 Summer Active Wear Clothes,"Size - S=US(4-6), M=US(8-10), L=US(12-14), XL=US(16-18). Refer to our description for more details."
ANRABESS Women Rompers Running Exercise Workout Set One Piece Jumpsuits Gym Yoga Outfits 2025 Summer Active Wear Clothes,"Material - 75% Nylon and 25% Spandex, Stretch: High, Thickness: Medium, Softness: Skin-friendly"
ANRABESS Women Rompers Running Exercise Workout Set One Piece Jumpsuits Gym Yoga Outfits 2025 Summer Active Wear Clothes,"Washing - Recommend washing it by hand or machine with cold water, avoiding bleach. Iron with cloth, and flat to dry in a cool place"
ANRABESS Women Rompers Running Exercise Workout Set One Piece Jumpsuits Gym Yoga Outfits 2025 Summer Active Wear Clothes,"Features - This one-piece outfit will make you feel stylish and confident. No padding, center cooling cutout, strappy cutout back U-neck, slim-fitting tops and airy retro-style shorts. Our elastic workout jumpsuits for women are perfect for yoga and a variety of sports, including running, tennis, golf, cycling and more."
ANRABESS Women Rompers Running Exercise Workout Set One Piece Jumpsuits Gym Yoga Outfits 2025 Summer Active Wear Clothes,
