﻿标题,详情
"Amazon Essentials Workout Leggings for Women, High-Rise Active Sculpt Athleisure, Available in Plus Size","HIGH-RISE SUPPORT: Enjoy a snug fit with our high-waisted leggings, providing support and comfort by sitting on or above your natural waist"
"Amazon Essentials Workout Leggings for Women, High-Rise Active Sculpt Athleisure, Available in Plus Size",SCULPT AND SMOOTH: Experience enhanced performance with Active Sculpt technology in our women's workout leggings; streamlining your figure and wicking moisture
"Amazon Essentials Workout Leggings for Women, High-Rise Active Sculpt Athleisure, Available in Plus Size","VERSATILE DESIGN: Train confidently in our leggings for women, flattering your natural shape and sitting above the ankle, ideal for jogging, errands, or relaxing at home"
"Amazon Essentials Workout Leggings for Women, High-Rise Active Sculpt Athleisure, Available in Plus Size",CONVENIENT STORAGE: These women's leggings with pockets includes a soft elastic waistband and a hidden front pocket
"Amazon Essentials Workout Leggings for Women, High-Rise Active Sculpt Athleisure, Available in Plus Size","QUALITY AND COMFORT: Trust in our high-quality, women's activewear leggings with fully flat seamed construction that provide comfort, movement, and consistent sizing"
"Amazon Essentials Workout Leggings for Women, High-Rise Active Sculpt Athleisure, Available in Plus Size",
