﻿标题,详情
Lingswallow 2 Piece Women Lounge Sets - Sleeveless Crop Top and Shorts Waffle Lounge Set Tracksuits Sweatsuits for Women,"MATERIAL: 2 piece lounge sets for women are made from 55% polyester，40% Cotton，5%spandex,which is lightweight, comfortable, breathable."
Lingswallow 2 Piece Women Lounge Sets - Sleeveless Crop Top and Shorts Waffle Lounge Set Tracksuits Sweatsuits for Women,"DESIGN：Two piece sets for women include a color block sleeveless crop top and shorts with drawstring design. Womens shorts are equipped with double pockets for storing your mobile phone, keys and other items."
Lingswallow 2 Piece Women Lounge Sets - Sleeveless Crop Top and Shorts Waffle Lounge Set Tracksuits Sweatsuits for Women,"MATCHING：Womens sets 2 piece outfits can be worn as a travel outfits for women or as a sweatsuit set with sneakers, making it particularly suitable for busy modern people. In addition, the top and bottom can be worn separately, giving you unlimited style!"
Lingswallow 2 Piece Women Lounge Sets - Sleeveless Crop Top and Shorts Waffle Lounge Set Tracksuits Sweatsuits for Women,"OCCASIONS:The basic and casual design makes the casual outfits for women not only as sweatsuit, but also as 2 piece casual outfits for women, pajama suit, jogging suit, loungewear, daily wear, going out suit, ladies travelling wear and so on."
Lingswallow 2 Piece Women Lounge Sets - Sleeveless Crop Top and Shorts Waffle Lounge Set Tracksuits Sweatsuits for Women,"VARIOUS COLORS: black short sets for women, blue womens two piece summer sets, green womens loungewear set , rose vacation outfits for women, chartreuse airport outfits for women."
Lingswallow 2 Piece Women Lounge Sets - Sleeveless Crop Top and Shorts Waffle Lounge Set Tracksuits Sweatsuits for Women,
