﻿标题,详情
ODODOS 3-Pack Loose Tank Tops for Women Sleeveless Gym Athletic Workout Tops Yoga Shirts,"Designed for Yoga, Workout and Daily Life."
ODODOS 3-Pack Loose Tank Tops for Women Sleeveless Gym Athletic Workout Tops Yoga Shirts,"Ultra Soft: Modal fabric blend with polyester, Lightweight and breathable, silky soft, very comfy to wear."
ODODOS 3-Pack Loose Tank Tops for Women Sleeveless Gym Athletic Workout Tops Yoga Shirts,"Wide Armholes: Sophisticated crew neckline with a sleeveless design with wide armholes for a relaxed gentle fit, keep you cool and dry while workout."
ODODOS 3-Pack Loose Tank Tops for Women Sleeveless Gym Athletic Workout Tops Yoga Shirts,"Features: Relaxed silhouette, comfortable, flowy, makes this tank top timeless fashion, which makes you both chic and classic."
ODODOS 3-Pack Loose Tank Tops for Women Sleeveless Gym Athletic Workout Tops Yoga Shirts,"Easy-Match: This Breezy Tank is perfect to pair with your favorite shorts and leggings for a casual everyday look. Perfect for workout, running, yoga, tennis, active or casual at home."
ODODOS 3-Pack Loose Tank Tops for Women Sleeveless Gym Athletic Workout Tops Yoga Shirts,
