﻿标题,详情
AUTOMET Women's Half Zip Oversized Sweatshirts Fleece Pullover Long Hoodies Casual Mock Turtleneck Sweaters with Pockets,"Material: 50%Cotton+50%Polyester, the fabric is soft, lightweight and comfortable, which will definitely keep you warm in the fall and winter."
AUTOMET Women's Half Zip Oversized Sweatshirts Fleece Pullover Long Hoodies Casual Mock Turtleneck Sweaters with Pockets,"Design: Women's fleece lined athletic hoodies, women pullover sweatshirt, drop shoulder collar, kangaroo pockets, long sleeve with thumb holes, half zip up collar, the zipper works smoothly, solid color, stand collar, y2k clothing, fleece lined, soft inside, relaxed fit, crop top, fall/winter outfits for women."
AUTOMET Women's Half Zip Oversized Sweatshirts Fleece Pullover Long Hoodies Casual Mock Turtleneck Sweaters with Pockets,"Match:This winter half zip women's fashion hoodies & sweatshirts is easy to combine with casual athletic pants, joggers and wide-leg pants for a casual sport look, or perfect with shorts, sneaker, casual shoes to creating a fashion and chic looking in spring, fall and winter. It is the ideal choice in your wardrobe."
AUTOMET Women's Half Zip Oversized Sweatshirts Fleece Pullover Long Hoodies Casual Mock Turtleneck Sweaters with Pockets,"Occasion: Fleece Hoodies for women, suitable for casual, daily wear,office, playing ball, climbing, school, running, sport, gym, dancing, skating, hiking, biking, yoga, spring, fall and winter. Also an ideal birthday/ Christmas/ Thanksgiving gift for your family or friends."
AUTOMET Women's Half Zip Oversized Sweatshirts Fleece Pullover Long Hoodies Casual Mock Turtleneck Sweaters with Pockets,"Sweatshirts for women, half zip pullover women, 1/4 zipper design, hoodies for women, sweaters for women, fleece hoodies for women,sweatpants women,winter clothes fashion outfits."
AUTOMET Women's Half Zip Oversized Sweatshirts Fleece Pullover Long Hoodies Casual Mock Turtleneck Sweaters with Pockets,
