﻿标题,详情
"Leggings Depot Women's Relaxed-fit Jogger Track Cuff Sweatpants with Pockets for Yoga, Workout","All Day Comfort : Our original soft women's classic active pull-on jogger pants are made from premium quality breathable peachskin fabrics that will stretch in all directions. Designed for everyday wear, our special blend of polyester and spandex will keep you comfortable all the time."
"Leggings Depot Women's Relaxed-fit Jogger Track Cuff Sweatpants with Pockets for Yoga, Workout",Functional Two Pockets : The joggers have functional large pockets on both sides to hold your essentials during the activities. You can just put your phone & wallet into the pockets and keep enjoying your activity.
"Leggings Depot Women's Relaxed-fit Jogger Track Cuff Sweatpants with Pockets for Yoga, Workout",Comfortable Waistband & Drawstring : The joggers are made with an elasticized waistband plus adjustable drawstring to keep your pants in place all the time without rolling up or slipping down when moving.
"Leggings Depot Women's Relaxed-fit Jogger Track Cuff Sweatpants with Pockets for Yoga, Workout","Perfect for Any Occasions : This high waisted pull on pants are designed for everyday wear, and perfect for the yoga, pilates, running, gym, quick jog or just lounging and relaxing at home."
"Leggings Depot Women's Relaxed-fit Jogger Track Cuff Sweatpants with Pockets for Yoga, Workout",Easy Care & Low Maintenance : Our joggers are made with high quality fabrics that are easy to care for and last for a long time. Just put them in the wash with like colors and tumble dry on low.
"Leggings Depot Women's Relaxed-fit Jogger Track Cuff Sweatpants with Pockets for Yoga, Workout",
