﻿标题,详情
MOQIVGI Womens Long Sleeve Lightweight Activewear Casual Running Yoga Workout Hooded Tops,"Cute long sleeve workout tops combines fashion, function and performance, equally lounge worthy"
MOQIVGI Womens Long Sleeve Lightweight Activewear Casual Running Yoga Workout Hooded Tops,Loose fit style with curved hem giving you maximum freedom and range of motion for any activity
MOQIVGI Womens Long Sleeve Lightweight Activewear Casual Running Yoga Workout Hooded Tops,"Chic drawstring hoodie design easily tighten or loosen, useful for windshield and rain protection"
MOQIVGI Womens Long Sleeve Lightweight Activewear Casual Running Yoga Workout Hooded Tops,Womens hooded activewear with accent stitching decoration make this very stylish and attractive
MOQIVGI Womens Long Sleeve Lightweight Activewear Casual Running Yoga Workout Hooded Tops,"Garment Care: Machine wash or hand wash in cold water,hang to dry,don't bleach.Note:Please refer to the size chart at the product description part for ordering a right size."
MOQIVGI Womens Long Sleeve Lightweight Activewear Casual Running Yoga Workout Hooded Tops,
