﻿标题,详情
GeGekoko Womens Zip Up Sweatshirts Jackets Long Sleeve Casual Loose Outwear with Pockets,Made of 100% soft cotton for incredible comfort and warmth
GeGekoko Womens Zip Up Sweatshirts Jackets Long Sleeve Casual Loose Outwear with Pockets,Crew neck and full zip up design for easy on and off
GeGekoko Womens Zip Up Sweatshirts Jackets Long Sleeve Casual Loose Outwear with Pockets,Kangaroo pocket and ribbed cuffs add style and functionality
GeGekoko Womens Zip Up Sweatshirts Jackets Long Sleeve Casual Loose Outwear with Pockets,"Perfect for casual wear, sports, lounging at home, or layering"
GeGekoko Womens Zip Up Sweatshirts Jackets Long Sleeve Casual Loose Outwear with Pockets,Available in a range of stylish colors and sizes
GeGekoko Womens Zip Up Sweatshirts Jackets Long Sleeve Casual Loose Outwear with Pockets,
