﻿标题,详情
Miusey Womens Sleeveless Loose Fit Yoga Workout Racerback Tank Top,"94% Polyester, 6% Spandex. High elastic fabric help you improve freedom of movement."
Miusey Womens Sleeveless Loose Fit Yoga Workout Racerback Tank Top,"The material is breathable and lightweight, keeps you dry throughout your workout."
Miusey Womens Sleeveless Loose Fit Yoga Workout Racerback Tank Top,"It drapes nicely, does not cling to midsection, and it's doesn't ride up as you move."
Miusey Womens Sleeveless Loose Fit Yoga Workout Racerback Tank Top,"Tank top is sweat wicking properties, great to wear on Pilates,Yoga,Hiking,Running and Jogging."
Miusey Womens Sleeveless Loose Fit Yoga Workout Racerback Tank Top,"Running top is long enough to wear with shorts or leggings, flowy easily with movements."
Miusey Womens Sleeveless Loose Fit Yoga Workout Racerback Tank Top,
