﻿标题,详情
ANRABESS Women’s Two Piece Outfits Long Sleeve Crop Top Wide Leg Sweat Pants Knit Sweatsuit Fall Lounge Matching Clothes Set,"Size - S=US(4-6), M=US(8-10), L=US(12-14), XL=US(16-18),Detail size infor see rich description."
ANRABESS Women’s Two Piece Outfits Long Sleeve Crop Top Wide Leg Sweat Pants Knit Sweatsuit Fall Lounge Matching Clothes Set,Features - two piece outfits features a crewneck long sleeve crop top and a high waist drawstring wide leg pants！Ribbed knit fabrication Loungewear.
ANRABESS Women’s Two Piece Outfits Long Sleeve Crop Top Wide Leg Sweat Pants Knit Sweatsuit Fall Lounge Matching Clothes Set,Match - Loungewear has never looked so refined in our Cropped Long Sleeve Outfits Set! This relaxed knit crop lounge set comes in a natural hue and pairs perfectly with the matching pants and fuzzy socks.
ANRABESS Women’s Two Piece Outfits Long Sleeve Crop Top Wide Leg Sweat Pants Knit Sweatsuit Fall Lounge Matching Clothes Set,"Occasion - This lounge set is suitable for daily, casual, outdoors, running, vacation, office, shopping, dating, workout etc."
ANRABESS Women’s Two Piece Outfits Long Sleeve Crop Top Wide Leg Sweat Pants Knit Sweatsuit Fall Lounge Matching Clothes Set,"Wash Care - machine washable in cold, no bleach."
ANRABESS Women’s Two Piece Outfits Long Sleeve Crop Top Wide Leg Sweat Pants Knit Sweatsuit Fall Lounge Matching Clothes Set,
