﻿标题,详情
YEOREO Two Piece Sets for Women Long Sleeve Tops Lounge Set Drawstring Wide Leg Pants Ava Matching,Comfort Fit: The long sleeve top features a sleek design that flatters your figure while providing coverage
YEOREO Two Piece Sets for Women Long Sleeve Tops Lounge Set Drawstring Wide Leg Pants Ava Matching,"Adjustable Waistband: The pants come with a convenient drawstring for a customizable fit, ensuring both comfort and fashion"
YEOREO Two Piece Sets for Women Long Sleeve Tops Lounge Set Drawstring Wide Leg Pants Ava Matching,"Stylish Wide Leg Pants: The pants have a flattering bell-bottom cut, adding a touch of vintage style to your loungewear"
YEOREO Two Piece Sets for Women Long Sleeve Tops Lounge Set Drawstring Wide Leg Pants Ava Matching,"Versatile Two Piece Sets: Perfect for lounging at home, casual outings, or even as athleisure wear"
YEOREO Two Piece Sets for Women Long Sleeve Tops Lounge Set Drawstring Wide Leg Pants Ava Matching,Stretchable Fabric: Made from a blend of fabrics that offer stretch and recovery for added comfort during any activity
YEOREO Two Piece Sets for Women Long Sleeve Tops Lounge Set Drawstring Wide Leg Pants Ava Matching,
