﻿标题,详情
MOQIVGI Womens Racerback Workout Tank Tops Sleeveless Activewear Yoga Gym Sports Shirts,"Womens scoop neck sleeveless shirts racerback style with ribbed edges and flatlock seams, make you get a comfortable feeling and fashionable looking."
MOQIVGI Womens Racerback Workout Tank Tops Sleeveless Activewear Yoga Gym Sports Shirts,"Workout tank tops loose fit gives you enough room to move around, perfect for yoga, running, exercise, gym, any type of fitness or just casual wear!"
MOQIVGI Womens Racerback Workout Tank Tops Sleeveless Activewear Yoga Gym Sports Shirts,"Activewear womens tops, easy fit with jeans, yoga pants, shorts, leggings, capris, sneakers. An essential shirt for ladies and juniors in spring summer wear."
MOQIVGI Womens Racerback Workout Tank Tops Sleeveless Activewear Yoga Gym Sports Shirts,"Versatile tank tops combine fashion, function and performance, Show your beautiful curve and give you maximum freedom during workout, also trendy for daily wear."
MOQIVGI Womens Racerback Workout Tank Tops Sleeveless Activewear Yoga Gym Sports Shirts,"Care:Machine washable or Hand wash.Don't bleach.Note:Please refer to the size chart at the product description part for ordering a right size.If you have any questions, please feel free to contact us."
MOQIVGI Womens Racerback Workout Tank Tops Sleeveless Activewear Yoga Gym Sports Shirts,
