﻿标题,详情
Bestisun Women Short Sleeve Cross Back Workout Crop Tops Backless Yoga Athletic Gym Shirts,"Material: Soft fabric, strech, lightweight, breathable, feel relax and comfortable when you wear it. Easy to carry on, comfortable and cute."
Bestisun Women Short Sleeve Cross Back Workout Crop Tops Backless Yoga Athletic Gym Shirts,"Open Back and Split Back Design: It's slightly open in the back and allows for ventilation, add a cute look and also make the shirts be more breathable and look sportier."
Bestisun Women Short Sleeve Cross Back Workout Crop Tops Backless Yoga Athletic Gym Shirts,"Match: Pair Perfectly with your pants, leggings, skirts, shorts or depending on the occasion, make you more beautiful, fashion and confident."
Bestisun Women Short Sleeve Cross Back Workout Crop Tops Backless Yoga Athletic Gym Shirts,"Occasion: Bestisun workout shirts are suitable for yoga, exercise, fitness, gym, running, any type of workout or daily wear. Our short sleeve shirts combine fashion, function and performance."
Bestisun Women Short Sleeve Cross Back Workout Crop Tops Backless Yoga Athletic Gym Shirts,"Notice: Since this top is a crop style, if you can not accept the effect of too short or small, it is recommended to buy a larger size. Of course, there are many people who prefer crop or short styles, so you can choose according to your preference. Please check the size chart in the description below or picture before ordering instead of the default amazon size chart."
Bestisun Women Short Sleeve Cross Back Workout Crop Tops Backless Yoga Athletic Gym Shirts,
