﻿标题,详情
Hibelle Womens Scoop Neck Cute Racerback Yoga Workout Tank Top,"The workout tank top is lightweight and breathable, super-soft fabric delivers incredible all-day comfort."
Hibelle Womens Scoop Neck Cute Racerback Yoga Workout Tank Top,"Scoop Neck, Stylish Strappy, Racerback, Elastic, loose fit allows for easy layering over any bra, offers you the maximum comfort, as stylish as it is practical."
Hibelle Womens Scoop Neck Cute Racerback Yoga Workout Tank Top,"Lightweight sweat-absorbing fabric can quickly volatilize sweat, so there is no sweat patches after workout, make your movement more refreshing."
Hibelle Womens Scoop Neck Cute Racerback Yoga Workout Tank Top,"Perfect athleisure tank tops for yoga, running, exercise, fitness, gym and any type of workout or everyday use."
Hibelle Womens Scoop Neck Cute Racerback Yoga Workout Tank Top,"You can still feel feminine while you stay fit in this women's gym tank top from Hibelle, perfect for your active lifestyle when the heat's on."
Hibelle Womens Scoop Neck Cute Racerback Yoga Workout Tank Top,
