﻿标题,详情
Trendy Queen Hoodies for Women Full Zip Up Cropped Sweatshirts Jackets Casual Comfy Gym Tops Fall Outfits Winter Clothes 2025,"Material: 56%polyester 44%cotton, cozy, lightweight, soft and breathable, keep you warm in the fall and winter."
Trendy Queen Hoodies for Women Full Zip Up Cropped Sweatshirts Jackets Casual Comfy Gym Tops Fall Outfits Winter Clothes 2025,"Design: Full-zip up sweatshirts, drop shoulder collar, slight stretch, long sleeve hoodies, fall outfits for women, fashion and casual style, fleece lining, it's thick and really soft inside, standard size, a sweatshirt that goes with everything."
Trendy Queen Hoodies for Women Full Zip Up Cropped Sweatshirts Jackets Casual Comfy Gym Tops Fall Outfits Winter Clothes 2025,"Match: This pullover sweatshirt is easy to pair with casual pants, jeans, joggers, shorts, sneaker, casual shoes to creating a fashion and pretty looking in fall and winter. You can also match anything you like inside,like tank top, crop top, vest, etc."
Trendy Queen Hoodies for Women Full Zip Up Cropped Sweatshirts Jackets Casual Comfy Gym Tops Fall Outfits Winter Clothes 2025,"Occasion: This fall and winter fashion hoodies for women, suitable for casual, daily wear,office, party, school, running, sport, gym, dancing, skating, hiking, biking, yoga, spring, fall and winter. It's also a good gift to your friend or family."
Trendy Queen Hoodies for Women Full Zip Up Cropped Sweatshirts Jackets Casual Comfy Gym Tops Fall Outfits Winter Clothes 2025,"Tips: Please refer to the Trendy Queen Size Chart before ordering(NOT AMAZON SIZE). Any other questions, please contact us."
Trendy Queen Hoodies for Women Full Zip Up Cropped Sweatshirts Jackets Casual Comfy Gym Tops Fall Outfits Winter Clothes 2025,
