﻿标题,详情
Dokotoo Women's Casual Oversized Half Zip Sweatshirts Long Sleeve Solid Color Pullover Jackets with Pockets,Dokotoo Women's Quarter Zip Up Pullover Sweatshirt is made with lightweight and soft material that makes you feeling well for the soft skin.
Dokotoo Women's Casual Oversized Half Zip Sweatshirts Long Sleeve Solid Color Pullover Jackets with Pockets,"Features：Women Pullover Sweatshirt, Women's Fashion Sweatshirts, Half Zip Collar, Womens Sweatshirt No Hood, Long Sleeve Pullover Sweatshirts for Women, Oversized Sweatshirt for Women, Soft Zipper Fall Sweatshirts for Women Loose Fit, 2 Side Pockets, Relaxed Fit, Winter Outfits for Women, Fashion and Casual Style, Solid Color Cute Sweatshirts for Women, Fall Jackets for Women."
Dokotoo Women's Casual Oversized Half Zip Sweatshirts Long Sleeve Solid Color Pullover Jackets with Pockets,"Style: Our long sleeve womens sweatshirt makes the perfect athleisure style. Easily pair it with jeans, shorts, leggings, skirts for a casual everyday look. The simple silhouette is casual chic and never out of date."
Dokotoo Women's Casual Oversized Half Zip Sweatshirts Long Sleeve Solid Color Pullover Jackets with Pockets,"Occasion: 2024 Latest Fashion Women's Hoodie and Sweatshirt are suitable for daily life, party, school, vacation, office, work, sportswear, home etc."
Dokotoo Women's Casual Oversized Half Zip Sweatshirts Long Sleeve Solid Color Pullover Jackets with Pockets,"Package Content: 1 x Women's Sweatshirts. Please Refer to the Dokotoo Size Chart before Ordering. Anyother questions, please contact us freely."
Dokotoo Women's Casual Oversized Half Zip Sweatshirts Long Sleeve Solid Color Pullover Jackets with Pockets,
