﻿标题,详情
MOQIVGI Womens Sleeveless Loose Fit Racerback Workout Gym Yoga Running Tank Tops,"Womens sleeveless shirts criss cross open back style with bound edges and flatlock seams, make you get a comfortable feeling and fashionable looking."
MOQIVGI Womens Sleeveless Loose Fit Racerback Workout Gym Yoga Running Tank Tops,"Workout tank tops loose fit gives you enough room to move around, perfect for yoga, running, exercise, gym, workout, any type of fitness or just casual wear!"
MOQIVGI Womens Sleeveless Loose Fit Racerback Workout Gym Yoga Running Tank Tops,"Flattering tunic tank, Easy fit with jeans, yoga pants, shorts, leggings, capris, sneakers. An essential shirt for ladies and juniors in spring summer wear."
MOQIVGI Womens Sleeveless Loose Fit Racerback Workout Gym Yoga Running Tank Tops,"Versatile tank tops combine fashion, function and performance,Show your beautiful curve and give you maximum freedom during workout, also trendy for daily wear."
MOQIVGI Womens Sleeveless Loose Fit Racerback Workout Gym Yoga Running Tank Tops,"Care:Machine washable or Hand wash.Don't bleach.Note:Please refer to the size chart at the product description part for ordering a right size.If you have any questions, please feel free to contact us."
MOQIVGI Womens Sleeveless Loose Fit Racerback Workout Gym Yoga Running Tank Tops,
