﻿标题,详情
Womens Sleeveless Racerback Tank Loose Fit Banded Bottom Yoga Tank Tops,"For the madam who pursues comfort rather than sexiness, this tank top is for you!"
Womens Sleeveless Racerback Tank Loose Fit Banded Bottom Yoga Tank Tops,"High Elastic athletic tank top is loose from the midsection to the bottom, hiding your tummy for a more feminine flattering look even without shapewear;Enjoy comfort but not constrict"
Womens Sleeveless Racerback Tank Loose Fit Banded Bottom Yoga Tank Tops,"Yoga top is a essential that keeping your motivation to workout, as it can easily transition from activity to activity; Athleisure Wear is a hybrid of workout clothes and loungewear, which makes for super versatile pieces that can go from the gym to the couch and even to the office, letting youself indulge in the idea that I could be going to exercise at any moment"
Womens Sleeveless Racerback Tank Loose Fit Banded Bottom Yoga Tank Tops,"Combine with banded bottom and loose fit design, workout tank top is designed for people who troubled one's thick middle; It can leave the tummy area roomy without adding bulk"
Womens Sleeveless Racerback Tank Loose Fit Banded Bottom Yoga Tank Tops,
