﻿标题,详情
Trendy Queen Womens Fashion Workout T Shirts Athletic Plus Size Tops Summer Trendy Clothes 2025 Short Sleeve Spring Tee,Packaging: Vacuum Packed.
Trendy Queen Womens Fashion Workout T Shirts Athletic Plus Size Tops Summer Trendy Clothes 2025 Short Sleeve Spring Tee,"Material: 30%cotton,65%Polyester,5%Spandex,lightweight,soft,breathable and keep you comfy everyday in spring and summer."
Trendy Queen Womens Fashion Workout T Shirts Athletic Plus Size Tops Summer Trendy Clothes 2025 Short Sleeve Spring Tee,"Design:Short sleeve shirts,round neck,loose fit tops,oversized casual blouse,solid color never out of style,easy to match with every style."
Trendy Queen Womens Fashion Workout T Shirts Athletic Plus Size Tops Summer Trendy Clothes 2025 Short Sleeve Spring Tee,"Match:This summer fashion oversized shirts is easy to pair with lounge shorts,denim shorts,jeans, sneaker, casual shoes to creating a fashion and pretty looking in spring, summer and fall."
Trendy Queen Womens Fashion Workout T Shirts Athletic Plus Size Tops Summer Trendy Clothes 2025 Short Sleeve Spring Tee,"Occasion: Casual lounge summer tops for women,suitable for casual, daily wear,office, party, school, running, sport, gym, dancing, skating, hiking, biking, yogo, spring, summer and fall. It's also a good gift for your family and friends."
Trendy Queen Womens Fashion Workout T Shirts Athletic Plus Size Tops Summer Trendy Clothes 2025 Short Sleeve Spring Tee,
