﻿标题,详情
Women's 2 Piece Outfits Lounge Set 2025 Oversized Half Zip Sweatshirt Wide Leg Sweatpant Set Sweatsuit Tracksuit,"【Cozy Fabric】This sweatsuit set boasts a soft, stretchy, and free-feeling material that's silky to the touch and comfy to wear. The 2 piece loungewear set offers both style and warmth, making it the ideal outfit for your outings. Stay fashionable and snug all season."
Women's 2 Piece Outfits Lounge Set 2025 Oversized Half Zip Sweatshirt Wide Leg Sweatpant Set Sweatsuit Tracksuit,"【Trendy Design】This lounge tracksuit comprises a half-zip sweatshirt and high-waist wide-leg sweatpants. With ribbed cuffs, a v-neck, drop shoulder, long sleeves with thumbholes design, and spacious pockets, it creates effortlessly an oversized style and chic look for you."
Women's 2 Piece Outfits Lounge Set 2025 Oversized Half Zip Sweatshirt Wide Leg Sweatpant Set Sweatsuit Tracksuit,"【All Match】Elevate your fall and winter fashion with our women's matching set. This 2 piece outfit can be dressed up with booties or kept casual with sneakers. Plus, the top and bottom can be worn separately, offering you endless style possibilities."
Women's 2 Piece Outfits Lounge Set 2025 Oversized Half Zip Sweatshirt Wide Leg Sweatpant Set Sweatsuit Tracksuit,"【Occasion】This lounge sweat set is your go-to choice, ideal for a wide range of settings. Whether it's dailywear, running, travel, office, dates, shopping, gym, sports, or fitness activities, this practical 2 piece outfit complements every aspect of your life with style and comfort."
Women's 2 Piece Outfits Lounge Set 2025 Oversized Half Zip Sweatshirt Wide Leg Sweatpant Set Sweatsuit Tracksuit,"【Size Guide】XS=US(0-2), S=US(4-6), M=US(8-10), L=US(12-14), XL=US(16-18), XXL=US(20-22). Please Refer to the Size Chart before Ordering. We regularly introduce new colors to keep your style fresh. Stay tuned for updates that will enhance your wardrobe."
Women's 2 Piece Outfits Lounge Set 2025 Oversized Half Zip Sweatshirt Wide Leg Sweatpant Set Sweatsuit Tracksuit,
