﻿标题,详情
Bofell Lounge Sets for Women Two Piece Travel Outfits Sweatsuits 2 Piece Fashion 2024 Trendy Pajamas,✦Design & Style: Two Piece Outfits/ Lounge Sets/ Long Sleeve Pullover Tops/ Solid Color/ Sweatsuits for women set/ Loungewear / Tie Dye Sets for Women/ Drawstring Waist/ High Waist/ Loose Fit/ Jogger Set/ Christmas Outfits/ Casual
Bofell Lounge Sets for Women Two Piece Travel Outfits Sweatsuits 2 Piece Fashion 2024 Trendy Pajamas,"✦Multifunctional Occasion: This 2 piece outfits with loose fit and casual style makes it not only as Tracksuit or Sweatsuit for your outdoor activities like Running, Shopping, Travel, Workout,etc, but also as a Cozy Lounge sets, Pajamas sets, Jogger sets for your Daily wear, Indoor wear and so on."
Bofell Lounge Sets for Women Two Piece Travel Outfits Sweatsuits 2 Piece Fashion 2024 Trendy Pajamas,"✦More Collocation: This Lounge Set Includes A Comfortable Crewneck Long Sleeve Sweatshirt Tops And A High Waist Long Pants With Drawstring. You can choose to wear the whole set together, or wear it separately with other tops or bottoms. They are all solid-color basic designs, classic and all-match which can match any clothes in your wardrobe. You can also add a jacket/ Coat/ Cardigan to keep you warm in cool days. A perfect gift for Christmas!"
Bofell Lounge Sets for Women Two Piece Travel Outfits Sweatsuits 2 Piece Fashion 2024 Trendy Pajamas,"✦Soft High-quality Fabric: Made of high-quality 88% Polyester + 12% Spandex, It Well Made with Skin-friendly Fabric.Soft and Stretchy. And there is a lining for stuffing, providing the maximum comfort of your wearing experience and make it not see-through. More Importantly,Please Wash It By Your Hands In Cold Water To Prevent Deformation.Enjoy Your Dressing Time!"
Bofell Lounge Sets for Women Two Piece Travel Outfits Sweatsuits 2 Piece Fashion 2024 Trendy Pajamas,"✦Note: Please Refer to the Bofell Size Chart Before Ordering. Any other questions, please contact us freely!"
Bofell Lounge Sets for Women Two Piece Travel Outfits Sweatsuits 2 Piece Fashion 2024 Trendy Pajamas,
