﻿标题,详情
Women's Summer 2 Piece Outfits Mock Neck Tank Top Cropped Wide Leg Pants Lounge Sets 2025 Fashion Tracksuit,"【Light as Air Fabric】The 2 piece matching set is made of soft, comfortable, breathable, and lightweight fabric that feels silky smooth, giving you a casual yet luxury ease. Easy to dress up or down, an ideal addition to your all-year-round wardrobe."
Women's Summer 2 Piece Outfits Mock Neck Tank Top Cropped Wide Leg Pants Lounge Sets 2025 Fashion Tracksuit,"【Athleisure Design】Explore the charm of our two piece lounge outfit, a sophisticated classy aesthetics piece. With a classic dressy high neck tank, crop length flare pants, elastic drawstring, and large capacity pockets design, perfectly blends sports and leisure styles, and provides you with a chic and relaxed look."
Women's Summer 2 Piece Outfits Mock Neck Tank Top Cropped Wide Leg Pants Lounge Sets 2025 Fashion Tracksuit,"【Versatile Redefined】This fashion clothing set can be worn as a travel trip outfit or as a sweatsuit set with sneakers. The outfit set is great for ladies' work or dinner wear. Also, it can be a transitional set for spring/fall with a jacket or cardigan. Plus, the basic design allows the top and bottom to be worn separately."
Women's Summer 2 Piece Outfits Mock Neck Tank Top Cropped Wide Leg Pants Lounge Sets 2025 Fashion Tracksuit,"【Occasion】The summer suits are fit for various occasions, including daily wear, indoor and outdoor activities, running errands, travel, vacation, home, office, work, dating, shopping, cruise trips, and sports. This 2 piece set is versatile and provides style and comfort in all aspects of your life."
Women's Summer 2 Piece Outfits Mock Neck Tank Top Cropped Wide Leg Pants Lounge Sets 2025 Fashion Tracksuit,"【Note】If you prefer a looser fit top, please size up. XS=US(0-2), S=US(4-6), M=US(8-10), L=US(12-14), XL=US(16-18), XXL=US(20-22). Please refer to our loungewear sizing chart before ordering. We regularly introduce new colors to keep your style fresh. Stay tuned for updates that will enhance your wardrobe."
Women's Summer 2 Piece Outfits Mock Neck Tank Top Cropped Wide Leg Pants Lounge Sets 2025 Fashion Tracksuit,
