﻿标题,详情
Women's 2 Piece Outfits Striped Color Block Oversized Sweatshirt Wide Leg Sweatpants Trendy Tracksuit Lounge Sets,"【Matching Idea】Women's 2 piece sweat sets save time spent on matching and offer a quick, easy way to achieve a coordinated and trendy look. At the same time, the color block striped sweatshirt and solid wide leg sweatpants can be worn separately and independently as matching fashion items. Fabric - 50% Rayon + 50% Polyester. Super soft, comfortable, breathable and skin friendly. Fit Type - Loose, friendly to all body shapes and meets the needs of daily wear"
Women's 2 Piece Outfits Striped Color Block Oversized Sweatshirt Wide Leg Sweatpants Trendy Tracksuit Lounge Sets,"【Colorblock Pullover】Feature - Color block striped, crew neck, ribbed neck, cuffs and hem, loose fit, long sleeve drop shoulder shirt top. The unique stripe and multi-color contrast design, giving it a fun trendy vibe. Lovely for layering or styling solo, easy to combine with shorts, skirts, skinny jeans, leggings, long pants, high waisted trousers, sneakers and casual shoes, it also looks great layered under jackets, coats, vests and cardigans"
Women's 2 Piece Outfits Striped Color Block Oversized Sweatshirt Wide Leg Sweatpants Trendy Tracksuit Lounge Sets,"【Comfy Sweatpants】Feature - High waist, elastic waist, drawstring, deep pockets, loose wide leg long pants, fashionable. The pants feature pleated details on the front of each leg creating a stylish and flattering look that enhances the leg's appearance. Fashionable and versatile baggy sweatpants great to pair with tops, crop tops, vest, sweaters, shirts, sweatshirts, sneakers for a daily look"
Women's 2 Piece Outfits Striped Color Block Oversized Sweatshirt Wide Leg Sweatpants Trendy Tracksuit Lounge Sets,"【Occasion】 Perfect for daily life, home, school, going out, club, night out, holiday, vacation, office, gym, sports, running, active, lounge, travel, beach, date, photo etc.This tried and true matching sets women clothing will be the perfect effortless essential your wardrobe has been longing for"
Women's 2 Piece Outfits Striped Color Block Oversized Sweatshirt Wide Leg Sweatpants Trendy Tracksuit Lounge Sets,"【Standard Size】Small=US 4-6, Medium=US 8-10, Large=US 12-14, X-Large=US 16, XX-Large=US 18-20. Please check the ""Size Chart"" before ordering Kikibell two piece sweatsuit and feel free to contact us if you have any questions (Tips: Model height 5'8'', Bust:33.9'', Waist: 23.6'', Hip:34.7'' , wearing the S size)"
Women's 2 Piece Outfits Striped Color Block Oversized Sweatshirt Wide Leg Sweatpants Trendy Tracksuit Lounge Sets,
