﻿标题,详情
Dokotoo Womens 2023 Soft Casual Drawstring Tie Elastic Waist Loose Jogger Pants with Pockets,"Features:Leopard print, Self tie adjustable smocked waist."
Dokotoo Womens 2023 Soft Casual Drawstring Tie Elastic Waist Loose Jogger Pants with Pockets,Elastic Waist in Mid rise and suitable length can ensure the fit for these casual pants and for decent coverage and comfortable fit.
Dokotoo Womens 2023 Soft Casual Drawstring Tie Elastic Waist Loose Jogger Pants with Pockets,"Side pockets are deep and good enough to hold your hands, phone and wallet,make this pants in casual and not dull."
Dokotoo Womens 2023 Soft Casual Drawstring Tie Elastic Waist Loose Jogger Pants with Pockets,"There comfy women pants could be dressed up as business casual pants, or worn as athleisure wear for lounge, travel, running errands, lounge pants etc."
Dokotoo Womens 2023 Soft Casual Drawstring Tie Elastic Waist Loose Jogger Pants with Pockets,"Wash Recommended With Cold Water/Do Not Bleach/Hang Or Line Dry/Wash with like colours,that will increase the durability of your clothes."
Dokotoo Womens 2023 Soft Casual Drawstring Tie Elastic Waist Loose Jogger Pants with Pockets,
