﻿标题,详情
EVALESS Womens Long Sleeve Tops Dressy Casual Crewneck Waffle Lace Patchwork Knit T Shirts Trendy Loose Blouses,"Material: EVALESS Womens spring waffle knit tops made from premium fabric, lightweight, breathable and skin friendly, ensuring a cozy and comfortable feel against your skin, suit for sprin, spring and fall"
EVALESS Womens Long Sleeve Tops Dressy Casual Crewneck Waffle Lace Patchwork Knit T Shirts Trendy Loose Blouses,"Features: Long sleeve basic t shirts for women, ladies tops and blouse, dressy casual tops, trendy crewneck lace patchwork tops, cute waffle knit tops, 2025 spring fashion clothes, loose fit shirts"
EVALESS Womens Long Sleeve Tops Dressy Casual Crewneck Waffle Lace Patchwork Knit T Shirts Trendy Loose Blouses,"Match: Long sleeve shirts for women can be paired with tailored trousers, suit pants and heels for a professional look, or dressed down with shorts, skinny jeans, leggings, jacket and sandals, flats or boots for a casual look"
EVALESS Womens Long Sleeve Tops Dressy Casual Crewneck Waffle Lace Patchwork Knit T Shirts Trendy Loose Blouses,"Occasion: Cute tops for women trendy are suitable for casual, going out, shopping, date night, work, back to school, office, daily wear in spring, fall, winter and summer night"
EVALESS Womens Long Sleeve Tops Dressy Casual Crewneck Waffle Lace Patchwork Knit T Shirts Trendy Loose Blouses,Wash Instructions: Hand wash recommended with cold water; do not bleach; hang or line dry
EVALESS Womens Long Sleeve Tops Dressy Casual Crewneck Waffle Lace Patchwork Knit T Shirts Trendy Loose Blouses,
