﻿标题,详情
Aleumdr Womens 2 Piece Outfits Matching Sets Sweatsuit Hoodie Sweatshirts and Sweatpants Tracksuits Joggers Sweat Sets,"50% Cotton Matching Sets：This athletic clothing sets crafted from a blend of 50% cotton and 50% polyester fabric. The cotton content provides excellent comfort and breathability, keeping you soft and cozy during the fall and winter seasons. Additionally, the material is skin-friendly."
Aleumdr Womens 2 Piece Outfits Matching Sets Sweatsuit Hoodie Sweatshirts and Sweatpants Tracksuits Joggers Sweat Sets,"Design: The loungewear set includes an oversized sweatshirt with a hoodie that has pockets, as well as a pair of joggers with two side pockets. The overall style is simple and elegant, and can be worn separately or together."
Aleumdr Womens 2 Piece Outfits Matching Sets Sweatsuit Hoodie Sweatshirts and Sweatpants Tracksuits Joggers Sweat Sets,"Occasion: This fall/winter outfit is perfect for casual wear at home, travel and airport shopping, going out, lounging, vacationing, outdoor activities, running, jogging, and parties. It's a practical two-piece set that can be paired with anything."
Aleumdr Womens 2 Piece Outfits Matching Sets Sweatsuit Hoodie Sweatshirts and Sweatpants Tracksuits Joggers Sweat Sets,"Size: These lounge sets for women come in sizes Small (US 4-6), Medium (US 8-10), Large (US 12-14), X-Large (US 16-18) and 2X-Large (US 20-22). The top and bottom pieces can be worn together as a loungewear set or separately for a relax and casual look."
Aleumdr Womens 2 Piece Outfits Matching Sets Sweatsuit Hoodie Sweatshirts and Sweatpants Tracksuits Joggers Sweat Sets,"Care: This garment is suitable for machine-washing and air-drying. To ensure optimal care, it is recommended to use laundry bags during the washing process."
Aleumdr Womens 2 Piece Outfits Matching Sets Sweatsuit Hoodie Sweatshirts and Sweatpants Tracksuits Joggers Sweat Sets,
