﻿标题,详情
Real Essentials 5 Pack: Women's Short Sleeve V-Neck Activewear T-Shirt Dry-Fit Wicking Yoga Top (Available in Plus),"Available In Both Regular & Plus Sizing,The Ideal V-Neck Short Sleeve Active Top for Yoga, Exercise, Fitness, Gym, Running, Any Type Of Workout Or Everyday Casual Use."
Real Essentials 5 Pack: Women's Short Sleeve V-Neck Activewear T-Shirt Dry-Fit Wicking Yoga Top (Available in Plus),"Providing four-way stretch, Dry-Fit sweat wicking fabric with bound edges and interlock seams, you won’t experience any chafing or rubbing"
Real Essentials 5 Pack: Women's Short Sleeve V-Neck Activewear T-Shirt Dry-Fit Wicking Yoga Top (Available in Plus),Banded V Neckline And Tag-Free Neck Label Offers You Maximum Comfort.
Real Essentials 5 Pack: Women's Short Sleeve V-Neck Activewear T-Shirt Dry-Fit Wicking Yoga Top (Available in Plus),Flex Fabric Fits Any Cup Size & Straight Hem Designed For Tucked in or Un-tucked Look
Real Essentials 5 Pack: Women's Short Sleeve V-Neck Activewear T-Shirt Dry-Fit Wicking Yoga Top (Available in Plus),"Pair perfectly with your pants, leggings, shorts, shirts for a cool everyday look, make you more beautiful, sexy and elegant."
Real Essentials 5 Pack: Women's Short Sleeve V-Neck Activewear T-Shirt Dry-Fit Wicking Yoga Top (Available in Plus),
