﻿标题,详情
VOYJOY V Back Scrunch Butt Workout Leggings Women Seamless Gym Yoga Leggings High Waist,"V back scrunch butt leggings:V back scrunch to enhance the glutes, creating the sexy buttocks silhouette"
VOYJOY V Back Scrunch Butt Workout Leggings Women Seamless Gym Yoga Leggings High Waist,"Stretchy material scrunch leggings:The stretchy material fits like skin and accentuates every curve, flattering compression"
VOYJOY V Back Scrunch Butt Workout Leggings Women Seamless Gym Yoga Leggings High Waist,"V back scrunch backless leggings:Push up out workout v back scrunch butt leggings, make your booty looks like a juicy peach"
VOYJOY V Back Scrunch Butt Workout Leggings Women Seamless Gym Yoga Leggings High Waist,"Womens workout gym leggings:These workout leggings for women suitable for yoga, running, cycling,workout , fitness, v back scrunch design shapes your booty"
VOYJOY V Back Scrunch Butt Workout Leggings Women Seamless Gym Yoga Leggings High Waist,"Sizes: If you are between sizes, please to choose one size up"
VOYJOY V Back Scrunch Butt Workout Leggings Women Seamless Gym Yoga Leggings High Waist,
