﻿标题,详情
SUUKSESS Women 2 Piece Lounge Matching Set Wide Leg Sweatpant Half Zip Sweatshirt,"Air Essential Modal Lounge Sets: 50% Modal 45% Polyester 5% Spandex, Ultra Soft, Thick Fabric, 4 Way Stretchy, Lightweight, Breathable"
SUUKSESS Women 2 Piece Lounge Matching Set Wide Leg Sweatpant Half Zip Sweatshirt,"Athleisure Two Piece Sets: Going out loungewear sets, Airport travel outfits, Casual fall matching sets"
SUUKSESS Women 2 Piece Lounge Matching Set Wide Leg Sweatpant Half Zip Sweatshirt,"Half Zip Oversized Sweatshirts: Quarter zip pullover long sleeve shirts, Drop shoulder collar basic hoodie tops"
SUUKSESS Women 2 Piece Lounge Matching Set Wide Leg Sweatpant Half Zip Sweatshirt,"Wide Leg Sweatpants: Elastic high waisted with drawstring, Flared lounge pants with Two side pockets"
SUUKSESS Women 2 Piece Lounge Matching Set Wide Leg Sweatpant Half Zip Sweatshirt,"Size: (Our size chart) XS=US 2, S=US 4, M=US 6, L=US 8, XL=US 10"
SUUKSESS Women 2 Piece Lounge Matching Set Wide Leg Sweatpant Half Zip Sweatshirt,
