﻿标题,详情
Soothfeel Women's Joggers with Zipper Pockets High Waisted Athletic Workout Yoga Pants Joggers for Women,Ultra Soft&Comfy Material: Buttery soft and stretchy fabric provide maximum comfort while you workout.
Soothfeel Women's Joggers with Zipper Pockets High Waisted Athletic Workout Yoga Pants Joggers for Women,"Back Zipper Pocket: Large zippered pocket on the waistband can hold plus cell phone properly, free your hands when you doing exercise."
Soothfeel Women's Joggers with Zipper Pockets High Waisted Athletic Workout Yoga Pants Joggers for Women,"Two Deep Side Pockets: Features two patch side pockets are deep enough to store your phone, keys, cards and wallet, easy to access."
Soothfeel Women's Joggers with Zipper Pockets High Waisted Athletic Workout Yoga Pants Joggers for Women,High-rise & Wide Waistband: These athletic pants are a perfect mix of legging and jogger. High Waistband provide tummy support without rolling up or digging out.
Soothfeel Women's Joggers with Zipper Pockets High Waisted Athletic Workout Yoga Pants Joggers for Women,"Taperrd Leg: Soothfeel women's joggers pants with tapered leg design perfect for sports and casual wear such as jogging, workout, yoga, walking, gym fitness and even good for lounging around the house."
Soothfeel Women's Joggers with Zipper Pockets High Waisted Athletic Workout Yoga Pants Joggers for Women,
