﻿标题,详情
Women's Workout Outfit 2 Pieces Seamless High Waist Yoga Leggings with Long Sleeve Crop Top Gym Clothes Set,"MATERIAL: Four-way stretch fabric, comfortable, lightweight, stretchy, fast drying, super soft to touch and gentle to your skin. Exercise outfits for women 2 piece set, elastic yoga outfit sets, running suits sportwear, athletic activewear suits, 2 PCS workout set sports suit, women matching workout sets."
Women's Workout Outfit 2 Pieces Seamless High Waist Yoga Leggings with Long Sleeve Crop Top Gym Clothes Set,"STRETCHY & BREATHABLE: Workout fitness outfits set features with our highest quality super stretchy fabric which allows for maximum comfort and wearability. Moreover, it is breathable, and good at moisture absorbing and sweat releasing. These Yoga activewear sets are perfect for active women."
Women's Workout Outfit 2 Pieces Seamless High Waist Yoga Leggings with Long Sleeve Crop Top Gym Clothes Set,"WOMEN 2 PIECE OUTFITS: Cute dotted contouring pattern, contours your curves and streamlines your shape, makes you more charming during exercise. Seamless high waisted leggings show off your body curves perfectly with tummy control and butt lift. Thumb holes on crop tops cuffs to keep the sleeves stay put."
Women's Workout Outfit 2 Pieces Seamless High Waist Yoga Leggings with Long Sleeve Crop Top Gym Clothes Set,"OCCASION: This Women's 2 piece tracksuit non see-thru & stretchy slim-fit, provide all-round protection for your body, perfect for running, gym, yoga, exercise, fitness, workout, casual, sport, jogging, lounge wear."
Women's Workout Outfit 2 Pieces Seamless High Waist Yoga Leggings with Long Sleeve Crop Top Gym Clothes Set,"SIZE NOTICE: Our size is different from amazon's. Before buying this sport gym clothes set, please kindly refer to the size chart showed in the image. If you want a looser fit, please size up from your normal size, thank you!"
Women's Workout Outfit 2 Pieces Seamless High Waist Yoga Leggings with Long Sleeve Crop Top Gym Clothes Set,
