﻿标题,详情
CRZ YOGA Women's Butterluxe Long Sleeve Workout Shirts Half Quarter Zip Sweatshirt Athletic Crop Tops Collared T-Shirts,Designed for low-impact workouts or daily wear
CRZ YOGA Women's Butterluxe Long Sleeve Workout Shirts Half Quarter Zip Sweatshirt Athletic Crop Tops Collared T-Shirts,"Butterluxe fabric features extremely soft and ultra stretchy, engineered for luxurious comfort"
CRZ YOGA Women's Butterluxe Long Sleeve Workout Shirts Half Quarter Zip Sweatshirt Athletic Crop Tops Collared T-Shirts,"Slim fit, cropped length"
CRZ YOGA Women's Butterluxe Long Sleeve Workout Shirts Half Quarter Zip Sweatshirt Athletic Crop Tops Collared T-Shirts,Thumbholes and stand collar for extended coverage and keep warm
CRZ YOGA Women's Butterluxe Long Sleeve Workout Shirts Half Quarter Zip Sweatshirt Athletic Crop Tops Collared T-Shirts,Quarter zipper pullover design with left side pocket can hold small items when workouts
CRZ YOGA Women's Butterluxe Long Sleeve Workout Shirts Half Quarter Zip Sweatshirt Athletic Crop Tops Collared T-Shirts,
