﻿标题,详情
CRZ YOGA Womens 4-Way Stretch Ankle Golf Pants 7/8 Casual Dress Work Athletic Travel Workout Sweatpants with Pockets,Designed for daily wear or business casual
CRZ YOGA Womens 4-Way Stretch Ankle Golf Pants 7/8 Casual Dress Work Athletic Travel Workout Sweatpants with Pockets,"4-way stretch, slick soft, wrinkle-free and decent thick"
CRZ YOGA Womens 4-Way Stretch Ankle Golf Pants 7/8 Casual Dress Work Athletic Travel Workout Sweatpants with Pockets,"Inseam: 27"", 7/8 pants for heights of 5'5"" - 5'8"" and full pants for heights of 5'2"" - 5'4"""
CRZ YOGA Womens 4-Way Stretch Ankle Golf Pants 7/8 Casual Dress Work Athletic Travel Workout Sweatpants with Pockets,Mid Rise. Slim Fit
CRZ YOGA Womens 4-Way Stretch Ankle Golf Pants 7/8 Casual Dress Work Athletic Travel Workout Sweatpants with Pockets,Elastic waistband with drawstring
CRZ YOGA Womens 4-Way Stretch Ankle Golf Pants 7/8 Casual Dress Work Athletic Travel Workout Sweatpants with Pockets,"Versatile dress up or down pants could be worn for travel, golf, running errands, etc"
CRZ YOGA Womens 4-Way Stretch Ankle Golf Pants 7/8 Casual Dress Work Athletic Travel Workout Sweatpants with Pockets,
