﻿评论用户,评论概述,评论链接,星级评分,评论地点,评论时间,类型,是否购买,评论详情,觉得该评论有帮助的人数
Marc B. Tantillo,Not great,https://www.amazon.com/gp/customer-reviews/R2BF1KJMLO6NZF/ref=cm_cr_getr_d_rvw_ttl?ie=UTF8&ASIN=B0CR3TQ9KM,"2.0 "," the United States "," January 21, 2025",Size: 11 WideColor: W892 | Pea Green,Verified Purchase,"Not very comfortable. Not much space from sole to top, so my toe pushes up against the upper part of the show.",
Tyler Pierce,Same size as my Hobibears but less roomy,https://www.amazon.com/gp/customer-reviews/R1JI43VALK68QZ/ref=cm_cr_getr_d_rvw_ttl?ie=UTF8&ASIN=B0CR3TQ9KM,"5.0 "," the United States "," January 20, 2025",Size: 12 WideColor: W892 | Black/White,Verified Purchase,I liked the style of both the black/white and black/gum but returned both pairs. The size 12 was identical in length to my Hobibear size 46 but I think the extra padding in the heel made them too tight. Unfortunate. Didn’t reorder the size 13 because I have too many pairs of shoes. Maybe next time!,
CaptMark,My favorite shoe I've owned,https://www.amazon.com/gp/customer-reviews/R3QZ9N2DBXIW4Y/ref=cm_cr_getr_d_rvw_ttl?ie=UTF8&ASIN=B0CR3TQ9KM,"5.0 "," the United States "," January 18, 2025",Size: 12 WideColor: W892 | Black/Gum,Verified Purchase,"These are my first barefoot style shoes. I feel in love. I don't foresee buying a different brand of shoe ever again. I've been wearing them daily for about a month, detailing boats, working out, everyday life, walking around the city, etc. Once your feet get used to the barefoot feeling (my feet were pretty sore for the first couple of days, it felt like I was walking around everywhere barefoot, go figure) your balance is better, your ankles are more stable, your feet don't feel crammed at the end of the day. For me, it's the perfect shoe. Not to mention I can climb up a 45 degree painted surface like in the video and they have grip like a geckos foot.",
Branden,"Great fit, great look",https://www.amazon.com/gp/customer-reviews/R1D7PUG3D27RUI/ref=cm_cr_getr_d_rvw_ttl?ie=UTF8&ASIN=B0CR3TQ9KM,"5.0 "," the United States "," January 13, 2025",Size: 11 WideColor: W892 | Black/Gum,Verified Purchase,"These have been my 'daily drivers' for at least a year now. They're plenty roomy and are just overall comfortable. It took a little getting used to the look of the slightly wide base since I've had traditional tapering shoes my whole life but after a while, I barely notice. 10/10 happy feet.",
Dakota,"Good for flat, wide feet",https://www.amazon.com/gp/customer-reviews/R1AXD30QODMF2Y/ref=cm_cr_getr_d_rvw_ttl?ie=UTF8&ASIN=B0CR3TQ9KM,"4.0 "," the United States "," December 31, 2024",Size: 11 WideColor: W892 | Black/Gum,Verified Purchase,"I bought these for my fiance who has very wide and flat feet. He likes them, they are wide enough and he says they’re comfortable and lightweight. They are stylish. They are a bit slick on smooth or wet surfaces. They do seem like they won’t last crazy long but for the price I can’t complain",
cj,Sweet Classic Canvas Gum Sole! (They better last)!,https://www.amazon.com/gp/customer-reviews/R2JXHJOQQ0TWSQ/ref=cm_cr_getr_d_rvw_ttl?ie=UTF8&ASIN=B0CR3TQ9KM,"5.0 "," the United States "," December 23, 2024",Size: 9.5 WideColor: W892 | Black/Gum,Verified Purchase,"My karate instructor sold shoes like these at his gym and I wore them all the time. The gum sole is stickier than safeTstep so they're great for work. You might want to replace or just ditch the stock insoles. We'll see how tough they are, but 5/5 for now.",
OkiDokie13,Very comfortable,https://www.amazon.com/gp/customer-reviews/R3FDI49RYA4TOS/ref=cm_cr_getr_d_rvw_ttl?ie=UTF8&ASIN=B0CR3TQ9KM,"5.0 "," the United States "," December 23, 2024",Size: 11 WideColor: W892 | Black/Gum,Verified Purchase,"These are the most comfortable shoes I've ever owned. They fit the size chart and don't feel loose, as some of the comments have expressed. However, I do have very wide feet and usually wear flip-flops most of the year. I added elastic laces for additional comfort.",
Ola. A,My every day shoes,https://www.amazon.com/gp/customer-reviews/R1AKPDRQF2YOY4/ref=cm_cr_getr_d_rvw_ttl?ie=UTF8&ASIN=B0CR3TQ9KM,"5.0 "," the United States "," November 25, 2024",Size: 10 WideColor: W892 | All Black,Verified Purchase,"I really like wearing these whenever I can’t wear slides. I wear them to work, to the store, in the car, in the grass, and anywhere I want. The canvas lets my feet breathe as does the wide toe design. They’re very comfortable, flexible, and light. It’s been a few months now and they’re still holding up well.",
Troy Overstreet,Comfortable but,https://www.amazon.com/gp/customer-reviews/RAC31Q734I77N/ref=cm_cr_getr_d_rvw_ttl?ie=UTF8&ASIN=B0CR3TQ9KM,"3.0 "," the United States "," November 19, 2024",Size: 12 WideColor: W892 | Pea Green,Verified Purchase,Comfortable for a while but seemed to wear out kind of soon,
C.T.,Not a Long Laster,https://www.amazon.com/gp/customer-reviews/R1KPNI28NC5TTK/ref=cm_cr_getr_d_rvw_ttl?ie=UTF8&ASIN=B0CR3TQ9KM,"3.0 "," the United States "," November 18, 2024",,Verified Purchase,"I bought two pairs of shoes from this company, and both lasted about 7 months. Maybe $30.00 shoes are only supposed to last a few months. Unfortunately, the pair I have on now currently have a gapping hole in the bottom. Before purchasing these shoes, I'd really consider paying more for shoes that won't fall apart a short while after you leave a good review. You'll end up paying more every 7 months for these anyways.",
Dave,So far so good,https://www.amazon.com/gp/customer-reviews/R2PD7JQ7YUU3UR/ref=cm_cr_getr_d_rvw_ttl?ie=UTF8&ASIN=B0CR3TQ9KM,"5.0 "," the United States "," November 18, 2024",Size: 13 WideColor: W892 | Black/Gum,Verified Purchase,"I've been wearing them for a couple of weeks now. So far I'm happy with them and i like the style. They are definitely wide enough for my foot which has been a challenge, but they are perfect for my wide foot.",
VIF,These are my new favorite shoes.,https://www.amazon.com/gp/customer-reviews/R889IHKMXYOTU/ref=cm_cr_getr_d_rvw_ttl?ie=UTF8&ASIN=B0CR3TQ9KM,"5.0 "," the United States "," November 14, 2024",Size: 8.5 WideColor: W892 | Black/Gum,Verified Purchase,My feet never get tired when wearing these.,
David,I own 5 pairs.,https://www.amazon.com/gp/customer-reviews/R3EJ1V8BTXH7BH/ref=cm_cr_getr_d_rvw_ttl?ie=UTF8&ASIN=B0CR3TQ9KM,"5.0 "," the United States "," November 14, 2024",Size: 10 WideColor: W892 | Dark Grey,Verified Purchase,"Great shoes. Why buy $150 ""barefoot"" shoes with a fancy upper when the sole wears out at the same rate as these? Duh!",
Burton P Wolfe,"Awesome ""barefoot"" shoe",https://www.amazon.com/gp/customer-reviews/R2AU47DLHW9RAC/ref=cm_cr_getr_d_rvw_ttl?ie=UTF8&ASIN=B0CR3TQ9KM,"5.0 "," the United States "," November 10, 2024",Size: 11 WideColor: W892 | Pea Green,Verified Purchase,"Another great shoe from this company. I love the look of this style and this one is a canvas material, which i really like along with the two tone theme. It has a little less arch support, but not as bad as the more standard shoe I had bought from Whitin previously. highkly recommend if you like their barefoot shoes.",
Mike C,Love them,https://www.amazon.com/gp/customer-reviews/R29FNRZO4U0MZQ/ref=cm_cr_getr_d_rvw_ttl?ie=UTF8&ASIN=B0CR3TQ9KM,"5.0 "," the United States "," November 9, 2024",Size: 11 WideColor: W892 | All Black,Verified Purchase,They look and feel great. After having them for a while I bought a second pair to have a second color. Love these.,
Rokosiano,Slippery when wet.,https://www.amazon.com/gp/customer-reviews/R31SIMNBH9FKJF/ref=cm_cr_getr_d_rvw_ttl?ie=UTF8&ASIN=B0CR3TQ9KM,"3.0 "," the United States "," November 5, 2024",Size: 11 WideColor: W892 | All Black,Verified Purchase,The toebox was not as wide and soles were thicker than expected of Barefoot shoes. When wet especially during rain the traction was horrible. Almost slid a couple of times. These shoes seem like they're made for indoors because that's only when it's grippy.,
Skimratz,Great Quality shoes,https://www.amazon.com/gp/customer-reviews/R1WCXNDOZI154H/ref=cm_cr_getr_d_rvw_ttl?ie=UTF8&ASIN=B0CR3TQ9KM,"5.0 "," the United States "," October 23, 2024",Size: 9.5 WideColor: W892 | Black/Gum,Verified Purchase,"I purchased a pair of these shoes in April. It is now October. I wear them all the time. I work in them. I skateboard in them. They are made so well. The soles don’t even look worn. The canvas upper has held up remarkably well. I have wide feet and struggle to find comfortable shoes. These hit the mark!! The wide toe area makes it feel like I’m not even wearing shoes. When it’s time to purchase another pair, I will be ordering these again.",
CyberWraithe,Comfortable but noisy,https://www.amazon.com/gp/customer-reviews/RPSHW3XFJE8CB/ref=cm_cr_getr_d_rvw_ttl?ie=UTF8&ASIN=B0CR3TQ9KM,"4.0 "," the United States "," October 21, 2024",Size: 11 WideColor: W892 | All Black,Verified Purchase,The shoes are very comfortable and breathe very well. The only issue I have with them is if you drag your feet at all it sounds like you have birds taped to your feet.,
Kel,"Poor quality, but comfortable",https://www.amazon.com/gp/customer-reviews/R15MGML54QGVEB/ref=cm_cr_getr_d_rvw_ttl?ie=UTF8&ASIN=B0CR3TQ9KM,"3.0 "," the United States "," October 20, 2024",Size: 12 WideColor: W892 | Black/Gum,Verified Purchase,These are very cheap quality shoes. Something I would expect from Walmart for $10. Frayed right out of the bag... They don't come in a box. Fit good though,
Christian De Arcos,Horma perfecta,https://www.amazon.com/gp/customer-reviews/R1CVTUMYB4K74B/ref=cm_cr_getr_d_rvw_ttl?ie=UTF8&ASIN=B0CR3TQ9KM,"5.0 "," the United States "," October 18, 2024",Size: 8.5 WideColor: W892 | All Black,Verified Purchase,Los he utilizado un par de veces para mis entrenamientos de piernas y se sienten genial. Da una mejor estabilidad en el pie al hacer sentadillas,
Keith Godown,Great ground feel and wide,https://www.amazon.com/gp/customer-reviews/R3OKG8ILHDI4IS/ref=cm_cr_getr_d_rvw_ttl?ie=UTF8&ASIN=B0CR3TQ9KM,"5.0 "," the United States "," October 18, 2024",Size: 9.5 WideColor: W892 | All Black,Verified Purchase,"These shoes are exactly what I wanted. Had VFFs but never got used to the separate toes. These are wide so my foot can splay and not to shallow either for my high instep.  Truly flexible but just thick enough of a sole to have just a little cushion. Hopefully they last because they are 1/3 the price of mainstream competitors. If you like xero shoes sandals, picture that but in a shoe.",
S. Price,Decent shoe,https://www.amazon.com/gp/customer-reviews/R1NUD6OT7ZDL1P/ref=cm_cr_getr_d_rvw_ttl?ie=UTF8&ASIN=B0CR3TQ9KM,"3.0 "," the United States "," October 13, 2024",Size: 12 WideColor: W892 | Pea Green,Verified Purchase,"Read the other reviews, the popping noise is real.  I didn't think I'd have that issue but I could hear it as I walked.  I think it's the canvas being too stiff, makes me wonder if the canvas material is real.",
Brett,My big wide feet love these shoes.,https://www.amazon.com/gp/customer-reviews/R1DPGK6IS08955/ref=cm_cr_getr_d_rvw_ttl?ie=UTF8&ASIN=B0CR3TQ9KM,"5.0 "," the United States "," October 11, 2024",Size: 11 WideColor: W892 | Pea Green,Verified Purchase,"I have five different pairs of this brand of shoes. These are super comfy. I'm a teacher, wear them to school (hard floors, some days I walk 10,000+ steps) and have had to sprint 15 blocks in them chasing a student. I also wore them to Europe where I walked from sun up to sun down pretty much every day and I never had to swap them out or even get thicker socks.  I tried one of their canvas shoes and the fit was not high enough, but these mesh ones are great for wide (mine are wide) and thick (with high arches that won't fit in a lot of shoes). I was worried the flatness of this shoe would not be comfortable but I have never had an uncomfortable day in them.",
Amazon Customer,Fits great!,https://www.amazon.com/gp/customer-reviews/R3SYU0VYB79R45/ref=cm_cr_getr_d_rvw_ttl?ie=UTF8&ASIN=B0CR3TQ9KM,"5.0 "," the United States "," October 7, 2024",Size: 9.5 WideColor: W892 | All Black,Verified Purchase,"This is the first barefoot, foot-shaped shoe I have had and it is amazing. I will never go back! I had used Sketchers for most of my shoes recently but my feet (over the years) have been progressively hurting more and more. Day 1 of this shoe was a world of difference. It bends with my foot, crouching, getting up on my tip toes, and general walking has felt completely different.",
E. Vega,Good and affordable,https://www.amazon.com/gp/customer-reviews/R2D0SII41XA4B5/ref=cm_cr_getr_d_rvw_ttl?ie=UTF8&ASIN=B0CR3TQ9KM,"5.0 "," the United States "," October 7, 2024",Size: 12 WideColor: W892 | Pea Green,Verified Purchase,Just did a day trip in new York is these. Was able to walk and not feel much foot issues (plantar fasciitis). It does feel different than the standard shoe. But it does get comfortable very easy. First pair of barefoot wide toe box shoes and definitely ready to get into these kind of shoes,
Greg Foster,slightly narrower,https://www.amazon.com/gp/customer-reviews/R2ZBPGQ10SKTKD/ref=cm_cr_getr_d_rvw_ttl?ie=UTF8&ASIN=B0CR3TQ9KM,"4.0 "," the United States "," September 25, 2024",Size: 10 WideColor: W892 | All Black,Verified Purchase,"slightly narrower than my first pair, but wider than my third, I'm told they look better than my crocs in social situations",
Anthony,Great and comfortable,https://www.amazon.com/gp/customer-reviews/R15TVGZ7Z9HHDV/ref=cm_cr_getr_d_rvw_ttl?ie=UTF8&ASIN=B0CR3TQ9KM,"5.0 "," the United States "," September 24, 2024",Size: 9.5 WideColor: W892 | All Black,Verified Purchase,Really great for the price only thing I can suggest is to get 1 size bigger than you think you need because remember using these shoes will make your feet wider.,
AlpineMik,Almost Great,https://www.amazon.com/gp/customer-reviews/R1ZDJU5EZUNOVJ/ref=cm_cr_getr_d_rvw_ttl?ie=UTF8&ASIN=B0CR3TQ9KM,"3.0 "," the United States "," September 24, 2024",,Verified Purchase,"These shoes are insanely comfortable and look really good. They also seem to be holding up just fine. But, the soles make a weird popping noise while walking. I have other styles of WHITIN Barefoot shoes that don't do this. These would be great shoes, if not for this.",
BubbaJ,Good,https://www.amazon.com/gp/customer-reviews/R3EDA1HMEXDSGU/ref=cm_cr_getr_d_rvw_ttl?ie=UTF8&ASIN=B0CR3TQ9KM,"5.0 "," the United States "," September 16, 2024",Size: 11 WideColor: W892 | All Black,Verified Purchase,Shoe,
jose,"Bonitos, pero la talla no es perfecta.",https://www.amazon.com/gp/customer-reviews/R2G3IL9AX606QY/ref=cm_cr_getr_d_rvw_ttl?ie=UTF8&ASIN=B0CR3TQ9KM,"4.0 "," the United States "," September 16, 2024",Size: 11 WideColor: W892 | All Black,Verified Purchase,"Pidelos media talla más arriba, porque son pequeños de largo. El ancho es perfecto.",
J35U5 SAV3S,My Favorite Shoes!,https://www.amazon.com/gp/customer-reviews/R1SM4BF4RQZBHN/ref=cm_cr_getr_d_rvw_ttl?ie=UTF8&ASIN=B0CR3TQ9KM,"5.0 "," the United States "," September 15, 2024",Size: 11 WideColor: W892 | All Black,,"Honestly, this pair of shoes is the best pair of shoes I own currently. I love this pair of shoes I can fully spread out my toes inside of these shoes, I’ve never had a pair of shoes like that before. It literally feels like I’m walking barefoot, all of the pros and none of the cons. I got a size up, and it’s so worth it! These shoes are super flexible, minimalistic barefoot shoes, great toe box.  I recommend getting a shoe size up for more room. These shoes are perfect! I highly recommend getting a size up, these shoes are awesome. AND THE PRICE IS SO LOW!!! GREAT DEAL!! It’s a steal, I will be getting more, and will be gifting to others too.🎁",
JJ Rogue,Love these shoes! Comfy but make a weird floppy noise when I walk!,https://www.amazon.com/gp/customer-reviews/R1MK0RZAB88US1/ref=cm_cr_getr_d_rvw_ttl?ie=UTF8&ASIN=B0CR3TQ9KM,"4.0 "," the United States "," September 10, 2024",Size: 13 WideColor: W892 | Black/Gum,Verified Purchase,Love these shoes! Comfy. Stylish. Wide. Feel great! Only downfall is they make a weird flopping sound similar to when shoes are wet and sort of flop around. So you can hear me coming from across the workroom. If i could figure out how to make them quiet they would be perfect! Buying the hightops next!,
Rene Colwell,Kid approved.,https://www.amazon.com/gp/customer-reviews/R3SZW97FG1TXA0/ref=cm_cr_getr_d_rvw_ttl?ie=UTF8&ASIN=B0CR3TQ9KM,"5.0 "," the United States "," September 8, 2024",Size: 10 WideColor: W892 | All Black,Verified Purchase,My son (17) loves the feel of these shoes.,
Steven Stettler,Comfy!,https://www.amazon.com/gp/customer-reviews/R29PQ1XN9CLTHK/ref=cm_cr_getr_d_rvw_ttl?ie=UTF8&ASIN=B0CR3TQ9KM,"4.0 "," the United States "," September 8, 2024",Size: 9.5 WideColor: W892 | Black/Gum,Verified Purchase,Recommended fit was spot on and these are quite comfortable. Could be more flexible and the rubber soles squeak more than any shoe I've ever owned but a good pair to see if barefoot shoes are for you,
Paige,Used No Laces,https://www.amazon.com/gp/customer-reviews/R2TCS118I4C1JC/ref=cm_cr_getr_d_rvw_ttl?ie=UTF8&ASIN=B0CR3TQ9KM,"1.0 "," the United States "," September 3, 2024",Size: 8.5 WideColor: W892 | Black/Gum,Verified Purchase,"I do love this style, but these shoes arrived with no laces and animal hair outside and inside the shoes. Clearly used, but sold as new. Accidents happen - I get it. Wish I didn't have to go to the trouble of a return when the accident was theirs.",
Linda S,runs 1/2 size small,https://www.amazon.com/gp/customer-reviews/R1Y6TIN2G4ZDPY/ref=cm_cr_getr_d_rvw_ttl?ie=UTF8&ASIN=B0CR3TQ9KM,"4.0 "," the United States "," September 3, 2024",Size: 8 WideColor: W892 | Black/White,Verified Purchase,"Other than the sizing issue noted below, I love these shoes.  They are lightweight and comfortable and I love being able to flex and wiggle my toes.  The traction is so good that they don't slip on a vinyl or laminate floor like many other shoes do.I recommend buying 1/2 size larger than usual.  Here's why:  I bought a size 8 and found that it lacks the toe wiggle room of ""WHITIN Women's Canvas/Leather Barefoot Shoes | Wide Width Minimalist Sneakers | Classic Fit Low Top"" in size 9.5.  According to the size charts, the measurements are supposed to be identical, but they pressed down on the top of my toes until I removed the insole.  The women's 9.5 is almost an inch longer than my feet and the men's 8 gives me less than 1/2 inch.  The result is my toes bump the end of the shoe when going down hill.  I will order again, but next time I will order an 8.5.",
Taylor,Super flat,https://www.amazon.com/gp/customer-reviews/RJBAUAF3T1O99/ref=cm_cr_getr_d_rvw_ttl?ie=UTF8&ASIN=B0CR3TQ9KM,"5.0 "," the United States "," August 31, 2024",Size: 13 WideColor: W892 | All Black,Verified Purchase,"They feel good, I really like how wide and flat they are",
Caasi Backwards,10/10,https://www.amazon.com/gp/customer-reviews/R1FHXOASR9I64M/ref=cm_cr_getr_d_rvw_ttl?ie=UTF8&ASIN=B0CR3TQ9KM,"5.0 "," the United States "," August 24, 2024",Size: 8 WideColor: W892 | All Black,Verified Purchase,"Best shoes I've ever owned. I got some waterproofing wax and applied that and now I have durable, waterproof, inexpensive, barefoot shoes. I need nothing more unless it snows.  WHITIN, PLEASE MAKE BOOTS. Also we the people want leather barefoot shoes! thank you!",
Salvador M. Zuniga,great fit,https://www.amazon.com/gp/customer-reviews/R4IMEAQOIYZJ1/ref=cm_cr_getr_d_rvw_ttl?ie=UTF8&ASIN=B0CR3TQ9KM,"5.0 "," the United States "," August 22, 2024",,Verified Purchase,"Great fit, nice flat minimalist shoes.",
Frenchie,Perfect for wide & flat footed.,https://www.amazon.com/gp/customer-reviews/R2Z8MR5U2K39O8/ref=cm_cr_getr_d_rvw_ttl?ie=UTF8&ASIN=B0CR3TQ9KM,"5.0 "," the United States "," August 21, 2024",Size: 11 WideColor: W892 | All Black,Verified Purchase,"I was hesitant to buy these due to never owning barefoot shoes before. My son is flat footed, and also has wide feet and all other brands left his feet hurting by the middle of the day. He has been wearing these for school for almost two weeks and loves them. He is already talking about getting another pair in a different color.",
Amy,Fits wide flat feet!,https://www.amazon.com/gp/customer-reviews/R3GW1E4L47ZXV6/ref=cm_cr_getr_d_rvw_ttl?ie=UTF8&ASIN=B0CR3TQ9KM,"5.0 "," the United States "," August 21, 2024",Size: 10 WideColor: W892 | Dark Grey,Verified Purchase,These are the first pair of shoes that have fit and felt good from the moment I put them on! I have very flat feet and these don’t make my feet hurt!,
Queen0fCups,Comfy,https://www.amazon.com/gp/customer-reviews/RZ6ZBAL41V419/ref=cm_cr_getr_d_rvw_ttl?ie=UTF8&ASIN=B0CR3TQ9KM,"5.0 "," the United States "," August 15, 2024",Size: 9.5 WideColor: W892 | All Black,Verified Purchase,"I’m a woman with wide feet, so I get the men’s. Comfy for my toes.",
J. Motley,Nice and natural,https://www.amazon.com/gp/customer-reviews/R2P0PKU0LWVZOV/ref=cm_cr_getr_d_rvw_ttl?ie=UTF8&ASIN=B0CR3TQ9KM,"5.0 "," the United States "," August 7, 2024",Size: 9.5 WideColor: W892 | All Black,Verified Purchase,These shoes fit perfectly. The fit is very natural as your feet are able to keep its natural shape. They were shipped on time and packaged very well.,
Kyle,Run small,https://www.amazon.com/gp/customer-reviews/R1GNQULLOINFWP/ref=cm_cr_getr_d_rvw_ttl?ie=UTF8&ASIN=B0CR3TQ9KM,"3.0 "," the United States "," July 30, 2024",Size: 13 WideColor: W892 | Dark Grey,Verified Purchase,I ordered my normal size and I usually have a little room. These were small. My toes were crammed in the end. Shoes were returned.,
Ajay,Great Shoes,https://www.amazon.com/gp/customer-reviews/R2I2M00351RFO5/ref=cm_cr_getr_d_rvw_ttl?ie=UTF8&ASIN=B0CR3TQ9KM,"5.0 "," the United States "," July 29, 2024",Size: 8 WideColor: W892 | Pea Green,Verified Purchase,"These are the second pair of barefoot shoes I purchased and I really like them. I have had them for about six months and I wear them pretty much everywhere. I am a relatively new to barefoot shoes and have only owned two cheap pairs, but when I get another pair it will probably just be another pair of these in a different color.",
Amazon Customer,Squeaky!,https://www.amazon.com/gp/customer-reviews/R25Y397450O129/ref=cm_cr_getr_d_rvw_ttl?ie=UTF8&ASIN=B0CR3TQ9KM,"3.0 "," the United States "," July 28, 2024",Size: 10 WideColor: W892 | Black/Gum,Verified Purchase,These fit great and are comfortable but they squeak like a frightened chihuahua!,
Edward Ruder,They actually fit me.,https://www.amazon.com/gp/customer-reviews/R1YFF5HHL4C645/ref=cm_cr_getr_d_rvw_ttl?ie=UTF8&ASIN=B0CR3TQ9KM,"5.0 "," the United States "," July 26, 2024",Size: 9.5 WideColor: W892 | Dark Grey,Verified Purchase,I have wide flat feet and these shoes actually fit me. On top of that thy are reasonably priced.,
Bradley gemmill,"Very comfortable, wide toe box, light weight!",https://www.amazon.com/gp/customer-reviews/R3SMQSG1PR5GTI/ref=cm_cr_getr_d_rvw_ttl?ie=UTF8&ASIN=B0CR3TQ9KM,"5.0 "," the United States "," July 22, 2024",Size: 9.5 WideColor: W892 | Black/White,Verified Purchase,"I've only had these on for about 20 minutes, but they are very comfortable. They're light weight, fit snug around the heel and have plenty of rooms for the piggies to spread out. Soles are also very flexible and give good ""feedback"". What I mean by that is if I step on my phone charger cord I can feel it. Feels like I'm wearing 2-3 pairs of thick socks.  They might feel small when you first put them on. When I put them on I thought my big toes were pushed up against the front end. In reality, I have about 1/4 inch between my big toes and the end of the shoe but the canvas is low so I can feel it touching the tip of my toenails. I'm sure overtime that will work itself out. One of the attached pictures shows where the end of my toe is compared to the end of the shoe.  Love them so far, wearing them to work tomorrow so we'll see how they feel after 10 hours on a concrete floor.",5
john,Just try them,https://www.amazon.com/gp/customer-reviews/R2FQL3EI9OGO8Y/ref=cm_cr_getr_d_rvw_ttl?ie=UTF8&ASIN=B0CR3TQ9KM,"5.0 "," the United States "," July 20, 2024",Size: 11 WideColor: W892 | Pea Green,Verified Purchase,"I decided to finally just buy them to try them to see if ""barefoot"" is all it's cracked up to be or not. For me personally I should kick myself in the ass for not doing it sooner. These shoes are great for walking on almost all surfaces but, it takes some getting used to if all you do is walk on concrete. I spend enough time on concrete for work so on my off time I like to spend more time on a little more natural floor like grass or dirt gravel sand etc. I've worn these on a few easier hikes and my feet never really started hurting at any point. Will definitely be expanding by getting a few more pairs that whittin offer",
Kae,"Might work for some, doesn’t work for me.",https://www.amazon.com/gp/customer-reviews/R384FXEE4ZG4OI/ref=cm_cr_getr_d_rvw_ttl?ie=UTF8&ASIN=B0CR3TQ9KM,"2.0 "," the United States "," July 19, 2024",Size: 11 WideColor: W892 | All Black,Verified Purchase,"So I should have known this wasn’t going to work for me considering if I stand barefoot too long my back hurts, and I understand this may work for others. I also have a very narrow foot as is so maybe normal shoes are better for me.  I’ve been having this type of shoe marketed towards me for weeks before I decided to try it out, with people talking about how much it helped their posture, back pain, and overall health. As someone who’s had chronic back pain most of my life, I figured I’d give it a shot. Wearing these while standing for just a few hours makes my entire body hurt. If my back pain is normally like a 3, this probably brought it up to a 7. Not to mention, the thin soles let you feel EVERYTHING, and not in a fun, “feel the grass between your feet” kind of way but in a “sensory nightmare, you feel the texture of the pavement below your feet even though you’re wearing socks.” For me this was a great learning moment teaching me I definitely need a supportive shoe and can’t sacrifice that, but I’d say that’s about the only positive thing I have to say about this.",
Doug E.,Uncomfortable,https://www.amazon.com/gp/customer-reviews/R1PSXO3SEMG3TX/ref=cm_cr_getr_d_rvw_ttl?ie=UTF8&ASIN=B0CR3TQ9KM,"3.0 "," the United States "," July 17, 2024",Size: 12 WideColor: W892 | Pea Green,Verified Purchase,Love the look and style. But these are hard to enjoy. You feel every imperfection of the ground. I have other barefoot shoes that I enjoy. These I'll use seldom.,
Shawn G,Love them!,https://www.amazon.com/gp/customer-reviews/R5SP9S43ZB6XM/ref=cm_cr_getr_d_rvw_ttl?ie=UTF8&ASIN=B0CR3TQ9KM,"5.0 "," the United States "," July 12, 2024",Size: 9.5 WideColor: W892 | Black/White,Verified Purchase,"They are comfortable, I like the wide feel and wide look to them. Not a super thin sole. I already want more of them.",
Big Dog,Fit like clown shoes and sound like clogs,https://www.amazon.com/gp/customer-reviews/R2A0YPOM738HDQ/ref=cm_cr_getr_d_rvw_ttl?ie=UTF8&ASIN=B0CR3TQ9KM,"2.0 "," the United States "," July 9, 2024",Size: 8.5 WideColor: W892 | Black/Gum,Verified Purchase,"These shoes seem well made until you wear them. I realize they have a wide toe box, but the lack of flexibility in the sole of the shoe makes them look, feel and sound like clown shoes. In addition, they sound like clogs as the stiff soles hit the floor/ground when you walk. I returned them as they just seemed ridiculous. Maybe they’ll work for you or you are trying to put together a Patch Adam’s costume, but they definitely don’t work for me",
DeniseMc,Fit perfect,https://www.amazon.com/gp/customer-reviews/R196GVQ1TZFBT0/ref=cm_cr_getr_d_rvw_ttl?ie=UTF8&ASIN=B0CR3TQ9KM,"5.0 "," the United States "," June 25, 2024",Size: 9.5 WideColor: W892 | Black/Gum,Verified Purchase,"Light, confortable, very good grip on bottom",
matthew,Maybe order 1/2 size up,https://www.amazon.com/gp/customer-reviews/R5BN2O3PIJKWK/ref=cm_cr_getr_d_rvw_ttl?ie=UTF8&ASIN=B0CR3TQ9KM,"5.0 "," the United States "," June 25, 2024",Size: 12 WideColor: W892 | Black/White,Verified Purchase,Good looking nice and comfy,
random reader,One of my favorite pairs!,https://www.amazon.com/gp/customer-reviews/R5NZ4TMFKTINL/ref=cm_cr_getr_d_rvw_ttl?ie=UTF8&ASIN=B0CR3TQ9KM,"5.0 "," the United States "," June 22, 2024",Size: 8 WideColor: W892 | Black/Gum,Verified Purchase,"These shoes are great!!! They are comfortable and flexible, and I love the look. The width makes them perfect. I can't believe the price for the quality. I wear them daily and no signs of wear and tear after three months. My other pair looks new and is over a year old.",3
Silvio,"Trendy, summery and cool!",https://www.amazon.com/gp/customer-reviews/RAEQAA4Q0309K/ref=cm_cr_getr_d_rvw_ttl?ie=UTF8&ASIN=B0CR3TQ9KM,"5.0 "," the United States "," June 21, 2024",Size: 10 WideColor: W892 | Black/Gum,Verified Purchase,"I bought these shoes for the Summer weekends, but I am using them almost every day. They are comfortable, look well made, and can be worn with jeans and chinos. They would be great in other colors than black too.",
Jay B.,2nd Purchase from this brand,https://www.amazon.com/gp/customer-reviews/R33VQ0Q3BAH732/ref=cm_cr_getr_d_rvw_ttl?ie=UTF8&ASIN=B0CR3TQ9KM,"5.0 "," the United States "," June 14, 2024",Size: 13 WideColor: W892 | Black/Gum,Verified Purchase,"I wear a size 13w in normal shoes, and finding shoes that fit well and look good is a perpetual struggle. This covers both of those marks flawlessly.  As an added bonus, since I started wearing these types of shoes I've noticed an improvement in my joints, due to my feet being able to move naturally.",
Spaceman Spiff,Comfortable but very cheaply made.,https://www.amazon.com/gp/customer-reviews/RWDVHVTDSBGCK/ref=cm_cr_getr_d_rvw_ttl?ie=UTF8&ASIN=B0CR3TQ9KM,"1.0 "," the United States "," June 14, 2024",Size: 9.5 WideColor: W892 | All Black,Verified Purchase,"After wearing about 3 times for short periods, one of the eyelets already fell out of the shoe.  Makes me very nervous for how these will hold up...  I am now past the return window.",2
Sadie Bryan,Husband likes them!,https://www.amazon.com/gp/customer-reviews/R1LR76Z5JKUHXK/ref=cm_cr_getr_d_rvw_ttl?ie=UTF8&ASIN=B0CR3TQ9KM,"5.0 "," the United States "," June 13, 2024",Size: 10 WideColor: W892 | Dark Grey,Verified Purchase,"My husband has been wearing these on the weekends for a few weeks now and really likes them.  He wasn't sure about the barefoot style, so he wanted to try a low price pair to find out.  These seem to be fairly well-made and look nice.  He likes how wide and spacious they are.  Says they don't crush his toes.  The zero-drop aspect is something he thought he would have to adjust to (calf muscles), but he hasn't noticed any pain or issues from them.",4
Papa Trickshot,Possibly the greatest of all time barefoot shoe brand.,https://www.amazon.com/gp/customer-reviews/R24UFLBIG711TN/ref=cm_cr_getr_d_rvw_ttl?ie=UTF8&ASIN=B0CR3TQ9KM,"5.0 "," the United States "," June 11, 2024",Size: 11 WideColor: W892 | Black/White,Verified Purchase,"There are many barefoot companies, most try to rif you off with overpriced options. I've had 2 whitins for a year. These ones and the trail runner ones that look like a normal shoe. I put them through the washing machine more times than I can count. Abuse them on hikes and running, and working out in them. They are bullet proof and are very comfortable. TLDR, obliterates the competition for a cheap price.",2
BRouse,"Wife hates, I like.",https://www.amazon.com/gp/customer-reviews/R1Q9E27BRIGTP/ref=cm_cr_getr_d_rvw_ttl?ie=UTF8&ASIN=B0CR3TQ9KM,"5.0 "," the United States "," June 7, 2024",Size: 10 WideColor: W892 | Dark Grey,Verified Purchase,They do look a little dorky but my feet can stretch out.  I wear on days that I will be in my feet a lot and it helps.,
Blonde111,Love these shoes,https://www.amazon.com/gp/customer-reviews/RWMGPBKWXZ5SO/ref=cm_cr_getr_d_rvw_ttl?ie=UTF8&ASIN=B0CR3TQ9KM,"5.0 "," the United States "," June 6, 2024",Size: 8.5 WideColor: W892 | Black/White,Verified Purchase,I have worn barefoot shoes for a few years. These are not quite as thin soled or flexible as most of the shoes I wear but I love them regardless. The toe box is wide and the shoes are very comfortable. I highly recommend. I just wish I could get them in multiple colors.,
Wallace O.,Love these!,https://www.amazon.com/gp/customer-reviews/R3THCJ19JJKIRF/ref=cm_cr_getr_d_rvw_ttl?ie=UTF8&ASIN=B0CR3TQ9KM,"5.0 "," the United States "," June 3, 2024",Size: 11 WideColor: W892 | Pea Green,Verified Purchase,"Super comfy shoes for low cost. Feet were sore the first few days, but adjusted quickly. The cushioning by the ankles feels like memory foam. Only two down sides, the rubber squeeks if you brush your foot on the ground, and hard to keep clean(for the lighter colors at least), otherwise love them, will buy more.",
Anny Peralta,Great!,https://www.amazon.com/gp/customer-reviews/R16Q1VSLJBZ8DK/ref=cm_cr_getr_d_rvw_ttl?ie=UTF8&ASIN=B0CR3TQ9KM,"5.0 "," the United States "," May 27, 2024",Size: 13 WideColor: W892 | Black/Gum,Verified Purchase,Nice shoes!!,
Century,Wrong shoe sent,https://www.amazon.com/gp/customer-reviews/RJP13PJEF9C6I/ref=cm_cr_getr_d_rvw_ttl?ie=UTF8&ASIN=B0CR3TQ9KM,"1.0 "," the United States "," May 27, 2024",Size: 11 WideColor: W892 | Black/Gum,Verified Purchase,Bought a pair a few days prior and was very pleased with them.  Ordered a second pair with the gum sole.  W892 model in size 44.  Received a W87 size 45.  Much cheaper made than the pair I should have received. This is twice Whitin has sent the wrong style.  It’s as if they send whatever they have that they believe is close enough to what you order.,
eroduc,Heavy and uncomfortable,https://www.amazon.com/gp/customer-reviews/RJC1KRVY1ZGPQ/ref=cm_cr_getr_d_rvw_ttl?ie=UTF8&ASIN=B0CR3TQ9KM,"2.0 "," the United States "," May 26, 2024",Size: 10 WideColor: W892 | Black/White,Verified Purchase,"These were so uncomfortable. If you're looking for just a fashion shoe, they are good looking but they are not good for walking around all day. Heavy and thin soled.",
Croy,Great,https://www.amazon.com/gp/customer-reviews/R2YIYO6RF2G71G/ref=cm_cr_getr_d_rvw_ttl?ie=UTF8&ASIN=B0CR3TQ9KM,"5.0 "," the United States "," May 26, 2024",Size: 9.5 WideColor: W892 | All Black,Verified Purchase,Hubby loves these shoes uses them for Work rides motorcycle never says that his feet are uncomfortable. First size was a little small so size up.,
unknown321456,The best low canvas shoes if you have wide feet,https://www.amazon.com/gp/customer-reviews/R1DTMZRSBZ9KSZ/ref=cm_cr_getr_d_rvw_ttl?ie=UTF8&ASIN=B0CR3TQ9KM,"5.0 "," the United States "," May 25, 2024",Size: 11 WideColor: W892 | All Black,Verified Purchase,"Very comfortable, and perfect for wide feet if you do not not have a high arch.",
Amazon Customer,Low quality seams,https://www.amazon.com/gp/customer-reviews/R3Q3RAA7MP89Q/ref=cm_cr_getr_d_rvw_ttl?ie=UTF8&ASIN=B0CR3TQ9KM,"1.0 "," the United States "," May 22, 2024",Size: 10 WideColor: W892 | Black/Gum,Verified Purchase,"The shoes seem quality at first, good canvas and nice padded insoles that are removable. However on the third wear, and without rigorous use, the back of one heel tore. I was excited about them for the price, but won’t be reordering.",2
Evan Steele,Great Shoe!,https://www.amazon.com/gp/customer-reviews/R1YEHTTUSULQ5L/ref=cm_cr_getr_d_rvw_ttl?ie=UTF8&ASIN=B0CR3TQ9KM,"5.0 "," the United States "," May 13, 2024",Size: 11 WideColor: W892 | Black/Gum,Verified Purchase,"This shoe fits like a glove, very comfortable and exactly as described.",
Gabriel T. Wankar,Excellent,https://www.amazon.com/gp/customer-reviews/R37M0QIZZ56RKQ/ref=cm_cr_getr_d_rvw_ttl?ie=UTF8&ASIN=B0CR3TQ9KM,"5.0 "," the United States "," May 12, 2024",Size: 9.5 WideColor: W892 | All Black,Verified Purchase,Excellent,
CG,Really cutes,https://www.amazon.com/gp/customer-reviews/R1RJYU5U6FRZ46/ref=cm_cr_getr_d_rvw_ttl?ie=UTF8&ASIN=B0CR3TQ9KM,"5.0 "," the United States "," May 11, 2024",Size: 8 WideColor: W892 | Black/White,Verified Purchase,"Good shoes, super casual, good size for me, really cheap actually based on my experience with shoes, are kind of stiff at first maybe trying them for a while might help, but the best thing about it is the barefoot shape and zero drop sole. Nice job",
BrianAZ,Great shoe,https://www.amazon.com/gp/customer-reviews/R1P6HB5J09CIIK/ref=cm_cr_getr_d_rvw_ttl?ie=UTF8&ASIN=B0CR3TQ9KM,"5.0 "," the United States "," May 11, 2024",,Verified Purchase,I'm a veteran barefooter and these shoes get my official seal of approval🥇(so far)  They are perfect thickness and the sole feels great and seems durable. I use these shoes for my job as an HVAC installer. I am going to put them through the ringer so we will see how they hold up. I will be fair and judge them accordingly. But as it stands these shoes are WELL WORTH the money and definitely appropriate for people who like to be barefoot,
Tara Doyle,My new everyday shoe,https://www.amazon.com/gp/customer-reviews/R2EH7WO2ZFVRF9/ref=cm_cr_getr_d_rvw_ttl?ie=UTF8&ASIN=B0CR3TQ9KM,"5.0 "," the United States "," May 5, 2024",Size: 9.5 WideColor: W892 | Black/Gum,Verified Purchase,"Perfect barefoot shoe! No need to go purchase others for $100+ Quality, comfort and perfect sizing.",
Phillip,"Tight going in, but worth the money.",https://www.amazon.com/gp/customer-reviews/R2DWFON24AO6LW/ref=cm_cr_getr_d_rvw_ttl?ie=UTF8&ASIN=B0CR3TQ9KM,"4.0 "," the United States "," April 30, 2024",Size: 9.5 WideColor: W892 | All Black,,"Love the look and feel. It's tight going in though, even without the insoles. Could use a finger pull on the back. Maybe get rid of the 5th hole, or make the side panels higher. Strings are too long. No heel pad, which I'm happy have have gotten used to, but some people may not want to. It keeps the shoes light though.",
Jacob,Great shoes,https://www.amazon.com/gp/customer-reviews/RA1ZE2KZ0D49B/ref=cm_cr_getr_d_rvw_ttl?ie=UTF8&ASIN=B0CR3TQ9KM,"5.0 "," the United States "," April 30, 2024",Size: 10 WideColor: W892 | All Black,Verified Purchase,"Extremely comfortable, lightweight, and well made. You can remove the insole for a more ""barefoot"" feel, without losing any of the comfort. Nice soft foot bed underneath the removable insole. Will buy again.",
Anonymous,Excellent shoes!,https://www.amazon.com/gp/customer-reviews/RTKWELC7ZD5FO/ref=cm_cr_getr_d_rvw_ttl?ie=UTF8&ASIN=B0CR3TQ9KM,"5.0 "," the United States "," April 25, 2024",Size: 13 WideColor: W892 | Black/White,Verified Purchase,"Really love these shoes, I'm probably going to buy more pairs of Whitin shoes in the future.  I replaced the insoles with 6mm ones from Run619.com and now my foot fits the shoe very well, so if you have low foot volume like me, you might want to do the same.  These shoes look great, feel great, give me plenty of toe splay room as well as vertical room too.  The quality of construction is outstanding for the price as well!  Compared to the PF Flyer Los I replaced these with, I love the added cushioning around the ankle and the overall thickness just feels very nice.  The padded tongue is comfortable as well.",5
Christopher Emmett,Look good. Makes for a good minimal but it’s a bit stiff.,https://www.amazon.com/gp/customer-reviews/R2L6OQ3O43TUF2/ref=cm_cr_getr_d_rvw_ttl?ie=UTF8&ASIN=B0CR3TQ9KM,"2.0 "," the United States "," April 23, 2024",Size: 8 WideColor: W892 | Dark Grey,Verified Purchase,Look good. Makes for a good minimal but it’s a bit stiff.,
Joe,A Very Nice Shoe,https://www.amazon.com/gp/customer-reviews/RUALB2YI3OV7Q/ref=cm_cr_getr_d_rvw_ttl?ie=UTF8&ASIN=B0CR3TQ9KM,"5.0 "," the United States "," April 20, 2024",,Verified Purchase,"I've had these for a couple of weeks now.  Pros: - The shoes is very well made, very high quality. - The Canvas seems to be just the right thickness. Not too thin or heavy. - Weight is good for the price. - Shoe box is good - toes are not cramped, but I have been wearing traditional, western shoes, so my toes are formed to them. - Zero Drop seems good. - They have nice padding on the inside, but some may consider this to be a ""Con"".  Cons: - Soles are fairly flexible, but maybe not as much as some of the more expensive Barefoot shoes.  These probably aren't the best Zero Drop, Barefoot, shoes on the market, but they may be at this price.",6
Amazon Customer,Feels great 😃,https://www.amazon.com/gp/customer-reviews/R3JTGY8ZTFZU5S/ref=cm_cr_getr_d_rvw_ttl?ie=UTF8&ASIN=B0CR3TQ9KM,"5.0 "," the United States "," April 17, 2024",Size: 10 WideColor: W892 | All Black,Verified Purchase,I was a little skeptical as to whether or not it was going to be comfortable to wear. But it has blown away my expectations! I no longer have foot pain or lower back pain because my foot is now comfortably placed. It is slightly cushioned on the inside but I don't even notice. Will be definitely getting another pair soon! I'm normally a size 10 in Pumas and I chose the size 10 for this shoe and it fits very well.,
Matt,One of the most comfortable pairs of shoes I've ever worn,https://www.amazon.com/gp/customer-reviews/R3F7JQ0QV3NDIX/ref=cm_cr_getr_d_rvw_ttl?ie=UTF8&ASIN=B0CR3TQ9KM,"5.0 "," the United States "," April 14, 2024",Size: 11 WideColor: W892 | Black/Gum,Verified Purchase,"Time will tell how durable these shoes are, but they are one of the most comfortable pairs of shoes I have ever owned, especially as someone with a really wide foot. I ordered a half-size up from what I normally wear and they fit perfectly. They're very stylish as well. For the price, I am very happy.",
ilmas,Comfort,https://www.amazon.com/gp/customer-reviews/R19US3W34N6FOL/ref=cm_cr_getr_d_rvw_ttl?ie=UTF8&ASIN=B0CR3TQ9KM,"5.0 "," the United States "," April 13, 2024",Size: 11 WideColor: W892 | All Black,Verified Purchase,Comfortablee,
Beverly K.,Shoes that feel like nothing,https://www.amazon.com/gp/customer-reviews/R30LM6HHIW8DH/ref=cm_cr_getr_d_rvw_ttl?ie=UTF8&ASIN=B0CR3TQ9KM,"3.0 "," the United States "," April 11, 2024",Size: 10 WideColor: W892 | All Black,Verified Purchase,The thing I don't like is that you can't just slip them on. They have to be untied to be put on. They are comfortable,
Dog mom,Love them.,https://www.amazon.com/gp/customer-reviews/R2WQJJZ4BO72PJ/ref=cm_cr_getr_d_rvw_ttl?ie=UTF8&ASIN=B0CR3TQ9KM,"5.0 "," the United States "," April 10, 2024",Size: 9.5 WideColor: W892 | All Black,Verified Purchase,"Super nice bearfoot shoes. I use them daily. Light, flexible and very comfortable.",
Carol K,Very comfortable,https://www.amazon.com/gp/customer-reviews/R1W93L7L0E0IW0/ref=cm_cr_getr_d_rvw_ttl?ie=UTF8&ASIN=B0CR3TQ9KM,"5.0 "," the United States "," April 10, 2024",Size: 8.5 WideColor: W892 | Pea Green,Verified Purchase,Even with a bunion this shoe is comfortable for my husband’s daily walks. Great value for the $$$$$$.,
Lynchman,light weight loud sole,https://www.amazon.com/gp/customer-reviews/R1UYIZY4ISPBZB/ref=cm_cr_getr_d_rvw_ttl?ie=UTF8&ASIN=B0CR3TQ9KM,"4.0 "," the United States "," March 27, 2024",Size: 10 WideColor: W892 | Dark Grey,Verified Purchase,use this as a stomp around the house shoe. works great only complaint is toe stich came loose after couple days. canvas is great,2
Mark Hughes,A little weird feeling..,https://www.amazon.com/gp/customer-reviews/R1LWAAVHENV1M4/ref=cm_cr_getr_d_rvw_ttl?ie=UTF8&ASIN=B0CR3TQ9KM,"5.0 "," the United States "," March 26, 2024",Size: 11 WideColor: W892 | Black/Gum,Verified Purchase,"At first.. But super comfy after a couple of hours. It's surprisingly difficult to find a black canvas gum soled shoe in 11 wide, so I had to buy and try this product. So far I'm very happy with my purchase. If your thinking about it I would buy it.",
Karen,Poor fitting,https://www.amazon.com/gp/customer-reviews/RU39PQ2S33HOL/ref=cm_cr_getr_d_rvw_ttl?ie=UTF8&ASIN=B0CR3TQ9KM,"3.0 "," the United States "," March 19, 2024",Size: 8.5 WideColor: W892 | Black/Gum,Verified Purchase,Came on time. Poor ft,
TyphoonJ,A decent but noisy entry-level zero drop shoe,https://www.amazon.com/gp/customer-reviews/R146AMXCQS2EMN/ref=cm_cr_getr_d_rvw_ttl?ie=UTF8&ASIN=B0CR3TQ9KM,"3.0 "," the United States "," March 10, 2024",Size: 9.5 WideColor: W892 | Black/Gum,Verified Purchase,"These a are good looking minimalist shoes but they do have some problems. The shoe is zero drop, however, they still feel a bit thick and don't flex as much as I'd like. That could just be a personal preference thing though. They are noisy shoes to walk in. The toe end of the shoe pops back to shape after each step, making it very annoying to walk in. I've only had these shoes for a few days so this might go away over time. What's interesting is that they make less noise if you walk with a heel strike, but this is not a healthy habit to develop when walking in thinner shoes. The shoe is comfortable and if the noise issue goes away with regular use, I could see it being a decent choice for someone who is looking to transition into zero drop footwear.",7
EB,Comfy!,https://www.amazon.com/gp/customer-reviews/R1DH9N4HF20660/ref=cm_cr_getr_d_rvw_ttl?ie=UTF8&ASIN=B0CR3TQ9KM,"5.0 "," the United States "," March 5, 2024",,Verified Purchase,"Great shoes! I have been waiting to try out a wide toe box shoe for awhile now but the price was always a factor. When I saw these listed at $29 I had to jump on it, and I don’t regret it. These shoes seem to be good quality, are light, and plenty of room for my poor previously crushed toes and foot bones. They are meant to feel like bare feet, and I could see forgetting you even have them on, which brings the thought of support to mind. I have been wearing them to get my 10,000 steps in and so far so good, but I will try to update how they hold up, and if maybe an additional orthotic might be helpful, but so far it doesn’t need it. Right now I’m loving them!",2
JMA,"So far, so good!",https://www.amazon.com/gp/customer-reviews/R2NMMLDY2ZNLT4/ref=cm_cr_getr_d_rvw_ttl?ie=UTF8&ASIN=B0CR3TQ9KM,"5.0 "," the United States "," January 16, 2024",,Verified Purchase,"Great shoes, some spots still need to stretch a little bit. But, so far the sizing chart is accurate for me and not too thing sole and not too thick either. Flexible, shape of the foot, wide. Amazing for $30.",
Gonzmx,,https://www.amazon.com/hz/reviews-render/report-review?ie=UTF8&ref=cm_cr_getr_d_rvw_hlp&csrfT=hDOlDJ7c%2FryTq2QVcXNeEg%2Fpn0abnjY%2FdCn03tQCZGIHAAAAAGeW3ocAAAAB&reviewId=R3IU31XIRSWZPQ,"5.0 "," Mexico "," December 13, 2024",Size: 11 WideColor: W892 | Black/Gum,Verified Purchase,"Se sienten muy bien hechos a un súper precio, especialmente si se comparan con las marcas líderes de calzado minimalista.  Los utilizo solamente para pasear a mi perro y para usarlos en casa, por qué honestamente aún no me acostumbro al look de punta ancha.  Después de un par de meses he notado que cuando utilizo algún par de tenis mas ""mainstream"" especialmente los que tienen un drop mas pronunciado, como la mayoría de los tennis runners de hoy en día, ya no se sienten tan comodos y empiezo a extrañar mis tenis minimalistas.  Siento que mi postura es mucho más natural con este tipo de calzado",
Javier Vazquez,,https://www.amazon.com/hz/reviews-render/report-review?ie=UTF8&ref=cm_cr_getr_d_rvw_hlp&csrfT=hOPAXCVWpK%2F6FRC3f0xRvzl2vgs%2BCM7%2FsIsXcGPvEqtaAAAAAGeW3ocAAAAB&reviewId=R2DGF9WHSC7DKC,"5.0 "," Mexico "," November 13, 2024",Size: 11 WideColor: W892 | Black/White,Verified Purchase,"se ve muy bien, sientes el suelo, excelente precio",
Fwrnamdp,,https://www.amazon.com/hz/reviews-render/report-review?ie=UTF8&ref=cm_cr_getr_d_rvw_hlp&csrfT=hK9B8HmBM3jDedsVEqL%2BCtDbr4TX9qF%2BWSKsfgi3V194AAAAAGeW3ocAAAAB&reviewId=R20OTPM87RT5SP,"3.0 "," Mexico "," November 2, 2024",Size: 11 WideColor: W892 | Black/Gum,Verified Purchase,"Los pies duelen al poco tiempo de usarlos, no los recomendó a menos que los uses por periodos cortos o en ambientes controlados.",
Jose Angel,,https://www.amazon.com/hz/reviews-render/report-review?ie=UTF8&ref=cm_cr_getr_d_rvw_hlp&csrfT=hFxHILZgXIUTTFUt8xRRK4IaDMu1LaP4w525sXMtjZkjAAAAAGeW3ocAAAAB&reviewId=RHK5N2ABWWK1Q,"5.0 "," Mexico "," September 14, 2024",Size: 9.5 WideColor: W892 | All Black,Verified Purchase,"Me gustó mucho el diseño y el color, son demasiado cómodos es sin duda la mejor opción",
Raul De Castro,,https://www.amazon.com/hz/reviews-render/report-review?ie=UTF8&ref=cm_cr_getr_d_rvw_hlp&csrfT=hEaVpZxpS9qMhybLMQ703jrfqgu8W9OaB5XHnHcxplsQAAAAAGeW3ocAAAAB&reviewId=R2MLH0VQHN02K7,"5.0 "," Mexico "," August 24, 2024",Size: 11 WideColor: W892 | Black/Gum,Verified Purchase,"A diferencia de otros zapatos tipo ""barefoot"" encuentro estos más cómodos de la suela, ideales para uso diario. La calidad de los materiales, uniones y costuras interiores y exteriores es excelente, y el agarre de la suela en seco y húmedo es muy buena. También resultan faciles de limpiar",2
Francisco Diaz,,https://www.amazon.com/hz/reviews-render/report-review?ie=UTF8&ref=cm_cr_getr_d_rvw_hlp&csrfT=hHDOQAViMERzuv4fvpPQPwtqr9XTUPTeC5ZVp4NBipBDAAAAAGeW3ocAAAAB&reviewId=R3DGI7IA9I8V77,"5.0 "," Mexico "," August 4, 2024",Size: 10 WideColor: W892 | Black/Gum,Verified Purchase,"Los uso para caminar, lo maximo fueron 12 jms y no me dolieron los pies para nada, se me hicieron excelente",
Dany torrecillas,,https://www.amazon.com/hz/reviews-render/report-review?ie=UTF8&ref=cm_cr_getr_d_rvw_hlp&csrfT=hAxBJEEmekFes9GFEdr9L9Tih2%2FQzm15z8NmcoWMFhUBAAAAAGeW3ocAAAAB&reviewId=R1YV7OEY1RD5AC,"5.0 "," Mexico "," July 6, 2024",Size: 8.5 WideColor: W892 | Dark Grey,Verified Purchase,son muy comodos y a muy buen precio,
Martín Sand.,,https://www.amazon.com/hz/reviews-render/report-review?ie=UTF8&ref=cm_cr_getr_d_rvw_hlp&csrfT=hAnq2BCGb8lgPaZzji%2B%2BNgnrufTZTMfAU4J3Qa15OjA%2BAAAAAGeW3ocAAAAB&reviewId=R2SP185ZVYLGZC,"5.0 "," Mexico "," June 21, 2024",Size: 9.5 WideColor: W892 | Pea Green,Verified Purchase,"Cómodas, ligeros, camino varias horas al día y están de maravilla no me fatigó al usarlas. . . Recomendables",
