﻿评论用户,评论概述,评论链接,星级评分,评论地点,评论时间,类型,是否购买,评论详情,觉得该评论有帮助的人数
Amazon Customer,Pretty.,https://www.amazon.com/gp/customer-reviews/R1EGQSIREMGRAR/ref=cm_cr_getr_d_rvw_ttl?ie=UTF8&ASIN=B078SH26NY,"5.0 "," the United States "," November 16, 2024",Color: Delta - White,Verified Purchase,Pretty.,
james bollier,Great,https://www.amazon.com/gp/customer-reviews/RIES5PET71FC0/ref=cm_cr_getr_d_rvw_ttl?ie=UTF8&ASIN=B078SH26NY,"5.0 "," the United States "," November 15, 2024",Color: Dot - White,Verified Purchase,Great,
Zebrababy,Cute earrings,https://www.amazon.com/gp/customer-reviews/R1WORT5O8DJZI6/ref=cm_cr_getr_d_rvw_ttl?ie=UTF8&ASIN=B078SH26NY,"5.0 "," the United States "," November 8, 2024",Color: TrioBall - Rose,Verified Purchase,I like them so far,
Amazon Customer,Nice quality,https://www.amazon.com/gp/customer-reviews/RELY0J1TZUURH/ref=cm_cr_getr_d_rvw_ttl?ie=UTF8&ASIN=B078SH26NY,"5.0 "," the United States "," September 9, 2024",Color: Heart - Yellow,Verified Purchase,Very nice earrings.  They are small but look really nice.,
Nancy A. Potosky,Disappointed,https://www.amazon.com/gp/customer-reviews/R2VH092EYYMJUN/ref=cm_cr_getr_d_rvw_ttl?ie=UTF8&ASIN=B078SH26NY,"3.0 "," the United States "," February 25, 2024",Color: Dot - White,Verified Purchase,Had to return them..they  weren't a brushed finish which is what I wanted,
LisaK,Perfect for my needs,https://www.amazon.com/gp/customer-reviews/R3U4CPPRTKCDI1/ref=cm_cr_getr_d_rvw_ttl?ie=UTF8&ASIN=B078SH26NY,"5.0 "," the United States "," February 20, 2024",Color: Dot - Yellow,Verified Purchase,I have lost expensive earrings in the past by pulling masks off my ears. I needed a day-to-day cute but inexpensive pair of earrings to wear. I am very pleased with these.,2
Jo521,Love these Earrings,https://www.amazon.com/gp/customer-reviews/RGCMBSFOSFK48/ref=cm_cr_getr_d_rvw_ttl?ie=UTF8&ASIN=B078SH26NY,"5.0 "," the United States "," August 3, 2023",Color: Bar - White,Verified Purchase,These are great stylish and comfortable earrings.  Highly recommend.,
z's,Love these!,https://www.amazon.com/gp/customer-reviews/R3GUWI4CUMRGEZ/ref=cm_cr_getr_d_rvw_ttl?ie=UTF8&ASIN=B078SH26NY,"5.0 "," the United States "," April 16, 2023",Color: Heart - White,Verified Purchase,Perfect size for my little ears. Small and elegant.,
scgme,Purchased a second pair,https://www.amazon.com/gp/customer-reviews/R1KYWOIFJF0PPS/ref=cm_cr_getr_d_rvw_ttl?ie=UTF8&ASIN=B078SH26NY,"5.0 "," the United States "," February 21, 2023",,Verified Purchase,I love these earrings. They feel like nothing. I have sensitive ears and I can leave these on all the time and they never cause any issues. I recently took them off to switch temporarily to another pair and was unable to remember where I put them. I loved them so much that I ordered another pair. The best.,
Amazon Customer,These little hearts feel & look great!,https://www.amazon.com/gp/customer-reviews/R33Y6WW43X4M7K/ref=cm_cr_getr_d_rvw_ttl?ie=UTF8&ASIN=B078SH26NY,"5.0 "," the United States "," February 13, 2023",Color: Heart - Yellow,Verified Purchase,"Nice size, beautiful shiny gold-covered hearts look great in my second hole. Arrived fast under separate cover. Sensitive ears, but feel great!  Will be back.",
Dalton,small,https://www.amazon.com/gp/customer-reviews/R2YE318M3JKI0G/ref=cm_cr_getr_d_rvw_ttl?ie=UTF8&ASIN=B078SH26NY,"5.0 "," the United States "," October 7, 2022",Color: Dot - Yellow,Verified Purchase,the earrings are small but i like them they look good too,
Lyddi,Cute earrings for sensitive ears,https://www.amazon.com/gp/customer-reviews/R1I59HE8V88YMB/ref=cm_cr_getr_d_rvw_ttl?ie=UTF8&ASIN=B078SH26NY,"5.0 "," the United States "," October 1, 2022",Color: Heart - Yellow,Verified Purchase,"I have very sensitive ears and most earrings hurt my ears after awhile and/or turn them green. I've been wearing these heart studs 24/7 for weeks now and there is no green or residue on my ears whatsoever. I've been scammed on a lot of ""sensitive"" earrings so I'm really happy with these, esp for the value.",3
Ashli Elizabeth Carnicelli,"Beautiful, perfect!",https://www.amazon.com/gp/customer-reviews/R1NTK8OHDQCUID/ref=cm_cr_getr_d_rvw_ttl?ie=UTF8&ASIN=B078SH26NY,"5.0 "," the United States "," August 7, 2022",Color: Delta - Yellow,Verified Purchase,I love these dainty earrings. They give just the right amount of shine and sparkle and they are beautiful!,
Philip,Lindos,https://www.amazon.com/gp/customer-reviews/R3T2BBHJUL4OMK/ref=cm_cr_getr_d_rvw_ttl?ie=UTF8&ASIN=B078SH26NY,"5.0 "," the United States "," May 19, 2022",Color: Dot - Yellow,Verified Purchase,Lindos !!!!,
CM Under,Perfect everyday wear!,https://www.amazon.com/gp/customer-reviews/R3NQEUIZ3TI21E/ref=cm_cr_getr_d_rvw_ttl?ie=UTF8&ASIN=B078SH26NY,"5.0 "," the United States "," April 7, 2022",Color: TrioBall - Yellow,Verified Purchase,Love these earrings!,
Ronda,super product,https://www.amazon.com/gp/customer-reviews/RM7R8PRDQTMV7/ref=cm_cr_getr_d_rvw_ttl?ie=UTF8&ASIN=B078SH26NY,"5.0 "," the United States "," March 30, 2022",Color: Heart - White,Verified Purchase,Love they are exactly as described & quality material,2
Justin Reinsdorf,Counterfeit,https://www.amazon.com/gp/customer-reviews/RN8LESJZHH8CP/ref=cm_cr_getr_d_rvw_ttl?ie=UTF8&ASIN=B078SH26NY,"1.0 "," the United States "," January 26, 2022",,Verified Purchase,Rose gold earrings tarnished after 1 month. A professional jeweler confirmed these are not rose gold.,
Megan Orange,Saved my sensitive ears!,https://www.amazon.com/gp/customer-reviews/R2MZ4QQJRX64XQ/ref=cm_cr_getr_d_rvw_ttl?ie=UTF8&ASIN=B078SH26NY,"5.0 "," the United States "," July 16, 2021",Color: Bar - White,Verified Purchase,"I have a pretty bad metal allergy. I recently got a second piercing and the piercer used surgical steel. Even the surgical steel bothered my ears and it prevented the piercing from healing. Finally at about 2 months after my piercing I had enough and bought these as it says it is a better metal.  Well... My piercing healed up in just a few days! I have been wearing them ever sense, only taking them out to clean and sanitize and have had no irritation!  If I couldn't find a earing that didn't irritate my ear I would have had to let it close up (goodbye my $$).  Very pretty, keeps its shine, and is perfect for sensitive ears.",6
Durbyn,Love them,https://www.amazon.com/gp/customer-reviews/R3C30FNFLIF6NP/ref=cm_cr_getr_d_rvw_ttl?ie=UTF8&ASIN=B078SH26NY,"5.0 "," the United States "," February 12, 2021",,Verified Purchase,Great pair of earrings beautiful color just the right size for a stud. Love them ❤️,
Roxie,beautiful and dainty,https://www.amazon.com/gp/customer-reviews/R2J43IKDNILOH0/ref=cm_cr_getr_d_rvw_ttl?ie=UTF8&ASIN=B078SH26NY,"5.0 "," the United States "," January 14, 2021",,Verified Purchase,just what I wanted.  Nice quality. Nice price,
Melissa,Muy tierno 😍,https://www.amazon.com/gp/customer-reviews/R3D5YY3AKC53F8/ref=cm_cr_getr_d_rvw_ttl?ie=UTF8&ASIN=B078SH26NY,"5.0 "," the United States "," October 18, 2020",Color: Delta - Yellow,Verified Purchase,"Muy delicado me gusto mucho, por lo general las fantasías tienden a molestarme pero los use y no sentí ninguna molestia se ve super delicado tal cual lo que buscaba",
HMH^2 HLH,Cute but disjointed,https://www.amazon.com/gp/customer-reviews/R110J2AYYPCDZ1/ref=cm_cr_getr_d_rvw_ttl?ie=UTF8&ASIN=B078SH26NY,"2.0 "," the United States "," September 3, 2020",Color: Bar - Gold,,"I love these earrings, they are dainty and cute. The backs will not stay on, after a few fall outs I replaced the backs but ultimately they were lost.  Get sturdy backs on them immediately.",
Nichole Hoffman,Perfect for my girls,https://www.amazon.com/gp/customer-reviews/R3DFV67RPKE0PT/ref=cm_cr_getr_d_rvw_ttl?ie=UTF8&ASIN=B078SH26NY,"5.0 "," the United States "," September 2, 2020",Color: Heart - Rose,Verified Purchase,Shipped quickly and very nicely packaged. Cute little hearts for three our three daughters for our wedding!,
Victoria,So cute and pair well,https://www.amazon.com/gp/customer-reviews/RPY5ROGS3LAJK/ref=cm_cr_getr_d_rvw_ttl?ie=UTF8&ASIN=B078SH26NY,"5.0 "," the United States "," July 30, 2020",Color: Delta - Rose,Verified Purchase,I was pleasantly surprised how much I love these earrings! I paired them with another style from this seller and they go so well together. Very well made,
ausomelyOs,Love them!,https://www.amazon.com/gp/customer-reviews/RN133JRAAZIRE/ref=cm_cr_getr_d_rvw_ttl?ie=UTF8&ASIN=B078SH26NY,"5.0 "," the United States "," July 17, 2020",Color: Heart - Rose,Verified Purchase,I got them because my little one was diagnosed with a complex CHD! I really like them! I wear them all the time!,
JoAnn K. Schultz,Damaged,https://www.amazon.com/gp/customer-reviews/RHK6QJB7RKOB9/ref=cm_cr_getr_d_rvw_ttl?ie=UTF8&ASIN=B078SH26NY,"1.0 "," the United States "," May 16, 2020",Color: TrioBall - White,Verified Purchase,One of the earrings was bent. It was already like this when I opened the package. Very disappointing. Item will be returned.,
Kenny,Exactly as expected,https://www.amazon.com/gp/customer-reviews/R18VBF35SDOD3/ref=cm_cr_getr_d_rvw_ttl?ie=UTF8&ASIN=B078SH26NY,"5.0 "," the United States "," March 18, 2020",Color: Bar - Rose,Verified Purchase,"These earrings are beautiful, simple and light weight. Exactly what I was looking for.",
chris,Love the way they wear.,https://www.amazon.com/gp/customer-reviews/R2G041IDA7RG9Q/ref=cm_cr_getr_d_rvw_ttl?ie=UTF8&ASIN=B078SH26NY,"4.0 "," the United States "," March 13, 2020",,Verified Purchase,"They look so good, and love that they don't stick out. Very comfortable to wear. Nick up easy",
Amazon Customer,Love!,https://www.amazon.com/gp/customer-reviews/R3PBZSATZNJQAU/ref=cm_cr_getr_d_rvw_ttl?ie=UTF8&ASIN=B078SH26NY,"5.0 "," the United States "," February 9, 2020",,Verified Purchase,"Just as expected! Super cute, great for everyday wear.",
Kelsey,Love them!,https://www.amazon.com/gp/customer-reviews/R2EOZJ9SV281GQ/ref=cm_cr_getr_d_rvw_ttl?ie=UTF8&ASIN=B078SH26NY,"5.0 "," the United States "," January 15, 2020",Color: TrioBall - White,Verified Purchase,Color doesn’t fade like other jewelry I’ve purchased! Comfortable. Backs don’t fall off!,
J Olivo,Sensitive ears these were perfect,https://www.amazon.com/gp/customer-reviews/R25YIIE591B6DR/ref=cm_cr_getr_d_rvw_ttl?ie=UTF8&ASIN=B078SH26NY,"5.0 "," the United States "," January 10, 2020",Color: Dot - White,Verified Purchase,Perfect,
Carol Alvarez,Awesome earrings.,https://www.amazon.com/gp/customer-reviews/R3Q470WL3NXBAO/ref=cm_cr_getr_d_rvw_ttl?ie=UTF8&ASIN=B078SH26NY,"5.0 "," the United States "," December 24, 2019",Color: TrioBall - White,Verified Purchase,"Beautiful earrings. I recommend these earrings for adults and children. I love wearing them, very comfortable.",
Aileen Wiles,"Good size, poor quality",https://www.amazon.com/gp/customer-reviews/R19O6QXFWMP4BI/ref=cm_cr_getr_d_rvw_ttl?ie=UTF8&ASIN=B078SH26NY,"1.0 "," the United States "," December 22, 2019",Color: Delta - White,Verified Purchase,"The size is good but color doesn’t reflect what was shown online. Also, the surface/finish was bubbled up on one earring.",
Lauren Enis,They are great!,https://www.amazon.com/gp/customer-reviews/RBR6DW8W2WVNT/ref=cm_cr_getr_d_rvw_ttl?ie=UTF8&ASIN=B078SH26NY,"5.0 "," the United States "," November 19, 2019",,Verified Purchase,Plated very well. I have worn them almost every day for over a month and they still look brand new.,
bamybug,The right kind of tiny!,https://www.amazon.com/gp/customer-reviews/R37RBQB5OE1UEU/ref=cm_cr_getr_d_rvw_ttl?ie=UTF8&ASIN=B078SH26NY,"5.0 "," the United States "," October 29, 2019",Color: Delta - White,Verified Purchase,Perfect size!  Comfortable enough to leave in overnight.  Exactly what I was looking for.,
JB,Good buy so far!,https://www.amazon.com/gp/customer-reviews/R2H6MQTVS7MOAV/ref=cm_cr_getr_d_rvw_ttl?ie=UTF8&ASIN=B078SH26NY,"4.0 "," the United States "," September 15, 2019",Color: TrioBall - White,Verified Purchase,"Very cute, dainty earrings (silver, three balls). Nicely packaged; no tarnishment when received. I have wore several times with no issues!",
Amazon Customer,Love it,https://www.amazon.com/gp/customer-reviews/RRS8P4V0EO4G4/ref=cm_cr_getr_d_rvw_ttl?ie=UTF8&ASIN=B078SH26NY,"5.0 "," the United States "," July 31, 2019",Color: Bar - White,Verified Purchase,Love it,
jocelyn,Love,https://www.amazon.com/gp/customer-reviews/R1YYR6CA15BASI/ref=cm_cr_getr_d_rvw_ttl?ie=UTF8&ASIN=B078SH26NY,"5.0 "," the United States "," July 31, 2019",Color: TrioBall - White,Verified Purchase,Love them!,
María,Nada,https://www.amazon.com/gp/customer-reviews/R2V5B4HZJFGOML/ref=cm_cr_getr_d_rvw_ttl?ie=UTF8&ASIN=B078SH26NY,"5.0 "," the United States "," July 25, 2019",Color: Heart - Yellow,Verified Purchase,Nada,
lkg,Nice for the price,https://www.amazon.com/gp/customer-reviews/R17NSHMXKMJ19Z/ref=cm_cr_getr_d_rvw_ttl?ie=UTF8&ASIN=B078SH26NY,"4.0 "," the United States "," July 18, 2019",Color: Bar - White,Verified Purchase,I'm as pictured.  Wanted these for my second hole. Perfect size for this,
Rusto424,Very nice!!,https://www.amazon.com/gp/customer-reviews/R1Q79KILMIBWJ8/ref=cm_cr_getr_d_rvw_ttl?ie=UTF8&ASIN=B078SH26NY,"5.0 "," the United States "," July 1, 2019",Color: Bar - Gold,Verified Purchase,My wife bought these to match her other gold jewelry. She's very happy with them. They are a perfect match. Nice style and cute size. Seems to be good quality too. Very happy y with this purchase!,
Cat Lover,Love these earrings!,https://www.amazon.com/gp/customer-reviews/R3UXSVP73LB3S6/ref=cm_cr_getr_d_rvw_ttl?ie=UTF8&ASIN=B078SH26NY,"5.0 "," the United States "," June 20, 2019",Color: Dot - Yellow,Verified Purchase,"I bought the circle disc earrings in silver a few months ago, and loved them so much that I just bought them in gold as well. Very happy with the quality and price. It came packaged nicely in a suede-like pouch, and even included a small anti-tarnish polishing cloth.",
Roli101,"Tiny, but nice",https://www.amazon.com/gp/customer-reviews/R11UVSIUD18T2I/ref=cm_cr_getr_d_rvw_ttl?ie=UTF8&ASIN=B078SH26NY,"5.0 "," the United States "," June 16, 2019",Color: Dot - Yellow,Verified Purchase,"Very nice,",
Kindle Customer,Bling just a little,https://www.amazon.com/gp/customer-reviews/R3USSR0FSTJVJJ/ref=cm_cr_getr_d_rvw_ttl?ie=UTF8&ASIN=B078SH26NY,"5.0 "," the United States "," May 31, 2019",,Verified Purchase,I like minimalist jewelry. Wear em everyday,
Jodi Petti,Goes extra mile,https://www.amazon.com/gp/customer-reviews/R12R97TQIYJOS3/ref=cm_cr_getr_d_rvw_ttl?ie=UTF8&ASIN=B078SH26NY,"5.0 "," the United States "," May 31, 2019",Color: Bar - White,Verified Purchase,"Very pleased with my earrings, well packaged, included extra comfy earring back and spare set of backs plus polishing cloth.",
Amazon Customer,Great earings,https://www.amazon.com/gp/customer-reviews/RG6N7N9PHMSDS/ref=cm_cr_getr_d_rvw_ttl?ie=UTF8&ASIN=B078SH26NY,"5.0 "," the United States "," May 27, 2019",,Verified Purchase,I love these. I use them as my day to day earings and almost never take them out. After almost 3 months they are still holding up well against tarnishing,
Well,Looks like nice quality,https://www.amazon.com/gp/customer-reviews/R90KIC57Z279Q/ref=cm_cr_getr_d_rvw_ttl?ie=UTF8&ASIN=B078SH26NY,"5.0 "," the United States "," May 21, 2019",Color: Bar - Gold,Verified Purchase,Purchased as a gift.,
Judy Miklaw,Great deal for the price,https://www.amazon.com/gp/customer-reviews/R2EG3N06L9DW7Q/ref=cm_cr_getr_d_rvw_ttl?ie=UTF8&ASIN=B078SH26NY,"4.0 "," the United States "," May 20, 2019",,Verified Purchase,Great deal for the price.  Lovely earrings,
Traci,Cute and Trendy but not Tiny,https://www.amazon.com/gp/customer-reviews/RU5TJVT9E72NZ/ref=cm_cr_getr_d_rvw_ttl?ie=UTF8&ASIN=B078SH26NY,"5.0 "," the United States "," May 14, 2019",Color: TrioBall - Yellow,Verified Purchase,"Cute earrings but not as ""tiny"" as I was expecting!  Wish they were smaller.",
Jennifer LeBlanc,Very pretty,https://www.amazon.com/gp/customer-reviews/R2QOYXY837DL6J/ref=cm_cr_getr_d_rvw_ttl?ie=UTF8&ASIN=B078SH26NY,"5.0 "," the United States "," May 7, 2019",Color: Heart - Yellow,Verified Purchase,I love these earrings. They were exactly what I wanted.,
antonella,Perfectos,https://www.amazon.com/gp/customer-reviews/R1OZS3VUA6Y6Y0/ref=cm_cr_getr_d_rvw_ttl?ie=UTF8&ASIN=B078SH26NY,"5.0 "," the United States "," May 4, 2019",Color: Heart - Rose,Verified Purchase,Muy lindos,
Andrew Brose,As advertised...would buy again!,https://www.amazon.com/gp/customer-reviews/R2125VQQ5WXRVP/ref=cm_cr_getr_d_rvw_ttl?ie=UTF8&ASIN=B078SH26NY,"5.0 "," the United States "," May 4, 2019",Color: Bar - White,Verified Purchase,"Cute, lightweight, ""normal"" stud length. Bot them for my second hole, that was getting irritated with sterling silver, and have been wearing them a month straight without any issues. Would buy again.",
Simply.mrs.z,"Delightful earrings, disappointing packaging!",https://www.amazon.com/gp/customer-reviews/R1DHOAZIFE63Q7/ref=cm_cr_getr_d_rvw_ttl?ie=UTF8&ASIN=B078SH26NY,"5.0 "," the United States "," May 2, 2019",Color: Delta - White,Verified Purchase,"5 stars for the earrings. I actually bought these to replace a different pair where the maker mounted the posts on a triangle point, so the tip often started to sink into the piercing hole. THESE have the post mounted in the center on the back of the triangle — the way things should be! These are also sturdy and shiny and cute! Very modern and minimal.  Disappointed in the packaging, however. 1 star for packaging. One loose post inside a plastic baggie, inside another plastic baggie with the other loose post. A drawstring pouch and another plastic bag? Why? Just so wasteful.",2
Amazon Customer,Disappointed in the finish,https://www.amazon.com/gp/customer-reviews/R7685JXQT11XE/ref=cm_cr_getr_d_rvw_ttl?ie=UTF8&ASIN=B078SH26NY,"3.0 "," the United States "," April 19, 2019",Color: Dot - Yellow,Verified Purchase,I was a little disappointed in these studs.  One was already tarnished and looked completely different than the other.I was afraid at the price point they would tarnish  I just didn’t expect them to come to me that way.,
A Mink,Teen loves them,https://www.amazon.com/gp/customer-reviews/R11AU2NZS1LE72/ref=cm_cr_getr_d_rvw_ttl?ie=UTF8&ASIN=B078SH26NY,"5.0 "," the United States "," April 4, 2019",Color: Delta - White,Verified Purchase,My daughter loves them.,
Amazon Customer,Lovely.,https://www.amazon.com/gp/customer-reviews/R32VD3WSPAKL8Y/ref=cm_cr_getr_d_rvw_ttl?ie=UTF8&ASIN=B078SH26NY,"5.0 "," the United States "," March 22, 2019",Color: TrioBall - Rose,Verified Purchase,Beautiful and dainty. Earrings catch the light.,
Sheri Barao,Beautiful! Just what I was looking for!,https://www.amazon.com/gp/customer-reviews/RK74CT0RKS8D3/ref=cm_cr_getr_d_rvw_ttl?ie=UTF8&ASIN=B078SH26NY,"5.0 "," the United States "," March 17, 2019",Color: Bar - White,Verified Purchase,"Fast delivery, and good quality. Very please with my purchase. I highly recommend this seller.",
hlov,DISCOLORED,https://www.amazon.com/gp/customer-reviews/R3SL7P22OK820K/ref=cm_cr_getr_d_rvw_ttl?ie=UTF8&ASIN=B078SH26NY,"1.0 "," the United States "," March 1, 2019",Color: TrioBall - Yellow,Verified Purchase,As soon as I opened these (brand new) they were completely discolored and chipping almost everywhere. Extremely disappointed.,
Amazon Customer,Hypo-allergenic and cute,https://www.amazon.com/gp/customer-reviews/R1NT3L3KM9E64B/ref=cm_cr_getr_d_rvw_ttl?ie=UTF8&ASIN=B078SH26NY,"5.0 "," the United States "," February 26, 2019",Color: Bar - White,,"Most earrings make my sensitive ears itchy or red, but not these! I sadly just lost one and will be re-ordering.",
Danyelle B,I love these!,https://www.amazon.com/gp/customer-reviews/R2SC71UZASJEY2/ref=cm_cr_getr_d_rvw_ttl?ie=UTF8&ASIN=B078SH26NY,"5.0 "," the United States "," February 25, 2019",Color: Bar - Rose,Verified Purchase,I had looked around home for small stud earrings and just could find what I was looking for. These are perfect.,
Hooked On Amazon,"Adorable Earrings, Great Quality!",https://www.amazon.com/gp/customer-reviews/R225D22I0N3AUX/ref=cm_cr_getr_d_rvw_ttl?ie=UTF8&ASIN=B078SH26NY,"5.0 "," the United States "," February 19, 2019",,Verified Purchase,Love these earrings. My new favorites!,
Kaitlyn Towns,Cute & simple,https://www.amazon.com/gp/customer-reviews/R3JT41NZQQD1T/ref=cm_cr_getr_d_rvw_ttl?ie=UTF8&ASIN=B078SH26NY,"5.0 "," the United States "," February 1, 2019",,Verified Purchase,"Cute, it’s what I expected. They didn’t bother my sensitive ears either.",
Jeffrey S. Huddleston,Perfect for second holes!,https://www.amazon.com/gp/customer-reviews/R25PD106XH38PL/ref=cm_cr_getr_d_rvw_ttl?ie=UTF8&ASIN=B078SH26NY,"5.0 "," the United States "," January 13, 2019",Color: Dot - White,Verified Purchase,Looooove these. Use for for second holes and never take them out!,
Alexis,Expensive and not 14k gold,https://www.amazon.com/gp/customer-reviews/R3OPQFPNP6BUZ/ref=cm_cr_getr_d_rvw_ttl?ie=UTF8&ASIN=B078SH26NY,"1.0 "," the United States "," December 30, 2018",Color: Bar - Gold,Verified Purchase,I was so excited to get these but the earings were not 14k gold. The earings looked like the paint rubbed off and were that brassy fake jewelry I was trying avoid when I took them out of the box. I would not reccomend these.,
Quinn W,Came tarnished,https://www.amazon.com/gp/customer-reviews/R1LPSCUINRVWQX/ref=cm_cr_getr_d_rvw_ttl?ie=UTF8&ASIN=B078SH26NY,"1.0 "," the United States "," October 29, 2018",Color: Delta - Yellow,Verified Purchase,I just received these and they are tarnished. Very disappointed. I am returning these.,
Taylor M Kuh,Tarnished,https://www.amazon.com/gp/customer-reviews/R209CVUUZATEKG/ref=cm_cr_getr_d_rvw_ttl?ie=UTF8&ASIN=B078SH26NY,"1.0 "," the United States "," October 17, 2018",Color: Delta - Yellow,Verified Purchase,Earrings arrived tarnished.,
Kim C,discolored and disappointing,https://www.amazon.com/gp/customer-reviews/R1TQ693NHDJ4NB/ref=cm_cr_getr_d_rvw_ttl?ie=UTF8&ASIN=B078SH26NY,"1.0 "," the United States "," October 12, 2018",Color: Delta - Yellow,Verified Purchase,"I think I’m partially to blame here when I set my expectations high for a pair of $15 earrings. They’re discolored, tarnished, and do not live up to their descripton. I plan to return these because I can’t imagine the discoloration indicates anything positive for people with “sensitive ears”. however I will say I loved the packaging and was impressed by the cute design on the box. the pictures I attached to this review don’t quite show hos tarnished and discolored the earrings truly are but it gives you an idea.",9
Grace,Good quality.,https://www.amazon.com/gp/customer-reviews/R1QR42IXCT36C9/ref=cm_cr_getr_d_rvw_ttl?ie=UTF8&ASIN=B078SH26NY,"5.0 "," the United States "," October 12, 2018",Color: Bar - White,Verified Purchase,"Love these - perfect size, nice look!",
Cecelia McCasland,do something about this so it won’t happen again,https://www.amazon.com/gp/customer-reviews/R1W5P0S2D7EB59/ref=cm_cr_getr_d_rvw_ttl?ie=UTF8&ASIN=B078SH26NY,"4.0 "," the United States "," October 10, 2018",Color: Delta - Yellow,Verified Purchase,love them but they were rusted/had a redish brown resudue that won’t come off in the package before i ever even wore them,
Erika,One Star,https://www.amazon.com/gp/customer-reviews/RI48AV7SOHOLR/ref=cm_cr_getr_d_rvw_ttl?ie=UTF8&ASIN=B078SH26NY,"1.0 "," the United States "," September 18, 2018",Color: Bar - Gold,Verified Purchase,The earrings arrived in terrible condition. Returned.,
AshM88,Would give 0 stars if possible. Arrived tarnished and ...,https://www.amazon.com/gp/customer-reviews/R2HECVBFS91IXT/ref=cm_cr_getr_d_rvw_ttl?ie=UTF8&ASIN=B078SH26NY,"1.0 "," the United States "," September 14, 2018",Color: Bar - Gold,Verified Purchase,Would give 0 stars if possible. Arrived tarnished and appear used. Posts and backs are bent on both earrings. Will be returning.,
Crystal,One Star,https://www.amazon.com/gp/customer-reviews/RFC9JWJU59PNC/ref=cm_cr_getr_d_rvw_ttl?ie=UTF8&ASIN=B078SH26NY,"1.0 "," the United States "," August 23, 2018",Color: Bar - Gold,Verified Purchase,These earrings came tarnished.,
Marissa T,A little pokey,https://www.amazon.com/gp/customer-reviews/R167WPREG4I140/ref=cm_cr_getr_d_rvw_ttl?ie=UTF8&ASIN=B078SH26NY,"4.0 "," the United States "," August 19, 2018",Color: Dot - White,Verified Purchase,The posts are a bit longer than typical earrings which are fine unless you put on over-the-ear headphones - they get a little pokey at that point.,
Kaitlyn,I love them. Would recommend,https://www.amazon.com/gp/customer-reviews/RG9O9NYWD1XZ/ref=cm_cr_getr_d_rvw_ttl?ie=UTF8&ASIN=B078SH26NY,"5.0 "," the United States "," August 15, 2018",Color: Bar - Gold,Verified Purchase,I bought these over a month ago and wear them every day. I've worn in the shower a few times too and no signs of wear or tear. I love them. Would recommend!,
Sadie,One Star,https://www.amazon.com/gp/customer-reviews/R399CTF1KMFK1Y/ref=cm_cr_getr_d_rvw_ttl?ie=UTF8&ASIN=B078SH26NY,"1.0 "," the United States "," August 15, 2018",Color: Delta - Yellow,Verified Purchase,They came with the gold rubbed off. I know they’re inexpensive but rubbed off before ever worn is unacceptable.,
Sondra Stewart,Five Stars,https://www.amazon.com/gp/customer-reviews/R4PSDUEFPBNHC/ref=cm_cr_getr_d_rvw_ttl?ie=UTF8&ASIN=B078SH26NY,"5.0 "," the United States "," August 12, 2018",Color: Bar - Gold,Verified Purchase,I love these earrings.  They are exactly what I was looking for.,
Gift Giver,Nice long posts,https://www.amazon.com/gp/customer-reviews/R4RK5PK9RGIK5/ref=cm_cr_getr_d_rvw_ttl?ie=UTF8&ASIN=B078SH26NY,"5.0 "," the United States "," August 2, 2018",Color: Dot - White,Verified Purchase,These are exactly what I was hung for. Nice long posts. My ears are sensitive and these earrings have been great with no reactions.,
Shey Carr,Five Stars,https://www.amazon.com/gp/customer-reviews/R2LFESXFLXWWWA/ref=cm_cr_getr_d_rvw_ttl?ie=UTF8&ASIN=B078SH26NY,"5.0 "," the United States "," July 31, 2018",Color: Delta - Yellow,Verified Purchase,I really loved these! Very delicate and beautiful.,
Chadam,Five Stars,https://www.amazon.com/gp/customer-reviews/R1DG9DGRBDBJD5/ref=cm_cr_getr_d_rvw_ttl?ie=UTF8&ASIN=B078SH26NY,"5.0 "," the United States "," July 23, 2018",Color: Bar - Rose,Verified Purchase,So pretty and dainty,
Kindle Customer,Beautiful earrings exactly what I was looking for,https://www.amazon.com/gp/customer-reviews/R13UCX5WC88KGS/ref=cm_cr_getr_d_rvw_ttl?ie=UTF8&ASIN=B078SH26NY,"5.0 "," the United States "," July 19, 2018",Color: Delta - White,Verified Purchase,Beautiful earrings exactly what I was looking for. I have very sensitive ears and these earrings are perfect for my ears. I will definitely buy more earrings from this company.,
Jennifer Edgecomb,Five Stars,https://www.amazon.com/gp/customer-reviews/REMK9P1LCU5F5/ref=cm_cr_getr_d_rvw_ttl?ie=UTF8&ASIN=B078SH26NY,"5.0 "," the United States "," July 18, 2018",Color: Delta - Yellow,Verified Purchase,Great Item. Arrived quickly and was just as promised.,
Tara Cohen,No irritation! Super cute!,https://www.amazon.com/gp/customer-reviews/R3V39YLSW77HH1/ref=cm_cr_getr_d_rvw_ttl?ie=UTF8&ASIN=B078SH26NY,"5.0 "," the United States "," July 14, 2018",Color: Heart - Rose,Verified Purchase,Perfect size for my 11-year-old. She absolutely loves them! No irritation after more than a month of consistent wear!,
Kasey Lauro,One Star,https://www.amazon.com/gp/customer-reviews/R2BCZ863FYMOGA/ref=cm_cr_getr_d_rvw_ttl?ie=UTF8&ASIN=B078SH26NY,"1.0 "," the United States "," July 12, 2018",Color: Bar - Gold,Verified Purchase,Earrings were discolored/tarnished when I received them.,
HJC,Don't waste your money,https://www.amazon.com/gp/customer-reviews/RJ0YOKFX2BH3K/ref=cm_cr_getr_d_rvw_ttl?ie=UTF8&ASIN=B078SH26NY,"1.0 "," the United States "," July 9, 2018",Color: Bar - Gold,Verified Purchase,"As others have mentioned, arrived tarnished.  Don't waste your money.",
lynsey,Gold was rubbed off,https://www.amazon.com/gp/customer-reviews/R2QAA5UD7PWO4N/ref=cm_cr_getr_d_rvw_ttl?ie=UTF8&ASIN=B078SH26NY,"1.0 "," the United States "," July 6, 2018",Color: Bar - Gold,Verified Purchase,They were miscolored - it looked like the gold had rubbed off.,
Nicole,Five Stars,https://www.amazon.com/gp/customer-reviews/R21JLKGGGW858X/ref=cm_cr_getr_d_rvw_ttl?ie=UTF8&ASIN=B078SH26NY,"5.0 "," the United States "," June 27, 2018",Color: Bar - Rose,Verified Purchase,Lovely little earrings. Very secure posts. Would buy again.,
Kindle Customer,Five Stars,https://www.amazon.com/gp/customer-reviews/R2COJ0IPSF4JVP/ref=cm_cr_getr_d_rvw_ttl?ie=UTF8&ASIN=B078SH26NY,"5.0 "," the United States "," June 25, 2018",Color: Dot - White,Verified Purchase,Super simple and cute and I dont have an allergic reaction to it.,
Amazon Customer,Five Stars,https://www.amazon.com/gp/customer-reviews/R275TIB7SSNQM8/ref=cm_cr_getr_d_rvw_ttl?ie=UTF8&ASIN=B078SH26NY,"5.0 "," the United States "," June 25, 2018",Color: TrioBall - Yellow,Verified Purchase,Perfect size and doesn't bother my ears at all! Very happy!,
Bojo,Love the earrings,https://www.amazon.com/gp/customer-reviews/RN885VYR2X6OQ/ref=cm_cr_getr_d_rvw_ttl?ie=UTF8&ASIN=B078SH26NY,"5.0 "," the United States "," June 21, 2018",Color: Heart - Rose,Verified Purchase,Love the earrings. They are exactly the size I was looking for. I wear two earrings in each ear and these are perfect for the smaller one.,
Kelley,Five Stars,https://www.amazon.com/gp/customer-reviews/R2C81O64HI222U/ref=cm_cr_getr_d_rvw_ttl?ie=UTF8&ASIN=B078SH26NY,"5.0 "," the United States "," June 20, 2018",Color: Bar - Gold,Verified Purchase,Love them!,
Jules,"Tarnishes, poor product",https://www.amazon.com/gp/customer-reviews/R2I5NLQDEILETG/ref=cm_cr_getr_d_rvw_ttl?ie=UTF8&ASIN=B078SH26NY,"1.0 "," the United States "," June 18, 2018",Color: Delta - Yellow,Verified Purchase,The earrings arrived super tarnished or rusted which means this will happen to new earrings eventually as well. Poor product.,5
Chelskalei,Overall I'm disappointed. When I got these in the mail I ...,https://www.amazon.com/gp/customer-reviews/RXUDAXTNAH2PO/ref=cm_cr_getr_d_rvw_ttl?ie=UTF8&ASIN=B078SH26NY,"2.0 "," the United States "," June 14, 2018",Color: Bar - Gold,Verified Purchase,"Overall I'm disappointed.  When I got these in the mail I was very impressed with the quick delivery, packaging quality, and they looked great.  At first I loved these 14K Gold Plated Dainty Tiny Bar earrings but after wearing them for only a week they soon tarnished and turning black making them unusable.",5
Nicole Boggs,I really like these. They seem to be made well,https://www.amazon.com/gp/customer-reviews/RFS9YBEP6CEH8/ref=cm_cr_getr_d_rvw_ttl?ie=UTF8&ASIN=B078SH26NY,"5.0 "," the United States "," May 24, 2018",Color: Bar - White,Verified Purchase,"Bar white $14.68 Shipping was on time, item was packaged well& cute! I really like these. They seem to be made well. Not cheap and flimsy like some Walmart/Dept store earrings can be. I've added quite a few pics from before opening package, what it contains, and how the look on hand and ear. Hope this helps someone that's indecisive as I am lol. Was afraid they'd be too big or hang off my love but don't have that problem. I really like them and so far would recommend them to anyone looking for a minimalist type.",7
Anna Ha,Cute,https://www.amazon.com/gp/customer-reviews/R3T0QZNJQ02VI2/ref=cm_cr_getr_d_rvw_ttl?ie=UTF8&ASIN=B078SH26NY,"5.0 "," the United States "," May 18, 2018",,Verified Purchase,Cute earings.,
Rachelle,Perfect little earrings!,https://www.amazon.com/gp/customer-reviews/R2TL061ZF2UMBS/ref=cm_cr_getr_d_rvw_ttl?ie=UTF8&ASIN=B078SH26NY,"5.0 "," the United States "," May 17, 2018",Color: Delta - Yellow,Verified Purchase,"I was simply buying these as some cheap, dainty little earrings for my 2nd hole piercing... But when I received these they were sooo much cuter and definitely don't look cheap!",
Johnna Jones Stafford,Love these!,https://www.amazon.com/gp/customer-reviews/R2TES7QPNROHFG/ref=cm_cr_getr_d_rvw_ttl?ie=UTF8&ASIN=B078SH26NY,"5.0 "," the United States "," April 27, 2018",Color: Bar - Rose,Verified Purchase,Love these!!  I wear them in my second holes everyday now and only change out my lower earrings.  These are perfect!,
Megan Cook,Five Stars,https://www.amazon.com/gp/customer-reviews/R3JW1R2JGQSDIU/ref=cm_cr_getr_d_rvw_ttl?ie=UTF8&ASIN=B078SH26NY,"5.0 "," the United States "," April 26, 2018",Color: Bar - White,Verified Purchase,Exactly like the picture. I love them! Perfect size and great quality,
Sarah,I didn't like then,https://www.amazon.com/gp/customer-reviews/R25H0ID9L7TKYH/ref=cm_cr_getr_d_rvw_ttl?ie=UTF8&ASIN=B078SH26NY,"3.0 "," the United States "," April 19, 2018",Color: Dot - White,Verified Purchase,I didn't like how these looked in person. Not very shiny silver and a bit to think. Looked very cheap,
Erica Venske,Four Stars,https://www.amazon.com/gp/customer-reviews/R2NQLUDQBO3J2Q/ref=cm_cr_getr_d_rvw_ttl?ie=UTF8&ASIN=B078SH26NY,"4.0 "," the United States "," April 14, 2018",Color: Bar - White,Verified Purchase,Great product exactly what I was looking for,
GoTest,Beautiful earrings,https://www.amazon.com/gp/customer-reviews/RUM0U48RSMBG0/ref=cm_cr_getr_d_rvw_ttl?ie=UTF8&ASIN=B078SH26NY,"4.0 "," the United States "," April 13, 2018",Color: Bar - Gold,Verified Purchase,"Exactly as described. Really delicate, beautiful bar earrings. Don’t understand the need for all of the packaging. I would rather it come in just the little plastic bag that the earrings were in, and pay 2 bucks less.",
