﻿评论用户,评论概述,评论链接,星级评分,评论地点,评论时间,类型,是否购买,评论详情,觉得该评论有帮助的人数
Tom,Great for Costume,https://www.amazon.com/gp/customer-reviews/R3EZ36EER0K9OV/ref=cm_cr_getr_d_rvw_ttl?ie=UTF8&ASIN=B0CLVCLHWQ,"3.0 "," the United States "," January 5, 2025",Color: Silver,Verified Purchase,"I purchased this for a costume, and it was perfect for the look that I was trying to achieve.  I wore it for 2 Halloween parties.  After the second wear, my wrist turned green.  Not suggested for long term use.",
Amazon Customer,Cheap,https://www.amazon.com/gp/customer-reviews/R1P984TZ1U51CV/ref=cm_cr_getr_d_rvw_ttl?ie=UTF8&ASIN=B0CLVCLHWQ,"1.0 "," the United States "," November 15, 2024",Color: Gold,Verified Purchase,It looks cheap,
soso,Nice,https://www.amazon.com/gp/customer-reviews/RJ57PB140WBN9/ref=cm_cr_getr_d_rvw_ttl?ie=UTF8&ASIN=B0CLVCLHWQ,"4.0 "," the United States "," November 4, 2024",Color: Gold,Verified Purchase,"I like this product,my only issue is the clasp.Tends to pinch my skin.Otherwise great value for money,great to accessorize any look.",
Charlie P,Meh,https://www.amazon.com/gp/customer-reviews/R2OSG17QYYV7NM/ref=cm_cr_getr_d_rvw_ttl?ie=UTF8&ASIN=B0CLVCLHWQ,"1.0 "," the United States "," November 1, 2024",Color: Silver,Verified Purchase,It’s very uncomfortable to wear. Not a good look due to the spring that open & closes.,
Monica T,Very Nice Bangle,https://www.amazon.com/gp/customer-reviews/R27BGIPPOX9IO3/ref=cm_cr_getr_d_rvw_ttl?ie=UTF8&ASIN=B0CLVCLHWQ,"5.0 "," the United States "," September 26, 2024",Color: Gold,Verified Purchase,It looks rich! Classy. Beautiful.,
Y. Marie,Beautiful accessory,https://www.amazon.com/gp/customer-reviews/R4UBG4GM1LNIJ/ref=cm_cr_getr_d_rvw_ttl?ie=UTF8&ASIN=B0CLVCLHWQ,"5.0 "," the United States "," August 28, 2024",Color: Gold,Verified Purchase,This bangle is beautiful and makes a statement.,
All things Anner's Storefront,Sliver Cuff/Bracelet,https://www.amazon.com/gp/customer-reviews/R2QPVVCFWKVZV8/ref=cm_cr_getr_d_rvw_ttl?ie=UTF8&ASIN=B0CLVCLHWQ,"5.0 "," the United States "," July 26, 2024",Color: Silver,Verified Purchase,I absolutely love this cuff and quality is amazing. Whenever you want that little extra color to add to your outfit this is perfect to add to make your outfit pop. The fit is perfect and the value for money is awesome.,
Brittany Boyd,Beautiful everyday bangle,https://www.amazon.com/gp/customer-reviews/R1CHZH3BHWFS8A/ref=cm_cr_getr_d_rvw_ttl?ie=UTF8&ASIN=B0CLVCLHWQ,"5.0 "," the United States "," July 25, 2024",Color: Gold,Verified Purchase,I love this Bangle! I originally bought it for a photo shoot but I actually wear it everyday. Would definitely recommend!,
It’s Just Terri,Great Quality and Stylish,https://www.amazon.com/gp/customer-reviews/R3H1H747379L1P/ref=cm_cr_getr_d_rvw_ttl?ie=UTF8&ASIN=B0CLVCLHWQ,"5.0 "," the United States "," July 10, 2024",Color: Gold,Verified Purchase,"Really stylish and well made. I purchased two to stack them. Together they’re a little snug but individually, perfection. Definitely worth the price.",
Crystal,Wrist decor,https://www.amazon.com/gp/customer-reviews/R2U7EPSKDR3YO7/ref=cm_cr_getr_d_rvw_ttl?ie=UTF8&ASIN=B0CLVCLHWQ,"4.0 "," the United States "," July 10, 2024",Color: Gold,Verified Purchase,Loved it,
Nana,Really nice for someone with small wrist,https://www.amazon.com/gp/customer-reviews/R2XGSF3L3Q9G1T/ref=cm_cr_getr_d_rvw_ttl?ie=UTF8&ASIN=B0CLVCLHWQ,"3.0 "," the United States "," June 24, 2024",Color: Gold,Verified Purchase,I will not recommend it for any heavy set person,2
