﻿评论用户,评论概述,评论链接,星级评分,评论地点,评论时间,类型,是否购买,评论详情,觉得该评论有帮助的人数
Loyd G. Textor,Great Wallet,https://www.amazon.com/gp/customer-reviews/RVNYATR64A3L6/ref=cm_cr_getr_d_rvw_ttl?ie=UTF8&ASIN=B075XHMLPN,"5.0 "," the United States "," January 8, 2025",Color: Grey,,I really like this wallet !!! Small and very functional. It is true that cards can slip out of it easily -BUT- it is a matter of understanding how to use the wallet. Learn how to release the elastic strap so the wallet stays in the upright position. As long as it is upright the cards can't fall out. Also it works well to carry alot of bills. I have used one of these wallets for over 2 years with no problems.,
Amazon Customer,NOT AS DEPICTED & WAY OVER-PRICED!,https://www.amazon.com/gp/customer-reviews/R1RJA4YMNMDRIX/ref=cm_cr_getr_d_rvw_ttl?ie=UTF8&ASIN=B075XHMLPN,"2.0 "," the United States "," January 2, 2025",Color: Grey,Verified Purchase,This so-called Minimalist Wallet was nothing more than a compact credit card holder.  It is much smaller than described on website and basically useless to hold more than 1 dollar bill.  It was a huge disappointment!! Let the Buyer Beware...,
Pickles,Fabulous item,https://www.amazon.com/gp/customer-reviews/R3KIZ00LGLHYK5/ref=cm_cr_getr_d_rvw_ttl?ie=UTF8&ASIN=B075XHMLPN,"5.0 "," the United States "," December 30, 2024",Color: Purple,Verified Purchase,Very nice product,
david,Fits well in your pocket,https://www.amazon.com/gp/customer-reviews/RBJ8XIQ3H521R/ref=cm_cr_getr_d_rvw_ttl?ie=UTF8&ASIN=B075XHMLPN,"5.0 "," the United States "," December 19, 2024",Color: Blue,Verified Purchase,This is a real minimalist wallet . Also got one for the wife. She also likes it. Fits all of my cards and cash with no problem and is easy on your pocket and price. Will definitely buy again and recommend to everyone.,
Bev Makar,Lightw,https://www.amazon.com/gp/customer-reviews/R2AR8XON0RW3AZ/ref=cm_cr_getr_d_rvw_ttl?ie=UTF8&ASIN=B075XHMLPN,"5.0 "," the United States "," December 14, 2024",Color: Khaki,Verified Purchase,Easy yo fit in money pack or pocket,
Xxx,Más que satisfecho,https://www.amazon.com/gp/customer-reviews/RE67XHOELT6WY/ref=cm_cr_getr_d_rvw_ttl?ie=UTF8&ASIN=B075XHMLPN,"5.0 "," the United States "," December 9, 2024",Color: Red,Verified Purchase,"Esta cartera minimalista superó mis expectativas! Tiene un diseño compacto pero puede guardar todo lo que necesito: tarjetas, efectivo y uno que otro papel. Además, se siente de muy buena calidad y es fácil de llevar en cualquier bolsillo. Estoy más que satisfecho porque combina funcionalidad y estilo. 100% recomendada.",
F1eric,"Minimal, but not lacking",https://www.amazon.com/gp/customer-reviews/R1VDXNXUCT3I8V/ref=cm_cr_getr_d_rvw_ttl?ie=UTF8&ASIN=B075XHMLPN,"5.0 "," the United States "," October 18, 2024",Color: Black,Verified Purchase,"Don’t like bulky wallets?  Yeah, me neither.  This holds everything I need it to and doesn’t feel like you’re carrying a brick in your pocket.  I’ve had one for a couple of years now and the elastic band is getting rough, so I bought this during Prime Days as a replacement.",
Rodolfo G.,Good,https://www.amazon.com/gp/customer-reviews/R252LFONUSIVR4/ref=cm_cr_getr_d_rvw_ttl?ie=UTF8&ASIN=B075XHMLPN,"5.0 "," the United States "," October 6, 2024",Color: Khaki,Verified Purchase,,
I buy stuff from Amazon!,overall good for me; lightweight; the material is slippery so be careful when opening.,https://www.amazon.com/gp/customer-reviews/R315IJ4I4BHT4D/ref=cm_cr_getr_d_rvw_ttl?ie=UTF8&ASIN=B075XHMLPN,"5.0 "," the United States "," October 5, 2024",Color: Black,Verified Purchase,"I wanted a slimmer wallet and this was it.  I did have to be a bit more choosey about which cards to put inside my wallet.  I can carry at least 10 bills, 9 regular cards, 2 RFID blocker cards, 2 laminated certification cards, 3 wallet sized pictures, and a few business cards.  not bad.  the material is slippery so I have to be extra careful when opening and accessing the cards and any cash.  I like the stretchy band that holds the wallet folded, however it has yet to be seen if that will stretch out too much and lose elasticity.  I got one for me and one for a gift for a family member, and we both like it.  we’re now in October 2024 and I bought it in August this year.  I figure it will last a good while.  overall good wallet.",
Burton P Wolfe,Nice minimalist wallet,https://www.amazon.com/gp/customer-reviews/R31VYM4AGF4ZZ3/ref=cm_cr_getr_d_rvw_ttl?ie=UTF8&ASIN=B075XHMLPN,"5.0 "," the United States "," October 2, 2024",Color: Blue,Verified Purchase,"I go through a lot of wallets, but this is one of my favorites. It is nice and lightweight but durable. It holds everything I need it to.",2
Amazon Customer,"FALSE ADVERTISING, no RFID protection.",https://www.amazon.com/gp/customer-reviews/R1XUN51AVC8DEL/ref=cm_cr_getr_d_rvw_ttl?ie=UTF8&ASIN=B075XHMLPN,"1.0 "," the United States "," September 30, 2024",Color: Army Green,Verified Purchase,"I bought this wallet because I wanted a lightweight minimalist wallet with the elastic band. Price was right and it’s perfect for my needs.  HOWEVER,  I had a hard time believing it had any RFID protection being so lightweight, and I was right. As shown in the video, my RFID employee keycard is inside the wallet and it was still able to unlock the keypad, proving it offers no protection.  The wallet’s design is perfect, but a company that blatantly lies needs to be called out.",6
KERRI S,Already ripped,https://www.amazon.com/gp/customer-reviews/RF2DE28EJRC9C/ref=cm_cr_getr_d_rvw_ttl?ie=UTF8&ASIN=B075XHMLPN,"1.0 "," the United States "," September 25, 2024",Color: Grey,Verified Purchase,"I liked the idea of the wallet, but in less than  a year (4 months) it already ripped and I cannot use it. Looking for a replacement.",
Ana,Good in a Wet Envirionment,https://www.amazon.com/gp/customer-reviews/R2GU59SXYDOI02/ref=cm_cr_getr_d_rvw_ttl?ie=UTF8&ASIN=B075XHMLPN,"3.0 "," the United States "," September 20, 2024",,Verified Purchase,"A nice small wallet. Perfect if you don't have a lot to carry. Dries quickly. Without the stretchy strap, everything will fall out.",
Disappointed,Elastic does not hold up,https://www.amazon.com/gp/customer-reviews/R3R4XC3Y51WT3/ref=cm_cr_getr_d_rvw_ttl?ie=UTF8&ASIN=B075XHMLPN,"2.0 "," the United States "," September 17, 2024",Color: Army Green,,"As others have noted, the elastic band looses stretch over 1 y of use. (Also gets very dirty.) The band is necessary to keep cards from falling out. I did not have problems with workmanship (no seams opened) or case material (did not tear or wear) but I cannot speak to effectiveness as RFID shield. Good size. If you want to carry more than 6 cards (I find  6 more than adequate for 99% of needs while constantly traveling abroad), you should not be buying a minimalist wallet. Overall consider item not adequate value for price.",
Amazon Customer,Husband loves it!,https://www.amazon.com/gp/customer-reviews/R35K5AMI58N1NO/ref=cm_cr_getr_d_rvw_ttl?ie=UTF8&ASIN=B075XHMLPN,"5.0 "," the United States "," September 17, 2024",Color: Army Green,Verified Purchase,My husband loves how lightweight and easy to use this wallet is.,
JR,Perfect Wallet For Going Out,https://www.amazon.com/gp/customer-reviews/R2XUFOSOCIY96R/ref=cm_cr_getr_d_rvw_ttl?ie=UTF8&ASIN=B075XHMLPN,"5.0 "," the United States "," August 29, 2024",Color: Black,Verified Purchase,Glad I purchased this.  Always looking for a slim wallet and I like the thin piece that goes around it.,
Timothy Bogue,Exactly what I wanted,https://www.amazon.com/gp/customer-reviews/R342KS3R88Y33F/ref=cm_cr_getr_d_rvw_ttl?ie=UTF8&ASIN=B075XHMLPN,"5.0 "," the United States "," August 29, 2024",Color: Blue 02,Verified Purchase,"Nicer thin wallet, the ripstop material should ensure that it lasts for along time. It's not very big, which was the selling point for me. Elastic seems strong.",
Flash,Cards fall out,https://www.amazon.com/gp/customer-reviews/R2FKBP4RA52OS0/ref=cm_cr_getr_d_rvw_ttl?ie=UTF8&ASIN=B075XHMLPN,"3.0 "," the United States "," August 20, 2024",Color: Army Green,,"Perfect size, large spot for bills but when you open it, your cards fall out.  I packed more in there and still had problems.  They are secure when you close it and put the band around, it but not when you open it.",
A Simple,It's great but not perfect.,https://www.amazon.com/gp/customer-reviews/R1JAN4O9V8LDXC/ref=cm_cr_getr_d_rvw_ttl?ie=UTF8&ASIN=B075XHMLPN,"5.0 "," the United States "," August 10, 2024",Color: Black,Verified Purchase,I'm using this wallet now and it holds all my cards and cash. I used to have a leather front pocket which was basically a leather rectangle that wrapped around my cards but it wasn't made to hold paper bills. This new nylon wallet holds the same amount of cards more securely and can carry bills too. It also fits in the front pocket.  The one issue I've had with it is the credit card pockets don't hold a small amount of cards securely. You need about 5+ cards per pocket or the cards might easily slide out when the wallet is 'open'. When 'closed' the elastic band wraps around and keeps everything secure but in the beginning I had just a few cards in one of the pockets and they all fell out. I rearranged my cards and it's secure now.,
Nicole,Nice,https://www.amazon.com/gp/customer-reviews/R3PH7XORY5JB40/ref=cm_cr_getr_d_rvw_ttl?ie=UTF8&ASIN=B075XHMLPN,"5.0 "," the United States "," July 16, 2024",Color: Army Green,Verified Purchase,"I like this more than I thought I was going to, doesn’t feel bulky. The elastic band holds everything in, if the band wasn’t there stuff would slide out due to the material being slippery. Definitely would buy again.",
Christy,Thin and secure.,https://www.amazon.com/gp/customer-reviews/R32Z9GY0L0DKK4/ref=cm_cr_getr_d_rvw_ttl?ie=UTF8&ASIN=B075XHMLPN,"5.0 "," the United States "," July 11, 2024",Color: Black,Verified Purchase,It is thin yet fits everything I need. Lightweight. I love that rfid as well. Had mine for about 3 years and bought this one for a family member who requested it. That will be the fifth one of us using this wallet!,
Samantha Cart,Very light with great quality,https://www.amazon.com/gp/customer-reviews/R1AM26MJXYXMDS/ref=cm_cr_getr_d_rvw_ttl?ie=UTF8&ASIN=B075XHMLPN,"5.0 "," the United States "," July 8, 2024",Color: Army Green,Verified Purchase,"I recently bought the **LIGHT FOLD Slim Minimalist Wallet for Men**, and I am thoroughly impressed with its design and functionality. This trifold nylon card holder truly lives up to its promises of being ultra-thin, stylish, and practical.  First off, the **slim and minimalist design** is perfect for my needs. It fits comfortably in my front pocket without creating any bulk, which is a huge plus. Despite its slim profile, this wallet can hold up to **12 cards and cash** with ease. The organization is intuitive, making it easy to access my cards quickly.  The **trifold design** is a great feature. It provides extra security for my cards and cash, and I love how compact it feels. The **nylon material** is both durable and lightweight, ensuring that the wallet will last a long time without adding unnecessary weight to my pocket.  One of the standout features is the **RFID blocking technology**. It gives me peace of mind knowing that my cards are protected from electronic theft. In today's world, this is an essential feature that can't be overlooked.  In addition to its practical features, the **stylish design** of this wallet is another big plus. It looks modern and sleek, making it suitable for both casual and formal settings. The craftsmanship is top-notch, and the attention to detail is evident. I chose the solid black with the green strap and have received lots of compliments.  Overall, the LIGHT FOLD Slim Minimalist Wallet is an excellent purchase. It's functional, stylish, and designed with the modern man in mind. I highly recommend this wallet to anyone looking for a high-quality, ultra-thin card holder that combines style and security perfectly.",
Rich,Very thin. Protects cards better than wallet that left cards exposed an allowed them to be damaged,https://www.amazon.com/gp/customer-reviews/RIRPZPVCNQ0UB/ref=cm_cr_getr_d_rvw_ttl?ie=UTF8&ASIN=B075XHMLPN,"5.0 "," the United States "," July 6, 2024",Color: Black,Verified Purchase,"Nice thin fit. Nylon doesn't add thickness so fits in front pocket nicely. Protects cards and trifold so doesn't require bills to be folded like last thin wallet. Elastic band is nice to keep folded while in pocket, however does require to to un-band and re-band when using. I only expect this to last 3-4 years till the elastic band goes, but I think it was a good purchase.",
KittyK,Mini wallets,https://www.amazon.com/gp/customer-reviews/RNHL8X0E1MCPK/ref=cm_cr_getr_d_rvw_ttl?ie=UTF8&ASIN=B075XHMLPN,"5.0 "," the United States "," June 23, 2024",Color: Grey,Verified Purchase,"I love my mini wallet!!! It holds my most important cards AND has room and organizes  my paper money!!! I love the colors I chose AND, I love how conveniently it fits in my purse!🤗",
RetailTherapy,TINY and flimsy,https://www.amazon.com/gp/customer-reviews/R1PFLRHH802Q1Z/ref=cm_cr_getr_d_rvw_ttl?ie=UTF8&ASIN=B075XHMLPN,"2.0 "," the United States "," June 23, 2024",Color: Purple,Verified Purchase,"I ordered this as a gift for my husband, since purple is his fave color, and I thought this looked nicer than any of the solid purple ones that were available. I was embarrassed when it arrived though. It's super tiny and the material feels like it's meant for children. Don't buy for an adult.",
B Doyle,The best front pocket wallet,https://www.amazon.com/gp/customer-reviews/R1HZYTWVWWRTT2/ref=cm_cr_getr_d_rvw_ttl?ie=UTF8&ASIN=B075XHMLPN,"5.0 "," the United States "," May 26, 2024",Color: Black,Verified Purchase,Smaller than even makes sense. Fits all the cards. Super secure. I love this wallet.,
bsmalley,Love it but...,https://www.amazon.com/gp/customer-reviews/R11IYEKOSG602R/ref=cm_cr_getr_d_rvw_ttl?ie=UTF8&ASIN=B075XHMLPN,"3.0 "," the United States "," May 12, 2024",Color: Black,Verified Purchase,"I love this wallet. After trying a lot of different types. Fits everything and stays slim and trim. However, it's frustrating that the elastic band loses it's elasticity after a year or so. It's basically useless at that point. It's a good value if you can get a few years out if it, but if you have to buy a new one each year it makes me want to keep looking.",3
TK,nice and small keeps it alll in and block the waves,https://www.amazon.com/gp/customer-reviews/R1X2RYNP5BEOR7/ref=cm_cr_getr_d_rvw_ttl?ie=UTF8&ASIN=B075XHMLPN,"5.0 "," the United States "," April 19, 2024",Color: Dark Brown,Verified Purchase,nice and small keeps it all in and block the waves,
Amazon Customer,Did not last long,https://www.amazon.com/gp/customer-reviews/R29I92HLNVRIC/ref=cm_cr_getr_d_rvw_ttl?ie=UTF8&ASIN=B075XHMLPN,"1.0 "," the United States "," April 18, 2024",Color: Black,Verified Purchase,Love this wallet but lasted only a month before the stitches broke.,2
BorntoVenture,Best Wallet I've Found!,https://www.amazon.com/gp/customer-reviews/R1R31WXM4ZY1SY/ref=cm_cr_getr_d_rvw_ttl?ie=UTF8&ASIN=B075XHMLPN,"5.0 "," the United States "," April 17, 2024",Color: Red,Verified Purchase,"This is the second of these wallets I've owned now, with the first being right at 2 years old. The wallet material is still in great shape and only the elastic band has finally worn out. For the price you can't beat the lifetime of this product. No it won't last 40 years like leather but it's well worth the trade off for me to be able to carry such a tiny wallet in my front pocket!",
Parker,Fits everything,https://www.amazon.com/gp/customer-reviews/R3COL7QE8ECFAP/ref=cm_cr_getr_d_rvw_ttl?ie=UTF8&ASIN=B075XHMLPN,"5.0 "," the United States "," April 10, 2024",Color: Black,Verified Purchase,"Love this wallet! Fits everything, light weight and you hardly notice it in your pocket!",
Sean Kerr,Love the Size of This Wallet!,https://www.amazon.com/gp/customer-reviews/R3VQJ2XHI7X8DR/ref=cm_cr_getr_d_rvw_ttl?ie=UTF8&ASIN=B075XHMLPN,"5.0 "," the United States "," April 9, 2024",Color: Black,Verified Purchase,"Perfect size wallet for travel. I got this wallet to carry my basics (ID, credit cards, cash) and it is great, I totally forget it's even in my pocket!",
Anthony Wiley,Great wallet,https://www.amazon.com/gp/customer-reviews/R1581CWJNSPC39/ref=cm_cr_getr_d_rvw_ttl?ie=UTF8&ASIN=B075XHMLPN,"5.0 "," the United States "," March 17, 2024",Color: Pink,Verified Purchase,The size is perfect. Holds all my cards (6) and cash and isn’t bulky at all. Lightweight,
Max Soto,It’s okay,https://www.amazon.com/gp/customer-reviews/R3VNJBVH66NO63/ref=cm_cr_getr_d_rvw_ttl?ie=UTF8&ASIN=B075XHMLPN,"3.0 "," the United States "," March 14, 2024",Color: Black,Verified Purchase,Overall fits everything I have 6 cards and some cash. I noticed that the elastic band started to rip after the first week and my wallet is no way near full.,
Amazon Customer,Do not buy,https://www.amazon.com/gp/customer-reviews/RS9XE35EWIAKZ/ref=cm_cr_getr_d_rvw_ttl?ie=UTF8&ASIN=B075XHMLPN,"1.0 "," the United States "," March 4, 2024",Color: Black,Verified Purchase,The band that is supposed to keep the wallet folded stretches rather quickly practically leaving the wallet unusable (cards and money will slip out).,2
Neil W,You will not find a smaller wallet,https://www.amazon.com/gp/customer-reviews/R7DGX3V6L30TH/ref=cm_cr_getr_d_rvw_ttl?ie=UTF8&ASIN=B075XHMLPN,"5.0 "," the United States "," March 3, 2024",Color: Black,Verified Purchase,Well made You won't carry a lot of small bills Maybe ten $20 4-6 cards and ID This is a very small wallet It will surprise you that it can hold that much,
NM Reader,This holds quite a bit,https://www.amazon.com/gp/customer-reviews/R1E641566Q9RZA/ref=cm_cr_getr_d_rvw_ttl?ie=UTF8&ASIN=B075XHMLPN,"5.0 "," the United States "," February 29, 2024",Color: Blue,Verified Purchase,"I need something small for shallow pockets, yet able to hold all of my cards. This fits the bill. The elastic band even manages to hold coins in the bill section. The 3 card slots hold quite a bit with ease of removal. This may be my new favorite wallet.",
JBS,My Favorite Wallet.,https://www.amazon.com/gp/customer-reviews/RWNM52YA12RGF/ref=cm_cr_getr_d_rvw_ttl?ie=UTF8&ASIN=B075XHMLPN,"5.0 "," the United States "," February 23, 2024",,Verified Purchase,Front pocket Carry. Easily holds everything I need. My favorite wallet. If you are a minimalist you will like these.,
kenyangi5,Nice little wallet,https://www.amazon.com/gp/customer-reviews/R27S6SFVDJ3UEW/ref=cm_cr_getr_d_rvw_ttl?ie=UTF8&ASIN=B075XHMLPN,"4.0 "," the United States "," February 18, 2024",Color: Red,Verified Purchase,Wallet is compact and fits cash well. The two outer cars slots fit cards well if you put 4-5 in them. The center slot is wider though and cards just slide out. Cards will slide out in other slots as well if you don't have enough cards in them.  Product is very durable though and has help up just as well as my leather on that I had for 10 years so far. No ripped seams or the elastic wearing out.,2
Richard,Fantastic little wallet,https://www.amazon.com/gp/customer-reviews/RQC4DTLBY4D30/ref=cm_cr_getr_d_rvw_ttl?ie=UTF8&ASIN=B075XHMLPN,"5.0 "," the United States "," February 16, 2024",Color: Blue 02,Verified Purchase,"I'm approaching middle age, and as such I've tried at least one of most types of wallets out there, from big to small, high tech to low tech, leather to rigid carbon fiber, you name it. Especially the ones listed on Amazon, every time I get a new wallet I scroll dozens of pages into the listings before coming to a decision. I started out as a front-pocket wallet guy and continue to be one so the big wallets didn't usually last very long. They all had flaws, which I'm sure this one does, but I don't think any of them were quite as space-efficient as this one.  I can't talk much about its longevity or durability since I haven't owned it for very long, but I expect I'll probably experience the same logo stitching issue like everyone else. Still, it's a fantastic little wallet and cheap enough that I could just get another one. I carry a small amount of cash because as much as I'd like to go without it, cash is still king in some places. I've loaded about 15 cards into it with three bills in the cash slot and it's about as small as it could possibly get. I keep my ID in the top of the stack in one column, and my two most used cards at the top of the other two columns and I have quick and easy access to the three cards I need on a daily basis.  I noticed that I don't have anywhere to put two restaurant's buy-15-get-one-free-type paper punch cards in. I could put it in the wallet like any other card but I decided to just leave them out and hopefully remember to bring them along when I go. I doubt I will, though. Oh well.",
aileen888,Very Nice,https://www.amazon.com/gp/customer-reviews/ROJ4FXTMUJRNQ/ref=cm_cr_getr_d_rvw_ttl?ie=UTF8&ASIN=B075XHMLPN,"5.0 "," the United States "," February 14, 2024",Color: Purple,Verified Purchase,My son requested this for Christmas and I bought it as a gift for him. It's very nice and he really loves it.,
dennis ikari,Nice small wallet,https://www.amazon.com/gp/customer-reviews/RIETOYTCKIZZA/ref=cm_cr_getr_d_rvw_ttl?ie=UTF8&ASIN=B075XHMLPN,"5.0 "," the United States "," January 31, 2024",Color: Black,Verified Purchase,I like the locking band,
Dan,Amazing wallet,https://www.amazon.com/gp/customer-reviews/RAQJ3RUONZB42/ref=cm_cr_getr_d_rvw_ttl?ie=UTF8&ASIN=B075XHMLPN,"5.0 "," the United States "," January 28, 2024",Color: Black,Verified Purchase,Minimal and perfect for all my cards and cash. Couldn’t asked for more.,
Public Name,smaller than u thouth,https://www.amazon.com/gp/customer-reviews/R1QAWKU5XYFA8K/ref=cm_cr_getr_d_rvw_ttl?ie=UTF8&ASIN=B075XHMLPN,"3.0 "," the United States "," January 15, 2024",Color: Army Green,Verified Purchase,i have 7 cards and it pack pretty small. i wish no rfid feature because i can't use my bus pass or door card reader.,
Luke Engle,Incredibly lightweight!,https://www.amazon.com/gp/customer-reviews/R3JCIKF4ARR38K/ref=cm_cr_getr_d_rvw_ttl?ie=UTF8&ASIN=B075XHMLPN,"5.0 "," the United States "," January 11, 2024",Color: Black,Verified Purchase,"Love this wallet. I carry my wallet in my front pocket and this wallet is so lightweight that I can hardly feel it on me. It is very thin (my fat fingers for scale), but very spacious once expanded. In these pictures, I have 8 cards and a very respectable $20 bill and I firmly believe it could carry the 12 cards as advertised, plus more cash. *It does not come with the metal keyring (or the AirTag, or my keys). Looks great, feels great, is great. 5 stars.",5
George Vanderhoff,fit all my cards great size fit nice in my front pocket!.. great valvue,https://www.amazon.com/gp/customer-reviews/R2N8440BZRKIUC/ref=cm_cr_getr_d_rvw_ttl?ie=UTF8&ASIN=B075XHMLPN,"5.0 "," the United States "," January 2, 2024",Color: Black,Verified Purchase,Great buy,
Jonathan Hinkle,Wallet,https://www.amazon.com/gp/customer-reviews/R2HTYYVCLJEMRK/ref=cm_cr_getr_d_rvw_ttl?ie=UTF8&ASIN=B075XHMLPN,"5.0 "," the United States "," December 31, 2023",Color: Blue,Verified Purchase,"Like it. Very slim ,holds all my cards .",
Khai M. Nguyen,"Just what I was looking for, lightweight and compact.",https://www.amazon.com/gp/customer-reviews/RMWR9KBE780L3/ref=cm_cr_getr_d_rvw_ttl?ie=UTF8&ASIN=B075XHMLPN,"5.0 "," the United States "," December 16, 2023",Color: Black,Verified Purchase,"I was looking for a super lightweight compact wallet that I can throw in my id and a few cards that I can just take anywhere.  This fits the bill but has one caveat, the pockets do not have a flap to hold the cards in so if not being careful they can all come sliding out.  I knew this before buying though so it's not a complaint.",
WR in Bryans Road,Too small,https://www.amazon.com/gp/customer-reviews/R2M7S0ZZ76US46/ref=cm_cr_getr_d_rvw_ttl?ie=UTF8&ASIN=B075XHMLPN,"1.0 "," the United States "," November 17, 2023",Color: Khaki,Verified Purchase,Much smaller than what I was looking for. Not worth the money,
Paul J. Latarulo,Great,https://www.amazon.com/gp/customer-reviews/R3JDCMMHM0W5QK/ref=cm_cr_getr_d_rvw_ttl?ie=UTF8&ASIN=B075XHMLPN,"4.0 "," the United States "," November 15, 2023",Color: Black,Verified Purchase,Perfect for every day. Wish they made one with a leather or like material and the band without an emblem. Overall a good every day card carrier. Super slim. Easy in and out of the pocket. I carry 12 cards/ids,
Mel W,Elastic band easily frays,https://www.amazon.com/gp/customer-reviews/R2KQ2AK13XOY2B/ref=cm_cr_getr_d_rvw_ttl?ie=UTF8&ASIN=B075XHMLPN,"3.0 "," the United States "," November 8, 2023",Color: Blue 02,Verified Purchase,"I just purchased this wallet for my overseas vacation.  I loved it for its small, compact appearance as it fit easily into my front jeans pocket, or my passport neck pouch. Unfortunately, after four days the elastic band started to fray and tear.  It is a great little wallet and holds so much.  Will have to try to repair it with needle and thread.",
Daniel Phung,Very nice and stain easily,https://www.amazon.com/gp/customer-reviews/R1R7H1FPT7HP3N/ref=cm_cr_getr_d_rvw_ttl?ie=UTF8&ASIN=B075XHMLPN,"5.0 "," the United States "," November 4, 2023",Color: Blue 02,Verified Purchase,A very nice and slim wallet. Super portable and fit in small pockets with no problem. Totally recommend for anyone who’s looking for minimalistic.,
Kathlene M.,Tiny and worthless,https://www.amazon.com/gp/customer-reviews/R1ZGJYQWLUIXWQ/ref=cm_cr_getr_d_rvw_ttl?ie=UTF8&ASIN=B075XHMLPN,"1.0 "," the United States "," October 27, 2023",Color: Blue,Verified Purchase,This wallet is tiny.  The only way it could hold 12 credit cards is if you crammed 4 into each little pocket.  Definitely NOT what I wanted!,
Enrique,Amazingly compact but bad quality materials. It started to rip one day after I opened it.,https://www.amazon.com/gp/customer-reviews/R2ED7UF2QCEDRL/ref=cm_cr_getr_d_rvw_ttl?ie=UTF8&ASIN=B075XHMLPN,"1.0 "," the United States "," October 8, 2023",Color: Black,Verified Purchase,"UPDATE - it is NOT RFID protected. One of my cards that never even left my wallet was picked up on the first trip I took using this wallet. With all or most cards having RFID for contactless payments, the lack of this feature on any modern wallet is a big blow to it’s usefulness. I normally use RFID sleeves but those don’t fit on this wallet. I do NOT recommend purchasing it.  Literally one day after I opened it, the elastic band is starting to tear. That's unfortunate as the size of this wallet and the amount of cards and cash it can take (I'm doing 10 cards and 12 bills), while keeping an amazingly small footprint is impressive. I'm still going to use it for as long as the elastic lasts, but this means the $17 price tag comes with a catch and that is poor quality, at least in the elastic band. Also, it says that it offers RFID protection, but I heard on a video review on Youtube that it's just nylon, no additional shielding in between layers. Which if true, not sure how good nylon is for that purpose. I normally carry my cards in RFID protective sleeves, but none of them would fit in the card pockets of this wallet. If they had a more expensive version of this wallet with better quality materials and a proper RFID shielding layer built it, I would get that instead. I'll just say that if you really want a compact wallet but have to carry a bunch of cards and some cash, you won't find a better option than this wallet. Just know that the materials are not the best and may not last as much as you'd like.",3
Amazon Customer,Single pocket fits bills well!,https://www.amazon.com/gp/customer-reviews/R48WTMTK5L8BF/ref=cm_cr_getr_d_rvw_ttl?ie=UTF8&ASIN=B075XHMLPN,"5.0 "," the United States "," October 6, 2023",Color: Black,Verified Purchase,Light and compact. Barely notice it's in my pocket. Holds bills well and cards. I recommend putting multiple cards per slot so they fit snug.,
NG,lightweight,https://www.amazon.com/gp/customer-reviews/R2VQCS142BPTPV/ref=cm_cr_getr_d_rvw_ttl?ie=UTF8&ASIN=B075XHMLPN,"5.0 "," the United States "," October 3, 2023",Color: Black,Verified Purchase,Very lightweight and easy to carry in my front pocket. Sometimes I forget I’m even carrying it. I bought it for travel and love it.,
SIMON CHO,Excellent wallet!!,https://www.amazon.com/gp/customer-reviews/R3PDFVJ0AY6JOK/ref=cm_cr_getr_d_rvw_ttl?ie=UTF8&ASIN=B075XHMLPN,"5.0 "," the United States "," September 13, 2023",Color: Black,Verified Purchase,It is inserted max 15 cards and around 20pcs money easily. so much satisfaction. I ordered 2ea more because prevent to be discontinued this model.,
DP,Finally the perfect minimalist wallet!,https://www.amazon.com/gp/customer-reviews/R1T1WEGYCCVTP3/ref=cm_cr_getr_d_rvw_ttl?ie=UTF8&ASIN=B075XHMLPN,"5.0 "," the United States "," September 11, 2023",Color: Black,Verified Purchase,Finally the perfect minimalist wallet!,
terry mosier,nice little wallet,https://www.amazon.com/gp/customer-reviews/RMDRGB3ZYEKHR/ref=cm_cr_getr_d_rvw_ttl?ie=UTF8&ASIN=B075XHMLPN,"5.0 "," the United States "," August 1, 2023",Color: Grey,Verified Purchase,"fits all my stuff and more, and the three pockets are nice and deep, plus a slot for money.",
Adam,great wallet,https://www.amazon.com/gp/customer-reviews/RH0TPYIT0HRJY/ref=cm_cr_getr_d_rvw_ttl?ie=UTF8&ASIN=B075XHMLPN,"5.0 "," the United States "," July 28, 2023",Color: Grey,Verified Purchase,"Can hold more cards than what is advertised, the only issue is that the logo is kinda falling off the band with only a week of ownership. Needed a wallet that had a place for cash and the light fold was a great option.",
Abigail,A Great Bang for Your Buck,https://www.amazon.com/gp/customer-reviews/R39X132BVSBGIL/ref=cm_cr_getr_d_rvw_ttl?ie=UTF8&ASIN=B075XHMLPN,"5.0 "," the United States "," July 25, 2023",Color: Red,Verified Purchase,I have been buying this specific wallet for my fiancé for years now. They last him about 2 years at a time before the elastic goes out on him!,
Carrie Nolan,love it!,https://www.amazon.com/gp/customer-reviews/RWLEEEGY1CX9U/ref=cm_cr_getr_d_rvw_ttl?ie=UTF8&ASIN=B075XHMLPN,"5.0 "," the United States "," July 16, 2023",Color: Grey,Verified Purchase,this is just what i was looking for! a minimalist wallet that holds cash! fits everything that my normal wallet held in a much smaller package. love it so much i ordered another one for my partner!!,
Amazon Customer,Tiny wallet 👍,https://www.amazon.com/gp/customer-reviews/R1S8SFOV0VBJG6/ref=cm_cr_getr_d_rvw_ttl?ie=UTF8&ASIN=B075XHMLPN,"5.0 "," the United States "," July 12, 2023",Color: Black,,"Nice Wallet tiny size of driver license and credit cards +Cash 👍👍👍👍👍👍👍👍👍👍love it , best wallet I ever had 🤩",
Francis,I loved it. Great for people who have tons of cards,https://www.amazon.com/gp/customer-reviews/R2RQRQ3BFZD93I/ref=cm_cr_getr_d_rvw_ttl?ie=UTF8&ASIN=B075XHMLPN,"2.0 "," the United States "," July 8, 2023",Color: Khaki,Verified Purchase,I hate how other wallets have individual card slots. I always hold too many and stuffing them in there always stretches out the slots. This wallet it nice  BUT when I received the wallet it was already falling apart. Stitching should be stronger. This is the biggest reason I’m rating it 2/5. What’s the point of having a wallet but it only lasts a couple months.,
Sally Strom,I love it,https://www.amazon.com/gp/customer-reviews/R1YZBZOREL135X/ref=cm_cr_getr_d_rvw_ttl?ie=UTF8&ASIN=B075XHMLPN,"5.0 "," the United States "," July 6, 2023",Color: Purple,Verified Purchase,"I refuse to carry a purse. This fits in my front pocket without me even noticing it. The elastic keeps your cards in when it is closed. You have to be careful when it's open, or your cards easily fall out.",
Matt Green,Great minimalist wallet!,https://www.amazon.com/gp/customer-reviews/R3CL5HTQLXUC8N/ref=cm_cr_getr_d_rvw_ttl?ie=UTF8&ASIN=B075XHMLPN,"5.0 "," the United States "," June 10, 2023",Color: Blue 02,Verified Purchase,"I have been in search of a minimalist wallet for years. I’ve tried the metal pop up wallets, which I do like. However, this wallet is next level! I live in a small town where cash is still king. A lot of minimalist wallets are not designed for cash. This is fine when I visit the city, but it simply will not work when I am at home. This wallet can hold more cards than any other “minimalist” wallet I’ve tried and still be thinner. I am a bit of a collector and carry about 9 cards daily. (I have a problem…) This wallet can handle my 9 cards and I feel that I could add more if I need to. Oh, and I’m also carrying about 5 bills at the same time.  On top of that the wallet is made of great material. After owning the wallet for a month, it is in the same shape as the day I got it. I don’t worry about this wallet deteriorating as a fake leather wallet might. This will be my wallet for years and years to come!!",2
Jennifer Colon,Wallet,https://www.amazon.com/gp/customer-reviews/R14JUFZ0UQVTI9/ref=cm_cr_getr_d_rvw_ttl?ie=UTF8&ASIN=B075XHMLPN,"4.0 "," the United States "," June 6, 2023",Color: Black,Verified Purchase,I wish I could get another one too be honest I loved this wallet so much that someone robbed me for it literally I miss this wallet alot was super convenient perfect for all my stuff,
Torie L. Smith,Excellent Minimalist Wallet,https://www.amazon.com/gp/customer-reviews/R217J6YI3WTRVT/ref=cm_cr_getr_d_rvw_ttl?ie=UTF8&ASIN=B075XHMLPN,"5.0 "," the United States "," June 4, 2023",Color: Black,Verified Purchase,This is an excellent minimalist wallet with rfid protection! It’s good for anyone who wants a Minimalist money and card wallet!,
C K  Brindley,small and handy,https://www.amazon.com/gp/customer-reviews/RD5LTK77Y1FI1/ref=cm_cr_getr_d_rvw_ttl?ie=UTF8&ASIN=B075XHMLPN,"5.0 "," the United States "," May 31, 2023",Color: Yellow,Verified Purchase,"I am an old school guy, back pocket wallet all my life. I figured I would give this a try, started getting lower back issues and doctor said my old wallet could be contributing factor. This wallet is light, small, and fits all my ""stuff"". Easy to put in front pocket and easy to open and close, can keep my hand on it when I walk, if I choose to and this one has sold me on the smaller lighter and non-leather wallet. I would recommend it as a starter for those older folks that have never tried a front pocket wallet, don't even notice it's there, however, if you are like me you will still check you back pocket every once in a while, because you feel something missing.",
Dyer,Really cheap,https://www.amazon.com/gp/customer-reviews/RN5N0FOL4FDB7/ref=cm_cr_getr_d_rvw_ttl?ie=UTF8&ASIN=B075XHMLPN,"2.0 "," the United States "," May 25, 2023",Color: Black,Verified Purchase,This wallet is really cheap and cards are insecure.  Not what I was looking for.,
Anon.,Compact! Wish it had a simple 2x3 thin foam pad so it would float...,https://www.amazon.com/gp/customer-reviews/R11HLQTVTLWZ21/ref=cm_cr_getr_d_rvw_ttl?ie=UTF8&ASIN=B075XHMLPN,"5.0 "," the United States "," May 6, 2023",Color: Army Green,Verified Purchase,"and a card for emergency contact (both for owner and for an alternative contact), allergies, meds, med. conditions, metal implants, etc. I am a RN and let me tell you, a card like that in someone found down alone can be a LIFESAVER-literally!!! A simple 2x3""x1/16"" closed cell foam pad so it would float would make it 5 stars for traveling category. Of course, I will add those 2 things myself, but I would gladly pay and extra dollar or two for the wallet to come with those inside already.",
Jose Rivera Rivas,Tamaño perfecto,https://www.amazon.com/gp/customer-reviews/R1YVRZT8TR3UQD/ref=cm_cr_getr_d_rvw_ttl?ie=UTF8&ASIN=B075XHMLPN,"5.0 "," the United States "," April 26, 2023",Color: Black,Verified Purchase,"Después de revisar varios review de Minimalist Wallet, elegí comprarla, la verdad estoy muy contento, se adapta al tamaño que andaba buscando, lo mas importante es que es de buen material, la recomiendo si andas en busca de una Wallet pequeña, con capacidad para 12 tarjetas y algo de dinero y además de un material bastante resistente",
Bien,Bien,https://www.amazon.com/gp/customer-reviews/RLPNDUCS2IP7Z/ref=cm_cr_getr_d_rvw_ttl?ie=UTF8&ASIN=B075XHMLPN,"5.0 "," the United States "," April 26, 2023",Color: Blue 02,Verified Purchase,Buena,
R. Wood,"Great, but the elastic goes",https://www.amazon.com/gp/customer-reviews/R1DKFLXFPVMJ88/ref=cm_cr_getr_d_rvw_ttl?ie=UTF8&ASIN=B075XHMLPN,"4.0 "," the United States "," April 25, 2023",Color: Black,Verified Purchase,"I really like this wallet and it's the third one I've owned. I've tried others but this one gets it all right, except for one thing. The elastic stretches and becomes useless and floppy after about 2 years. So I just buy another one each time. Take from that what you will, but in my opinion until the elastic goes these are the best wallet I've found for my needs. Compact, secure, lightweight, and more than enough room for cards and even card-sized multi-tools",5
Freddie Pellini,Great product,https://www.amazon.com/gp/customer-reviews/R2BO9B2YVYUNAU/ref=cm_cr_getr_d_rvw_ttl?ie=UTF8&ASIN=B075XHMLPN,"5.0 "," the United States "," April 16, 2023",Color: Black,Verified Purchase,"This has been my daily use wallet for the past 3 years. The band frays a little bit here and there, but it's held up really well in the long term. It's got room for plenty of cards and bills, but it's an incredibly small and light package.",
Anon,Well Designed,https://www.amazon.com/gp/customer-reviews/RSXJXAOHYV1D0/ref=cm_cr_getr_d_rvw_ttl?ie=UTF8&ASIN=B075XHMLPN,"5.0 "," the United States "," March 16, 2023",Color: Yellow,Verified Purchase,"i do not keep money in a wallet, but foir cards and id this is a great item IMO.  slimm, does not move arouind in my back pocket, keeps everythinng in order.  it does what a wallet is supposed to.",
Amazon Customer,Perfect Wallet,https://www.amazon.com/gp/customer-reviews/R3F65OVWNID3SQ/ref=cm_cr_getr_d_rvw_ttl?ie=UTF8&ASIN=B075XHMLPN,"5.0 "," the United States "," March 8, 2023",Color: Blue 02,Verified Purchase,"Stores many items, keeps a small profile, and is exactly as described.  Excellent product.",
Amazon Customer,Not rigid enough,https://www.amazon.com/gp/customer-reviews/R1ZTBGVP8O99BQ/ref=cm_cr_getr_d_rvw_ttl?ie=UTF8&ASIN=B075XHMLPN,"3.0 "," the United States "," February 18, 2023",Color: Blue 02,Verified Purchase,Looks like it will hold up but the material is too thin and flexible.  It isn't rigid enough to easily slid cards in.  Cards tend to fall out while trying to use it,
Corey Paige,Blue color is not like picture,https://www.amazon.com/gp/customer-reviews/R1012FK60I6ZY9/ref=cm_cr_getr_d_rvw_ttl?ie=UTF8&ASIN=B075XHMLPN,"4.0 "," the United States "," February 6, 2023",Color: Blue,Verified Purchase,"Definitely a more minimalist wallet and fits well in the hand. I have an AirTag wallet holder that fits great in center slot of the wallet. It does not bulk up the lightfold wallet like it did my other one. In the pictures I have 7 bills, 8 cards, and my AirTag holder in the lightfold wallet.  I can see the cards falling out if I turned over the wallet and gave it a good shake but my cards are snug enough that if I just turn it over I don’t think anything would fall out.  The only reason I am returning this and giving it a 4 star review is because the blue color is a darker blue than the picture shows. I thought it would be a lighter blue like the picture. I added a picture of light blue crocks for color reference. I have already bought the army green lightfold to replace this blue one. I recommend this if you don’t want something bulky.",4
James Bell,Excellent product for somebody with bad it is great hands,https://www.amazon.com/gp/customer-reviews/RSX7DRWPEZFYL/ref=cm_cr_getr_d_rvw_ttl?ie=UTF8&ASIN=B075XHMLPN,"5.0 "," the United States "," January 21, 2023",Color: Grey,Verified Purchase,"A wallet that will hold all your valuable items, and they will spill out it is great for the money. It is great for the money.",
Dakota Montoya,Not really ideal for practical use,https://www.amazon.com/gp/customer-reviews/RGTJM59BK4ZNH/ref=cm_cr_getr_d_rvw_ttl?ie=UTF8&ASIN=B075XHMLPN,"3.0 "," the United States "," January 12, 2023",Color: Pink,Verified Purchase,"It's cute, and the design is super simple, which I like! However, it's beyond flimsy. Yes, it's super light-weight and it unfortunately comes at the cost of practicality. I can crumble it up like a paper wad because there's no backing of any sort anywhere, but I can't actually use it as a wallet reliably.  I can't use more than one pocket for any cards (including ID since there's not any dedicated pocket for that) because they slide out with nothing more than a stiff breeze once the wallet is opened. I've stacked all 6 of my ""Cards"" (including DL, 2 other IDs and my bank cards) into the center pocket to give it some kind of rigidity and stability and that's questionable at best. I cannot recommend this for travel, practical use, or even ""as a backup"".  Dunno if design team has eyes on the listing but I'd recommend some non-slip strips along the inside lining of the card pockets. It'll help maintain the lightweight purpose/design while mostly eliminating this current design flaw.",
Tim-O,Minimalist wallet is as billed.,https://www.amazon.com/gp/customer-reviews/RHSMHQ0GN6VLA/ref=cm_cr_getr_d_rvw_ttl?ie=UTF8&ASIN=B075XHMLPN,"5.0 "," the United States "," January 3, 2023",Color: Blue 02,Verified Purchase,"For travel and backpacking, this is the perfect wallet. It is simple, and does what it has to without any frills. I highly recommend it.",
Regina Barrett,Absolutely love this wallet !  It’s perfect !,https://www.amazon.com/gp/customer-reviews/R1VMQ67P88DO5I/ref=cm_cr_getr_d_rvw_ttl?ie=UTF8&ASIN=B075XHMLPN,"5.0 "," the United States "," December 28, 2022",Color: Army Green,Verified Purchase,This lightweight wallet was not only stylish but very practical !  The wallet def is exactly as it’s advertised !  Great design !!!,
Cooper,Exactly what I needed,https://www.amazon.com/gp/customer-reviews/R2VQVMIRCARONX/ref=cm_cr_getr_d_rvw_ttl?ie=UTF8&ASIN=B075XHMLPN,"5.0 "," the United States "," December 12, 2022",Color: Black,Verified Purchase,"Minimalist and comfortable, holds more than enough, good quality. I recommend.",
Farmer John,Perfect for the essentials,https://www.amazon.com/gp/customer-reviews/R1EDRTQ0TZWPV4/ref=cm_cr_getr_d_rvw_ttl?ie=UTF8&ASIN=B075XHMLPN,"5.0 "," the United States "," December 1, 2022",Color: Purple,Verified Purchase,"Great wallet for holding your everyday junk. I have a total of 10 cards (including IDs), and a few greenbacks in this, and she still fits wherever you want to keep her. Used her hard everyday for two years, and she still looks like new. I was worried the elastic band might get worn, but she still snaps right back when you want her to. The price has gone up a bit since I got her, but that's the world we live in.",
JC,It’s REALLY tiny!!!!!,https://www.amazon.com/gp/customer-reviews/R1TAKB7V4D0NKE/ref=cm_cr_getr_d_rvw_ttl?ie=UTF8&ASIN=B075XHMLPN,"3.0 "," the United States "," November 27, 2022",Color: Blue,Verified Purchase,"We could barely get my son’s gift cards to fit in it. If you’re looking for something really small, this is your wallet. The strap that goes around the whole wallet is nice for kids so nothing falls out.",
LCPW,"Thin, minimal wallet",https://www.amazon.com/gp/customer-reviews/R27NWJ5GBBY5L7/ref=cm_cr_getr_d_rvw_ttl?ie=UTF8&ASIN=B075XHMLPN,"5.0 "," the United States "," November 19, 2022",Color: Purple,Verified Purchase,"I love this - can hardly imagine going back to a big bulky wallet again.  Thin, but strong.  (I do wish they'd make colors again - a decade or so ago I had a bright green version of this that I really liked!)",
ghipp,Small and comfortable,https://www.amazon.com/gp/customer-reviews/R1VP1OFOGJYSY3/ref=cm_cr_getr_d_rvw_ttl?ie=UTF8&ASIN=B075XHMLPN,"5.0 "," the United States "," November 10, 2022",Color: Khaki,Verified Purchase,I like how compact the wallet feels perfectly for essentials.,
B. King,Perfect Wallet,https://www.amazon.com/gp/customer-reviews/R2B8HT7ZNINV90/ref=cm_cr_getr_d_rvw_ttl?ie=UTF8&ASIN=B075XHMLPN,"5.0 "," the United States "," October 24, 2022",Color: Black,Verified Purchase,I've used these wallets for over five years. They are durable and hold all the cards and money I need. Good value for the money.,
Diana E Estabrook,Perfect size Perfect,https://www.amazon.com/gp/customer-reviews/R1O1E0VERWLT7N/ref=cm_cr_getr_d_rvw_ttl?ie=UTF8&ASIN=B075XHMLPN,"5.0 "," the United States "," October 22, 2022",Color: Black,Verified Purchase,Wanted a wallet just for money w/security band was a +…..am pleased with this product!!,
Marc Pannell,It's like a sock,https://www.amazon.com/gp/customer-reviews/RWBQI42FIDHGL/ref=cm_cr_getr_d_rvw_ttl?ie=UTF8&ASIN=B075XHMLPN,"3.0 "," the United States "," September 23, 2022",Color: Purple,Verified Purchase,It's kinda cool. What I didn't like was when you take off the strap everything inside is at risk of falling out. Some of The good things are that it is very small and very light. Looks kinda cool also but more for the younger crowd like 8 to 18.,
Ervin Riley,Slim and Lightweight,https://www.amazon.com/gp/customer-reviews/R13ICW2TAVB4VB/ref=cm_cr_getr_d_rvw_ttl?ie=UTF8&ASIN=B075XHMLPN,"5.0 "," the United States "," September 15, 2022",Color: Black,Verified Purchase,This wallet was smaller than I expected which is great. Fits all my cards and bills with no issues. Highly recommended for minimalist. Fits easily in front pocket,
DontAtMeBro,Great design,https://www.amazon.com/gp/customer-reviews/R1XCXCWJJV2WRJ/ref=cm_cr_getr_d_rvw_ttl?ie=UTF8&ASIN=B075XHMLPN,"5.0 "," the United States "," September 11, 2022",Color: Khaki,Verified Purchase,"Love this wallet. It’s small and light. So easy to put cash away. One time I opened it upside down and cards fell out, but I just pay attention now and it hasn’t happened again.",
B Heard,Great carry for front pocket and workout clothes!,https://www.amazon.com/gp/customer-reviews/R1QDP06BJL0UCY/ref=cm_cr_getr_d_rvw_ttl?ie=UTF8&ASIN=B075XHMLPN,"5.0 "," the United States "," September 6, 2022",Color: Grey,Verified Purchase,Easy and functional wallet!!!!,
RichardTerrio,Very Slim I must say,https://www.amazon.com/gp/customer-reviews/RHDBE44VRR5QB/ref=cm_cr_getr_d_rvw_ttl?ie=UTF8&ASIN=B075XHMLPN,"5.0 "," the United States "," August 31, 2022",Color: Black,Verified Purchase,Nothing to dislike.  I wish I had ordered one with a bright colored band.  I can't find it on my black desktop.,
Hannah R Nelson,Amazing Minimalist Wallet,https://www.amazon.com/gp/customer-reviews/R10JOT3R3TU2I0/ref=cm_cr_getr_d_rvw_ttl?ie=UTF8&ASIN=B075XHMLPN,"5.0 "," the United States "," August 26, 2022",Color: Pink,Verified Purchase,This is THE BEST minimalist wallet I have had and I have had a plenty!! It so far is a month old and is holding up super well. I have about 15 cards and 6 bills in it and it is still SUPER THIN. It fits perfect in my hip pocket and I was able to get one with a Pink elastic so it wpuld be girly!!,2
billmcdonald,Picture over estimated what can go in wallet,https://www.amazon.com/gp/customer-reviews/R1RNDE2EW6E1OD/ref=cm_cr_getr_d_rvw_ttl?ie=UTF8&ASIN=B075XHMLPN,"2.0 "," the United States "," August 21, 2022",Color: Grey,Verified Purchase,May work but no way will this wallet hold everything in picture ( especially charge cards. ) or in description.  A little miss leading. And does not look like it will hold up to every day use,
LoopT,flimsy,https://www.amazon.com/gp/customer-reviews/R3PV8FBTXQXP5F/ref=cm_cr_getr_d_rvw_ttl?ie=UTF8&ASIN=B075XHMLPN,"1.0 "," the United States "," August 17, 2022",,Verified Purchase,too flimsy and smaller than I expected,
Mugwhamp,Small and light,https://www.amazon.com/gp/customer-reviews/R3BY8D56WU4C8K/ref=cm_cr_getr_d_rvw_ttl?ie=UTF8&ASIN=B075XHMLPN,"5.0 "," the United States "," August 1, 2022",Color: Yellow,Verified Purchase,"I wanted a wallet that would fit in all my pockets, and this fills the bill.  (Note to manufacturers of pants:  Please make ladies pants with MUCH deeper pockets.  Most of you make non-functional pockets.  Very frustrating.)",
Kim,secure wallet,https://www.amazon.com/gp/customer-reviews/R10JZHZ0P4IZPJ/ref=cm_cr_getr_d_rvw_ttl?ie=UTF8&ASIN=B075XHMLPN,"5.0 "," the United States "," July 27, 2022",,Verified Purchase,"this wallet has some good features. it hold cards and cash and does it securely. now i always have space for my spare cash, and receipts if i need to stash them too. i have seen some reviews mention the band fraying or having other issues, but mine has not had any.. i think the elastic band surrounding the wallet is the very best part. at first i worried it would be a hassle, but now it's just another natural movement to slide it off and open the wallet. its also nice to have when standing in a pay line. you can take the card out, and put it in the front, outside the pockets but within the elastic, if that makes sense. the band keeps everything secure, but also nice and compact as well. the waterproof canvas material helps it slide easily in and out of my pocket when needed, but not so it falls out on it own.. you can only put about 9 cards in this wallet, as each pocket only holds about 3, so pare down before your purchase ;) its small, but mighty. i really do love this wallet <3",
