﻿评论用户,评论概述,评论链接,星级评分,评论地点,评论时间,类型,是否购买,评论详情,觉得该评论有帮助的人数
Rhonda,Not For People With Bunions!,https://www.amazon.com/gp/customer-reviews/R1O8TPT2TA2CVA/ref=cm_cr_getr_d_rvw_ttl?ie=UTF8&ASIN=B0919CZ9SY,"1.0 "," the United States "," January 24, 2025",Size: 10Color: W71v5 | Black,Verified Purchase,Too narrow in the toe box.,
Ryan,Great minimalist shoe for the price.,https://www.amazon.com/gp/customer-reviews/R11QQM5QYD1C9M/ref=cm_cr_getr_d_rvw_ttl?ie=UTF8&ASIN=B0919CZ9SY,"4.0 "," the United States "," January 6, 2025",Size: 7.5Color: W71v5 | White Gum,Verified Purchase,Fantastic minimalist shoe for the price. Flat low to the ground soft sole. The material is a basic canvas. So not real weather resistant. I use for light cross training at home.,
Amazon Customer,Comfortable shoe,https://www.amazon.com/gp/customer-reviews/RADD4NQVDDEC/ref=cm_cr_getr_d_rvw_ttl?ie=UTF8&ASIN=B0919CZ9SY,"4.0 "," the United States "," January 2, 2025",Size: 8Color: W71v5 | Black Gum,Verified Purchase,"I got a pair of these zero sole shoes Sept 2023, and since about Oct 2024 they started to come apart where the rubber sole meets the fabric namely where the toe joints flex. I've never had this happen with other shoes I've owned and I typically keep pairs for 3+ years so I likely won't buy these again. The shoes are very comfortable, quiet and light. Often I would feel sharp jabs of rocks while hiking due to the minimal cushioning, which I expected.",
Kelly Walker,Just what I needed,https://www.amazon.com/gp/customer-reviews/RTDIF8P2E1O92/ref=cm_cr_getr_d_rvw_ttl?ie=UTF8&ASIN=B0919CZ9SY,"4.0 "," the United States "," December 21, 2024",Size: 7.5Color: W71v5 | Grey Gum,Verified Purchase,I ordered my usual size and they run just right. They’re just what I need as I start lifting a lot heavier at the gym. Hopefully they last a good long time!,
S,Strong chemical smell,https://www.amazon.com/gp/customer-reviews/R3O9GZW61M152G/ref=cm_cr_getr_d_rvw_ttl?ie=UTF8&ASIN=B0919CZ9SY,"2.0 "," the United States "," December 21, 2024",Size: 9Color: W71v5 | Black,Verified Purchase,"We wear various zero-drop shoes (Xero, Altra, Bedrock, etc.), and I ordered several pairs of different styles of Whitin's (including these) based on the great reviews. However, they arrived smelling heavily of noxious chemicals (much more than is typical with other shoe brands we've purchased). I returned them as that was concerning to me, not knowing what chemicals we'd be in contact with or breathing. I since searched reviews and found a few that mentioned this; strange that not more have. Posting in case this helps anyone. Too bad because we would have liked these otherwise.",
Tess H,Super comfortable,https://www.amazon.com/gp/customer-reviews/R1DYI4NXVN4NAO/ref=cm_cr_getr_d_rvw_ttl?ie=UTF8&ASIN=B0919CZ9SY,"5.0 "," the United States "," December 6, 2024",Size: 9Color: W71v5 | Grey Gum,Verified Purchase,These fit well and I really love the wide toe box to help transition to more barefoot-style shoes.  The material is soft and they feel wonderful all day!,
Stu The Wonderful,Best shoes ever,https://www.amazon.com/gp/customer-reviews/R3HQNXGZ6R90E7/ref=cm_cr_getr_d_rvw_ttl?ie=UTF8&ASIN=B0919CZ9SY,"5.0 "," the United States "," December 3, 2024",Size: 7Color: W71v5 | Beige,Verified Purchase,These shoes are very comfortable and have a slightly wider toe box. I bought a gray and cream pair for a vacation and wore them everywhere. They held up great and are washable.,2
Amazon Customer,Perfect barefoot shoe,https://www.amazon.com/gp/customer-reviews/RCC3YMLLN9T1C/ref=cm_cr_getr_d_rvw_ttl?ie=UTF8&ASIN=B0919CZ9SY,"5.0 "," the United States "," November 30, 2024",Size: 11Color: W71v5 | Black Gum,Verified Purchase,"Absolutely love this brand of barefoot shoes! I have been dealing foot issues for the past couple years and have switched to only wearing barefoot shoes (which has helped immensely!), and this brand is amazing! I was wary of the low price tag at first, compared to other barefoot brands, but I’ve been very impressed with the quality of these shoes. Very comfortable, true to size, good grip, and have so far seemed to maintain nice durability. I have the low tops and the high top styles and did notice the high tops are slightly wider in the toe area than the low tops. Both work great for my feet though. Highly recommend!",7
hayrhea,Cleaning difficult,https://www.amazon.com/gp/customer-reviews/R2GOF4NBBRP5UG/ref=cm_cr_getr_d_rvw_ttl?ie=UTF8&ASIN=B0919CZ9SY,"3.0 "," the United States "," November 24, 2024",Size: 8Color: W71v5 | White Gum,Verified Purchase,I walked in wet grass to get to my car and I have not been able to get grey stains off these shoes. It says machine washable but the form did begin to curve. I’ll be trying the canvas ones next. Loved them for a short bit until this.,
D. harrison,LOVE THESE!,https://www.amazon.com/gp/customer-reviews/R1CHAJ209Q8BM9/ref=cm_cr_getr_d_rvw_ttl?ie=UTF8&ASIN=B0919CZ9SY,"5.0 "," the United States "," November 23, 2024",Size: 8Color: W71v5 | Grey Gum,Verified Purchase,"It took me a minute to get used to such a low shoe but they're so comfy and light!  This light gray color is my fave, too.  I have narrow feet and thought the shoes would be very loose because the toes seem wide but they're fine.  And, it may be just me but I do find that if I'm going to be hiking through home improvement stores for a bit, the cement flooring calls for thicker soles in my case, so I switch them out.",
Jordan Spiva,Great for lifting in the gym and everyday wear,https://www.amazon.com/gp/customer-reviews/R3LTOMBZIUQJ3H/ref=cm_cr_getr_d_rvw_ttl?ie=UTF8&ASIN=B0919CZ9SY,"5.0 "," the United States "," November 20, 2024",Size: 8Color: W71v5 | Black,Verified Purchase,"If you're trying to find a good flat shoe for gym activities, I highly recommend this shoe. Converse just don't cut it for me because I need to feel like I have contact with the ground. This allows you to really grip the ground beneath you when squatting while giving you a tiny bit of support. They're great for daily wear as well.",
Alisha Smith,Awesome shoes!!,https://www.amazon.com/gp/customer-reviews/R2XM4SOUQ28LL9/ref=cm_cr_getr_d_rvw_ttl?ie=UTF8&ASIN=B0919CZ9SY,"5.0 "," the United States "," November 16, 2024",Size: 9Color: W71v5 | Black,Verified Purchase,I wasn’t sure how I was going to like these shoes especially with the price but I have been using them for a couple months and they are amazing lifting shoes!,
Copsr303,Wife loves them.,https://www.amazon.com/gp/customer-reviews/R2A9YBOHTLQ3P5/ref=cm_cr_getr_d_rvw_ttl?ie=UTF8&ASIN=B0919CZ9SY,"5.0 "," the United States "," November 11, 2024",Size: 8Color: W71v5 | Black,Verified Purchase,Wife likes fit and color. Bought 2 pairs.,
KR,great transition,https://www.amazon.com/gp/customer-reviews/R2DUDYO49SKQKR/ref=cm_cr_getr_d_rvw_ttl?ie=UTF8&ASIN=B0919CZ9SY,"5.0 "," the United States "," November 9, 2024",Size: 7.5Color: W71v5 | Black,Verified Purchase,"excellent fit, nice material, roomy toebox without looking huge",
melinda,"great fit, comfortable shoes",https://www.amazon.com/gp/customer-reviews/RSDCXUWGE0WD7/ref=cm_cr_getr_d_rvw_ttl?ie=UTF8&ASIN=B0919CZ9SY,"5.0 "," the United States "," November 2, 2024",Size: 7.5Color: W71v5 | Black,Verified Purchase,This is my second pair of Whitin shoes and find them very comfortable and easy to wear sneakers.  would recommend to anyone wanting a 'barefoot' style or just lightweight casual shoe.,
Emily Krasinski,Love these shoes,https://www.amazon.com/gp/customer-reviews/R2HXTT6SLB3A9C/ref=cm_cr_getr_d_rvw_ttl?ie=UTF8&ASIN=B0919CZ9SY,"5.0 "," the United States "," November 2, 2024",Size: 8Color: W71v5 | White Gum,Verified Purchase,"This is my third pair of this kind of shoe--I also have them in gray and black. I wear these as my ""white keds"" style sneakers, since name brand Keds are too narrow and crunch up my toes. I thought they might look a bit clownish since the toe box is so square, but they really don't--they're pretty low profile and not clunky. If you like a lot of arch support, these aren't for you. One downside is they don't breathe super well so they do get stinky, but they are machine washable. Some other commenters mentioned rivets popping out after a few wears, and that has not happened to me on any of my three pairs.",4
Vaughn M.,Runs a little small,https://www.amazon.com/gp/customer-reviews/R2PDTM6UHVHKS9/ref=cm_cr_getr_d_rvw_ttl?ie=UTF8&ASIN=B0919CZ9SY,"5.0 "," the United States "," October 25, 2024",Size: 6Color: W71v5 | Black,Verified Purchase,"Comfortable seem to be well made. Run a little small so I had to return for next size.  I removed insole for a little more room to wear with light socks and for more of the ""barefoot"" feel.",2
Marie Willyard,So comfortable,https://www.amazon.com/gp/customer-reviews/RFFQKTQLCNSPG/ref=cm_cr_getr_d_rvw_ttl?ie=UTF8&ASIN=B0919CZ9SY,"5.0 "," the United States "," October 21, 2024",Size: 8Color: W71v5 | Grey Gum,Verified Purchase,"I love these shoes. I like the stretch and ease to out on. Color is exactly as shown and very nice in person. These feel good on my feet, not too thin but still keep their flexibility.",
William Christy,Great shoes,https://www.amazon.com/gp/customer-reviews/R3JAKPWDLMH84F/ref=cm_cr_getr_d_rvw_ttl?ie=UTF8&ASIN=B0919CZ9SY,"5.0 "," the United States "," October 19, 2024",Size: 7.5Color: W71v5 | Black,Verified Purchase,4th pair of Whitin shoes for the family. We all love them,
Sigrid,Love these shoes,https://www.amazon.com/gp/customer-reviews/RLHG6YKK5OMHF/ref=cm_cr_getr_d_rvw_ttl?ie=UTF8&ASIN=B0919CZ9SY,"4.0 "," the United States "," October 19, 2024",Size: 7.5Color: W71v5 | Black,Verified Purchase,"It took me a while to get used to them. You almost feel like you are walking barefoot.  Since i have them, I am more grounded in my workouts. Washed them in the washer a few times and they still look like new. The shoelaces are not so good, they wear out pretty fast. I just bought different laces.  Thats why only 4 stars.Will definitely buy them again.",
Matt/Pauline,So ugly in person.,https://www.amazon.com/gp/customer-reviews/R1K7RZKNWULGBV/ref=cm_cr_getr_d_rvw_ttl?ie=UTF8&ASIN=B0919CZ9SY,"1.0 "," the United States "," October 12, 2024",Size: 7Color: W71v5 | White Gum,Verified Purchase,Cute from the side but looking at them straight on they look ridiculous and cheap.,2
Amazon Customer,Comfortable,https://www.amazon.com/gp/customer-reviews/R15IFA0T580ZNW/ref=cm_cr_getr_d_rvw_ttl?ie=UTF8&ASIN=B0919CZ9SY,"4.0 "," the United States "," October 11, 2024",Size: 10Color: W71v5 | White Gum,Verified Purchase,"I did a lot of walking in these over a weekend. I had no pain in my feet, legs or back. I just wish they came in half sizes, but I sized up and they work fine.",
K hams,Returned,https://www.amazon.com/gp/customer-reviews/R34GDI2GSDEJPE/ref=cm_cr_getr_d_rvw_ttl?ie=UTF8&ASIN=B0919CZ9SY,"2.0 "," the United States "," October 11, 2024",Size: 8Color: W71v5 | Beige,Verified Purchase,Cute but hurt my heal when walked.,
Mike,the eyelets are tearing out,https://www.amazon.com/gp/customer-reviews/R3FOQHMHYEH702/ref=cm_cr_getr_d_rvw_ttl?ie=UTF8&ASIN=B0919CZ9SY,"1.0 "," the United States "," October 5, 2024",Size: 7Color: W71v5 | Beige,Verified Purchase,Didn't hold up to the standard of a Whitin products from the past,
NJR,My feet don’t feel weird.,https://www.amazon.com/gp/customer-reviews/R3VICO60Q7506M/ref=cm_cr_getr_d_rvw_ttl?ie=UTF8&ASIN=B0919CZ9SY,"5.0 "," the United States "," October 5, 2024",Size: 8Color: W71v5 | Black,Verified Purchase,They stop my feet from feeling scratchy and weird.  It sort of feels like being barefoot.,
SLR,Runs Narrow,https://www.amazon.com/gp/customer-reviews/R3PPFZZ6E9LEE4/ref=cm_cr_getr_d_rvw_ttl?ie=UTF8&ASIN=B0919CZ9SY,"1.0 "," the United States "," October 3, 2024",Size: 11Color: W71v5 | White Gum,Verified Purchase,Still too narrow for a wide foot.,
Mark Korn,My wife love them!,https://www.amazon.com/gp/customer-reviews/R33UCYF6OW5VYF/ref=cm_cr_getr_d_rvw_ttl?ie=UTF8&ASIN=B0919CZ9SY,"5.0 "," the United States "," October 2, 2024",Size: 8Color: W71v5 | Black,Verified Purchase,"My wife wanted both a shoe that was the same height toe and heel. Plus she had trouble on slippery surfaces.  This shoe is perfect. Beside that, I heard her women friends complimenting her on their looks!",
K.M.S.,Not much of a chance to wear them yet.,https://www.amazon.com/gp/customer-reviews/RJUMU31P02V34/ref=cm_cr_getr_d_rvw_ttl?ie=UTF8&ASIN=B0919CZ9SY,"3.0 "," the United States "," October 2, 2024",Size: 10Color: W71v5 | Beige,Verified Purchase,"Seem comfortable from trying them on and walking the house. Excited for the 'barefoot' style. Might soil easily however, we'll see.",
Annette,Fits great,https://www.amazon.com/gp/customer-reviews/R21W3HX24625HC/ref=cm_cr_getr_d_rvw_ttl?ie=UTF8&ASIN=B0919CZ9SY,"5.0 "," the United States "," September 25, 2024",Size: 10Color: W71v5 | Light Grey,Verified Purchase,My toes have more room and don't hurt any more.  Very comfortable and stylish.,
melanie,Customer service issues,https://www.amazon.com/gp/customer-reviews/R1QOU563XGB8UA/ref=cm_cr_getr_d_rvw_ttl?ie=UTF8&ASIN=B0919CZ9SY,"1.0 "," the United States "," September 13, 2024",Size: 9Color: W71v5 | Beige,Verified Purchase,Product is ok. Not real sturdy but cute comfortable. I would never order again from this company. Ordered 2 pair in different sizes. Returned at Kohl's the wrong size. Received notification of refund. Got rid of return receipt from Kohl's after a month assuming refund was complete. Shortly after was recharged for return stating they never received it. I could not find a way to contact a person to deal with situation. You lost my business after double charging me.,2
Amazon Customer,Barefoot Shoes,https://www.amazon.com/gp/customer-reviews/R2I0JO2RNA4CX8/ref=cm_cr_getr_d_rvw_ttl?ie=UTF8&ASIN=B0919CZ9SY,"3.0 "," the United States "," September 10, 2024",Size: 8Color: W71v5 | White Gum,Verified Purchase,"Looks good with my jeans and shirts. Quality was OK, but the cost should be much less.",
It is short on the sleeve and the. Fabric is not to soft!!!,Like them,https://www.amazon.com/gp/customer-reviews/R3D6YROBIR4Q47/ref=cm_cr_getr_d_rvw_ttl?ie=UTF8&ASIN=B0919CZ9SY,"5.0 "," the United States "," September 3, 2024",Size: 8Color: W71v5 | Beige,Verified Purchase,Like them,
Ann Smith,Barefoot shoes,https://www.amazon.com/gp/customer-reviews/R2WZXU2J54XOT2/ref=cm_cr_getr_d_rvw_ttl?ie=UTF8&ASIN=B0919CZ9SY,"4.0 "," the United States "," September 2, 2024",Size: 7Color: W71v5 | Black,Verified Purchase,"Good Quality, comfortable fit as expected",
Kindle Customer,Comfortable but I prefer the wide width.,https://www.amazon.com/gp/customer-reviews/R17WMD6ZGK6GGO/ref=cm_cr_getr_d_rvw_ttl?ie=UTF8&ASIN=B0919CZ9SY,"4.0 "," the United States "," August 31, 2024",Size: 9Color: W71v5 | Beige,Verified Purchase,I have a couple pair of these shoes in wide. This is the first pair I bought in regular width. A weird thing I noticed in them is the interfacing in the toe is more stiff and noticeable in this pair. I hope it doesn't become more noticeable as they get worn in. They are comfortable but I can only wear them sockless. With socks they are too snug. So if you have wide feet you might consider the wide width. This is a great shoe to start off your bear foot experience. Price is much more reasonable than other name brands. I have also tried out the generic brands on Amazon and the quantity is not as good.,5
A. David,Runs Narrow,https://www.amazon.com/gp/customer-reviews/R1AIU4BSN9I0H2/ref=cm_cr_getr_d_rvw_ttl?ie=UTF8&ASIN=B0919CZ9SY,"4.0 "," the United States "," August 22, 2024",Size: 6Color: W71v5 | Beige,Verified Purchase,"I should have sized up half a size since I have wide feet. Since this is a barefoot shoe, I assumed it would have a large toe box. It does have a different shaped toe box, but not as wide as I needed.",
Luther,For you guys...,https://www.amazon.com/gp/customer-reviews/RCQN5CYV419FM/ref=cm_cr_getr_d_rvw_ttl?ie=UTF8&ASIN=B0919CZ9SY,"5.0 "," the United States "," August 21, 2024",,,"I kinda forced this ""barefoot"" shoe idea on her and picked these myself. She LOVES them.",
Kaylee Sligar,Okay,https://www.amazon.com/gp/customer-reviews/R27WTF8WAGHDHI/ref=cm_cr_getr_d_rvw_ttl?ie=UTF8&ASIN=B0919CZ9SY,"2.0 "," the United States "," August 18, 2024",Size: 10Color: W71v5 | Black Gum,Verified Purchase,"These fit fine, but squeak on every hard surface you walk on. Even cement.",
Paula Perry,Finally shoes that don't hurt,https://www.amazon.com/gp/customer-reviews/RU7SLHH34EQ7S/ref=cm_cr_getr_d_rvw_ttl?ie=UTF8&ASIN=B0919CZ9SY,"5.0 "," the United States "," August 14, 2024",Size: 9Color: W71v5 | Black,Verified Purchase,"I wear an 8.5, these don't come in half sizes so I got a 9 and they are perfect. I have neuropathy and have several pair of $100 to $200 dollars shoes, none of which I can wear without pain. I will be ordering every color in these!",2
Bernadine Cochran,Shoes,https://www.amazon.com/gp/customer-reviews/R39I6YLLQVTONO/ref=cm_cr_getr_d_rvw_ttl?ie=UTF8&ASIN=B0919CZ9SY,"5.0 "," the United States "," August 12, 2024",Size: 7.5Color: W71v5 | Beige,Verified Purchase,Comfortable and size are true,
Amazon Customer,They are cute but not slip resistant for work,https://www.amazon.com/gp/customer-reviews/R26JTWHKX2KHS7/ref=cm_cr_getr_d_rvw_ttl?ie=UTF8&ASIN=B0919CZ9SY,"4.0 "," the United States "," August 9, 2024",Size: 7Color: W71v5 | Black,Verified Purchase,I like them they are cute. Wish they were really slip resistant.,
Michael C,Comfortable,https://www.amazon.com/gp/customer-reviews/R35BD2DU2B8LVT/ref=cm_cr_getr_d_rvw_ttl?ie=UTF8&ASIN=B0919CZ9SY,"5.0 "," the United States "," August 7, 2024",Size: 8Color: W71v5 | Light Grey,Verified Purchase,"I love these shoes, they are light in weight,  and very comfortable.",
TERIA GF,Fit perfectly,https://www.amazon.com/gp/customer-reviews/R2LI1307WJNT5J/ref=cm_cr_getr_d_rvw_ttl?ie=UTF8&ASIN=B0919CZ9SY,"5.0 "," the United States "," August 6, 2024",Size: 9Color: W71v5 | Pink,Verified Purchase,Great for my feet,
Serapheena,Not slip resistant!,https://www.amazon.com/gp/customer-reviews/R29TSGTO58GT6C/ref=cm_cr_getr_d_rvw_ttl?ie=UTF8&ASIN=B0919CZ9SY,"4.0 "," the United States "," August 3, 2024",Size: 10Color: W71v5 | Black,Verified Purchase,I love the fit...they are very comfortable! I bought them for work....I needed slip resistant.....I was very hopeful...but I am disappointed...  So if you want them for the fit and comfort..they are perfect...,
"Love it, very durable.",Love them,https://www.amazon.com/gp/customer-reviews/R11J3L3BSZ5VR2/ref=cm_cr_getr_d_rvw_ttl?ie=UTF8&ASIN=B0919CZ9SY,"5.0 "," the United States "," August 3, 2024",Size: 7Color: W71v5 | Black,Verified Purchase,"I honestly love these shoes.  These are the 2nd one I’ve bought, the first ones I had were the like outdoor hiking ones and I’ve had those for 3 years and no problems.  These are nice because the toe box isn’t so ridiculously huge, there just right, lots of space for me (my feet turn into pancakes when Im standing) and they look nice.  In my experience there very durable, (I abuse my shoes a lot) look nice, and feel good.  Very thin sole so you feel everything, this is exactly what I expected and i’m loving the freedom and ground feel.  I see one star reviews on these ones and the other ones saying that the soles are super thin and how you can feel everything, little sharp pebbles and what not, how it feels like your literally barefoot..  uhm, yeah?  That’s kinda the point?  I don’t understand people who go out of there way to find shoes like this then leave bad reviews, there literally called “barefoot shoes”.  Anyways enough of my rant, I love them and I will be buying more in the future.",
Amy Lou,Comfy but runs small,https://www.amazon.com/gp/customer-reviews/RI5TEW3UHSLYO/ref=cm_cr_getr_d_rvw_ttl?ie=UTF8&ASIN=B0919CZ9SY,"5.0 "," the United States "," July 31, 2024",Size: 7.5Color: W71v5 | Grey Gum,Verified Purchase,I normally wear size 7 and ordered the light grey with white sole in size 7 but my toe hit the front and didn't love the look so I ordered the dark grey with gum sole in 7.5 and love them. They are super comfy and cute.,2
a reader,"So nice to find basic, inexpensive tennis shoes",https://www.amazon.com/gp/customer-reviews/R32CU77G6AGQB9/ref=cm_cr_getr_d_rvw_ttl?ie=UTF8&ASIN=B0919CZ9SY,"5.0 "," the United States "," July 31, 2024",Size: 7Color: W71v5 | Black,Verified Purchase,"When I was a kid, the standard inexpensive tennis shoes were Ked's.These are like a vegan, barefoot version of Ked's.  They are basic, cheap, and get the job done.  Sometimes you just need a basic little tennis shoe, and don't want to spend $150+.  These are perfect for that!  I got the solid black, so it is not as obvious how cheap they are.  The thin sole makes them barefoot, with minimal cushioning.  Nice inexpensive everyday shoes.",
Lori Marlowe Lahman,Most favorite shoe,https://www.amazon.com/gp/customer-reviews/R2X7VSQ3BEPBUJ/ref=cm_cr_getr_d_rvw_ttl?ie=UTF8&ASIN=B0919CZ9SY,"5.0 "," the United States "," July 30, 2024",Size: 8Color: W71v5 | Black Gum,Verified Purchase,"I have now bought several pairs of this brand (in different colors, and as gifts for others.) The shoe is super lightweight, very breathable, and have now been washed in the washing machine several times (I remove the inserts and let air dry). The first time I wore them, my lower legs felt sore, but within a day, it was gone. My calves, feet and ankles are stronger and I feel more balanced and grounded when I wear them. Which is usually everyday. Perfect for dog walks and urban hikes. Aesthetic Warning: the toe box is a bit wider than the typical sneaker. But I don’t mind, because they are so incredibly comfortable.",10
I couldn’t get it to work at first ? But now it’s ok . Cancel return,Whiton shies,https://www.amazon.com/gp/customer-reviews/R3P2ALGNX200SS/ref=cm_cr_getr_d_rvw_ttl?ie=UTF8&ASIN=B0919CZ9SY,"5.0 "," the United States "," July 19, 2024",Size: 11Color: W71v5 | Pink,Verified Purchase,"I love these shoes. I have serious feet issues and my ADR recommended a wide toe box shoe. I wear size 11 and nit easy to find. Well these shoes are awesome. They fit perfectly and I can wear them all day with no problem .,The only problem I do have is they don’t have enough colors for me",
Valerie Hughes,So so,https://www.amazon.com/gp/customer-reviews/RKQQ60Z612K0X/ref=cm_cr_getr_d_rvw_ttl?ie=UTF8&ASIN=B0919CZ9SY,"4.0 "," the United States "," July 19, 2024",Size: 7.5Color: W71v5 | Beige,Verified Purchase,Roomy toe box. Minimum support. Maybe because its a transition to bare foot shoes. I like the style. I'll give these a shot because they are comfy.,
Kara Walton-Bell.,No break in required,https://www.amazon.com/gp/customer-reviews/R2OKYFNA4OCI8U/ref=cm_cr_getr_d_rvw_ttl?ie=UTF8&ASIN=B0919CZ9SY,"5.0 "," the United States "," July 18, 2024",,Verified Purchase,I love these! Unlike stiff shoes that hug your toes these don’t need time to stretch before they get comfortable. I switched from a pear of cloth top shoes that were a couple years old and so worn they were falling apart. These new shoes were just as spacious as the old ones (and arguably more so on my toes) but my feet don’t just slide off the sides of the soles like they did in the previous ones. I can’t believe how instantly comfortable these were.,
V,Beggars can't be choosers,https://www.amazon.com/gp/customer-reviews/R1DCQEIT1SC6F4/ref=cm_cr_getr_d_rvw_ttl?ie=UTF8&ASIN=B0919CZ9SY,"3.0 "," the United States "," July 18, 2024",,Verified Purchase,"This is my second pair of the black Whitin shoes, purchased about 10 months apart, which is why I'm giving a 3 start rating. I understand that these are knockoff Vivos, but I was hoping for at least one year of wear before having to replace them. I don't wear these everyday, and yet, they only lasted 10 months, as the soles in my current pair are falling apart. Reminds me of the boot theory where I'll wind up spending more money on these shoes until I'm able to afford a pair of Vivos which will probably last multiple years.  Despite my complaints, the shoes are reasonably comfortable, it is indeed wide toebox, and I'm grateful for that. Just be mindful that these are made with low quality materials, and if you wear them regularly, you'll probably need to replace them within 6 months.",7
Candice M,Wider for a more natural fit,https://www.amazon.com/gp/customer-reviews/R1B0S0ZPRX2E6W/ref=cm_cr_getr_d_rvw_ttl?ie=UTF8&ASIN=B0919CZ9SY,"4.0 "," the United States "," July 11, 2024",Size: 10Color: W71v5 | Black,Verified Purchase,I have really enjoyed these shoes. They are great for everyday wear and are very comfortable. The soles are incredibly squeaky though. It’s mildly entertaining albeit somewhat embarrassing at times.,
Calle,"Good shoe, a little narrow",https://www.amazon.com/gp/customer-reviews/R20MV89BVY1FB5/ref=cm_cr_getr_d_rvw_ttl?ie=UTF8&ASIN=B0919CZ9SY,"4.0 "," the United States "," July 10, 2024",Size: 8Color: W71v5 | Black,,"I bought these to try out barefoot shoes, since I have wide feet & have had bunions in the past. I like the style, and the fit is mostly good (room to splay my toes), but they feel a bit tight in the middle of the shoe. This causes discomfort if I wear them for too long, and I wore them for enough work shifts that it wasn’t just me getting used to barefoot shoes.  Overall, they’re a good shoe, but if you have wider feet or are sensitive to certain areas being too tight, they may not be right for you.  I got a size 40 (9.5 women’s) and they fit true to size.",
Satisfied Grandmother,Great fit!  Feet love these!,https://www.amazon.com/gp/customer-reviews/R1W37LS35ZFYJ6/ref=cm_cr_getr_d_rvw_ttl?ie=UTF8&ASIN=B0919CZ9SY,"5.0 "," the United States "," July 9, 2024",Size: 10Color: W71v5 | Beige,Verified Purchase,Got three pairs and looking for more  but can only find wide widths now,
Bobby,Not like the photos,https://www.amazon.com/gp/customer-reviews/R2H6HWPBP4CBVM/ref=cm_cr_getr_d_rvw_ttl?ie=UTF8&ASIN=B0919CZ9SY,"2.0 "," the United States "," July 8, 2024",Size: 9Color: W71v5 | Pink,Verified Purchase,"These shoes don’t look like the photos. They look a LOT cheaper in person. My wife bought these and was pretty disappointed that they were shipped without packaging, and that they weren’t like the pictures online. Not worth $40+",
Alexandra Calle Madrid,Excellent!!,https://www.amazon.com/gp/customer-reviews/R1TZLKMYAQYII9/ref=cm_cr_getr_d_rvw_ttl?ie=UTF8&ASIN=B0919CZ9SY,"5.0 "," the United States "," July 7, 2024",Size: 7.5Color: W71v5 | White Gum,Verified Purchase,"These shoes are very comfortable and look nice. I was about to buy the expensive brand that looks like these, but decided to give them a try. Took a trip to Japan and Korea and literally wore them every day. Very comfortable for long walks!!",
RM,Very lightweight,https://www.amazon.com/gp/customer-reviews/R2IWQHZM4H7RS1/ref=cm_cr_getr_d_rvw_ttl?ie=UTF8&ASIN=B0919CZ9SY,"5.0 "," the United States "," July 1, 2024",Size: 9Color: W71v5 | Pink,Verified Purchase,These are very light but also very comfortable. I have gotten compliments every time I wear them. My mom even ordered a pair for herself. Just size up to the next full size.,
Susan Robinson,Comfortable and cute,https://www.amazon.com/gp/customer-reviews/R2TAB8J2121XS/ref=cm_cr_getr_d_rvw_ttl?ie=UTF8&ASIN=B0919CZ9SY,"5.0 "," the United States "," June 30, 2024",Size: 10Color: W71v5 | Pink,Verified Purchase,These shoes were comfortable from the first time they were worn. They are great for a wide instep and a cute style and color.,
Travis Boyd,Love these shoes,https://www.amazon.com/gp/customer-reviews/R48NCHFA4WN67/ref=cm_cr_getr_d_rvw_ttl?ie=UTF8&ASIN=B0919CZ9SY,"5.0 "," the United States "," June 30, 2024",Size: 10Color: W71v5 | White Gum,Verified Purchase,"Super cute, incredibly comfy and so far durable! I love throwing these on bc they are so easy and extremely versatile! I l  ok be these minimalist shoes!",
Mandy Yeager,Not very slip resistant.,https://www.amazon.com/gp/customer-reviews/R1W0IR33OM25XG/ref=cm_cr_getr_d_rvw_ttl?ie=UTF8&ASIN=B0919CZ9SY,"3.0 "," the United States "," June 29, 2024",Size: 7Color: W71v5 | Black,Verified Purchase,Very comfortable but I work in a bar and they are not very slip resistant. Probably great for everyday wear but not for work.,2
Kaylee,Pros and cons,https://www.amazon.com/gp/customer-reviews/RH92ZZQ11B5D7/ref=cm_cr_getr_d_rvw_ttl?ie=UTF8&ASIN=B0919CZ9SY,"3.0 "," the United States "," June 28, 2024",Size: 6Color: W71v5 | Light Grey,Verified Purchase,"I LOVE how this fit my foot perfectly. The extra toe room is amazing. But after having them for 5 weeks, the back of the heels are uncomfortable. After taking a closer look, there is a hard plastic piece inside of the back of the heel. That plastic piece has broken or just bent inwards but it no longer stays upright. Make sure to take care not to let that bend when putting the shoe on.",3
Amazon Customer,Comfortable,https://www.amazon.com/gp/customer-reviews/RT27OUC7ODCFC/ref=cm_cr_getr_d_rvw_ttl?ie=UTF8&ASIN=B0919CZ9SY,"5.0 "," the United States "," June 26, 2024",Size: 10Color: W71v5 | Black,Verified Purchase,"These are the most comfortable shoes I have ever worn. Nice wide toe box. Flat sole. I  chose  these over my other shoes on a daily basis.  They are a flat shoe, which I didn't have trouble  adjusting to. I wore them all day the first day. I even wore them without socks a few times. Seem sturdy,",
J. Ney-Grimm,Fabulous shoes!,https://www.amazon.com/gp/customer-reviews/R1GSUC793A48DZ/ref=cm_cr_getr_d_rvw_ttl?ie=UTF8&ASIN=B0919CZ9SY,"5.0 "," the United States "," June 25, 2024",,Verified Purchase,"I adore these shoes! I purchased the canvas uppers about 6 months ago, and while I liked them I could tell that my feet were not ready for barefoot shoes yet. I needed stronger feet first. So I wore the canvas Whitins for short intervals (20-40 minutes) only. But these transitional beginner shoes are perfect for me. That's exactly what I am: a beginner transitioning to barefoot shoes. I'll be able to wear these knit-upper shoes for my daily footgear. I'm thrilled.  For the person complaining that Whitin had replaced the canvas-upper shoes with these knit-upper shoes...I believe Whitin still makes and sells the canvas uppers. These knit-upper shoes are just a different model. Here are the canvas uppers: https://www.amazon.com/gp/product/B0BN8148LB/.",3
Robyn Lloyd,Transitional shoes,https://www.amazon.com/gp/customer-reviews/R1X013DWQ9QE23/ref=cm_cr_getr_d_rvw_ttl?ie=UTF8&ASIN=B0919CZ9SY,"4.0 "," the United States "," June 25, 2024",Size: 8Color: W71v5 | Black,Verified Purchase,Well made and comfortable. I am usually a size 8.5 us and the 8 fits good. First time trying transition shoes. I have only been wearing them for a couple of weeks and my foot pain is not as bad as it had been. Fingers crossed 🤞 that they are helping.,4
Amazon Customer,Don’t last long,https://www.amazon.com/gp/customer-reviews/R12KQ7DDZZCRBR/ref=cm_cr_getr_d_rvw_ttl?ie=UTF8&ASIN=B0919CZ9SY,"3.0 "," the United States "," June 25, 2024",,Verified Purchase,Most comfortable barefoot shoes I’ve owned! No foot pain since wearing them. This makes the third time I’ve bought them but the soles wear out super fast. Holes in my shoes. 🫤 I’m trying another brand next to see if they last longer.,5
Jenn,Comfy and cute,https://www.amazon.com/gp/customer-reviews/RQZU4JOXNZDWL/ref=cm_cr_getr_d_rvw_ttl?ie=UTF8&ASIN=B0919CZ9SY,"5.0 "," the United States "," June 22, 2024",Size: 10Color: W71v5 | White Gum,Verified Purchase,They fit well and seem well made. It is spacious and cute. Definitely worth trying a pair! I hate shoes with arch support (I have strong arches and the dislike the discomfort of an added lump in my shoe). Luckily these are very simple and flat.  Thank you!,6
Karen Pace,Love em,https://www.amazon.com/gp/customer-reviews/R2USFFQQ2QKSQA/ref=cm_cr_getr_d_rvw_ttl?ie=UTF8&ASIN=B0919CZ9SY,"5.0 "," the United States "," June 18, 2024",Size: 7Color: W71v5 | Grey Gum,Verified Purchase,First pair of barefoot shoes and these have been great since the first time I wore them! They are so comfortable that I wear them all day and my feel fill good!,
D.F.,Had to return,https://www.amazon.com/gp/customer-reviews/R340OGPQOCYUR8/ref=cm_cr_getr_d_rvw_ttl?ie=UTF8&ASIN=B0919CZ9SY,"3.0 "," the United States "," June 15, 2024",Size: 8Color: W71v5 | Light Grey,Verified Purchase,"The wide toe box was nice, but almost too wide, unfortunately for me the color didn’t match the dress I bought them for, but they seemed like good quality for the price.",
D. Lord,Cheap shoes.,https://www.amazon.com/gp/customer-reviews/R3TFPLM7R4BWRE/ref=cm_cr_getr_d_rvw_ttl?ie=UTF8&ASIN=B0919CZ9SY,"1.0 "," the United States "," June 13, 2024",Size: 11Color: W71v5 | Grey Gum,Verified Purchase,I returned these cheap shoes because that is exactly what they are. They are not as wide as they claim. My regular size shoes are wider than these shoddy products.,2
Emily Siu,Pretty good shoe!,https://www.amazon.com/gp/customer-reviews/R1BTJUWA50TI85/ref=cm_cr_getr_d_rvw_ttl?ie=UTF8&ASIN=B0919CZ9SY,"5.0 "," the United States "," June 12, 2024",Size: 9Color: W71v5 | Beige,Verified Purchase,"Wanted a wide toe box shoe to avoid squishing my toes. Also have traditionally worn shoes without arch support, so the zero drop wasn’t that new to me. This shoe lasted me for nearly a year with daily wear. Some holes in the sole now, but otherwise great shoe to try out for the cost. Mainly got this shoe because I couldn’t decide what to get long term. Recently discovered Lems, which I’m really liking. Overall, recommend this shoe for the price. I probably will not repurchase though because the quality isn’t super high in comparison to more expensive shoes.",
Betania Salas Montesino,Buenos,https://www.amazon.com/gp/customer-reviews/R20YMQ4OQSUGFM/ref=cm_cr_getr_d_rvw_ttl?ie=UTF8&ASIN=B0919CZ9SY,"5.0 "," the United States "," June 11, 2024",Size: 7.5Color: W71v5 | Light Grey,Verified Purchase,Bonitos cómodos,
Heather W,Nice looking,https://www.amazon.com/gp/customer-reviews/R26GKUVBXYKQAO/ref=cm_cr_getr_d_rvw_ttl?ie=UTF8&ASIN=B0919CZ9SY,"4.0 "," the United States "," June 11, 2024",Size: 10Color: W71v5 | White Gum,Verified Purchase,I ordered these for use on my mini trampoline.  They are well made and very nice looking but not comfortable for the jumping workouts I’d be doing in them.,
Amazon Customer,"Comfortable, durable, cute",https://www.amazon.com/gp/customer-reviews/R3GO885WT95K6F/ref=cm_cr_getr_d_rvw_ttl?ie=UTF8&ASIN=B0919CZ9SY,"5.0 "," the United States "," June 9, 2024",Size: 7Color: W71v5 | White Gum,Verified Purchase,"These shoes are very comfortable for traveling with lots of walking. We averaged about 25k steps a day for 3 weeks with inclines, declines, and cobblestones and they held up great. My feet still got tired at the end of the day or after a lot of cobblestones, but that’s to be expected. The white knit material was a little hard to keep clean and I rubbed them with a damp cloth each night to help. They look pretty good and mostly all white again after soaking and scrubbing them when we got home. Gum soles helped a lot - white soles would not have been easy to maintain. They were cute with summer dresses, shorts, and jeans.  They have a nice wide toe box and I didn’t get any blisters or have a break in period. I replaced the foot bed that comes with the shoes with a Dr Scholls gel insert and that made them quite comfortable.  I would absolutely buy them again and will continue to use them as a go to daily and travel shoe.",26
Janice Podzemny,Comfortable,https://www.amazon.com/gp/customer-reviews/R8KT3Y263RPED/ref=cm_cr_getr_d_rvw_ttl?ie=UTF8&ASIN=B0919CZ9SY,"4.0 "," the United States "," June 7, 2024",Size: 7Color: W71v5 | Light Grey,Verified Purchase,Will probably buy another pair. Love the wide toe area. Great everyday shoes.,
Dorothy Sparrow,Already obsessed,https://www.amazon.com/gp/customer-reviews/R3Q5OZTG1JC9XT/ref=cm_cr_getr_d_rvw_ttl?ie=UTF8&ASIN=B0919CZ9SY,"5.0 "," the United States "," June 7, 2024",Size: 9Color: W71v5 | Black Gum,,"I've worn these shoes two days in a row- no ""break-in period"" needed. As someone who has always needed to order ""wide"" shoes I finally took the plunge and ordered these. I was happily surprised at how much room my toes have in them while still feeling snug and secure around the rest of my foot. I've worn them with and without socks, both are very comfortable although I am probably going to wear socks for my own sensory needs. I am a naturally barefoot person and always prefer to take my shoes off whenever possible. These shoes do have some support in them too. I saw some people mention that they could ""see the glue"" and maybe they are right but I don't personally think that it poses any problem or issue with appearance.",
Adriana Fisher,Ok on comfort but not breathable,https://www.amazon.com/gp/customer-reviews/R155UIS91OKI9O/ref=cm_cr_getr_d_rvw_ttl?ie=UTF8&ASIN=B0919CZ9SY,"3.0 "," the United States "," June 7, 2024",Size: 10Color: W71v5 | Pink,Verified Purchase,I love the wide toebox but they do not allow good airflow causing stinky feet.  I got the light pink which get dirty very easily. After 5 months they have started ripping so their durability is not great,
Kisha D.,They are nice,https://www.amazon.com/gp/customer-reviews/R2S3NKU2H6993Y/ref=cm_cr_getr_d_rvw_ttl?ie=UTF8&ASIN=B0919CZ9SY,"4.0 "," the United States "," June 5, 2024",Size: 11Color: W71v5 | Light Grey,Verified Purchase,I wish they were for bigger sizes also.,
WENDY J WEDDLETON,Favorite!,https://www.amazon.com/gp/customer-reviews/RLMYKVSQI6I36/ref=cm_cr_getr_d_rvw_ttl?ie=UTF8&ASIN=B0919CZ9SY,"5.0 "," the United States "," June 5, 2024",Size: 6Color: W71v5 | Beige,,"Please bring back the Dark Grey with Black soles, best ever!",2
Larissas,LOVE these shoes!,https://www.amazon.com/gp/customer-reviews/R16DHARA2ASDI9/ref=cm_cr_getr_d_rvw_ttl?ie=UTF8&ASIN=B0919CZ9SY,"5.0 "," the United States "," June 4, 2024",Size: 8Color: W71v5 | Beige,Verified Purchase,They're extremely comfortable! I will probably buy another pair soon. I've walked many miles on these shoes all over Portugal. No issues at all. They're definitely my go to shoes now!,
Debbie V.,5 Stars,https://www.amazon.com/gp/customer-reviews/R3M2WTFB4S2GSD/ref=cm_cr_getr_d_rvw_ttl?ie=UTF8&ASIN=B0919CZ9SY,"5.0 "," the United States "," June 3, 2024",Size: 7Color: W71v5 | White Gum,Verified Purchase,These are the most comfortable tennis shoes I've ever had due to the wide area for the toes.,
Shannon Bowen,Best Change I Ever Made,https://www.amazon.com/gp/customer-reviews/R3TKX4JQU1AFIR/ref=cm_cr_getr_d_rvw_ttl?ie=UTF8&ASIN=B0919CZ9SY,"5.0 "," the United States "," June 2, 2024",Size: 10Color: W71v5 | Black,Verified Purchase,"Switching to barefoot shoes, with a wide toe box has saved my feet. These are an incredibly affordable and comfortable option for those looking to start with barefoot style shoe.",
Ellen M Cole,Super comfortable,https://www.amazon.com/gp/customer-reviews/R29E42H736HKGF/ref=cm_cr_getr_d_rvw_ttl?ie=UTF8&ASIN=B0919CZ9SY,"5.0 "," the United States "," June 1, 2024",Size: 9Color: W71v5 | Light Grey,Verified Purchase,I love these shoes. As I’ve gotten older my arches have fallen so my feet are pretty flat. I can wear them all day with no issues.,
karon conover,I love them!,https://www.amazon.com/gp/customer-reviews/R23L05SFBI5IQ6/ref=cm_cr_getr_d_rvw_ttl?ie=UTF8&ASIN=B0919CZ9SY,"5.0 "," the United States "," June 1, 2024",Size: 10Color: W71v5 | White Gum,Verified Purchase,"Got them yestorday, wore them today to work 10 hours on my feet! Any my feel are feeling great! Im going to order another pair or two right now.",
cjack,Great Fit,https://www.amazon.com/gp/customer-reviews/R26VJV3IKWZ5VJ/ref=cm_cr_getr_d_rvw_ttl?ie=UTF8&ASIN=B0919CZ9SY,"5.0 "," the United States "," May 30, 2024",Size: 6Color: W71v5 | Beige,Verified Purchase,"Love the shoes. I’ve been suffering from plantar fasciitis for over a year. I’m transitioning to zero drop, wide toe box shoes. These work great and are stylish. I wear between a 6 and 6 1/2. Since these are not sold in half sizes, I ordered the 6 and they fit great!",
Amy,Hurt my feet,https://www.amazon.com/gp/customer-reviews/R1UEQ05DI874SN/ref=cm_cr_getr_d_rvw_ttl?ie=UTF8&ASIN=B0919CZ9SY,"2.0 "," the United States "," May 30, 2024",Size: 7.5Color: W71v5 | White Gum,Verified Purchase,"I had high hopes but I wore them one time on a walk around the block and they hurt my feet very bad. They are very flat with no arch support. 15 minutes into my walk, my foot and started clicking and I developed a blister on the bottom of my foot. I wish I hadn’t wasted my money. They looked cuter in the picture too.",
kelli casella,feet feel great!,https://www.amazon.com/gp/customer-reviews/RFQ6VJU90IV2Y/ref=cm_cr_getr_d_rvw_ttl?ie=UTF8&ASIN=B0919CZ9SY,"5.0 "," the United States "," May 29, 2024",Size: 9Color: W71v5 | Black,Verified Purchase,"I work on my my feet all day. my son told me about these shoes and recommended i get them for the health of my feet and body. i can say, I love them. It feels so refreshing to have room around my toes! highly recommend. Also, i always walk around the house barefoot, so my feet are use to the barefoot feel. if you wear shoes all the time, you will want to start off slowly.",
Elizabeth Gonzales Sandoval,Perfect fit,https://www.amazon.com/gp/customer-reviews/R12VFX8QNPX0WB/ref=cm_cr_getr_d_rvw_ttl?ie=UTF8&ASIN=B0919CZ9SY,"5.0 "," the United States "," May 27, 2024",Size: 8Color: W71v5 | Black,Verified Purchase,"Worth the price,  highly recommend.",
NOLAscientist,Slips on smooth services,https://www.amazon.com/gp/customer-reviews/RJOQIQDYFD95F/ref=cm_cr_getr_d_rvw_ttl?ie=UTF8&ASIN=B0919CZ9SY,"2.0 "," the United States "," May 25, 2024",Size: 6Color: W71v5 | Black,Verified Purchase,I like the fit and feel of these. I took out the insoles to be more barefoot. I own another model of minimalist Whitins which have good traction on tile floors. This model slides easily. Returning.,2
Brandi,Balance improved!,https://www.amazon.com/gp/customer-reviews/RQOTDGDGLZ3NI/ref=cm_cr_getr_d_rvw_ttl?ie=UTF8&ASIN=B0919CZ9SY,"5.0 "," the United States "," May 24, 2024",Size: 8Color: W71v5 | White Gum,Verified Purchase,Love these! First of all they are super cute and go with everything. Second I wear them to the gym and my balance improved so much that my trainer and I were shocked.,
DRayRN,Almost a great shoe,https://www.amazon.com/gp/customer-reviews/R1POEC08O7KB5F/ref=cm_cr_getr_d_rvw_ttl?ie=UTF8&ASIN=B0919CZ9SY,"3.0 "," the United States "," May 23, 2024",Size: 8Color: W71v5 | White Gum,,"I'm really bummed I have to send these white sneakers back.  The fit was great, 7.5 wide. I really like them.  Very cute and comfy, but there's a seem in the tip of the toe that hits my big toes just wrong.  I get it , the toe of the shoe needs form but this just isn't working for me.",
France,Comfortable and flattering,https://www.amazon.com/gp/customer-reviews/R3NJZP528B9KBO/ref=cm_cr_getr_d_rvw_ttl?ie=UTF8&ASIN=B0919CZ9SY,"4.0 "," the United States "," May 23, 2024",Size: 7Color: W71v5 | White Gum,Verified Purchase,Bought this to wear on vacation and it was easy and comfortable to walk long distances in. Nice wide toe box but not too wide that it gives an unflattering look.,
B.cannon,Worth the price,https://www.amazon.com/gp/customer-reviews/R36IEBMBU9N5LN/ref=cm_cr_getr_d_rvw_ttl?ie=UTF8&ASIN=B0919CZ9SY,"5.0 "," the United States "," May 23, 2024",Size: 9Color: W71v5 | Black,Verified Purchase,"I'm a massage therapist and on my feet a lot, usually 5 days a week. These are my work shoes and easily the most comfortable pair I've owned. I've had them for over a year now and wear them to work and for walking, and they've held up really well. Very comfortable and durable. Getting ready to buy a second pair to have a back up and another color option. Had to buy about 1/2 size larger than a normal shoe.",
EMW,Good buy,https://www.amazon.com/gp/customer-reviews/R20NZ0QCT62ZVP/ref=cm_cr_getr_d_rvw_ttl?ie=UTF8&ASIN=B0919CZ9SY,"4.0 "," the United States "," May 19, 2024",Size: 7Color: W71v5 | Light Grey,Verified Purchase,Fit and comfort,
Harley,"Could be comfortable, but quality control is lacking",https://www.amazon.com/gp/customer-reviews/R2RHKVOKZYLV60/ref=cm_cr_getr_d_rvw_ttl?ie=UTF8&ASIN=B0919CZ9SY,"2.0 "," the United States "," May 17, 2024",Size: 7.5Color: W71v5 | Black,Verified Purchase,I tried these on and immediately noticed a difference in height for the heel of the shoe. It felt low and a bit tight on my left Achilles and I knew it would rub enough to cause a blister if I wore them out walking. I can't comment much on anything else because I couldn't wear them for more than a minute without focusing on how unconfortable the left one was.,
Dixie,Perfect for wide feet. Love these shoes!,https://www.amazon.com/gp/customer-reviews/RYDPC7JOQUQ9V/ref=cm_cr_getr_d_rvw_ttl?ie=UTF8&ASIN=B0919CZ9SY,"5.0 "," the United States "," May 17, 2024",Size: 7.5Color: W71v5 | White Gum,Verified Purchase,"I love, love, love these shoes. The first time I wore them was while traveling, so there was a lot of walking between gates to and from the airport.  I have wide feet and my doctor recommended I only wear shoes with a wide toe box. Before I sunk some serious cash into some shoes, I thought I would give these a try. They have a slight arch support and are super comfortable and flexible. The fit around the toe area was spot on. They have a minimalist design with a mesh upper that breathes so that your feet stay cool. I really liked the old school gum sole that has a good grip when walking.",19
LSJ,Left shoe burnt skin,https://www.amazon.com/gp/customer-reviews/R3L9HN36PCG514/ref=cm_cr_getr_d_rvw_ttl?ie=UTF8&ASIN=B0919CZ9SY,"3.0 "," the United States "," May 16, 2024",Size: 10Color: W71v5 | Beige,Verified Purchase,"The shoes have a comfortable toes area and the feel good. I was skeptical but pleased with the feel. However,  the left shoe is a couple of cm shorter than the right and irritated my foot. If I walked a bit longer it would have created a blister.",2
Elizabeth R.,Bare foot shoe for beginners,https://www.amazon.com/gp/customer-reviews/RG2Z12LQUYFSX/ref=cm_cr_getr_d_rvw_ttl?ie=UTF8&ASIN=B0919CZ9SY,"5.0 "," the United States "," May 15, 2024",Size: 7.5Color: W71v5 | Black,Verified Purchase,"Shoes were soooo comfortable from the minute I put them on, ""breaking"" in not necessary. Wore them to work the first day with NO issues. Love them.  No cons.",
GMA,Okay shoes,https://www.amazon.com/gp/customer-reviews/R1OO0ZNAQQ5PO8/ref=cm_cr_getr_d_rvw_ttl?ie=UTF8&ASIN=B0919CZ9SY,"4.0 "," the United States "," May 14, 2024",Size: 8Color: W71v5 | Light Grey,Verified Purchase,"I purchased two pairs, one gray one one black. The black pair is great looking and super cushy comfortable but the gray pair is just okay and doesn’t compare to the black ones. It doesn’t have the Cush like the black pair for some reason",
Brin,Wide shoe,https://www.amazon.com/gp/customer-reviews/R1VMMZQJLAIZ7H/ref=cm_cr_getr_d_rvw_ttl?ie=UTF8&ASIN=B0919CZ9SY,"3.0 "," the United States "," May 13, 2024",Size: 9Color: W71v5 | Black,Verified Purchase,"This shoe is comfortable and I love the roomy toe box but the rest of the shoe is very wide.  When purchasing I chose the regular size, not wide, but the shoe is too wide.",6
Aubrie Fernald,"If you need flat sneakers, these are the best!",https://www.amazon.com/gp/customer-reviews/RGZS9PWUZ3OE2/ref=cm_cr_getr_d_rvw_ttl?ie=UTF8&ASIN=B0919CZ9SY,"5.0 "," the United States "," May 10, 2024",Size: 8Color: W71v5 | Black,Verified Purchase,Thin yet padded sole that doesn't cause your foot to turn on it's edge. My weight rolls towards the outer edge of my foot (supination) and most shoes over exaggerate this.,
