﻿评论用户,评论概述,评论链接,星级评分,评论地点,评论时间,类型,是否购买,评论详情,觉得该评论有帮助的人数
Sharon,Easy slip on,https://www.amazon.com/gp/customer-reviews/R1TYZLVDVRVC1M/ref=cm_cr_getr_d_rvw_ttl?ie=UTF8&ASIN=B0CQZDK36H,"5.0 "," the United States "," January 2, 2025",Size: 10 WideColor: Green,Verified Purchase,"Good color, really cute and comfortable, I think one of my new favorites.",
shoneva abraham,A BIT SMALL,https://www.amazon.com/gp/customer-reviews/R1B1WIZ0HYNCGZ/ref=cm_cr_getr_d_rvw_ttl?ie=UTF8&ASIN=B0CQZDK36H,"3.0 "," the United States "," December 8, 2024",Size: 11 WideColor: Navy,Verified Purchase,It's a bit smaller than the size indicates and there is no arch support.,
theresa schultz,I put a better insole in them but live them,https://www.amazon.com/gp/customer-reviews/RMII8JVK0DIRB/ref=cm_cr_getr_d_rvw_ttl?ie=UTF8&ASIN=B0CQZDK36H,"5.0 "," the United States "," November 27, 2024",Size: 11 WideColor: Beige,Verified Purchase,I wear everyday they are my go to shoe,
Linda,Back collapses.,https://www.amazon.com/gp/customer-reviews/R2YB1XYEDVILS5/ref=cm_cr_getr_d_rvw_ttl?ie=UTF8&ASIN=B0CQZDK36H,"3.0 "," the United States "," November 22, 2024",Size: 9 WideColor: All Black,Verified Purchase,I think these would be comfortable if I could get them on. I get the toes in but the back collapses and I can't lift it into place so I can slide my foot all the way in. A shoe horn doesn't help at all and adds another problem which is that the tongue recedes into the shoe when I try using the horn. It's like I need three hands. I'm so impressed that other people don't seem to have these problems. I think I'll cut out the back and use them as slides. At least my toes will be happy.,
Shelby,"If I could rate it 0 stars, I would.",https://www.amazon.com/gp/customer-reviews/R297N0JZLV1MUN/ref=cm_cr_getr_d_rvw_ttl?ie=UTF8&ASIN=B0CQZDK36H,"1.0 "," the United States "," November 20, 2024",Size: 11 WideColor: Beige,Verified Purchase,"They shipped one size smaller than I ordered, and the material is STIFF. To the point I could not walk in them. If you have a high arch/instep it will be very difficult to put on. Almost impossible, especially since they were one size too small.",
tamra gathings,Don't buy them,https://www.amazon.com/gp/customer-reviews/R2BNWQF8YGGBD5/ref=cm_cr_getr_d_rvw_ttl?ie=UTF8&ASIN=B0CQZDK36H,"1.0 "," the United States "," November 18, 2024",Size: 7.5 WideColor: Black Multi,Verified Purchase,These shoes gave me blisters within an hour,
Darlene Corley,Too boxy of a look,https://www.amazon.com/gp/customer-reviews/RTWUPG8FF71C8/ref=cm_cr_getr_d_rvw_ttl?ie=UTF8&ASIN=B0CQZDK36H,"1.0 "," the United States "," November 16, 2024",Size: 9 WideColor: Pink,Verified Purchase,"These were very boxy on, and very wide.  I had to return them.",
Rachel S,Look weird,https://www.amazon.com/gp/customer-reviews/R1SD25VRTMXIK3/ref=cm_cr_getr_d_rvw_ttl?ie=UTF8&ASIN=B0CQZDK36H,"1.0 "," the United States "," November 9, 2024",,Verified Purchase,I returned these. The toe of the shoe looked like a clown shoe. Very weird.,
B B.,Absolutely fit like it should.,https://www.amazon.com/gp/customer-reviews/R3FNJ95L7KV5BA/ref=cm_cr_getr_d_rvw_ttl?ie=UTF8&ASIN=B0CQZDK36H,"5.0 "," the United States "," November 7, 2024",Size: 7.5 WideColor: Black Multi,Verified Purchase,"I don't think there is anything I dislike about it. They are so comfortable, they are adorable.Everybody wants to know where I got them.",
Kindle Customer,Not What I Expected,https://www.amazon.com/gp/customer-reviews/R23WVII8MH8F3F/ref=cm_cr_getr_d_rvw_ttl?ie=UTF8&ASIN=B0CQZDK36H,"2.0 "," the United States "," November 3, 2024",,Verified Purchase,Shoes were not well made! Just Nasty!!,
Lauren Smith,Poor Material,https://www.amazon.com/gp/customer-reviews/R2G0N4LBQNPXKR/ref=cm_cr_getr_d_rvw_ttl?ie=UTF8&ASIN=B0CQZDK36H,"2.0 "," the United States "," November 2, 2024",Size: 8.5 WideColor: Beige,Verified Purchase,The material was very low quality. Not what I expected or as advertised. Returned.,
Terrible quality. Left shoe misshapen. Will be returning. So disappointed!,Poor quality,https://www.amazon.com/gp/customer-reviews/R2924JBU79AJ8W/ref=cm_cr_getr_d_rvw_ttl?ie=UTF8&ASIN=B0CQZDK36H,"1.0 "," the United States "," October 29, 2024",,Verified Purchase,Left shoe is misshapen. Very disappointing!  Will be returning!!,
Chris,Happy feet!!,https://www.amazon.com/gp/customer-reviews/R3UP77V0R4ZY5R/ref=cm_cr_getr_d_rvw_ttl?ie=UTF8&ASIN=B0CQZDK36H,"5.0 "," the United States "," October 23, 2024",Size: 10 WideColor: Green,Verified Purchase,I love the look of these shoes. They are so comfortable.,
Laura Holden,Comfortable & Cute for Wide Feet,https://www.amazon.com/gp/customer-reviews/RP9QSNT0FVFQL/ref=cm_cr_getr_d_rvw_ttl?ie=UTF8&ASIN=B0CQZDK36H,"5.0 "," the United States "," October 20, 2024",Size: 10 WideColor: Green,Verified Purchase,"I have wide feet and bunions, and these shoes expanded with no problem. I had no blisters, and there enough support my feet still felt great after wearing them all day. I wore them a lot for gardening work and washed them up with no problem. I plan to order more in other colors.",
Ruben Madrid,Fit like a charm,https://www.amazon.com/gp/customer-reviews/R2DHO6DCA6RKHW/ref=cm_cr_getr_d_rvw_ttl?ie=UTF8&ASIN=B0CQZDK36H,"5.0 "," the United States "," October 18, 2024",Size: 11 WideColor: Navy,Verified Purchase,"I like them, think they’re cute! And they don’t make my foot look too big!",
Smileyinez,Comfy and light,https://www.amazon.com/gp/customer-reviews/ROTNXCK9ZWPDN/ref=cm_cr_getr_d_rvw_ttl?ie=UTF8&ASIN=B0CQZDK36H,"5.0 "," the United States "," October 12, 2024",Size: 9 WideColor: Pink,Verified Purchase,I will be buying another pair asap. I normally wear a 9.5 but got a size 9. They are a little tight at first but break in quickly. I have a bunion on my right foot and struggle finding comfy shoes. These did the job great!,
"Does not fit true to sizing chart. Measured myself, bought the bra, and it does not fit me at all. Way too big. I am very disappointed. 😒",Was too small,https://www.amazon.com/gp/customer-reviews/R3BVP98KA19HGQ/ref=cm_cr_getr_d_rvw_ttl?ie=UTF8&ASIN=B0CQZDK36H,"1.0 "," the United States "," October 11, 2024",Size: 10 WideColor: Pink,Verified Purchase,"They didn’t look the same as I saw online. Not a fan of the straps. They were a little bit too small, and you could see the bump of my big toe.",
lillyjeans,Cute but not so comfy,https://www.amazon.com/gp/customer-reviews/R2HSGIE7QOWQI/ref=cm_cr_getr_d_rvw_ttl?ie=UTF8&ASIN=B0CQZDK36H,"3.0 "," the United States "," October 8, 2024",,Verified Purchase,Cute shoe design. It is a little wider that I expected and therefore was not comfortable on my foot. I thought I may keep because it is cute and maybe wear with a real thick sock. But decided best to return as I was then accommodating a shoe that just does not fit my foot. If you have a wide high foot top this shoe may be great for  you.,
AnnetteV,Good show for the cost,https://www.amazon.com/gp/customer-reviews/R3U9B9IVLHB66T/ref=cm_cr_getr_d_rvw_ttl?ie=UTF8&ASIN=B0CQZDK36H,"4.0 "," the United States "," October 7, 2024",Size: 9 WideColor: Green,Verified Purchase,They are a little to round at the toes for my liking. I do love the color and they seem to be holding up well for every day wear.,
sam hong,Comforting,https://www.amazon.com/gp/customer-reviews/RZ95HCFIHI84Y/ref=cm_cr_getr_d_rvw_ttl?ie=UTF8&ASIN=B0CQZDK36H,"3.0 "," the United States "," October 6, 2024",Size: 6.5 WideColor: Beige,Verified Purchase,Relaxing shoes,
Nikki L.,Cute but not correct sizing,https://www.amazon.com/gp/customer-reviews/R3TSKRUO8R14F9/ref=cm_cr_getr_d_rvw_ttl?ie=UTF8&ASIN=B0CQZDK36H,"2.0 "," the United States "," September 22, 2024",Size: 9 WideColor: All Black,Verified Purchase,These run small but are cute,
C. Jordan,"Poorly packaged, crushed heels.",https://www.amazon.com/gp/customer-reviews/RPWNFLBRUIHM5/ref=cm_cr_getr_d_rvw_ttl?ie=UTF8&ASIN=B0CQZDK36H,"1.0 "," the United States "," September 19, 2024",,Verified Purchase,"These shoes arrived in a Ziploc bag, wrapped in tissue paper and the heels are crushed in.  I’m assuming they are used.  I’m very disappointed because I have another pair that are fabulous.",
TB,Too narrow,https://www.amazon.com/gp/customer-reviews/RFCZ5LH8W3I0T/ref=cm_cr_getr_d_rvw_ttl?ie=UTF8&ASIN=B0CQZDK36H,"2.0 "," the United States "," September 6, 2024",Size: 11 WideColor: Navy,Verified Purchase,Couldn’t get my foot in them,
Tru+h,Wide Shoe,https://www.amazon.com/gp/customer-reviews/R3EW8PXA6M1SUC/ref=cm_cr_getr_d_rvw_ttl?ie=UTF8&ASIN=B0CQZDK36H,"5.0 "," the United States "," September 4, 2024",Size: 10 WideColor: Green,Verified Purchase,"These are true wide width, hard to find sometimes.  Great quality and decent price",
Gary miller,Not correct sizes,https://www.amazon.com/gp/customer-reviews/R3T6L6YWGN14SM/ref=cm_cr_getr_d_rvw_ttl?ie=UTF8&ASIN=B0CQZDK36H,"2.0 "," the United States "," September 4, 2024",Size: 8.5 WideColor: All Black,Verified Purchase,"I have a size 8 1/2- which i love. 8 1/2 US/ 40 European size. I tried twice now to order that again and keep getting a size 8 US/ 39 European size. I order 8 1/2 and clearly get a shoe marked size 8. If you can get the size you order these shoes are soo comfy. If you can't, they don't fit. I'm not going to keep ordering and hoping, it's becoming a pain to send them back.",
A. Ellis,Almost love,https://www.amazon.com/gp/customer-reviews/RZXWWU4ZWSUNH/ref=cm_cr_getr_d_rvw_ttl?ie=UTF8&ASIN=B0CQZDK36H,"4.0 "," the United States "," August 22, 2024",Size: 10 WideColor: Green,Verified Purchase,"I love the look of these shoes and the gel insole. It just wore out quick and is a little too flat. Just becauae I have wide feet with bunions, doesn't mean I have flat feet that don't need support or cushion. Added insoles and it helps, just wish I didn't have to!",
Anna,Shoe fits good but..,https://www.amazon.com/gp/customer-reviews/RFPHZ0YL1XPU5/ref=cm_cr_getr_d_rvw_ttl?ie=UTF8&ASIN=B0CQZDK36H,"3.0 "," the United States "," August 20, 2024",Size: 7.5 WideColor: Green,Verified Purchase,Shoe fits good but.. The fabric is very rough and stiff. I had to return 4 pair to get proper larger size. Just wish the fabric was softer.,
Melissa Martinez,My favorite,https://www.amazon.com/gp/customer-reviews/R3G0XM8W813XT4/ref=cm_cr_getr_d_rvw_ttl?ie=UTF8&ASIN=B0CQZDK36H,"5.0 "," the United States "," August 19, 2024",,Verified Purchase,"These are my favorite barefoot shoes, after the hiking shoes I bought as my first foray into barefoot shoes. Comfortable and cute and flexible. I have been wearing them all the time since I purchased them a few weeks ago. I plan on getting them another colors.",
Patty Dann,Great wide toe box,https://www.amazon.com/gp/customer-reviews/R3A3YV1O7F44R5/ref=cm_cr_getr_d_rvw_ttl?ie=UTF8&ASIN=B0CQZDK36H,"3.0 "," the United States "," August 13, 2024",Size: 6.5 WideColor: All Black,Verified Purchase,"Although pleased with room for my wide feet, needs cushioning for sole and arch support.",
Maria,Elastic too tight,https://www.amazon.com/gp/customer-reviews/RIVKLL5IF2MRB/ref=cm_cr_getr_d_rvw_ttl?ie=UTF8&ASIN=B0CQZDK36H,"2.0 "," the United States "," August 11, 2024",Size: 7.5 WideColor: Beige,Verified Purchase,"So disappointed I had to return these shoes. There really are not slip on shoes. I had to struggle to put them on because the elastic is so tight. Once I got the shoe on, there was a ton of room by the toes but the rest of the shoe was too tight. Otherwise they are cute. Rustic looking with a bit of fringe.",
Rebel,LOVE LOVE LOVE!!!+,https://www.amazon.com/gp/customer-reviews/R3LJ8PQ9KWRMB5/ref=cm_cr_getr_d_rvw_ttl?ie=UTF8&ASIN=B0CQZDK36H,"5.0 "," the United States "," August 7, 2024",Size: 8.5 WideColor: All Black,Verified Purchase,I absolutely LOVE these shoes.  Going to buy two more!!,
Rebecca McLaughlin,It's OK,https://www.amazon.com/gp/customer-reviews/R1VBIKOA4GWAG3/ref=cm_cr_getr_d_rvw_ttl?ie=UTF8&ASIN=B0CQZDK36H,"1.0 "," the United States "," August 6, 2024",Size: 10 WideColor: Black Multi,Verified Purchase,"The color was nice and vibrant, but the shoes were recieved completely compressed in a vacuumed sealed bag. I didn't even want to deal with that.",
DeeAnn Frank,Run small,https://www.amazon.com/gp/customer-reviews/RPG6AIPKQO7E4/ref=cm_cr_getr_d_rvw_ttl?ie=UTF8&ASIN=B0CQZDK36H,"4.0 "," the United States "," August 3, 2024",Size: 9 WideColor: Black Multi,Verified Purchase,But super super cute. I will be returning and exchanging for one size up,
Stephanie P,Great fit!,https://www.amazon.com/gp/customer-reviews/R3RFQ5RJ53N7OD/ref=cm_cr_getr_d_rvw_ttl?ie=UTF8&ASIN=B0CQZDK36H,"4.0 "," the United States "," August 2, 2024",,Verified Purchase,"I really like these shoes! They are so comfortable and the wide toe box is great for letting my toes have that natural spread. They are light weight and seem pretty durable. Don’t expect much arch support as these are more of a “barefoot” fit but the shape of the sole does off a little bit of support. I am a little disappointed in how quickly the fabric began to look dirty- I know, white shoes, what should I expect, but the canvas-type fabric definitely is not easily kept clean. But overall, I am glad I purchased these and they are a great casual sneaker for those that are looking for a more natural-shaped shoe.",
MichiganMom,Noise when walking,https://www.amazon.com/gp/customer-reviews/R2U3QP29LG7NP4/ref=cm_cr_getr_d_rvw_ttl?ie=UTF8&ASIN=B0CQZDK36H,"1.0 "," the United States "," August 1, 2024",Size: 9 WideColor: All Black,Verified Purchase,Very unhappy with crazy amount of noise these make when I walk.  It is too bad because I love the wide width.,
Steph Cassidy,Too small,https://www.amazon.com/gp/customer-reviews/R3D0P0JYNZG3SQ/ref=cm_cr_getr_d_rvw_ttl?ie=UTF8&ASIN=B0CQZDK36H,"3.0 "," the United States "," August 1, 2024",Size: 10 WideColor: All Black,Verified Purchase,"Definitely is not the size it says, looks like they run small",
Winter,Returned item,https://www.amazon.com/gp/customer-reviews/R1ZFE1LBFMVN72/ref=cm_cr_getr_d_rvw_ttl?ie=UTF8&ASIN=B0CQZDK36H,"5.0 "," the United States "," July 24, 2024",Size: 6.5 WideColor: All White,Verified Purchase,The shows were not the quality that I expected. I returned them.,
Amazon Customer,Shoes,https://www.amazon.com/gp/customer-reviews/R3D35S7D2XM8RN/ref=cm_cr_getr_d_rvw_ttl?ie=UTF8&ASIN=B0CQZDK36H,"1.0 "," the United States "," July 22, 2024",Size: 9 WideColor: All Black,Verified Purchase,Inside on the left shoe was not glued down good made a sore on my foot,
Amazon Customer,Not for rocky walking,https://www.amazon.com/gp/customer-reviews/R1MGI7X4TAMD7L/ref=cm_cr_getr_d_rvw_ttl?ie=UTF8&ASIN=B0CQZDK36H,"3.0 "," the United States "," July 21, 2024",Size: 10 WideColor: Brown Leopard,Verified Purchase,They are cute and have lots of space for my toes.  They are great for walking on flat surfaces.  I have a rocky driveway and I can feel every rock.,
Victor Rios,Perfect fit,https://www.amazon.com/gp/customer-reviews/R1YJLMBBJRBI1L/ref=cm_cr_getr_d_rvw_ttl?ie=UTF8&ASIN=B0CQZDK36H,"5.0 "," the United States "," July 19, 2024",Size: 10 WideColor: All Black,,These shoes are perfect for my wide feet. I was able to walk all day with no pain. I love them and will bw ordering different colors,
Arlene Nanny,No structure!,https://www.amazon.com/gp/customer-reviews/R29SN6KJHE9Y94/ref=cm_cr_getr_d_rvw_ttl?ie=UTF8&ASIN=B0CQZDK36H,"1.0 "," the United States "," July 12, 2024",Size: 10 WideColor: Pink,Verified Purchase,These were not comfortable at all.,
Wendy G. Lacomb,Love,https://www.amazon.com/gp/customer-reviews/R1EC4D8JMWFQ1V/ref=cm_cr_getr_d_rvw_ttl?ie=UTF8&ASIN=B0CQZDK36H,"5.0 "," the United States "," July 7, 2024",Size: 8.5 WideColor: Green,Verified Purchase,"These are so cute. Toe box could be wider. Bought these to accommodate inserts. I usually wear a 7, These fit more like an 8, so I would go up 1/2 a size for a good fit.",
Amazon Customer,They are light.,https://www.amazon.com/gp/customer-reviews/R3H9UM8C46ZBEH/ref=cm_cr_getr_d_rvw_ttl?ie=UTF8&ASIN=B0CQZDK36H,"5.0 "," the United States "," June 30, 2024",Size: 9 WideColor: All Black,Verified Purchase,"I love these shoes. The design is cute, they are extremely roomy, and light. They are extremely comfortable ,a great value and really great quality shoe. I plan on ordering all the colors available.",3
^ _ ^,I brought them on vacation with me and ended up leaving it there.,https://www.amazon.com/gp/customer-reviews/RUAJ0GUUDMT9F/ref=cm_cr_getr_d_rvw_ttl?ie=UTF8&ASIN=B0CQZDK36H,"1.0 "," the United States "," June 23, 2024",,Verified Purchase,"Pros: Its boxy which is good for the toes laid back look is cool. Inexpensive - you could get more in different colors.  Cons: Elastic is too tight. I ended up cutting 2 out of the 4 so I could squeeze my feet in them Layout of the elastic is odd to. Maybe redo the layout and in addition to elastic, reduce from 4 to 3, and keep the angle look but make it Velcro so its adjustable (like some of the version of the keen shoes) The soles could be better. its not comfortable for long walks.  I brought them on vacation with me and ended up leaving it there. I really wanted to like them.",4
Angela Swanson,Cute for wide feet,https://www.amazon.com/gp/customer-reviews/R1AQKO70G0EGFN/ref=cm_cr_getr_d_rvw_ttl?ie=UTF8&ASIN=B0CQZDK36H,"4.0 "," the United States "," June 21, 2024",Size: 8.5 WideColor: Green,Verified Purchase,I have bought alot of so called wide width  shoes.  This shoe is a good wide.  I disagree  with people saying they run big.  I sized down and wish I hadn't.,
deb m,Comfortable,https://www.amazon.com/gp/customer-reviews/R1SFBYXUUI4KQO/ref=cm_cr_getr_d_rvw_ttl?ie=UTF8&ASIN=B0CQZDK36H,"5.0 "," the United States "," June 9, 2024",Size: 7.5 WideColor: Green,Verified Purchase,"Can wear with socks, feels awesome and love the look!",
ELS,2nd try,https://www.amazon.com/gp/customer-reviews/R2ZZ13ALCN3T6D/ref=cm_cr_getr_d_rvw_ttl?ie=UTF8&ASIN=B0CQZDK36H,"2.0 "," the United States "," June 8, 2024",,Verified Purchase,"Having read reviews, I ordered my usual size, 8.5 ladies. The length is too short, however. I am returning & ordering size 9, because the toe box is nice & wide for my broken pinkie toe. The shoes are also really cute! I am returning Size 9 also. The toe box is too tight. Very disappointed.",
M Anderson,Material hurt my feet,https://www.amazon.com/gp/customer-reviews/R2UZHJGZU8Z22Z/ref=cm_cr_getr_d_rvw_ttl?ie=UTF8&ASIN=B0CQZDK36H,"2.0 "," the United States "," June 5, 2024",,Verified Purchase,"The width for my toes was great, but the materials these shoes are made out of are stiff and hurt my feet just trying them on.  I am returning them",4
Scott R. Woodbury,Very comfortable,https://www.amazon.com/gp/customer-reviews/RFYNQDT2EUTXN/ref=cm_cr_getr_d_rvw_ttl?ie=UTF8&ASIN=B0CQZDK36H,"5.0 "," the United States "," June 4, 2024",,Verified Purchase,Got these to wear while I walk our dogs. Switching to barefoot shoes because of bunions. These seem very comfortable so far and I have no pain when I walk. I usually wear 7.5-8 in regular sneakers. The 7.5 were too small so I went up to 8.5 and these fit great.,2
AE,Disappointed,https://www.amazon.com/gp/customer-reviews/RHLGZ9OAB5UYW/ref=cm_cr_getr_d_rvw_ttl?ie=UTF8&ASIN=B0CQZDK36H,"2.0 "," the United States "," June 2, 2024",,Verified Purchase,"I was really excited to get these shoes, I love the style and design! However, when my shoes arrived and I tried them on, they were too small and I had to send them back. I didn't use the size guide for my order, I went off my general shows size. That being said, I was going to reorder them and measured my foot in both standard and metric. The size my foot measured came back as ordering a smaller size than I did originally.",
Helstad,Wide enough,https://www.amazon.com/gp/customer-reviews/R35FD00XVNVWGY/ref=cm_cr_getr_d_rvw_ttl?ie=UTF8&ASIN=B0CQZDK36H,"5.0 "," the United States "," June 2, 2024",Size: 10 WideColor: Black Multi,Verified Purchase,The toe box is perfect. I was stopped by several ladies at the grocery store to remark on how comfy they looked-and they loved the bright colors. Feels like wearing slippers.,
CoolWarrior0567,Great fit,https://www.amazon.com/gp/customer-reviews/R32WIEBXFJIH2P/ref=cm_cr_getr_d_rvw_ttl?ie=UTF8&ASIN=B0CQZDK36H,"5.0 "," the United States "," May 29, 2024",Size: 11 WideColor: Green,Verified Purchase,Love love love these super comfortable fits incredible well and I like the green I picked out,
Luna,Pretty pink,https://www.amazon.com/gp/customer-reviews/R2EXVUW3THWT4U/ref=cm_cr_getr_d_rvw_ttl?ie=UTF8&ASIN=B0CQZDK36H,"4.0 "," the United States "," May 29, 2024",Size: 10 WideColor: Pink,Verified Purchase,"I ordered wide but in my regular size, which turned out to be  comfy ! Have one foot a bit fatter . However , this shoe is designed that the toe room is wide enough on BOTH of my feet. I would recommend this shoe . The plus is that its a slip-on.",
Tara Bud,Good looking casual shoe,https://www.amazon.com/gp/customer-reviews/RYRKN920NCMGO/ref=cm_cr_getr_d_rvw_ttl?ie=UTF8&ASIN=B0CQZDK36H,"4.0 "," the United States "," May 29, 2024",,Verified Purchase,"Love the shoes, just not sturdy or comfortable enough to wear all day.  Great for running quick errands.  They also run a little big in size.",
Julie,Somebody isnt doing their job correctly,https://www.amazon.com/gp/customer-reviews/R2836XMEUNOYL4/ref=cm_cr_getr_d_rvw_ttl?ie=UTF8&ASIN=B0CQZDK36H,"1.0 "," the United States "," May 28, 2024",Size: 11 WideColor: All Black,Verified Purchase,Here is the problem. I love the look of these shoes but I ordered them three times and each time the wrong size was sent. I am so disappointed !,
PCP,Love love love,https://www.amazon.com/gp/customer-reviews/R3C4D7KR58HM7/ref=cm_cr_getr_d_rvw_ttl?ie=UTF8&ASIN=B0CQZDK36H,"4.0 "," the United States "," May 25, 2024",Size: 8.5 WideColor: Black Multi,,I love my shoes but the back is scratchy. I had to put some heel cushions in so I wouldn’t get blisters. I wear them almost everyday. I wear them with and without socks.,
Sonya Canyon,Love these,https://www.amazon.com/gp/customer-reviews/R1IY3TL2M4YH67/ref=cm_cr_getr_d_rvw_ttl?ie=UTF8&ASIN=B0CQZDK36H,"5.0 "," the United States "," May 24, 2024",,Verified Purchase,I have wide feet. These shoes are so comfortable. I like them better than my slippers. Very nice looking as well. Great value,
BethLev,Just what I was looking for,https://www.amazon.com/gp/customer-reviews/R1O9Q7IWN5W926/ref=cm_cr_getr_d_rvw_ttl?ie=UTF8&ASIN=B0CQZDK36H,"5.0 "," the United States "," May 24, 2024",Size: 8.5 WideColor: Green,Verified Purchase,"I had a similar pair of shoes that I loved but I wanted a wider toe box. This is exactly what I wanted. They are comfortable, don’t slip, and my toes have room! My new favorite park of slip-on shoes.",3
D.H.,"Easy on, easy off.",https://www.amazon.com/gp/customer-reviews/R2E9KA1U47YNUR/ref=cm_cr_getr_d_rvw_ttl?ie=UTF8&ASIN=B0CQZDK36H,"5.0 "," the United States "," May 24, 2024",Size: 8.5 WideColor: Beige,Verified Purchase,Fits true to size and they are comfortable.,
Nicole,Quality Shoes,https://www.amazon.com/gp/customer-reviews/R2HJVI3I96JLBH/ref=cm_cr_getr_d_rvw_ttl?ie=UTF8&ASIN=B0CQZDK36H,"4.0 "," the United States "," May 23, 2024",Size: 10 WideColor: All Black,Verified Purchase,"I am only giving 4 stars because the sizing is a little off. I typically wear a women's 10 and these were too large. Maybe it is the style but I also usually buy extra wide width shoes and have not had issues. Problem was mostly corrected with a little cushion sticker thing to the heel. Overall though they are great quality nice thick fabric, elastic is stretchy and they are pretty comfortable",
Valerie,Right shoe cut weird.,https://www.amazon.com/gp/customer-reviews/R1PJGV3SOBJK3B/ref=cm_cr_getr_d_rvw_ttl?ie=UTF8&ASIN=B0CQZDK36H,"3.0 "," the United States "," May 15, 2024",Size: 9 WideColor: Green,Verified Purchase,"The pair I received are not symmetrical.  It is subtle but the right shoe is not cut right, see picture.  It looks flattened at the toe and then sewn tight, cutting off just enough space to make my 2 longest toes smooshed.  It seems something similar happened on that same shoe's heel.Now, I am basing this part of my review on the left shoe only.  The left shoe is cut normal and is very comfortable.  The material is breathable.  The width is wide enough for my foot, which has a 9"" diameter at the arch.These can easily be my favorite if both were normal.Reluctantly I am sending them back.  I will think about ordering again hoping I get a perfect pair.",7
Alidasantana,Very nice,https://www.amazon.com/gp/customer-reviews/R3W0KPK180M9P6/ref=cm_cr_getr_d_rvw_ttl?ie=UTF8&ASIN=B0CQZDK36H,"5.0 "," the United States "," May 8, 2024",Size: 8.5 WideColor: Beige,Verified Purchase,To wide,
Amy A.,Great shoes true to size with lots of room for wide feet,https://www.amazon.com/gp/customer-reviews/RUGDY8JPXSJO8/ref=cm_cr_getr_d_rvw_ttl?ie=UTF8&ASIN=B0CQZDK36H,"5.0 "," the United States "," May 8, 2024",Size: 9 WideColor: Beige,Verified Purchase,"Super picky with shoes, have a Bunyon, wear size 9-10 and got a 9, very happy with these, fit perfect, they are somewhat hard on the soles but just put in a memory foam insert and perfect.  Super cute, love the style.",
H. Coleman,So incredibly wide,https://www.amazon.com/gp/customer-reviews/R1OLWJ6NCEIUZC/ref=cm_cr_getr_d_rvw_ttl?ie=UTF8&ASIN=B0CQZDK36H,"1.0 "," the United States "," May 5, 2024",Size: 8.5 WideColor: Beige,Verified Purchase,These were like clown shoes. They were way too big both in terms of length and width. They were SO WIDE.,2
JHM,"Loose Fit, Poor Support",https://www.amazon.com/gp/customer-reviews/R2RL7ULYVYHGHH/ref=cm_cr_getr_d_rvw_ttl?ie=UTF8&ASIN=B0CQZDK36H,"3.0 "," the United States "," May 4, 2024",Size: 8.5 WideColor: Green,Verified Purchase,"These shoes fit quite loose and have an extra wide toe box.  Very little support.  They are comfortable enough to wear for casual outings, but I would recommend them for walking any real distance.  The color and style are as expected.",
Katie,Comfy,https://www.amazon.com/gp/customer-reviews/R2G6ZHYCYOFVNR/ref=cm_cr_getr_d_rvw_ttl?ie=UTF8&ASIN=B0CQZDK36H,"5.0 "," the United States "," May 2, 2024",,Verified Purchase,Great shoes fit very nicely love the wide box great for wide feet,
Kansas Family,Didn't fit my foot right,https://www.amazon.com/gp/customer-reviews/RNNFMV9K7ZNPW/ref=cm_cr_getr_d_rvw_ttl?ie=UTF8&ASIN=B0CQZDK36H,"3.0 "," the United States "," April 29, 2024",,Verified Purchase,"Loose around the heel, I thought they would create blisters.",
Patricia D Barringer,Ugly,https://www.amazon.com/gp/customer-reviews/R2TJDWJRM0PSDQ/ref=cm_cr_getr_d_rvw_ttl?ie=UTF8&ASIN=B0CQZDK36H,"1.0 "," the United States "," April 24, 2024",Size: 8.5 WideColor: All Black,Verified Purchase,Did not look like advertised,
Jacqueline  LaCroix,Heels Uncomfortable,https://www.amazon.com/gp/customer-reviews/R1DT6AI3281BUY/ref=cm_cr_getr_d_rvw_ttl?ie=UTF8&ASIN=B0CQZDK36H,"2.0 "," the United States "," April 24, 2024",Size: 8.5 WideColor: All Black,Verified Purchase,It's wide toe front leaves a lot of space. That part of the shoe is great however the back is very hard and not cushion so after a while of wearing it you might get sore or blisters or at the very least rub up against your socks when walking. (Poor quality backing).,
Amazon Customer,Product is not true to size. Runs larger.,https://www.amazon.com/gp/customer-reviews/R3BUDQUHB49F98/ref=cm_cr_getr_d_rvw_ttl?ie=UTF8&ASIN=B0CQZDK36H,"1.0 "," the United States "," April 20, 2024",,Verified Purchase,Did not like it is not the size I ordered. Didn’t say runs big so size down. I wear a 10. This is more like 10.5. Purchased to wear without socks ans can’t do that with these. Will be returning.,
Barbara Harbour Brown,Run way small,https://www.amazon.com/gp/customer-reviews/R1FNOYK9LP4RO8/ref=cm_cr_getr_d_rvw_ttl?ie=UTF8&ASIN=B0CQZDK36H,"3.0 "," the United States "," April 19, 2024",Size: 9 WideColor: All Black,Verified Purchase,I wear a 9 and I could not get my foot into these!!,
Johanne Yaquinto,Great fit,https://www.amazon.com/gp/customer-reviews/R31BEEVEC2SUY5/ref=cm_cr_getr_d_rvw_ttl?ie=UTF8&ASIN=B0CQZDK36H,"5.0 "," the United States "," April 15, 2024",,Verified Purchase,I usually need to break in a pair of shoes. These were comfortable right out of the package.,
michelle,Popeyes sister,https://www.amazon.com/gp/customer-reviews/R38OFDXTBITSOS/ref=cm_cr_getr_d_rvw_ttl?ie=UTF8&ASIN=B0CQZDK36H,"4.0 "," the United States "," April 11, 2024",Size: 9 WideColor: Pink,Verified Purchase,"Nope can't do it, maybe when I am older & don't care... I looked down & saw Popeyes sister. But they are comfy!",
Salmana,Will cut the back of your foot up if you don't wear socks,https://www.amazon.com/gp/customer-reviews/R36KCEJ9KOKAIU/ref=cm_cr_getr_d_rvw_ttl?ie=UTF8&ASIN=B0CQZDK36H,"3.0 "," the United States "," April 11, 2024",Size: 9 WideColor: Green,Verified Purchase,Good for working but you definitely need socks!,
Kristen M,Love the look!,https://www.amazon.com/gp/customer-reviews/R3I7GC3LGIT3I3/ref=cm_cr_getr_d_rvw_ttl?ie=UTF8&ASIN=B0CQZDK36H,"4.0 "," the United States "," April 10, 2024",,Verified Purchase,"Love the way these look and fit. The sole is super flexible. The shoe itself doesn't need to be tied, which is SO AMAZING for a mom of 2 boys! I can slip them on and go. Color was lovely - a nice balance to hide the dirt and still not be super dark.  However, I had an issue with the seam at the heel. It felt like all the fabric from the heel came together in one spot, and it was very uncomfortable for me. I am unreasonably sensitive to seams and the like, so it is entirely possible that it was just me. Perhaps this could be overcome by thick socks or someone who is less sensitive to variation.",3
Amazon Customer,So cute,https://www.amazon.com/gp/customer-reviews/R2P7HKBZYPWOJY/ref=cm_cr_getr_d_rvw_ttl?ie=UTF8&ASIN=B0CQZDK36H,"5.0 "," the United States "," April 8, 2024",Size: 10 WideColor: Green,Verified Purchase,Fit is good ordered normal size. The color and style are cute,
wendy sinclair,Comfy,https://www.amazon.com/gp/customer-reviews/R34PU0I6FMJB5M/ref=cm_cr_getr_d_rvw_ttl?ie=UTF8&ASIN=B0CQZDK36H,"5.0 "," the United States "," April 5, 2024",,Verified Purchase,I wanted a spacious slip on shoe. Searched for that and discovered barefoot shoes! Got them today and have not taken them off in hours! My feet feel wonderful and are not sweating at all with no socks! I think I'm going to love these!,
Gretchen Almind,Wide is too wide!,https://www.amazon.com/gp/customer-reviews/R35EQYYBVDTLLX/ref=cm_cr_getr_d_rvw_ttl?ie=UTF8&ASIN=B0CQZDK36H,"2.0 "," the United States "," April 3, 2024",,Verified Purchase,Bought them to get a little extra room up front but these sneakers were huge!  Had to send them back.,2
Connie Davis,That they fit well,https://www.amazon.com/gp/customer-reviews/RXGVGXF0V2FBU/ref=cm_cr_getr_d_rvw_ttl?ie=UTF8&ASIN=B0CQZDK36H,"2.0 "," the United States "," March 29, 2024",Size: 8.5 WideColor: Beige,Verified Purchase,"I received the shoes and they seem comfortable. I have a wide foot and the top part of the shoe fits well, but the back of the shoe where the heel is lifts when I walk. I had to order inserts so they don’t flap around .",
Amazon Customer,Runs big - best to downsize!,https://www.amazon.com/gp/customer-reviews/R16FQL1468RX7G/ref=cm_cr_getr_d_rvw_ttl?ie=UTF8&ASIN=B0CQZDK36H,"4.0 "," the United States "," March 27, 2024",Size: 7.5 WideColor: Green,Verified Purchase,"My feet are short with a rectangular shape and so I have the hardest time finding comfortable shoes that dont squish in the toebox area. A lot of the wide and barefoot shoes look like clown shoes and so I've been on a mission to find something comfortable I can slip on that doesn't look completely dorky. I usually order 7.5 but since these didn't come in half sizes, I went for the 7. I was surprised to find that even the sevens are very loose on my feet. I tried these on really fast without socks, and so I'm hoping that socks will help the issue because my heel slides out with every step. They are really cute though and I'm almost tempted to order a 6 even though that is definitely NOT my shoe size at all. They feet okay in the length, but there is a lot of wiggle room all around. It would be nice if the elastics were a little tighter. These shoes would be great for pregnant women who have swollen feet (or anyone with swollen feet).",17
Robyn,Returned,https://www.amazon.com/gp/customer-reviews/R24KWSY5EN2672/ref=cm_cr_getr_d_rvw_ttl?ie=UTF8&ASIN=B0CQZDK36H,"3.0 "," the United States "," March 22, 2024",Size: 7.5 WideColor: Beige,Verified Purchase,Not comfy,
patricia v.,Love it,https://www.amazon.com/gp/customer-reviews/R1Y5R9655GSIC/ref=cm_cr_getr_d_rvw_ttl?ie=UTF8&ASIN=B0CQZDK36H,"5.0 "," the United States "," March 22, 2024",Size: 11 WideColor: Black Multi,Verified Purchase,Fit is as expected. Comfortable and happy looking. Love them.,
NiceGenie1947,Fit,https://www.amazon.com/gp/customer-reviews/R30QCOKTLD8BRT/ref=cm_cr_getr_d_rvw_ttl?ie=UTF8&ASIN=B0CQZDK36H,"4.0 "," the United States "," March 18, 2024",,Verified Purchase,These shoes are hard to put on.  There  is no cushioning.  The canvas fabric is coarse.  I put socks on and I suppose that effects fit.  The size is correct and the toe box is great.  I will keep them.,3
L,Width is comfortable enough to wear socks with it,https://www.amazon.com/gp/customer-reviews/R2FRMTJ7I8TW3J/ref=cm_cr_getr_d_rvw_ttl?ie=UTF8&ASIN=B0CQZDK36H,"5.0 "," the United States "," March 18, 2024",Size: 10 WideColor: Green,,"They are zero drop, and thin with a little bit of cushioning that you can take out if you want. I like the width and shape of the toe box for my foot. The ankle area is a little loose but comfortable. I can wear ankle heigh socks with it not being too tight. The sole is very flexible too, but not for the truly barefoot enthusiast. At first I felt the sole was a little wonky, I thought I felt a hump under my foot, but that went away, it resolved itself with just the first wear. They are a little matronly looking though, style wise, but comfy enough for casual wear. Definitely not grippy enough for working out. I got a 9.5 wide and I usually wear a women's 9.5, so I'd say it fits true to size",
Tina Hughes,Comfy,https://www.amazon.com/gp/customer-reviews/R3C9DBGELQ3W7/ref=cm_cr_getr_d_rvw_ttl?ie=UTF8&ASIN=B0CQZDK36H,"5.0 "," the United States "," March 15, 2024",Size: 8.5 WideColor: All Black,Verified Purchase,The best thing I have bought in awhile.  True to size. I’m a size 8 - love the widening..,
BEVERLY WALKER,Great for wide or swollen feet!,https://www.amazon.com/gp/customer-reviews/R2G63563CVFVG5/ref=cm_cr_getr_d_rvw_ttl?ie=UTF8&ASIN=B0CQZDK36H,"5.0 "," the United States "," March 11, 2024",Size: 10 WideColor: Green,Verified Purchase,"I ordered these because I have two problems wide feet and swollen feet, so my normal shoes didn't fit. These fit perfectly! I worn them over an hour and had no problems. Very comfortable. I would say they run true to size, but I ordered a half size bigger bc of my swollen feet and there's plenty of extra room. Getting another pair.",2
Lynn Wade,Work shoes,https://www.amazon.com/gp/customer-reviews/R7XSGUM9FAGOK/ref=cm_cr_getr_d_rvw_ttl?ie=UTF8&ASIN=B0CQZDK36H,"5.0 "," the United States "," March 4, 2024",Size: 9 WideColor: All Black,Verified Purchase,I like these shoes. They allow my for to stretch out.  But they could use memory foam for better comfort.,
Brenda Droskiewicz,Very comfortable!,https://www.amazon.com/gp/customer-reviews/R19VGB4YJIVFN4/ref=cm_cr_getr_d_rvw_ttl?ie=UTF8&ASIN=B0CQZDK36H,"5.0 "," the United States "," March 4, 2024",,Verified Purchase,These shoes are beyond my expectations! Very comfortable - fit is great! Wide width shoes can be hard to find - these are perfect.,2
Em Rogers,Cute minimal barefoot shoe but the sizing is off!,https://www.amazon.com/gp/customer-reviews/RFC9GA5X38U7D/ref=cm_cr_getr_d_rvw_ttl?ie=UTF8&ASIN=B0CQZDK36H,"3.0 "," the United States "," February 26, 2024",Size: 11 WideColor: Pink,Verified Purchase,"So I love the look of these but the sizing is very inaccurate. I wear 41s in several other barefoot brands. I measured my foot with those handy sizing tools and decided to order a 10…it swallowed my foot. Ordered a 9.5 (pictured) and it is still way too big! It’s both too long and very loose across my feet. My feet are probably average volume They do come with a flat insole that makes the fit a little better but with it in there isn’t enough space for my toes (height, width is ok!) and my heel still slips. So these will be a return for me.  The photo with the gray shoe is a Feelground hightop. They are the same length but the toe box isn’t as wide as the FGs  Honestly if you could find the right size for your foot they would be an ok reasonably priced barefoot shoe.",9
Natalie macropoulos,My favorite shoes.,https://www.amazon.com/gp/customer-reviews/R2A8NDKB0PI0B4/ref=cm_cr_getr_d_rvw_ttl?ie=UTF8&ASIN=B0CQZDK36H,"5.0 "," the United States "," February 24, 2024",Size: 9 WideColor: Green,Verified Purchase,"They were a little stiff at first but soften the more I wear them. My bunion and plantar fasciitis love them. I wish there was a little more arch support but the wide toes are absolutely amazing. I usually wear a 9. I ordered 9 wide and they are wide! If you're looking for fashion more than comfort, these shoes are probably not for you. But if you want want a little of both, I recommend getting these shoes. So comfortable.",13
Geneva Banks,Cute run around shoes,https://www.amazon.com/gp/customer-reviews/R4KCT5LWS00M/ref=cm_cr_getr_d_rvw_ttl?ie=UTF8&ASIN=B0CQZDK36H,"5.0 "," the United States "," February 12, 2024",Size: 8.5 WideColor: All White,,Comfortable True to size Wide foot friendly Easy to slip on and off Great for quick running around or casual outings Will get dirty easily.,
Catoob,not happy about wide size,https://www.amazon.com/gp/customer-reviews/RF4SGSOCOBR5F/ref=cm_cr_getr_d_rvw_ttl?ie=UTF8&ASIN=B0CQZDK36H,"4.0 "," the United States "," February 9, 2024",,Verified Purchase,"I always have a problem with my foot sensitivity especially my big toe. I started wearing ONLY closed toe shoes a year ago. but the problem is, 80% of the shoes that have a wide toe box are also a wide size. and that won't work for me. I was trying to kid myself and to keeping these because I really like them. BUT !! I'm having so much trouble I am thinking of wearing open toe shoes again and just hope I don't run into anything with the little piggy that went to market.",3
REDG,Good shoes,https://www.amazon.com/gp/customer-reviews/R1B72OHJ49SGH/ref=cm_cr_getr_d_rvw_ttl?ie=UTF8&ASIN=B0CQZDK36H,"5.0 "," the United States "," February 7, 2024",Size: 7.5 WideColor: All Black,,"I love zero drop/minimalist shoes. These fit as expected. The toe and heel areas are quite stiff though and need some ""breaking in"" but other than that they're comfortable. I wore them recently to a family reunion and was on my feet for 4-5 hours on hard floors and didn't end up with sore feet.",2
Trappergirl83,Cute,https://www.amazon.com/gp/customer-reviews/R3ULNHWLKGFRR1/ref=cm_cr_getr_d_rvw_ttl?ie=UTF8&ASIN=B0CQZDK36H,"5.0 "," the United States "," February 7, 2024",Size: 11 WideColor: Colorful,,These are so comfy and cute. They don’t hurt your heels and are comfortable. They are a must have,
Macentire,Run large - might want to size down,https://www.amazon.com/gp/customer-reviews/REES9IF3SJF01/ref=cm_cr_getr_d_rvw_ttl?ie=UTF8&ASIN=B0CQZDK36H,"4.0 "," the United States "," February 2, 2024",,,"I ordered these in a size 6 for my teenage daughter, who has rejected them based solely on how wide they look. (They do look a lot wider in person.) So I tried them on, and even though I usually wear a size 8.5, I can get my feet into these but my big toes are right at the end. It seems like they run a little large! I have wide feet and there is plenty of room width-wise for my toes, which is nice and makes these shoes a lot more comfortable! They have a lot of cushion and they are very easy to get on, and the quality is very good. Even though they are a little short for me, it's not too bad, so I will definitely wear them and try to stretch them out.",4
Sidney White,Pretty good,https://www.amazon.com/gp/customer-reviews/R9MUZZS94R70/ref=cm_cr_getr_d_rvw_ttl?ie=UTF8&ASIN=B0CQZDK36H,"4.0 "," the United States "," January 25, 2024",Size: 11 WideColor: All Black,,"When they say wide, they mean WIDE. I wouldn't say my feet are narrow but they're definitely on the slimmer side, so these shoes look nearly twice as wide as my actual foot lol. Apparently it looks fine from the front though, I asked my family if they looked weird and they said it was fine. These shoes are super comfy all around except for the heel, like where your achilles is. It's stiff and curves in toward the foot, so there's that really uncomfortable blister-inducing rub on the heel. I've tried the usual tricks to get it to soften up but nothing's made it budge yet. With thick enough socks, it's okay and they're comfortable enough to wear for a while",
amanda,So cute buuuuut,https://www.amazon.com/gp/customer-reviews/R25W1UKDY3RFD/ref=cm_cr_getr_d_rvw_ttl?ie=UTF8&ASIN=B0CQZDK36H,"4.0 "," the United States "," January 23, 2024",,Verified Purchase,"They are so so cute and I really wanted to love them,  but in my normal size (8) my heels slipped out the back and the size down (7) my toes wear crammed in the front.  :/",3
Kim,LOVE these!,https://www.amazon.com/gp/customer-reviews/R1PT8VZETMGU3R/ref=cm_cr_getr_d_rvw_ttl?ie=UTF8&ASIN=B0CQZDK36H,"5.0 "," the United States "," January 22, 2024",,,Named brand shoes need to look out! I just got these shoes and LOVE them. They are a really cool casual style. They are a little wide and I was a little nervous about that. I feel like I have a normal width foot but they fit great! I like the wide look with baggy pants. They are really fun and comfortable. I'd definitely go back and order other colors.,
D. Pope,"a bit TOO wide for me, but still works",https://www.amazon.com/gp/customer-reviews/R308MTKYKKL1GR/ref=cm_cr_getr_d_rvw_ttl?ie=UTF8&ASIN=B0CQZDK36H,"4.0 "," the United States "," January 21, 2024",Size: 11 WideColor: All Black,,"I got these mostly for around the house shoes.  They will be my first ""barefoot shoe"" unless one counts Birkenstocks, which I LIVE in in summers.  I have narrow feet, and I trust that even if I did the whole full barefoot ""thing"" I'd get to average if they splayed out...  I ALMOST sized down a half size due to this but I didn't and they fit okay, but I think I maybe should have.  That being said I'm not certain it would have worked out either.  It is an issue I have with shoes.  The soles of these are thinner than I'm used to, but that is the minimalist/barefoot aspect of them so it is to be expected.  The style is nice and casual, they are easy to slip on and off.  SO if you are a shoes OFF house these are great for by the door.  They were a great test to the barefoot shoes and I like them.",2
Nicole,These shoes are cute,https://www.amazon.com/gp/customer-reviews/RY65I6SLNLJQH/ref=cm_cr_getr_d_rvw_ttl?ie=UTF8&ASIN=B0CQZDK36H,"3.0 "," the United States "," January 19, 2024",Size: 8.5 WideColor: Grey,,I like that the shoe has no laces and is a slip on . I like the color . I don't like the feel or comfort of the shoe it has little support and not very soft.  The toe of the shoe is VERY wide even for a wide shoe . They are lightweight so that is nice .,
