﻿评论用户,评论概述,评论链接,星级评分,评论地点,评论时间,类型,是否购买,评论详情,觉得该评论有帮助的人数
Nasha,must have,https://www.amazon.com/gp/customer-reviews/R1I0UZQ8UFGJXO/ref=cm_cr_getr_d_rvw_ttl?ie=UTF8&ASIN=B0D458LYTY,"5.0 "," the United States "," November 10, 2024",Size: 9.5Color: White,Verified Purchase,"cute, fast shipping",
Sophie,Love these!,https://www.amazon.com/gp/customer-reviews/R11IF79D0YGG8Q/ref=cm_cr_getr_d_rvw_ttl?ie=UTF8&ASIN=B0D458LYTY,"5.0 "," the United States "," October 24, 2024",Size: 7.5Color: Black,Verified Purchase,These are the perfect addition to my closet. They run true to size and look so expensive. I think they elevate any outfit even though they are a flip flop. They are surprisingly really comfortable- coming from someone who always gets blisters.,
L&J,Very Narrow,https://www.amazon.com/gp/customer-reviews/R2LGZP0DNXAHMB/ref=cm_cr_getr_d_rvw_ttl?ie=UTF8&ASIN=B0D458LYTY,"4.0 "," the United States "," October 8, 2024",Size: 7.5Color: Apricot,Verified Purchase,"I do not have wide feet and my pinky toe hangs off the edge a little, but these seem to be really well made and feel like they have some weight to them. My feet do not slide around and the shoe stays on.",
Miranda,Way too narrow,https://www.amazon.com/gp/customer-reviews/R2UURF3ZTGJ7DK/ref=cm_cr_getr_d_rvw_ttl?ie=UTF8&ASIN=B0D458LYTY,"2.0 "," the United States "," October 2, 2024",Size: 7.5Color: Black,Verified Purchase,"The quality isn’t that bad, but these are way too narrow for me and I don’t even have wide feet! I don’t know who would be able to wear these",
Leanne Michael,Very flat and not very wide,https://www.amazon.com/gp/customer-reviews/R2GD5NJ8UYZBT3/ref=cm_cr_getr_d_rvw_ttl?ie=UTF8&ASIN=B0D458LYTY,"4.0 "," the United States "," September 26, 2024",Size: 7.5Color: Brown,Verified Purchase,"Very, very flat and not as wide for a standard fit. I purchased two colors and will keep them but probably not order again.",
Glady Perez,Comfortable sandals,https://www.amazon.com/gp/customer-reviews/R64Z7Y2CJ6M89/ref=cm_cr_getr_d_rvw_ttl?ie=UTF8&ASIN=B0D458LYTY,"5.0 "," the United States "," September 18, 2024",Size: 7Color: Black,Verified Purchase,"Nice looking, comfortable sandals.",
Keri,Great!,https://www.amazon.com/gp/customer-reviews/R19A7249VOASRE/ref=cm_cr_getr_d_rvw_ttl?ie=UTF8&ASIN=B0D458LYTY,"5.0 "," the United States "," August 30, 2024",Size: 7Color: Black,Verified Purchase,These are so cute and have held up well so far! I reach for them all the time now. I wear 7-7.5 and I got a 7 in these.,
Rebecca,Love!,https://www.amazon.com/gp/customer-reviews/R1DPLZ7ZMA1PUE/ref=cm_cr_getr_d_rvw_ttl?ie=UTF8&ASIN=B0D458LYTY,"5.0 "," the United States "," August 29, 2024",Size: 9.5Color: Black,Verified Purchase,The style is just as described. They fit well and are of good quality. It’s a great value for the price. The only issue I’ve had is some pain/tenderness in between my toes. I love the style and will continue to wear them as they’re a little more chic than your average flip flop sandal.,
Wala Wala,Basic,https://www.amazon.com/gp/customer-reviews/R3CYWHCSCO2JB1/ref=cm_cr_getr_d_rvw_ttl?ie=UTF8&ASIN=B0D458LYTY,"5.0 "," the United States "," July 8, 2024",Size: 7.5Color: Black,,"These sandals are pretty basic, but that is the best thing about them. I really do love them very much. Because they are so simple but they're actually quite comfortable. I am pleasantly surprised because I did not expect them to be true to size, but they actually are. They are a leather but they do not get too hot in the summer either. I am glad that I can wear this with multiple outfits. Or even if I am just running. Errands out. I am glad that I ordered them. And I'm pretty happy with the packaging. Because they were individually packaged, but they came right on time.",
DeeDee,Designer quality,https://www.amazon.com/gp/customer-reviews/R52EPI5ODKENZ/ref=cm_cr_getr_d_rvw_ttl?ie=UTF8&ASIN=B0D458LYTY,"5.0 "," the United States "," July 6, 2024",Size: 7.5Color: Black,,"I absolutely love this slippers. It’s so cute, simple and chic. Looks like it could be designer made. Sizing is true to size but if you’re in between sizes, size down. I’m normally a 7.5 or 8 and the 7.5 was perfect and 8 would have been too big.",
