﻿评论用户,评论概述,评论链接,星级评分,评论地点,评论时间,类型,是否购买,评论详情,觉得该评论有帮助的人数
Kayli,Love These!,https://www.amazon.com/gp/customer-reviews/R16T0K5LO2Q4LI/ref=cm_cr_getr_d_rvw_ttl?ie=UTF8&ASIN=B0CCC9N7DD,"5.0 "," the United States "," January 24, 2025",Size: 10 Wide Women/9 Wide MenColor: Light Grey,Verified Purchase,"I've spent a lot of money on barefoot shoes and I have not liked many of them at all. These shoes however, are amazing! They are not waterproof but they are definitely worth the money for day to day and even at the gym!",
Frances Whitney,Orange!,https://www.amazon.com/gp/customer-reviews/R1MDV4PUWATBWB/ref=cm_cr_getr_d_rvw_ttl?ie=UTF8&ASIN=B0CCC9N7DD,"5.0 "," the United States "," January 23, 2025",Size: 9.5 Wide Women/8.5 Wide MenColor: Orange,Verified Purchase,"These are very comfortable, cool, and are almost like walking barefoot. Wide in the toe, which I needed. Love the orange! I bought the off-white in “vegan leather“, I had to return them. The uppers didn’t feel breathable, and when tied there was a ripple.",
Jennifer Lawrynk,Weird fit,https://www.amazon.com/gp/customer-reviews/RTNO4RSYSJH7N/ref=cm_cr_getr_d_rvw_ttl?ie=UTF8&ASIN=B0CCC9N7DD,"1.0 "," the United States "," January 21, 2025",Size: 8 Wide Women/7 Wide MenColor: Black/Grey,Verified Purchase,"While this is a minimalist shoe, unfortunately it does not have a wide toe box as stated. The shoe actually has no shape. Same width from heal to toe box.",
Julie,Love these,https://www.amazon.com/gp/customer-reviews/R10Q34OYOZFRI0/ref=cm_cr_getr_d_rvw_ttl?ie=UTF8&ASIN=B0CCC9N7DD,"5.0 "," the United States "," January 21, 2025",Size: 7 Wide Women/6 Wide MenColor: Black/Brown,Verified Purchase,"Very sturdy, comfy shoes",
Fish,Cant find any in regular size 7,https://www.amazon.com/gp/customer-reviews/R23768UK9QV0P9/ref=cm_cr_getr_d_rvw_ttl?ie=UTF8&ASIN=B0CCC9N7DD,"3.0 "," the United States "," January 19, 2025",Size: 7 Wide Women/6 Wide MenColor: Black/White,Verified Purchase,Barefoot shoes are amazing!! Just cant find any that are not extra wide.. Water ones have been the best fit,
Kim A.,big fan of this style of hobibear,https://www.amazon.com/gp/customer-reviews/RUAFLE796PQRL/ref=cm_cr_getr_d_rvw_ttl?ie=UTF8&ASIN=B0CCC9N7DD,"5.0 "," the United States "," January 19, 2025",Size: 13 Wide Women/12 Wide MenColor: Orange,,"these are the only shoes that make my toes feel free. i actually feel like i can work longer with less irritation when i wear these. the price is great too. most shoes cramp my toes and make my feet feel hot. i didn't realize how bad it was until i bought these minimalist shoes. i used to feel like i needed to take my shoes off while working, now i have no problems (with my feet).",
CC,So comfortable!,https://www.amazon.com/gp/customer-reviews/R2KZAAXNJ0GDD5/ref=cm_cr_getr_d_rvw_ttl?ie=UTF8&ASIN=B0CCC9N7DD,"5.0 "," the United States "," January 18, 2025",Size: 9 Wide Women/8 Wide MenColor: Black,Verified Purchase,"I’ve been struggling to find a comfortable shoe since I got COVID toes 2years ago (rendering my toes super sensitive and numb). I have wide feet (8-1/2, I ordered a 9 in these)  but never had foot issues before that. Sadly, I’ve been through SO many expensive running shoes and pretty much surrendered to the fact my toes would always hurt. These shoes are amazing. It takes awhile to get used to the flatness, but after that, bliss. Ordered another pair today",
JPink,Width & high instep,https://www.amazon.com/gp/customer-reviews/R1FV85018SM7W1/ref=cm_cr_getr_d_rvw_ttl?ie=UTF8&ASIN=B0CCC9N7DD,"1.0 "," the United States "," January 18, 2025",Size: 9.5 Wide Women/8.5 Wide MenColor: White,Verified Purchase,I have high insteps.  I wasn't able to get my foot into the shoe due to my instep. The width wasn't quite wide enough.,
Guadalupe,Comfy but!!,https://www.amazon.com/gp/customer-reviews/R2KA7G4GTSRVIG/ref=cm_cr_getr_d_rvw_ttl?ie=UTF8&ASIN=B0CCC9N7DD,"4.0 "," the United States "," January 16, 2025",Size: 6 Wide Women/5 Wide MenColor: Wine Red,Verified Purchase,"The shoes are pretty comfy,lightweight and color is nice but the colors dye has rubbed off onto my jeans and on the shoe laces",
Samantha Morse,Love these!,https://www.amazon.com/gp/customer-reviews/R11S4UH84QH1IF/ref=cm_cr_getr_d_rvw_ttl?ie=UTF8&ASIN=B0CCC9N7DD,"5.0 "," the United States "," January 12, 2025",Size: 10 Wide Women/9 Wide MenColor: Black/Grey,Verified Purchase,"I bought these as my first pair of barefoot shoes. Im in love. In just weeks my foot pain is gone and I no longer get back pain while standing at work. The shoes them self are comfortable, fit amazingly (no first time wearing soreness), and despite the fact that the material feels thin, they keep my feet warm even in winter. Will definitely order another pair.",
Amanda,Perfect for working in restaurants,https://www.amazon.com/gp/customer-reviews/RYC0G48WV4IM2/ref=cm_cr_getr_d_rvw_ttl?ie=UTF8&ASIN=B0CCC9N7DD,"5.0 "," the United States "," January 6, 2025",Size: 7 Wide Women/6 Wide MenColor: Black,Verified Purchase,"I’m a server and always on my feet. These barefoot shoes are AMAZING! I have been wearing them now for a month and most of my feet pain has gone away! Plenty of toe room, non slip and super light. Where have these been my whole life!! Definitely will be ordering more colors!!!",4
Kristin Wallace,Very comfy,https://www.amazon.com/gp/customer-reviews/R2AZ2FODFXYGXI/ref=cm_cr_getr_d_rvw_ttl?ie=UTF8&ASIN=B0CCC9N7DD,"5.0 "," the United States "," January 6, 2025",Size: 10 Wide Women/9 Wide MenColor: Wine Red,Verified Purchase,These are very comfy and great for people with wide feet,
Joe's Mom,Great entry into barefoot shoes,https://www.amazon.com/gp/customer-reviews/R1DEZBMYTWGP34/ref=cm_cr_getr_d_rvw_ttl?ie=UTF8&ASIN=B0CCC9N7DD,"5.0 "," the United States "," January 3, 2025",Size: 9.5 Wide Women/8.5 Wide MenColor: Wine Red,Verified Purchase,"I am using these shoes to strengthen my feet.  They look great and after a couple of weeks of use, are still holding up well.  I expect they will last awhile.",
M,Used!,https://www.amazon.com/gp/customer-reviews/RF4NVSF6XB590/ref=cm_cr_getr_d_rvw_ttl?ie=UTF8&ASIN=B0CCC9N7DD,"2.0 "," the United States "," December 30, 2024",Size: 6 Wide Women/5 Wide MenColor: White,Verified Purchase,"I sent this to my grandkid for Christmas, but they arrived very dirty and obliviously used. Other than that, I'm sure they would have been great",
Elizabeth M Schroeder,"Fits, even with fuzzy socks on.",https://www.amazon.com/gp/customer-reviews/R3NBZ3R68DFXDO/ref=cm_cr_getr_d_rvw_ttl?ie=UTF8&ASIN=B0CCC9N7DD,"5.0 "," the United States "," December 30, 2024",Size: 11 Wide Women/10 Wide MenColor: Wine Red,Verified Purchase,"I have wide feet, LOVE sneakers but never have wide enough shoes so must pass. So bought these to try at Disney. So far i feel like I'm not wearing shoes. Will update after Disney",
Chyan Nordquist,Comfortable but runs large!,https://www.amazon.com/gp/customer-reviews/R84D5MPLXFBTG/ref=cm_cr_getr_d_rvw_ttl?ie=UTF8&ASIN=B0CCC9N7DD,"3.0 "," the United States "," December 30, 2024",Size: 10 Wide Women/9 Wide MenColor: Black/Grey,Verified Purchase,Runs large and stretchy fabric.,
Amazing customer,Love these shoes,https://www.amazon.com/gp/customer-reviews/RBY82EZHJRRGV/ref=cm_cr_getr_d_rvw_ttl?ie=UTF8&ASIN=B0CCC9N7DD,"5.0 "," the United States "," December 29, 2024",Size: 9.5 Wide Women/8.5 Wide MenColor: Black,Verified Purchase,Absolutely amazing. I'm getting a 2nd pair just bc I love them so much. Super comfy. Stylish. Easy to slip on and off. LOVE THEM!,
William,"For the price, these barefoot shoes can't be beat!",https://www.amazon.com/gp/customer-reviews/R2LCQOJWY1CT62/ref=cm_cr_getr_d_rvw_ttl?ie=UTF8&ASIN=B0CCC9N7DD,"5.0 "," the United States "," December 28, 2024",Size: 12.5 Wide Women/11.5 Wide MenColor: Light Grey,Verified Purchase,"I've been converting my ""normal"" footwear (cushion, heel to toe drop, and pointy toes) to barefoot shoes the past year, and I've been trying to find a brand that is wide enough at the balls of my feet, because most of them aren't quite wide enough. I've tried Altra, Xero, Vivo, Lems, and none of them are quite wide enough. I need about 4.5 inches at the balls of my feet, and most of these brands are around 4 inches wide at that area. These Hobibear shoes fit perfectly. They are lightweight and very soft as well. The only thing I didn't care for was the memory foam insole, but I simply took them out and put in some wool felt insoles, and now they're the best barefoot shoes I've put on my feet. I would highly recommend if you've been disappointed with the width of other barefoot shoe brands.",5
Elenemope,Wow!,https://www.amazon.com/gp/customer-reviews/R3QFKQVP0HE7VM/ref=cm_cr_getr_d_rvw_ttl?ie=UTF8&ASIN=B0CCC9N7DD,"5.0 "," the United States "," December 21, 2024",Size: 8 Wide Women/7 Wide MenColor: Wine Red,Verified Purchase,"I love the shoes. My second one pair! I've ordered two more. I wear a 7.5 to 8. I bought an 8. Plenty of room for my feet. Very comfortable! They feel like I'm walking barefoot, in shoes. My feet, knees and hips don't get tired or achy. I'm a real goer so that's critical for me. (Bye-Bye to most of my Skechers!) Well worth the purchase.",
"I love it! First time using it, it only took two times hitting the button and she realized she was doing something wrong! Next time she barked I only had to say ‘stop’ once and she did!!!!!",Perfect fit and very comfortable,https://www.amazon.com/gp/customer-reviews/R28A7W4QMV6Z61/ref=cm_cr_getr_d_rvw_ttl?ie=UTF8&ASIN=B0CCC9N7DD,"5.0 "," the United States "," December 20, 2024",Size: 8 Wide Women/7 Wide MenColor: White,Verified Purchase,I haven’t washed them yet but I think they will do fine!,
Diane,Uncomfortable,https://www.amazon.com/gp/customer-reviews/R3OHMH21ZPGESQ/ref=cm_cr_getr_d_rvw_ttl?ie=UTF8&ASIN=B0CCC9N7DD,"2.0 "," the United States "," December 15, 2024",Size: 7 Wide Women/6 Wide MenColor: Light Grey,Verified Purchase,"Felt like I was wearing cheap clown shoes, yes I expected more toe room, I did not expect it to feel like I had a box on my foot.",
Samuel Rector,Converted to Wide Toe Box Life,https://www.amazon.com/gp/customer-reviews/RBN1HUUYRWTKR/ref=cm_cr_getr_d_rvw_ttl?ie=UTF8&ASIN=B0CCC9N7DD,"5.0 "," the United States "," December 13, 2024",Size: 8 Wide Women/7 Wide MenColor: Black/Brown,Verified Purchase,"I have wide feet, bunions, and history of plantar fasciitis, so I’d been researching the wide toe box options for a while. I didn’t want to dive in headlong with an expensive shoe from the get go so I bought these to test drive the wide toe box. Now I never want to go back to anything but a wide toe box because of these shoes. The first time I wore them for more than a trip to the mail box was to the state fair- where I spent all day walking. By the end of the day the only pain was just the general dull ache of being on my feet for 10+ hours and even that seemed minimal compared to previous shoes. My toes had so much space to expand and breathe! Usually in the hours or the next day after being on my feet that much my feet are still sore and achy from being chafed and squeezed, but I was ready to go because I didn’t feel any discomfort. They’re lightweight and have good traction. Because they’re zero soles I could feel the ground beneath me which was sometimes strange since my history of thick-soled shoes usually meant no ground-feeling. Overall I feel it helped prevent tripping, which I’m prone to do. I’ve had them for about a month and a half and haven’t noticed any wear, which is also impressive since I wear them almost every day now.",
Nancy K,Super comfortable,https://www.amazon.com/gp/customer-reviews/RGHEBH4256440/ref=cm_cr_getr_d_rvw_ttl?ie=UTF8&ASIN=B0CCC9N7DD,"5.0 "," the United States "," December 12, 2024",Size: 12 Wide Women/11 Wide MenColor: Grey/Brown,Verified Purchase,I love these shoes.  I have CIPN.  They help with my balance and allow room for late day feet swelling.,
Bobby,These are actually really great!,https://www.amazon.com/gp/customer-reviews/R3OEKBI62LBM/ref=cm_cr_getr_d_rvw_ttl?ie=UTF8&ASIN=B0CCC9N7DD,"5.0 "," the United States "," December 12, 2024",Size: 9 Wide Women/8 Wide MenColor: Black/Brown,Verified Purchase,"I bought these in February (wear every day) and was definitely expecting them to fall apart after a couple of months at the most. Almost a year later and they're still in perfect condition 👀  You can see the glue a bit between the sole and fabric, but they've been like that since day one.  They are super comfortable and have actually cleared up the pain in my feet. My toes have room to wiggle which I appreciate. Turns out sometimes the best foot support is no support?  My feet were sore the first few days after wearing them. But it was a good sore, like underutilized muscles being activated.  If you really care about style, the visible glue will be a turn off, though it's not very noticeable imo.  I wasn't expecting much from some no-brand Chinese shoes but these are really, really good. Plan on getting more colors to be able to match a little better.",2
Christiana,The most  comfortable shoes I've owned in years...,https://www.amazon.com/gp/customer-reviews/RL804F1RDZKCI/ref=cm_cr_getr_d_rvw_ttl?ie=UTF8&ASIN=B0CCC9N7DD,"5.0 "," the United States "," December 12, 2024",Size: 9 Wide Women/8 Wide MenColor: Black,Verified Purchase,"These are great for working around the house, and even for casual outings. Very easy on the feet! If you wear high heels for an extended period of time, come home and put these Hobibear shoes on. You'll feel like you're in heaven!",
Carla E Capineri,Extremely comfortable shoe,https://www.amazon.com/gp/customer-reviews/R80N50HGUDCIZ/ref=cm_cr_getr_d_rvw_ttl?ie=UTF8&ASIN=B0CCC9N7DD,"5.0 "," the United States "," December 10, 2024",Size: 12 Wide Women/11 Wide MenColor: Black/Brown,Verified Purchase,"I have chronic foot pain and have been searching for shoes for my wide feet These shoes are incredibly comfortable! The fit was exactly my size, and are really stable and slip-resistant on wet pavement. I'm going to buy more so I can have them in several colors. I highly recommend them.",
April S,Money well spent,https://www.amazon.com/gp/customer-reviews/RSXIF2N2LB1IJ/ref=cm_cr_getr_d_rvw_ttl?ie=UTF8&ASIN=B0CCC9N7DD,"5.0 "," the United States "," December 8, 2024",Size: 7 Wide Women/6 Wide MenColor: Black/Brown,Verified Purchase,I have pain with every shoe and I hate shoes. I’m very picky and usually wear Onclouds but they aren’t wide enough for me.  So tried something different. This is a shoe that I barely notice I’m wearing. I spent a whole week walking in AZ and didn’t have feet pain the whole week. Not a great grip for touring mountains but I managed fine in my hikes. I recommend trying these out to give your toes a break and some room for movement.,3
Angelina,Must uncomfortable shoes EVER!,https://www.amazon.com/gp/customer-reviews/R18IYCQZFLGUJ0/ref=cm_cr_getr_d_rvw_ttl?ie=UTF8&ASIN=B0CCC9N7DD,"1.0 "," the United States "," December 8, 2024",Size: 10 Wide Women/9 Wide MenColor: Black,Verified Purchase,These shoes are more uncomfortable than walking barefoot. They offer zero support.,
Tommy Grimes,Nice,https://www.amazon.com/gp/customer-reviews/R3T3JEXI0R5Q4G/ref=cm_cr_getr_d_rvw_ttl?ie=UTF8&ASIN=B0CCC9N7DD,"4.0 "," the United States "," December 8, 2024",Size: 12.5 Wide Women/11.5 Wide MenColor: Black,Verified Purchase,"Nice and wide toe box, the inside seams are clean and you can easily wear no socks and not irritate any foot areas.",3
Jen,Barefoot shoes helped my joint aches,https://www.amazon.com/gp/customer-reviews/R3XXJY9V4J92P/ref=cm_cr_getr_d_rvw_ttl?ie=UTF8&ASIN=B0CCC9N7DD,"5.0 "," the United States "," December 7, 2024",Size: 11 Wide Women/10 Wide MenColor: Orange,Verified Purchase,"The first time I wore these, I could feel that my posture was different. After a few weeks, I had no more sciatic pain, and my toe that has hurt for 8 years because of an MTP joint issue no longer bothers me.  I will be buying another pair. There is no arch support, you will feel everything under your feet, but that’s the point: your feet rebuild to support your body.",
Rachel S Courteau,Comfortable,https://www.amazon.com/gp/customer-reviews/R2H5L4HE095MDK/ref=cm_cr_getr_d_rvw_ttl?ie=UTF8&ASIN=B0CCC9N7DD,"5.0 "," the United States "," December 6, 2024",Size: 9.5 Wide Women/8.5 Wide MenColor: Black,Verified Purchase,"These shoes are very comfortable. I feel as if I'm walking barefoot, but with protection for my feet. I will definitely purchase again.",
Hello,I’d give more stars,https://www.amazon.com/gp/customer-reviews/R2XYBMTTVQ2LDO/ref=cm_cr_getr_d_rvw_ttl?ie=UTF8&ASIN=B0CCC9N7DD,"5.0 "," the United States "," December 5, 2024",Size: 8 Wide Women/7 Wide MenColor: Light Grey,Verified Purchase,Very comfortable and durable and walk very good,
CP,Hobi Bear Shoes,https://www.amazon.com/gp/customer-reviews/R2RJTJT4SS9N8F/ref=cm_cr_getr_d_rvw_ttl?ie=UTF8&ASIN=B0CCC9N7DD,"4.0 "," the United States "," December 5, 2024",Size: 11 Wide Women/10 Wide MenColor: Black/Grey,Verified Purchase,"The absolute most comfortable shoes I have ever worn! They are like walking barefoot. The only drawback is the cushioning is not that thick, so if you want the real feel of going barefoot with shoes...you will have no issues.",
mooncompass,More comfortable then I expected,https://www.amazon.com/gp/customer-reviews/RHYTK1ZBSV0PR/ref=cm_cr_getr_d_rvw_ttl?ie=UTF8&ASIN=B0CCC9N7DD,"4.0 "," the United States "," December 1, 2024",Size: 8 Wide Women/7 Wide MenColor: Black/Brown,,"I ordered these in black but received the gray/black ones with the white soles instead. I have been having so many foot problems lately and I was anxious to try these shoes so I just kept the color they sent me. I have high arches but so far I haven't experienced any problems. I have walked 12 miles in these shoes but it was in 3 mile increments so I may feel differently if I walked, say, 5 miles or more. I also think I could have sized down to an 8. I'm an 8-8 1/2 so I erred on the side of caution and bought a 9 but there is a lot of room left at the top of the shoe. I think I'm going to order another pair and where these for the next 6 months and see if my foot problems disappear.",
Gwenavyre,Light weight shoe,https://www.amazon.com/gp/customer-reviews/R3FIVIT6EM1KXH/ref=cm_cr_getr_d_rvw_ttl?ie=UTF8&ASIN=B0CCC9N7DD,"5.0 "," the United States "," December 1, 2024",Size: 9 Wide Women/8 Wide MenColor: Orange,Verified Purchase,Great light weight shoe with wide toe box.  I wouldn't walk all day on concrete with them but they're great for hot weather and travel days.  The only downside is they seem to get dirty easily.,
Miirah,Runs big,https://www.amazon.com/gp/customer-reviews/RZ18JVRHTHYZJ/ref=cm_cr_getr_d_rvw_ttl?ie=UTF8&ASIN=B0CCC9N7DD,"3.0 "," the United States "," November 28, 2024",Size: 9.5 Wide Women/8.5 Wide MenColor: Orange,Verified Purchase,Nuff said,
CCG,Comfy!,https://www.amazon.com/gp/customer-reviews/RF7QIKT562DJ0/ref=cm_cr_getr_d_rvw_ttl?ie=UTF8&ASIN=B0CCC9N7DD,"5.0 "," the United States "," November 26, 2024",Size: 9 Wide Women/8 Wide MenColor: Black/Grey,Verified Purchase,I really like these so far! They are comfy and flat with a spacious toe box. My foot arches do not hurt. The only problem I have is that my jeans are too long now that I have gone to a flatter shoe so I roll them a bit.,
Alex Miller,Big toebox,https://www.amazon.com/gp/customer-reviews/ROMH2GJC0ORTV/ref=cm_cr_getr_d_rvw_ttl?ie=UTF8&ASIN=B0CCC9N7DD,"5.0 "," the United States "," November 25, 2024",Size: 11 Wide Women/10 Wide MenColor: Light Grey,Verified Purchase,The toebox was one of the biggest of the minimalist shoes I've tried. I've had them for almost a year and they've held up well.,
Jason McComb,Enjoy,https://www.amazon.com/gp/customer-reviews/R2FWBKJ1BVBIS4/ref=cm_cr_getr_d_rvw_ttl?ie=UTF8&ASIN=B0CCC9N7DD,"5.0 "," the United States "," November 25, 2024",Size: 13 Wide Women/12 Wide MenColor: Black,Verified Purchase,Really like the grounding feeling of there shoes,
Khyati Ganatra,Love the look,https://www.amazon.com/gp/customer-reviews/RRJKGHVW1RCP/ref=cm_cr_getr_d_rvw_ttl?ie=UTF8&ASIN=B0CCC9N7DD,"5.0 "," the United States "," November 24, 2024",Size: 7 Wide Women/6 Wide MenColor: Wine Red,Verified Purchase,Comfortable and love the look. Fit was good based on my size.,
D. Hodges,Better than expected,https://www.amazon.com/gp/customer-reviews/RVHKW7CYITMQV/ref=cm_cr_getr_d_rvw_ttl?ie=UTF8&ASIN=B0CCC9N7DD,"5.0 "," the United States "," November 23, 2024",Size: 9 Wide Women/8 Wide MenColor: Orange,Verified Purchase,These are very comfortable. I love them!,
Stephanie Piver,Hobibear shoes,https://www.amazon.com/gp/customer-reviews/RN5ZSC6R7N2QI/ref=cm_cr_getr_d_rvw_ttl?ie=UTF8&ASIN=B0CCC9N7DD,"4.0 "," the United States "," November 22, 2024",Size: 14 Wide Women/13 Wide MenColor: White,Verified Purchase,"Great shoes, very comfortable once you get them on. Have to almost completely unlace them to in order to get them on",
David L. Smith,Too small,https://www.amazon.com/gp/customer-reviews/R136KP8HLOH6VI/ref=cm_cr_getr_d_rvw_ttl?ie=UTF8&ASIN=B0CCC9N7DD,"2.0 "," the United States "," November 20, 2024",Size: 9.5 Wide Women/8.5 Wide MenColor: Black/Brown,Verified Purchase,"I bought these for my mother-in-law based on my experience and reviews.  She takes a ladies 81/2 and I knew they ran small, so I ordered a woman's 11/men's 10.  They are too small.",
SB,I like them but…,https://www.amazon.com/gp/customer-reviews/R11ZKTXZBE3YK/ref=cm_cr_getr_d_rvw_ttl?ie=UTF8&ASIN=B0CCC9N7DD,"3.0 "," the United States "," November 18, 2024",Size: 9 Wide Women/8 Wide MenColor: Black/White,Verified Purchase,I really like the style but there’s no arch support.  I felt rocks and stuff through them on my walk.  Super cute though.  Definitely for short trips out.  Not all day wear.,
Miranda Mendoza,Unexpectedly comfy,https://www.amazon.com/gp/customer-reviews/R3JF78QGDRA8H2/ref=cm_cr_getr_d_rvw_ttl?ie=UTF8&ASIN=B0CCC9N7DD,"5.0 "," the United States "," November 17, 2024",Size: 8 Wide Women/7 Wide MenColor: Black/Brown,Verified Purchase,"Been using for over a month. Great bend, wide toe area, good grip. Seem to be very durable and have good functionality.",
Orso dellingranaggio,Fantastic,https://www.amazon.com/gp/customer-reviews/R1TJPSX328UIWR/ref=cm_cr_getr_d_rvw_ttl?ie=UTF8&ASIN=B0CCC9N7DD,"5.0 "," the United States "," November 15, 2024",Size: 12.5 Wide Women/11.5 Wide MenColor: Black/Brown,Verified Purchase,These are the best shoes in the history of time,
June Cullen,SO COMFORTABLE and true to size !,https://www.amazon.com/gp/customer-reviews/R1BGN61G0KMW53/ref=cm_cr_getr_d_rvw_ttl?ie=UTF8&ASIN=B0CCC9N7DD,"5.0 "," the United States "," November 15, 2024",Size: 8 Wide Women/7 Wide MenColor: Orange,Verified Purchase,"I just received these today and they are so comfortable!  I love to be barefoot especially when indoors but these were so comfortable when I put them on that I left them on....for HOURS...which I never do indoors.  I can't speak to how they will hold up in the long run but they seem well-constructed.  The style is so cute.  They have managed to make a wide toe box look adorable rather than clownish or frumpy.  I recently discovered the joy of zero drop/wide toe box shoes and now find anything else hurts my feet.  So I have undertaken the expensive journey of replacing all my shoes so I have been looking at a LOT of shoes in this category.  Most of them are at least triple the price of these (if not more !) and nowhere near as cute.  The size seemed exactly true.  I know Amazon is recommending they run small and are often returned but I don't know why.  For me as a normal size 8, the size 8 was perfect.  I am wondering if they are returned often because of Amazon's advise to buy bigger when that may not be needed?  Thus far I have bought zero drop/wide toe box without adding the barefoot or minimalist element so was a little worried that I may not like these.  The worry was for no reason as they seem to have plenty of padding.  As someone who goes barefoot all the time, this doesn't feel barefoot to me.  It's not ad though I am going to feel rocks under my feet.  They are just so very comfortable, stylish, and affordable.  I am thrilled !",7
Chris Normington,Comfort+,https://www.amazon.com/gp/customer-reviews/R32E7VUKQUZO2M/ref=cm_cr_getr_d_rvw_ttl?ie=UTF8&ASIN=B0CCC9N7DD,"5.0 "," the United States "," November 11, 2024",Size: 10 Wide Women/9 Wide MenColor: Black/Grey,Verified Purchase,"I love, love, love these shoes. The comfort from the wide toe box is amazing and great for walking. I also have them in gray and white and hope to purchase more colors in the future.",
mckeesbird,Most comfortable shoe I have ever worn,https://www.amazon.com/gp/customer-reviews/RFMLA3S4O8PCO/ref=cm_cr_getr_d_rvw_ttl?ie=UTF8&ASIN=B0CCC9N7DD,"5.0 "," the United States "," November 9, 2024",Size: 11 Wide Women/10 Wide MenColor: Light Grey,Verified Purchase,"I have awful problem feet.  After finding these and noting that they do not not cause me pain,  I wear them almost everyday.  They easily have room for my high arch orthotics and give my feet room to move naturally.  I love the square toe box, gives my first and second toes lots of room with no friction, which is rare. More and more, I am meeting people who know about barefoot shoes and love them.  Highly recommend.",
Amazon Customer,Truth? I will buy this again.  Can’t be better,https://www.amazon.com/gp/customer-reviews/R3NCRKX7FKOZLA/ref=cm_cr_getr_d_rvw_ttl?ie=UTF8&ASIN=B0CCC9N7DD,"5.0 "," the United States "," November 6, 2024",Size: 14 Wide Women/13 Wide MenColor: Black,,They became my favorite shoe. The only thing is that on the website takes longer to arrive and here sooner.,
Lyna,Comfortable,https://www.amazon.com/gp/customer-reviews/RJB2K07QIUSGA/ref=cm_cr_getr_d_rvw_ttl?ie=UTF8&ASIN=B0CCC9N7DD,"5.0 "," the United States "," November 6, 2024",Size: 6 Wide Women/5 Wide MenColor: Black,Verified Purchase,I really like these shoes they are simple and go with most of my outfits,
Kevin M. Powell,Most comfortable barefoot shoe I’ve ever worn,https://www.amazon.com/gp/customer-reviews/R29UCYH8S8PM5E/ref=cm_cr_getr_d_rvw_ttl?ie=UTF8&ASIN=B0CCC9N7DD,"5.0 "," the United States "," November 2, 2024",Size: 11 Wide Women/10 Wide MenColor: Grey/Brown,Verified Purchase,"I’ve been wearing barefoot and zero drop / wide toe box shoes for about a decade. Vibram five fingers, and a range of shoes from Merrill, Altra, Topo, Xero and vivobarefoot.  I started my barefoot journey because I have a foot condition called halux rigidous. My feet are very sensitive to toe movement (needs to be unrestricted and independent). These are the equal of any of the others I have worn in that regard.  But the clincher here is that these hobegear shoes have great ground feel with an uncanny bit of cushion that still transmits the exact right amount of “real world”. Making them the most comfortable of the shoes that have barefoot feel (I.e Merrill Vivo, Xero)  And they are crazy well made. They look good (pass the wife and work colleague test) feel solid in their traction (only quibble - like other barefoot shoes slippery on smooth wet surfaces). Truthfully I would consider them a good value at twice the price.  Don’t understand Amazon guidance on size - these fit true to size for me.",8
Joseph Ginnerty,Cheap material,https://www.amazon.com/gp/customer-reviews/R2Y5C036B9BZ4C/ref=cm_cr_getr_d_rvw_ttl?ie=UTF8&ASIN=B0CCC9N7DD,"1.0 "," the United States "," November 1, 2024",Size: 12 Wide Women/11 Wide MenColor: Black/Brown,Verified Purchase,"Cheap material, not worth throwing your money away, trust me and just look for another option.",
Kimberly Richmond,Great Shoe!,https://www.amazon.com/gp/customer-reviews/R3E4JXQHCMVT6B/ref=cm_cr_getr_d_rvw_ttl?ie=UTF8&ASIN=B0CCC9N7DD,"5.0 "," the United States "," November 1, 2024",Size: 9.5 Wide Women/8.5 Wide MenColor: Grey/Brown,Verified Purchase,"I am never going back to regular shoes again! These are amazing! They do not fit like normal shoes, they are specifically built to give your feet room. They will feel kind of big at first in the toe part but it's supposed to feel that way. My feet, toes and back do not hurt anymore! Woohoo!",
Echoes,Comfortable!,https://www.amazon.com/gp/customer-reviews/R30DBH5RQ0UXQ8/ref=cm_cr_getr_d_rvw_ttl?ie=UTF8&ASIN=B0CCC9N7DD,"5.0 "," the United States "," November 1, 2024",Size: 10 Wide Women/9 Wide MenColor: Light Grey,Verified Purchase,"Love these shoes! The wide toe box suits my wide feet, and they are super comfortable. They’re pretty much the only shoes I wear now.",
Rosary Wilson,Most comfy shoes,https://www.amazon.com/gp/customer-reviews/R1EN0KGPE73J2P/ref=cm_cr_getr_d_rvw_ttl?ie=UTF8&ASIN=B0CCC9N7DD,"5.0 "," the United States "," October 31, 2024",Size: 8 Wide Women/7 Wide MenColor: Black/Grey,Verified Purchase,Love my Hobibears!! They are so comfy and my feet can breathe!,
Diane St John,Love them!,https://www.amazon.com/gp/customer-reviews/R2VYT1J7COZRWH/ref=cm_cr_getr_d_rvw_ttl?ie=UTF8&ASIN=B0CCC9N7DD,"5.0 "," the United States "," October 26, 2024",,,"I am retirement age and my feet have been bothering me more and more over the years. I have not been to a podiatrist but from online research I am pretty sure I have a high arch, hammer toes and tailor's bunions (swelling by the little toe instead of the big toe). So with most shoes my toes feel squashed and my feet feel unhappy. I ordered these shoes just to see if a wide toe box would help. Went for a long walk in them today to break them in and my toes feel happy and my whole foot feels better than usual. I got the orange color which is so cute but I may order them in another color. They don't have a lot of support but I am going to add an arch support and the roomy feeling of the shoe more than makes up for it. I would definitely recommend these cute shoes.",
Jen,Don’t last,https://www.amazon.com/gp/customer-reviews/R1DUUA8W3ZIO05/ref=cm_cr_getr_d_rvw_ttl?ie=UTF8&ASIN=B0CCC9N7DD,"1.0 "," the United States "," October 25, 2024",Size: 9 Wide Women/8 Wide MenColor: Grey/Brown,Verified Purchase,Lasted almost 3 months then noticed a hole wore in back of both shoes.,
BackToTX2,Wide toe box and sized correctly.,https://www.amazon.com/gp/customer-reviews/R1074QOEGSQUO5/ref=cm_cr_getr_d_rvw_ttl?ie=UTF8&ASIN=B0CCC9N7DD,"5.0 "," the United States "," October 24, 2024",Size: 7 Wide Women/6 Wide MenColor: Grey/Brown,Verified Purchase,These worked great for me. I wore them all day the first time I put them on. Not very cushioned but I’m more interested in the toe box and zero drop.,
Mary E.,Saved my feet!,https://www.amazon.com/gp/customer-reviews/R1BR69AOTL3QTO/ref=cm_cr_getr_d_rvw_ttl?ie=UTF8&ASIN=B0CCC9N7DD,"5.0 "," the United States "," October 23, 2024",Size: 9 Wide Women/8 Wide MenColor: Black/Brown,Verified Purchase,"I walk 2 miles every morning.  Before I discovered these shoes with the wide toe bed and barefoot sole, I suffered from lots of foot problems, like plantar fascitiitis,, but those issues resolved themselves with these shoes.  They may make your foot look bigger than you like, but your feet will thank you.",
Beth,Not wide SHOES,https://www.amazon.com/gp/customer-reviews/R2UVXSHDTUMR1/ref=cm_cr_getr_d_rvw_ttl?ie=UTF8&ASIN=B0CCC9N7DD,"4.0 "," the United States "," October 23, 2024",Size: 8 Wide Women/7 Wide MenColor: Wine Red,Verified Purchase,"While the toe-box is nice and wide, the actual SHOE is *NOT a wide shoe.  For those of us with wide feet who want a wide toe-box, these won't work.  Sadly. They are cute.",4
L Fling,Love these shoes,https://www.amazon.com/gp/customer-reviews/R256KX4TTR5CY6/ref=cm_cr_getr_d_rvw_ttl?ie=UTF8&ASIN=B0CCC9N7DD,"5.0 "," the United States "," October 23, 2024",Size: 7 Wide Women/6 Wide MenColor: Light Grey,Verified Purchase,They are spacious for toes and really cute.,
Shirley DeSha,Cheap comfort!,https://www.amazon.com/gp/customer-reviews/R3OVAZCH316GJX/ref=cm_cr_getr_d_rvw_ttl?ie=UTF8&ASIN=B0CCC9N7DD,"5.0 "," the United States "," October 20, 2024",Size: 7 Wide Women/6 Wide MenColor: Wine Red,Verified Purchase,Very inexpensive with comfort!,
Trevor Thompson,Comfortable and stylish!,https://www.amazon.com/gp/customer-reviews/R10Y96ZSTMEYYJ/ref=cm_cr_getr_d_rvw_ttl?ie=UTF8&ASIN=B0CCC9N7DD,"5.0 "," the United States "," October 17, 2024",Size: 9 Wide Women/8 Wide MenColor: Wine Red,,"I had seen ads for these shoes before, and just like most things, I assumed the purpose of an all natural feel was just a gimmick. Well... I was totally wrong. I have worn these shoes longer than 10hrs a day multiple days in a week, and my feet never hurt or were uncomfortable like other shoes I normally wear. I had to return my first pair because I accidentally bought the incorrect size based on a review that said they ran small. They were too big the first time, so I exchanged them out for the correct size. I believe the shoes fit true to size, and I would definitely buy these again in the future... in another color of course! 10 out of 10 would buy again!",
Sarah Hendrickson,9.5 true to size,https://www.amazon.com/gp/customer-reviews/R1B1UGTBEA515N/ref=cm_cr_getr_d_rvw_ttl?ie=UTF8&ASIN=B0CCC9N7DD,"5.0 "," the United States "," October 15, 2024",Size: 9.5 Wide Women/8.5 Wide MenColor: Black,Verified Purchase,A lot of time when you buy a wide foot/bare foot shoe I have to go down a size. I bought a women's 9.5 to see if hobibear is true to size and it is! I'm very pleasantly surprised. Nice wide toe box and they do not feel confining on the top of my foot. I have high arches so that is a common problem for me.,3
Gary J. Leahy,"Nice shoes, just not for me",https://www.amazon.com/gp/customer-reviews/R1VYRT3N8OCCOS/ref=cm_cr_getr_d_rvw_ttl?ie=UTF8&ASIN=B0CCC9N7DD,"4.0 "," the United States "," October 14, 2024",Size: 12 Wide Women/11 Wide MenColor: Black/Brown,Verified Purchase,"These minimalist, wide toe box shoes were nice, however, with plantar fasciitis, they just didn't suit my need.",
BrandyO,Shoes,https://www.amazon.com/gp/customer-reviews/R3OLFEDVULJ4HP/ref=cm_cr_getr_d_rvw_ttl?ie=UTF8&ASIN=B0CCC9N7DD,"5.0 "," the United States "," October 11, 2024",Size: 7 Wide Women/6 Wide MenColor: Black,Verified Purchase,I love them. They're comfortable and help me balance. I have arthritis through my spine and in my legs. I have poor mobility in regular closed toe shoes. These are amazing for me.,
Waynoe,Super comfy,https://www.amazon.com/gp/customer-reviews/R18I0RH0OR60VT/ref=cm_cr_getr_d_rvw_ttl?ie=UTF8&ASIN=B0CCC9N7DD,"5.0 "," the United States "," October 11, 2024",Size: 13 Wide Women/12 Wide MenColor: Black,Verified Purchase,"All day comfort right out of the box, no break in time required",
cynthia,I like them,https://www.amazon.com/gp/customer-reviews/R1ZQ84RHRDCK45/ref=cm_cr_getr_d_rvw_ttl?ie=UTF8&ASIN=B0CCC9N7DD,"5.0 "," the United States "," October 10, 2024",Size: 9 Wide Women/8 Wide MenColor: Orange,Verified Purchase,Cute and comfortable. Think I’ll get another color,
Tatiana Swisher,I didn't know a shoe could be this comfy.,https://www.amazon.com/gp/customer-reviews/R1KV1X50473FUI/ref=cm_cr_getr_d_rvw_ttl?ie=UTF8&ASIN=B0CCC9N7DD,"5.0 "," the United States "," October 10, 2024",Size: 11 Wide Women/10 Wide MenColor: Black/Grey,Verified Purchase,I put these on when they came in and then completely forgot they were on my feet til.,
Linda Jenkins,great sneakers,https://www.amazon.com/gp/customer-reviews/R20KK276MQOL97/ref=cm_cr_getr_d_rvw_ttl?ie=UTF8&ASIN=B0CCC9N7DD,"5.0 "," the United States "," October 9, 2024",Size: 10 Wide Women/9 Wide MenColor: Black/Grey,Verified Purchase,i never had a pair of sneakers that felt amazing the first time wearing them. amazing,
Barbara Richters,"Finally, A Shoe That My Foot",https://www.amazon.com/gp/customer-reviews/R2SEYA3VLHHCE5/ref=cm_cr_getr_d_rvw_ttl?ie=UTF8&ASIN=B0CCC9N7DD,"5.0 "," the United States "," October 8, 2024",Size: 8 Wide Women/7 Wide MenColor: Light Grey,Verified Purchase,"I ordered a little bigger and for me, it is a perfect fit.  I ordered two pairs of Whitins and maybe they have a wider shoe, but I could not find it. I sent them back because they were too narrow. All the negative reviews of these shoes seemed to be based on a misunderstanding of what barefoot shoes are meant to look and feel like. Wide toe box, minimal cushioning, and no support to allow your feet to feel the ground. As for me, my feet and toes are deformed from the many years I had to squish my poor feet into work heels and even running shoes. I can use my toe expanders as well. For the price, they are by far the best shoes for me.",2
Amazon Customer,Very confortable,https://www.amazon.com/gp/customer-reviews/RUDKZ9MB8DZX9/ref=cm_cr_getr_d_rvw_ttl?ie=UTF8&ASIN=B0CCC9N7DD,"5.0 "," the United States "," October 8, 2024",Size: 12 Wide Women/11 Wide MenColor: Black/Brown,Verified Purchase,"My very first barefoot shoes, really comfy, perfect entry point, check out the size chart before buying.",
John Benton,Don't wash them in the washer,https://www.amazon.com/gp/customer-reviews/R2QHLLPA26DSPD/ref=cm_cr_getr_d_rvw_ttl?ie=UTF8&ASIN=B0CCC9N7DD,"1.0 "," the United States "," October 8, 2024",Size: 11 Wide Women/10 Wide MenColor: Grey/Brown,Verified Purchase,"Washed them once, actually washed on delicate and they basically came apart. Total waste",2
Rachel Collins,A let down,https://www.amazon.com/gp/customer-reviews/R36K1YOIBSP9FL/ref=cm_cr_getr_d_rvw_ttl?ie=UTF8&ASIN=B0CCC9N7DD,"2.0 "," the United States "," October 8, 2024",Size: 9 Wide Women/8 Wide MenColor: Orange,Verified Purchase,I was really looking forward to these shoes but they are not comfortable. And I received the wrong color.,
Brandi Senkus,SO COMFORTABLE!,https://www.amazon.com/gp/customer-reviews/R2TSJSC5199GOO/ref=cm_cr_getr_d_rvw_ttl?ie=UTF8&ASIN=B0CCC9N7DD,"5.0 "," the United States "," October 6, 2024",Size: 9 Wide Women/8 Wide MenColor: Black/Brown,Verified Purchase,"I had looked at these shoes for a while and finally thought I'd try them. They are SO comfortable, it's like walking barefoot with a cloud under your feet. My toes have room to be in normal (shoeless) position, yet the shoes don't feel loose. Super impressed",
Raebee,HUGE FAN,https://www.amazon.com/gp/customer-reviews/R24JS1GGMJLBLL/ref=cm_cr_getr_d_rvw_ttl?ie=UTF8&ASIN=B0CCC9N7DD,"5.0 "," the United States "," October 5, 2024",Size: 9.5 Wide Women/8.5 Wide MenColor: Wine Red,Verified Purchase,"I absolutely loves these. I also love that people mistake them for Keds and Vans.  They are so comfortable, breathable and stylish. They grip, and seem to be a quality shoe. I’ve had them for about a month now and they look great!",2
Love this stuff! Has my old neck looking young again!,Very comfy,https://www.amazon.com/gp/customer-reviews/R1HU7YQWSTNXPX/ref=cm_cr_getr_d_rvw_ttl?ie=UTF8&ASIN=B0CCC9N7DD,"5.0 "," the United States "," October 3, 2024",Size: 9 Wide Women/8 Wide MenColor: Orange,Verified Purchase,Love them!,
Amazon Customer,Love the fit for my wide feet.,https://www.amazon.com/gp/customer-reviews/R1BHAZXMS6TC7M/ref=cm_cr_getr_d_rvw_ttl?ie=UTF8&ASIN=B0CCC9N7DD,"4.0 "," the United States "," October 3, 2024",Size: 9 Wide Women/8 Wide MenColor: Orange,Verified Purchase,"I ordered orange, and recieved black. I kept them because we were going on vacation, and, well, black goes with everything. I do like them.",
Jilly,"It not just a wide toe box ,it is a wide shoe",https://www.amazon.com/gp/customer-reviews/R2WT4IGEP5YKX4/ref=cm_cr_getr_d_rvw_ttl?ie=UTF8&ASIN=B0CCC9N7DD,"3.0 "," the United States "," October 2, 2024",Size: 7 Wide Women/6 Wide MenColor: Light Grey,Verified Purchase,The shoe was comfortable but was too wide throughout the whole shoe.  That made not comfortable for me to walk in,
Melinda,Comfy,https://www.amazon.com/gp/customer-reviews/RZFKDMA507R4X/ref=cm_cr_getr_d_rvw_ttl?ie=UTF8&ASIN=B0CCC9N7DD,"5.0 "," the United States "," September 30, 2024",Size: 9.5 Wide Women/8.5 Wide MenColor: Wine Red,Verified Purchase,I have wide feet and these shoes are so comfortable to walk in. Your toes can splay out and the shoes are cute.i,
Oregon Gal,I like these,https://www.amazon.com/gp/customer-reviews/R1DPQIT8QAAKHL/ref=cm_cr_getr_d_rvw_ttl?ie=UTF8&ASIN=B0CCC9N7DD,"5.0 "," the United States "," September 29, 2024",Size: 9 Wide Women/8 Wide MenColor: Grey/Brown,Verified Purchase,"These shoes are cute and comfortable.  One must really untie to get on and off, which is only a minor inconvenience for those accustomed to squeezing into pre-tied laces.  I usually wear an 8 or 8.5. The 9 I ordered was a tad big but completely perfect when I added an extra insole from another pair of shoes, which I always do with any minimalist shoes.",
B. Coulter,"Awesome shoes, but seem to run large..?",https://www.amazon.com/gp/customer-reviews/R1C6L3ISXVJZ5K/ref=cm_cr_getr_d_rvw_ttl?ie=UTF8&ASIN=B0CCC9N7DD,"4.0 "," the United States "," September 28, 2024",Size: 10 Wide Women/9 Wide MenColor: Grey/Brown,Verified Purchase,"I'm usually always a size 10 women's, but these were big on me. Great shoes though, am definitely going to reorder, maybe 9.5. otherwise I would've given 5 stars.",
JJ,Disappointed,https://www.amazon.com/gp/customer-reviews/R33Y5BR2NELOLH/ref=cm_cr_getr_d_rvw_ttl?ie=UTF8&ASIN=B0CCC9N7DD,"2.0 "," the United States "," September 26, 2024",Size: 12.5 Wide Women/11.5 Wide MenColor: Black,Verified Purchase,Nice sneakers but it was too wide,
Becca,Wide Toe Box is awesome,https://www.amazon.com/gp/customer-reviews/R22IM916OXJ6VB/ref=cm_cr_getr_d_rvw_ttl?ie=UTF8&ASIN=B0CCC9N7DD,"5.0 "," the United States "," September 25, 2024",Size: 9 Wide Women/8 Wide MenColor: White,Verified Purchase,"I'm a shoe junkie - These are great to go with a pair of cropped pants to the office, fun night out, the minimalist design doesn't have a ton of support, so I won't be using these for running in Makoshika, but for around town, looking cute, these are it.",
Dylan Epp,Workout shoe,https://www.amazon.com/gp/customer-reviews/R2JHVYO8OQFNZG/ref=cm_cr_getr_d_rvw_ttl?ie=UTF8&ASIN=B0CCC9N7DD,"5.0 "," the United States "," September 25, 2024",Size: 12 Wide Women/11 Wide MenColor: Black,Verified Purchase,My new workout shoe. Could be a tad tighter around the bridge of your foot. But overall a great shoes for the price.,
Lagerstrom,Love these shoes,https://www.amazon.com/gp/customer-reviews/R2316EJWIULZJ6/ref=cm_cr_getr_d_rvw_ttl?ie=UTF8&ASIN=B0CCC9N7DD,"5.0 "," the United States "," September 21, 2024",Size: 7 Wide Women/6 Wide MenColor: Black,Verified Purchase,Help so much with foot pain! My foot actually has room to move!!,
Joan K. Norton,The best shoes I have ever owned,https://www.amazon.com/gp/customer-reviews/R26TVZT84Q5SGX/ref=cm_cr_getr_d_rvw_ttl?ie=UTF8&ASIN=B0CCC9N7DD,"5.0 "," the United States "," September 20, 2024",Size: 8 Wide Women/7 Wide MenColor: Wine Red,Verified Purchase,Getting them in all colors.  No pain!!,
RR,Didn't Fit Well,https://www.amazon.com/gp/customer-reviews/R3DPZDTCSJ7KIO/ref=cm_cr_getr_d_rvw_ttl?ie=UTF8&ASIN=B0CCC9N7DD,"1.0 "," the United States "," September 18, 2024",Size: 9 Wide Women/8 Wide MenColor: Grey/Brown,Verified Purchase,"These shoes looked so very comfortable.  And I wear zero-drop shoes.  Many reviews were terrific, but the sides of the inside of the shoe, in the middle of my foot, were rubbing against my foot when walking, and it was the correct size.  So, maybe the sizes are not too accurate.",
Jillian,So much room!!,https://www.amazon.com/gp/customer-reviews/R2VNJOHWYH526T/ref=cm_cr_getr_d_rvw_ttl?ie=UTF8&ASIN=B0CCC9N7DD,"4.0 "," the United States "," September 17, 2024",Size: 11 Wide Women/10 Wide MenColor: Black,Verified Purchase,"I cannot tell you how good my feet feel being “free” to move around. My toes have so much room to move. Of course being flatter shoes you can feel everything, so don’t go stepping on legos. lol My friend, who had just given birth had a lot of water water in her feet, and hadn’t been able to wear “normal” shoes since she got pregnant. Out of curiosity I had her try mine on and she was able to wear these shoes and have enough length in the laces to tie them. I approve!👍",
HateAres,Great shoes!,https://www.amazon.com/gp/customer-reviews/R2CBL4K7SX3HVD/ref=cm_cr_getr_d_rvw_ttl?ie=UTF8&ASIN=B0CCC9N7DD,"5.0 "," the United States "," September 17, 2024",Size: 12 Wide Women/11 Wide MenColor: Black/Brown,Verified Purchase,I LOVE these shoes. As a woman with wide feet it can be hard to find shoes that fit comfortably and look nice. I prefer to run barefoot but these shoes are so comfortable I’ll happily keep them on all day. They seem to have good grip and be of good quality.,9
Victoria,Added stability for me and my wide feet,https://www.amazon.com/gp/customer-reviews/R1A5Q2KYQVOK3L/ref=cm_cr_getr_d_rvw_ttl?ie=UTF8&ASIN=B0CCC9N7DD,"5.0 "," the United States "," September 17, 2024",Size: 11 Wide Women/10 Wide MenColor: Black,Verified Purchase,"It does take some adjusting, you can definitely feel more impact compared with cushioned shoes, and I would not recommend them on rough terrain. That said, these have helped me with some imbalance/instability by allowed my feet to spread out and function more naturally.",
Kirby91,My feet have never hurt this bad before....,https://www.amazon.com/gp/customer-reviews/RQR9IWWT8COYS/ref=cm_cr_getr_d_rvw_ttl?ie=UTF8&ASIN=B0CCC9N7DD,"2.0 "," the United States "," September 15, 2024",Size: 10 Wide Women/9 Wide MenColor: Black/Brown,Verified Purchase,"I was so excited for these because I saw a video about them being amazing for people who are flat footed. I don't stand on my feet all day at work like a lot of people but I do walk around a lot on concrete floors. These are horrible. I was hoping I would get used to them....not even a little. In fact, I've notice the last couple days, my ankles are now hurting too. I don't know if it's just me or what but I've even worn dress shoes to work and it didn't hurt this bad. So disappointed...I'm giving 2 stars because I love the way they look and they go with pretty much everything and I do like how they are light.",
Brenda,Things you just never knew!,https://www.amazon.com/gp/customer-reviews/R187XIXFNBLGBI/ref=cm_cr_getr_d_rvw_ttl?ie=UTF8&ASIN=B0CCC9N7DD,"5.0 "," the United States "," September 14, 2024",Size: 9 Wide Women/8 Wide MenColor: Orange,Verified Purchase,"I've been struggling with plantar fasciitis for a few months and after I heard someone say it was due to poor muscle development in my feet from too much arch support in my shoes...well I ended up trialing these to see if they would really help. These particular shoes don't look obviously different than a standard loafer with laces. They have a nice dress-casual look, although the toe did smack a little on the tile as I walked down the hall at work, reminding me of my children walking. On the trail, I could feel the ground beneath my feet and felt more secure walking the rugged and sloped terrain, which was really unexpected. They are comfortable, though wearing them definitely works my feet and my calves more than other shoes, which fatigues the muscles, but has already improved my plantar fasciitis. I don't know how long they will last, but at this price I have no reservations in recommending them. I will definitely be shopping for more zero drop shoes. I want to be walking for many years to come.",19
CA,Wide toe bed and no other benefits,https://www.amazon.com/gp/customer-reviews/RCUHZ694CCIFK/ref=cm_cr_getr_d_rvw_ttl?ie=UTF8&ASIN=B0CCC9N7DD,"3.0 "," the United States "," September 13, 2024",Size: 8 Wide Women/7 Wide MenColor: Black/Grey,Verified Purchase,"I ordered this because it’s got a wider toe bed which is great as you get older, except there’s no other benefit to this shoe. No support or comfort whatsoever.",
meloney Goodsell,Bunion relief,https://www.amazon.com/gp/customer-reviews/R2FZ8IZOHPU4FM/ref=cm_cr_getr_d_rvw_ttl?ie=UTF8&ASIN=B0CCC9N7DD,"5.0 "," the United States "," September 9, 2024",Size: 6 Wide Women/5 Wide MenColor: Black/White,Verified Purchase,Absolutely recommend if you have bunions.,
Joanie,No more burning feet!,https://www.amazon.com/gp/customer-reviews/R1QYPCOF4QR606/ref=cm_cr_getr_d_rvw_ttl?ie=UTF8&ASIN=B0CCC9N7DD,"5.0 "," the United States "," September 8, 2024",Size: 10 Wide Women/9 Wide MenColor: Light Grey,Verified Purchase,"I can wear these shoes all day long and feet do not sting or a burning feeling.  Just like wear slippers.  I f you are barefoot most of the time, these shoes will work for you.",
Sarah in Texas,Great shoes,https://www.amazon.com/gp/customer-reviews/R13PA7DP95SL2Y/ref=cm_cr_getr_d_rvw_ttl?ie=UTF8&ASIN=B0CCC9N7DD,"5.0 "," the United States "," September 4, 2024",Size: 9 Wide Women/8 Wide MenColor: Wine Red,Verified Purchase,"These shoes feel great on my feet. They have been washed several times and still look new. I have worn them for hikes up mountains, long walks on pavement, and all around the house. They have a hundred miles on them and look like they will be around for a couple hundred more! I will be buying these again in the future, very pleased!",2
Mikey V.,Comfy but not for a full day,https://www.amazon.com/gp/customer-reviews/R2XRHRRLHDZSUU/ref=cm_cr_getr_d_rvw_ttl?ie=UTF8&ASIN=B0CCC9N7DD,"3.0 "," the United States "," September 3, 2024",Size: 9 Wide Women/8 Wide MenColor: Black,,"I saw these shoes on TikTok and my picky feet was intrigued. I have caveman flat feet and weak ankles so shopping for shoes can be exhausting.  I have a ton of shoes I had to retire early because they’ve been causing joint pain and fatigue after a few days and weeks trying to break them in. I tried my Hobibears for the first time and they were light as a feathers and fit comfortably. I wore them to do errands and they felt okay. They felt comfy if I was just standing. I’m generally a fast walker but these make me feel like I was speed-walking on sand, but they’re still comfy. The support is weak.  I would definitely not wear these at Disneyland from open to close. I plan on taking these to a Cruise. So, for full-day use I’ll rate this 3 stars but for comfort it’s 5 stars.",
K Larson,Comfy,https://www.amazon.com/gp/customer-reviews/R23MOFPFWIAZHS/ref=cm_cr_getr_d_rvw_ttl?ie=UTF8&ASIN=B0CCC9N7DD,"5.0 "," the United States "," September 3, 2024",Size: 8 Wide Women/7 Wide MenColor: White,Verified Purchase,"I love this shoe.  For this order I ordered a 7-1/2W, my normal size is 8M.  The shoes are great for quick trips to store or wearing when I won't be walking a lot.  You can feel the ground underneath (especially rocks) which eliminates them for long walks for me).  Cute and quirky!",
