﻿评论用户,评论概述,评论链接,星级评分,评论地点,评论时间,类型,是否购买,评论详情,觉得该评论有帮助的人数
Ashley Simms,Elegant & classic,https://www.amazon.com/gp/customer-reviews/R2YXM44Z266B5F/ref=cm_cr_getr_d_rvw_ttl?ie=UTF8&ASIN=B0D2P991XB,"5.0 "," the United States "," January 9, 2025",Color: Chelsea Gold,Verified Purchase,Simple & elegant! I get lots of compliments on it.,
Amazon Customer,Dead watch 1.5 years later,https://www.amazon.com/gp/customer-reviews/R2WP98AVCT8YSR/ref=cm_cr_getr_d_rvw_ttl?ie=UTF8&ASIN=B0D2P991XB,"3.0 "," the United States "," July 2, 2024",Color: Monroe,Verified Purchase,"I really loved wearing this watch. The minimalist style was exactly what I wanted. But, recently I put it on and noticed that the watch is no longer ticking. I’ve tried seeing if there’s a way to open it and replace a battery? Doesn’t seem possible, so now I have a nice looking watch that doesn’t tell time. Save your money buy something a tad more expensive that looks appealing and will last",
David,Time is off on a daily basis.,https://www.amazon.com/gp/customer-reviews/R1SLW0UGFGVADB/ref=cm_cr_getr_d_rvw_ttl?ie=UTF8&ASIN=B0D2P991XB,"2.0 "," the United States "," March 16, 2023",Color: Florence Rose,Verified Purchase,"It gets off by a minute or so a day, which is a bit frustrating.",
NKB,Watch strap is subpar quality.,https://www.amazon.com/gp/customer-reviews/R1N903VRBMOTTC/ref=cm_cr_getr_d_rvw_ttl?ie=UTF8&ASIN=B0D2P991XB,"2.0 "," the United States "," February 22, 2023",Color: Lexington Rose,Verified Purchase,"For warranty on MVMT products bought through Amazon MVMT store, do not count on MVMT - you'll be redirected to Amazon. After three months of use, the strap broke off at attachment to body of watch, see picture.",
Oluyemisi Kara,Love it. I had difficulty with snapping the stripe. I eventually got.,https://www.amazon.com/gp/customer-reviews/R7UZMXG4R2QF9/ref=cm_cr_getr_d_rvw_ttl?ie=UTF8&ASIN=B0D2P991XB,"4.0 "," the United States "," February 1, 2023",Color: Chelsea Gold,Verified Purchase,For self,
James M. Barkuloo,Excellent!,https://www.amazon.com/gp/customer-reviews/R10B0WD1TWD5MO/ref=cm_cr_getr_d_rvw_ttl?ie=UTF8&ASIN=B0D2P991XB,"5.0 "," the United States "," January 13, 2023",Color: Lexington Rose,Verified Purchase,No,
Rod,"Try before buy. ""Too big""",https://www.amazon.com/gp/customer-reviews/R1JOPMKP6D1IMO/ref=cm_cr_getr_d_rvw_ttl?ie=UTF8&ASIN=B0D2P991XB,"3.0 "," the United States "," January 2, 2023",Color: Monroe,,Case diameter too big.,
norman vervuurt,Watch,https://www.amazon.com/gp/customer-reviews/R1CP6WB9MQQK77/ref=cm_cr_getr_d_rvw_ttl?ie=UTF8&ASIN=B0D2P991XB,"5.0 "," the United States "," December 29, 2022",Color: Monroe,Verified Purchase,"Very pleased with the design of the watch.  Should I have one complaint regarding is that the hands of the watch could have been a little darker to have greater contrast with the face of the watch.  But in ant regard, a strikingly good-looking watch.",
Ashley Coil,Affordable Watch,https://www.amazon.com/gp/customer-reviews/R1PYS4XEAFM1HO/ref=cm_cr_getr_d_rvw_ttl?ie=UTF8&ASIN=B0D2P991XB,"5.0 "," the United States "," December 28, 2022",Color: Monroe,Verified Purchase,Mom wanted a classic watch but didn't want to spend too much. I liked this brand and found that it was easiest to purchase through Amazon. Watch face is medium sized - easy to read.,2
Joan,Love this watch,https://www.amazon.com/gp/customer-reviews/RQEYPK7YX0HSQ/ref=cm_cr_getr_d_rvw_ttl?ie=UTF8&ASIN=B0D2P991XB,"5.0 "," the United States "," August 28, 2022",Color: Lexington Rose,Verified Purchase,I got the rose gold and very much like it…It has taken me months to learn how to lock the latch…but now I have it.,
Ronni Deam,The clasp is poorly designed,https://www.amazon.com/gp/customer-reviews/R2RM6BP69OV5VW/ref=cm_cr_getr_d_rvw_ttl?ie=UTF8&ASIN=B0D2P991XB,"2.0 "," the United States "," July 28, 2022",Color: Monroe,Verified Purchase,"I'm surprised I haven't lost this watch, it's fallen off so many times due to the design of the clasp. I would not recommend it.",3
J L,You can lose it anytime,https://www.amazon.com/gp/customer-reviews/RKPUTB7QIBPWO/ref=cm_cr_getr_d_rvw_ttl?ie=UTF8&ASIN=B0D2P991XB,"2.0 "," the United States "," December 15, 2021",Color: Lexington Rose,Verified Purchase,"The look of the watch is fine. The clasp is not working right. I thought in the beginning that it will be adjusted. But the first time  I wore it to the public, the watch came lose without my notice. It's lost. Do not recommend.",5
Maureen R Garrison,Nice watch too costly,https://www.amazon.com/gp/customer-reviews/R29TWZ97K46VN7/ref=cm_cr_getr_d_rvw_ttl?ie=UTF8&ASIN=B0D2P991XB,"3.0 "," the United States "," July 6, 2021",Color: Florence Rose,Verified Purchase,I like the watch but don’t think it justifies the price tag.  It’s a nice traditional watch with no frills.,5
Praveen,Package is worse and poor built quality. Don't recommend,https://www.amazon.com/gp/customer-reviews/RJC7KIILLLSP6/ref=cm_cr_getr_d_rvw_ttl?ie=UTF8&ASIN=B0D2P991XB,"1.0 "," the United States "," January 29, 2021",Color: Lexington Rose,Verified Purchase,"Poor quality, don't have the heavy feel and package is worst. Not able to gift the same if this is the package quality",
JUAN SANCHEZ,Nice small design.,https://www.amazon.com/gp/customer-reviews/R39NIE5YQN4X6A/ref=cm_cr_getr_d_rvw_ttl?ie=UTF8&ASIN=B0D2P991XB,"5.0 "," the United States "," January 19, 2021",Color: Lexington Rose,Verified Purchase,"A bought it as a gift for my mom, she loves it. Not very heavy.",
Karen S,Stylish watch! Watch face not too big,https://www.amazon.com/gp/customer-reviews/R152GF39GZMG4I/ref=cm_cr_getr_d_rvw_ttl?ie=UTF8&ASIN=B0D2P991XB,"5.0 "," the United States "," September 1, 2020",Color: Lexington Rose,Verified Purchase,"I had a lot of trouble closing the clasp at first, but love the watch now that I figured out the closure",
Jo,So beautiful if you have thin wrists,https://www.amazon.com/gp/customer-reviews/R2LEHPO1WLEDI/ref=cm_cr_getr_d_rvw_ttl?ie=UTF8&ASIN=B0D2P991XB,"5.0 "," the United States "," July 25, 2020",Color: Lexington Rose,Verified Purchase,Amazing and elegant. Very pretty.,
Shimona,Simple elegant watch,https://www.amazon.com/gp/customer-reviews/RB3AJS653SAGL/ref=cm_cr_getr_d_rvw_ttl?ie=UTF8&ASIN=B0D2P991XB,"5.0 "," the United States "," March 5, 2020",Color: Lexington Rose,Verified Purchase,I love this! It’s nice and sleek. It goes well with casual outfits and dresses up nicely when going out of more formal outfits. I wish there were a second-hand and date. There is a bit of color on the clasp that’s starting to fade after only a month of use but it’s probably fine.,2
Katja Bullock,Great product.,https://www.amazon.com/gp/customer-reviews/RSGB6DPG3ZY28/ref=cm_cr_getr_d_rvw_ttl?ie=UTF8&ASIN=B0D2P991XB,"5.0 "," the United States "," January 16, 2020",Color: Florence Rose,Verified Purchase,Beautiful watch,
Noel A. Negron Gonzalez,MVMT WATCH!,https://www.amazon.com/gp/customer-reviews/R3BKPHURZWE7F/ref=cm_cr_getr_d_rvw_ttl?ie=UTF8&ASIN=B0D2P991XB,"5.0 "," the United States "," January 8, 2020",Color: Florence Rose,Verified Purchase,"It met my expectations, looks amazing on my wife’s wrist!!",
felicia kelleher,Thank you,https://www.amazon.com/gp/customer-reviews/R23Z01IGTXE51D/ref=cm_cr_getr_d_rvw_ttl?ie=UTF8&ASIN=B0D2P991XB,"1.0 "," the United States "," November 22, 2019",Color: Florence Rose,Verified Purchase,To small returned it,
May Y.,Leather band/wore swimming by accident still working,https://www.amazon.com/gp/customer-reviews/R1GICGXRJJDGW8/ref=cm_cr_getr_d_rvw_ttl?ie=UTF8&ASIN=B0D2P991XB,"5.0 "," the United States "," August 30, 2019",Color: Florence Rose,Verified Purchase,Stylish,
sassg4,Love it,https://www.amazon.com/gp/customer-reviews/R3N1Y58B4SRKHE/ref=cm_cr_getr_d_rvw_ttl?ie=UTF8&ASIN=B0D2P991XB,"5.0 "," the United States "," August 20, 2019",Color: Florence Rose,Verified Purchase,This watch is perfect for me.  Will definitely purchase more MVMT watches in the future.,
Teri,Pay Attention to the Rose Gold,https://www.amazon.com/gp/customer-reviews/R1EOON6XWZMINU/ref=cm_cr_getr_d_rvw_ttl?ie=UTF8&ASIN=B0D2P991XB,"5.0 "," the United States "," July 9, 2019",Color: Lexington Rose,Verified Purchase,I missed that it was Rose Gold so I've returned this watch.  The only gold version I can find on Amazon has a black face so I bought that one - but not sure I'm keeping it either.  They are very pretty watches - just not what I'm looking for!,4
Alexander Naguna,Looks,https://www.amazon.com/gp/customer-reviews/R3CODT4YFI15L3/ref=cm_cr_getr_d_rvw_ttl?ie=UTF8&ASIN=B0D2P991XB,"5.0 "," the United States "," June 27, 2019",Color: Lexington Rose,Verified Purchase,Nice overall,
Amazon Customer,The band is very easy to adjust and strong,https://www.amazon.com/gp/customer-reviews/R3ITZKY8024Z1/ref=cm_cr_getr_d_rvw_ttl?ie=UTF8&ASIN=B0D2P991XB,"5.0 "," the United States "," June 16, 2019",Color: Lexington Rose,Verified Purchase,Really really fantastic watch! Got it for Mother’s Day and it made a great gift. She loved it!,
Nancy C.,Simplistic beauty.,https://www.amazon.com/gp/customer-reviews/R35TIZN37CBX8X/ref=cm_cr_getr_d_rvw_ttl?ie=UTF8&ASIN=B0D2P991XB,"5.0 "," the United States "," April 19, 2019",Color: Florence Rose,Verified Purchase,I’ve only had this watch a short while but so far I love it. I’m not accustomed to a watch strap but I like it as I can adjust it to my wrist. It’s a simple but beautiful face. I didn’t want the date as it needs to be changed monthly and is usually difficult to see. I highly recommend this watch. I can’t testify to it’s accuracy as I haven’t had it long enough.,
Nick Kleen609,Thumbs up,https://www.amazon.com/gp/customer-reviews/R34TPW52F0BEWV/ref=cm_cr_getr_d_rvw_ttl?ie=UTF8&ASIN=B0D2P991XB,"5.0 "," the United States "," February 3, 2019",Color: Florence Rose,Verified Purchase,Great watch,
Theresa,Caveat emptor !,https://www.amazon.com/gp/customer-reviews/R36VED6Z3UC9W6/ref=cm_cr_getr_d_rvw_ttl?ie=UTF8&ASIN=B0D2P991XB,"1.0 "," the United States "," December 25, 2018",Color: Lexington Rose,,"Cheap Chinese junk. They buy it for dollars and sell it for hundreds. They are the middle man! The watch you get, does not look like the picture. The finishes are different the movement is sloppy. It's all smoke and mirrors and fake news. It got me! They're better watches for this amount of $$$",4
Chris Johnson,I love this watch !!,https://www.amazon.com/gp/customer-reviews/R39XGI04MXCWWJ/ref=cm_cr_getr_d_rvw_ttl?ie=UTF8&ASIN=B0D2P991XB,"5.0 "," the United States "," December 24, 2018",Color: Lexington Rose,,I love this watch! Such a great brand!!,
Don Evenson,Nice watch,https://www.amazon.com/gp/customer-reviews/R1A6I8S5N5644M/ref=cm_cr_getr_d_rvw_ttl?ie=UTF8&ASIN=B0D2P991XB,"4.0 "," the United States "," December 14, 2018",Color: Lexington Rose,Verified Purchase,"Purchased as a gift, which was selected by the receiver.",
Anthony M. Ottoviani,Perfect Birthday Gift,https://www.amazon.com/gp/customer-reviews/R1S3189SPYPNRS/ref=cm_cr_getr_d_rvw_ttl?ie=UTF8&ASIN=B0D2P991XB,"5.0 "," the United States "," December 10, 2018",Color: Florence Rose,Verified Purchase,Nice watch size for her wrist and is a great look.,5
