﻿评论用户,评论概述,评论链接,星级评分,评论地点,评论时间,类型,是否购买,评论详情,觉得该评论有帮助的人数
Kerry Golden,Awesome!,https://www.amazon.com/gp/customer-reviews/RO47ADMD8X8MN/ref=cm_cr_getr_d_rvw_ttl?ie=UTF8&ASIN=B0CJMP22XX,"4.0 "," the United States "," January 25, 2025",Color: Walnut WoodStyle: Money Clip,,"I like it a lot and the wallet is slick and very smooth, I like how there are many accessories to help make the wallet more personal. Very good would recommend!",
Kevin Perkins,Good quality,https://www.amazon.com/gp/customer-reviews/R3S5SXW1YBRCV5/ref=cm_cr_getr_d_rvw_ttl?ie=UTF8&ASIN=B0CJMP22XX,"5.0 "," the United States "," January 25, 2025",Color: Army GreenStyle: Money Clip,Verified Purchase,Wallet works really well. I love it.,
Jonathan Lane,I wish I had bought this long time ago.,https://www.amazon.com/gp/customer-reviews/R3JY4NFHTQE3K2/ref=cm_cr_getr_d_rvw_ttl?ie=UTF8&ASIN=B0CJMP22XX,"5.0 "," the United States "," January 24, 2025",Color: Walnut Wood CarbonStyle: Money Clip,Verified Purchase,"I don't do reviews unless I really like a product. I have to say, I'm very pleased with my purchase. This wallet is built very well. You can feel the quality. Elastic straps are nice and tight. I like how the opening is beveled to allow cards to be inserted easily. The money clip feels like it is made from really good spring steel. I've been clipping it to the inside of my front pocket. I have 4 credit cards, 3 insurance cards, driver's license & carry permit loaded up in mine. Easy to use. You have to practice with it a couple of times. I'm glad I went on a mountain voyage and not up the Ridge. Going up the Ridge seems expensive. See what I did there?",
Marc,I love the style,https://www.amazon.com/gp/customer-reviews/R3REQXY1EXJQ86/ref=cm_cr_getr_d_rvw_ttl?ie=UTF8&ASIN=B0CJMP22XX,"5.0 "," the United States "," January 24, 2025",Color: Matte BlackStyle: Money Clip,,I love the color and price,
Martell Young,Not as advertised,https://www.amazon.com/gp/customer-reviews/R1UXFV6OZWQE3S/ref=cm_cr_getr_d_rvw_ttl?ie=UTF8&ASIN=B0CJMP22XX,"1.0 "," the United States "," January 24, 2025",Color: Matte Carbon FiberStyle: Cash Strap,Verified Purchase,"Very disappointed, a credit card is bigger.",
Kevin,Great quality at a great price,https://www.amazon.com/gp/customer-reviews/R1G4UKE2CQHDZA/ref=cm_cr_getr_d_rvw_ttl?ie=UTF8&ASIN=B0CJMP22XX,"5.0 "," the United States "," January 24, 2025",Color: Tumbled TitaniumStyle: Money Clip,Verified Purchase,"I bought this wallet because it looked exactly like the Ridge wallet I paid $125 for last year. I wanted to see if it was the same quality so I bought because I like the style so much. Turns out it’s the exact same wallet, the only difference I could find was branding and packaging. It is a very durable wallet, I chose the steel because it was the most robust. The size is great too, I have a bunch of credit cards that I use regularly along with my IDs and it still is relatively small either clipped to my pocket or in a pocket. It’s very functional that way.",
Donna Fulton,Great device,https://www.amazon.com/gp/customer-reviews/RFJM1T6FT387T/ref=cm_cr_getr_d_rvw_ttl?ie=UTF8&ASIN=B0CJMP22XX,"5.0 "," the United States "," January 24, 2025",Color: Matte RedStyle: Money Clip,Verified Purchase,Needs better instructions Decent construction,
Holly246,Great Product,https://www.amazon.com/gp/customer-reviews/R3L86C2SVGUYQV/ref=cm_cr_getr_d_rvw_ttl?ie=UTF8&ASIN=B0CJMP22XX,"5.0 "," the United States "," January 24, 2025",Color: Gunmetal TitaniumStyle: Money Clip,Verified Purchase,Gift for my husband and he loves it; the color is great too,
Alex Vero Macias,Perfect !!!!,https://www.amazon.com/gp/customer-reviews/ROI6QZH2BLHV2/ref=cm_cr_getr_d_rvw_ttl?ie=UTF8&ASIN=B0CJMP22XX,"5.0 "," the United States "," January 23, 2025",Color: Electric PinkStyle: Cash Strap,Verified Purchase,The size is perfect 👌,
Mighty Dog,Not suitable for my needs,https://www.amazon.com/gp/customer-reviews/R2RTNEZOFZ0764/ref=cm_cr_getr_d_rvw_ttl?ie=UTF8&ASIN=B0CJMP22XX,"1.0 "," the United States "," January 23, 2025",Color: Matte Navy BlueStyle: Cash Strap,Verified Purchase,I am not liking this item at all,
Tom McHugh,Gift purchase,https://www.amazon.com/gp/customer-reviews/R3CBSLOM0KOQDQ/ref=cm_cr_getr_d_rvw_ttl?ie=UTF8&ASIN=B0CJMP22XX,"4.0 "," the United States "," January 23, 2025",Color: Army GreenStyle: Money Clip,Verified Purchase,"This was a gift for my son. He seems very happy with it.  Actually, this was a replacement for another brand's RFID wallet that was returned. He likes this one much better .",
John T,"Easy to use, lasts forever.",https://www.amazon.com/gp/customer-reviews/RD2LLR5O1WDWQ/ref=cm_cr_getr_d_rvw_ttl?ie=UTF8&ASIN=B0CJMP22XX,"5.0 "," the United States "," January 23, 2025",Color: Matte Carbon FiberStyle: Cash Strap,Verified Purchase,"This is the most durable card wallet ever. I have owned the exact same wallet for about five years and it is still in great condition and going strong. The reason for the change?  The old card wallet had a metal money clip.  The new one uses a wide elastic band to carry my cash, which is easier to use and leaves a smaller profile in my pocket, which I prefer.",
DGayleC,Great gift,https://www.amazon.com/gp/customer-reviews/RWDKAHTHB1CMC/ref=cm_cr_getr_d_rvw_ttl?ie=UTF8&ASIN=B0CJMP22XX,"5.0 "," the United States "," January 22, 2025",Color: Matte BlackStyle: Cash Strap,,Perfect gift for my son who travels frequently for work and spends much time outdoors.,
Leslie M.,Loved product,https://www.amazon.com/gp/customer-reviews/R1KYSBT2QBCB07/ref=cm_cr_getr_d_rvw_ttl?ie=UTF8&ASIN=B0CJMP22XX,"5.0 "," the United States "," January 22, 2025",Color: Matte Carbon FiberStyle: Cash Strap,Verified Purchase,"Great wallet, serves the purpose for which I purchased!",
Michael Mataczynski,Bought as a gift,https://www.amazon.com/gp/customer-reviews/R3Q7W9T7WGYD0Y/ref=cm_cr_getr_d_rvw_ttl?ie=UTF8&ASIN=B0CJMP22XX,"5.0 "," the United States "," January 21, 2025",Color: Damascus AluminumStyle: Money Clip,Verified Purchase,This was a gift to a teenager. They loved it. They were surprised when they opened it and they said the quality is great,
Jong,nice wallet bad money band.,https://www.amazon.com/gp/customer-reviews/RJ5UWIVNEH945/ref=cm_cr_getr_d_rvw_ttl?ie=UTF8&ASIN=B0CJMP22XX,"3.0 "," the United States "," January 21, 2025",Color: Gunmetal TitaniumStyle: Cash Strap,Verified Purchase,"Im a guy that likes to keep cash on him always since you never know what will happen but when i go to use the money band, the money band doesn’t even have a semi good grip on my money despite there being multiple bills that have been folded which should have been more than enough to be gripped. The little metal plate with the logo that goes on the band has also repeatedly fallen off despite me fixing it back on multiple times. By the way it has only been 8 days since I’ve gotten this wallet. Other than that, I do like the wallet but just would not rely on it for holding onto money at all.",
Roger Hertzel,great wallet,https://www.amazon.com/gp/customer-reviews/R1O3QWNH374XU4/ref=cm_cr_getr_d_rvw_ttl?ie=UTF8&ASIN=B0CJMP22XX,"5.0 "," the United States "," January 21, 2025",Color: Matte Carbon FiberStyle: Money Clip,Verified Purchase,better than expected,
Mark Bigler,Good wallet,https://www.amazon.com/gp/customer-reviews/RJRWBN4B8DHCM/ref=cm_cr_getr_d_rvw_ttl?ie=UTF8&ASIN=B0CJMP22XX,"5.0 "," the United States "," January 21, 2025",Color: Matte BlackStyle: Money Clip,Verified Purchase,Easy to use and feels safe from crime.,
Sadiegirl,Cash strap is not what I was looking for…,https://www.amazon.com/gp/customer-reviews/R2GDNBUQ4XF79M/ref=cm_cr_getr_d_rvw_ttl?ie=UTF8&ASIN=B0CJMP22XX,"3.0 "," the United States "," January 21, 2025",Color: Walnut Wood CarbonStyle: Cash Strap,Verified Purchase,"I thought I would get the strap so the clip wouldn’t rub a hole in my pocket. However, I found that the strap did not hold the bills securely enough.  Card capacity was excellent! I was able to fit 9 cards in all (and probably could have put in a few more).  Organization was fine. Had to look through the entire stack of contents each time when needing to find something particular. Old muscle memory from the previous wallet I guess!??!  Overall…nice. I just think I personally need something different.",
Scott Creager,Poor,https://www.amazon.com/gp/customer-reviews/RPLH5XSW2LXRY/ref=cm_cr_getr_d_rvw_ttl?ie=UTF8&ASIN=B0CJMP22XX,"1.0 "," the United States "," January 21, 2025",Color: Matte Carbon FiberStyle: Money Clip,,No slots for credit cards,
CKB,An excellent minimalist wallet.,https://www.amazon.com/gp/customer-reviews/R2ZCPDO7MH45MF/ref=cm_cr_getr_d_rvw_ttl?ie=UTF8&ASIN=B0CJMP22XX,"5.0 "," the United States "," January 21, 2025",Color: Red Wood CarbonStyle: Cash Strap,Verified Purchase,"Selecting a wallet is a very personal thing.  My own tastes and requirements have changed over the years.  For where I am today, the Mountain Voyage is just about perfection.  I like its style, durability, and extreme minimalist design.  It seems to do just what I need and nothing more.  It may or may not be the wallet you are looking for, so let me say a few things about why I like it so much, and perhaps that will help you choose.The elastic bands let me carry six to eight cards in perfect security.  The cards are protected so the edges don't wear, and they will not fall out even if you shake it vigorously. I have lost a credit card by having it fall out of a rigid box wallet that was under-filled and do not want to have that experience again. So: perfect.It incorporates a money clip or cash strap, which can be removed or replaced as you like: integrated with the design, not an afterthought glued on to the back.  The capacity is right in line with the number of bills I want to have on hand in my everyday life.I am not keen on lever mechanisms that present the cards in a wallet.  They add bulk and weight and seem to always make it easier to lose cards or spray them out all over the counter.  With the Mountain Voyage, I push the cards out a bit with my thumb, and the one I usually want is right there on top.  If I need a different one, I find it's perfectly convenient to pull the stack of cards out another inch or so so I can pick through them.  It's not a difficult trick to master, and I call it a fair trade for the compactness and security.So, all in all: very happy.  If it seems like the wallet for you, give it a try.",2
Amazon Customer,nice wallet,https://www.amazon.com/gp/customer-reviews/R4DGITYO62KIA/ref=cm_cr_getr_d_rvw_ttl?ie=UTF8&ASIN=B0CJMP22XX,"5.0 "," the United States "," January 21, 2025",Color: Walnut WoodStyle: Money Clip,Verified Purchase,"great deal, thnaks",
crzy4bks,Definitely recommend!,https://www.amazon.com/gp/customer-reviews/R3PNCQTGVEXJYP/ref=cm_cr_getr_d_rvw_ttl?ie=UTF8&ASIN=B0CJMP22XX,"5.0 "," the United States "," January 20, 2025",Color: Army GreenStyle: Money Clip,Verified Purchase,Use it daily,
Jerry Nichols,wallet,https://www.amazon.com/gp/customer-reviews/R3B2LEEXK0AW26/ref=cm_cr_getr_d_rvw_ttl?ie=UTF8&ASIN=B0CJMP22XX,"5.0 "," the United States "," January 20, 2025",Color: Beech Wood CarbonStyle: Money Clip,,just what I wanted,
Benajmin,Durable high quality walmart with a good price,https://www.amazon.com/gp/customer-reviews/RO6VXB8UQLBZG/ref=cm_cr_getr_d_rvw_ttl?ie=UTF8&ASIN=B0CJMP22XX,"5.0 "," the United States "," January 19, 2025",Color: Matte GreyStyle: Money Clip,,"I got this wallet over a year ago to replace my leather folding wallet, and I have no regrets! I originally came across the ridge wallet, but I was put off by the price. This wallet is one third of the price yet seems to be every bit as good as far as function and durability go. I think the ridge uses metal plates instead of the hard plastic ones of this one (but I honestly thought they were both metal until I was rereading some of the reviews here!). The elastic bands have continued to hold up and perform like they are brand new, as well as the money clip, which has yet to get stretched out even with massive wads of cash. Ive also been fairly clumsy with this wallet and have dropped it plenty of times! The only problem I've really noticed is with the style of this wallet: your cards will get scraped up a lot faster. But I haven't had any of the cards actually stop working due to this. Needless to say, this is am excellent choice for a wallet, and it has blown away my expectations!",
norm,Like it,https://www.amazon.com/gp/customer-reviews/R30XBPNGX9AMUC/ref=cm_cr_getr_d_rvw_ttl?ie=UTF8&ASIN=B0CJMP22XX,"5.0 "," the United States "," January 19, 2025",Color: Vintage Brown LeatherStyle: Cash Strap,Verified Purchase,Works and is made well.  It's nice and compact.,
"john bushnell, jr.",Great replacement for the old wallet,https://www.amazon.com/gp/customer-reviews/R2VS972HQIVC1Z/ref=cm_cr_getr_d_rvw_ttl?ie=UTF8&ASIN=B0CJMP22XX,"5.0 "," the United States "," January 19, 2025",Color: Greystone AluminumStyle: Money Clip,Verified Purchase,Thought I would give this a try to replace my current wallet and I love it. Easily holds 10-12 cards without it getting too bulky.,
Sally C.,Everything you could want,https://www.amazon.com/gp/customer-reviews/R20PGKQRBMZ30G/ref=cm_cr_getr_d_rvw_ttl?ie=UTF8&ASIN=B0CJMP22XX,"4.0 "," the United States "," January 19, 2025",Color: Matte Carbon FiberStyle: Cash Strap,Verified Purchase,Definitely a more masculine or outdoorsy vibe.  Easy to get your cards in and out and the elastic band for cash works great.  Easy to find in your purse because of the metal.  Slim enough for any pocket.,
rrk,too small for just about anything,https://www.amazon.com/gp/customer-reviews/R31AX8HCTCI3TW/ref=cm_cr_getr_d_rvw_ttl?ie=UTF8&ASIN=B0CJMP22XX,"1.0 "," the United States "," January 19, 2025",Color: Tumbled TitaniumStyle: Money Clip,Verified Purchase,This is just tiny and the sharp corners would ruin pockets quickly,
I don’t love the smell but is a good product for my hair,Good material,https://www.amazon.com/gp/customer-reviews/R3HTUVWPPPJJHP/ref=cm_cr_getr_d_rvw_ttl?ie=UTF8&ASIN=B0CJMP22XX,"5.0 "," the United States "," January 19, 2025",Color: Army GreenStyle: Money Clip,Verified Purchase,My boyfriend love it and more because it is his favorite color,
Amazon Customer,Pricing good! Delivery was SUPER FAST!,https://www.amazon.com/gp/customer-reviews/R1N8IXSFD9T9KZ/ref=cm_cr_getr_d_rvw_ttl?ie=UTF8&ASIN=B0CJMP22XX,"4.0 "," the United States "," January 19, 2025",Color: Onyx Black LeatherStyle: Money Clip,Verified Purchase,The only negative comment would be that it is difficult to get the cards into.,
April Hill,Its pretty,https://www.amazon.com/gp/customer-reviews/R2VPCUO3DR0VPE/ref=cm_cr_getr_d_rvw_ttl?ie=UTF8&ASIN=B0CJMP22XX,"5.0 "," the United States "," January 19, 2025",Color: Electric PinkStyle: Money Clip,Verified Purchase,"Got sick of my old bulky wallet so bought this to replace it. It really made me stop and think about what cards I really need to carry around. The money clip keeps bills secure. The wallet is slim, the cards are easy to get out, and it fits well in my front pocket. It's a great little wallet if you don't need to carry much around in your wallet.",
Julie,"Well made, compact, easy to use",https://www.amazon.com/gp/customer-reviews/RM07DAEL4033C/ref=cm_cr_getr_d_rvw_ttl?ie=UTF8&ASIN=B0CJMP22XX,"5.0 "," the United States "," January 18, 2025",Color: Electric PinkStyle: Money Clip,Verified Purchase,"I like that the money clip clips inside my purse to avoid losing it, I like being able to add an iTag, it hold my cards well. Saves space!",
charles dufore,Quality,https://www.amazon.com/gp/customer-reviews/R24C385D1LUQKL/ref=cm_cr_getr_d_rvw_ttl?ie=UTF8&ASIN=B0CJMP22XX,"5.0 "," the United States "," January 18, 2025",Color: Matte Carbon FiberStyle: Money Clip,Verified Purchase,How it's made and looks,
Lyndee Wallace,My  husband’s choice!,https://www.amazon.com/gp/customer-reviews/R1X6JAU7716PXW/ref=cm_cr_getr_d_rvw_ttl?ie=UTF8&ASIN=B0CJMP22XX,"5.0 "," the United States "," January 17, 2025",Color: Damascus AluminumStyle: Money Clip,Verified Purchase,He likes the size and slim design.  He was able to put all his cards in it and it’s not as thick as his old leather wallet.  He glad that his cards are RFID protected.  It will take some getting used to the compact design and retrieving his cards.,
Amazon Customer,Small and secure,https://www.amazon.com/gp/customer-reviews/R2Y20INSSVVIG7/ref=cm_cr_getr_d_rvw_ttl?ie=UTF8&ASIN=B0CJMP22XX,"5.0 "," the United States "," January 17, 2025",Color: Walnut WoodStyle: Money Clip,Verified Purchase,Gift,
Amanda Switek,Didn't work right,https://www.amazon.com/gp/customer-reviews/R3DUEC9AIP64PM/ref=cm_cr_getr_d_rvw_ttl?ie=UTF8&ASIN=B0CJMP22XX,"1.0 "," the United States "," January 16, 2025",Color: Matte Carbon FiberStyle: Money Clip,Verified Purchase,"Cards would stick, not easy to use",
Darin Thornton,Style,https://www.amazon.com/gp/customer-reviews/R1QJ98CDWE3E6B/ref=cm_cr_getr_d_rvw_ttl?ie=UTF8&ASIN=B0CJMP22XX,"5.0 "," the United States "," January 16, 2025",Color: Matte Navy BlueStyle: Money Clip,Verified Purchase,Very convenient,
Gregory John Anderson,Don't buy the wood ones,https://www.amazon.com/gp/customer-reviews/R2ICPOL3CDF9TD/ref=cm_cr_getr_d_rvw_ttl?ie=UTF8&ASIN=B0CJMP22XX,"1.0 "," the United States "," January 16, 2025",Color: Walnut WoodStyle: Money Clip,Verified Purchase,I got a wood one that started cracking a month into using it. All it did was sit in my pocket. So I returned it and not planning on buying a new one.,
Fran,Code 118 Walket,https://www.amazon.com/gp/customer-reviews/R1TF4H8QBF8Q63/ref=cm_cr_getr_d_rvw_ttl?ie=UTF8&ASIN=B0CJMP22XX,"5.0 "," the United States "," January 16, 2025",Color: Electric PinkStyle: Money Clip,Verified Purchase,"Love, love, love it!  It’s small, compact and easy to carry in a pocket.  Holds up to 14 cards as well as cash bills in the band.  I don’t even carry a purse now, just my wallet with Drivers Licence, med cards, AAA card, etc  all in one.",
Amazon Customer,Credit card wallet,https://www.amazon.com/gp/customer-reviews/R2RKD5O95ZIUSB/ref=cm_cr_getr_d_rvw_ttl?ie=UTF8&ASIN=B0CJMP22XX,"3.0 "," the United States "," January 16, 2025",Color: Electric PinkStyle: Cash Strap,,I’m not very pleased with it. Very hard to get into.,
Jen Hoffman,My son loves it,https://www.amazon.com/gp/customer-reviews/R2DP75VJHR873U/ref=cm_cr_getr_d_rvw_ttl?ie=UTF8&ASIN=B0CJMP22XX,"5.0 "," the United States "," January 16, 2025",Color: Walnut Wood CarbonStyle: Money Clip,Verified Purchase,"My teen son received it as a gift from his girlfriend, I bought it from my account. It holds his license, school ID, debit cards, easily. He's not a fan of the money clip on the outside of it, which catches on his pants pocket; so he is worried he'll lose his money. I advised him to turn the clip inwards, rather than outwards, but he still feels it's too easy for money to slide out. He loves how he can drive with it in his pocket, while with his old wallet, he had to take it out of his back pocket to drive comfortably. All in all, it's a hit. He recommends.",
vonda rush,Not easy,https://www.amazon.com/gp/customer-reviews/R246XEZ898JNQJ/ref=cm_cr_getr_d_rvw_ttl?ie=UTF8&ASIN=B0CJMP22XX,"2.0 "," the United States "," January 16, 2025",Color: Matte RedStyle: Cash Strap,Verified Purchase,I loved the look and size of the wallet but it was hard to use. When I tried to push up the cards it was difficult to take one out and if I pressed the edge to open it up wider all the cards World pop out.,
Steve Singer,Just what I wanted,https://www.amazon.com/gp/customer-reviews/R4K0MNGOJEZKG/ref=cm_cr_getr_d_rvw_ttl?ie=UTF8&ASIN=B0CJMP22XX,"5.0 "," the United States "," January 15, 2025",Color: Matte Navy BlueStyle: Money Clip,Verified Purchase,"Excellent money clip and card wallet. Very small and compact. It takes a little getting used to since I was used to a larger wallet with easier access. The cards don’t fan out, but I can deal with it. I put my most used card at the front and my second most used card on the outside of the inside if that makes sense , so when I push up, both cards are easier to get at. The cards in between my two most used cards are the cards I use the least. You can fit a lot of cards in it, but I only use 5. As you can see in the pictures, my two most used cards sandwich the least used cards. Hope this was helpful.",
Boston Brannan,When you wanna be a minimalist,https://www.amazon.com/gp/customer-reviews/R30OKT85P766OD/ref=cm_cr_getr_d_rvw_ttl?ie=UTF8&ASIN=B0CJMP22XX,"5.0 "," the United States "," January 15, 2025",Color: Matte Navy BlueStyle: Money Clip,Verified Purchase,"Fits comfortably in pocket. Has a warranty (who doesn’t enjoy one of those!?) Magnificently downsized my cards, created more space. Comes with a detachable money clip.",
Jill D.,Not for elderly,https://www.amazon.com/gp/customer-reviews/R2XKA2JCJZT5S6/ref=cm_cr_getr_d_rvw_ttl?ie=UTF8&ASIN=B0CJMP22XX,"1.0 "," the United States "," January 15, 2025",Color: Matte Navy BlueStyle: Money Clip,Verified Purchase,Too hard to use for the elderly,
GG,Difficult wallet,https://www.amazon.com/gp/customer-reviews/R1EZFIQ088IBHX/ref=cm_cr_getr_d_rvw_ttl?ie=UTF8&ASIN=B0CJMP22XX,"1.0 "," the United States "," January 15, 2025",Color: Matte Carbon FiberStyle: Cash Strap,Verified Purchase,"Well made but extremely hard to retrieve cards, DL if you anything more than a few items. Do yourself a favor and get the money clip, it’s removal where the money strap isn’t.. and that is useless if you have more a few bills",
Jayson Fricke,Not a longevity product,https://www.amazon.com/gp/customer-reviews/RXKSFJOFMNPA4/ref=cm_cr_getr_d_rvw_ttl?ie=UTF8&ASIN=B0CJMP22XX,"2.0 "," the United States "," January 15, 2025",Color: Walnut WoodStyle: Money Clip,Verified Purchase,In the beginning i loved it but after 6 months it fell apart and I lost the screws,
Christine DiLonardo,My son loved this hardcover wallet,https://www.amazon.com/gp/customer-reviews/R19BU9G48K8PQJ/ref=cm_cr_getr_d_rvw_ttl?ie=UTF8&ASIN=B0CJMP22XX,"5.0 "," the United States "," January 15, 2025",Color: Army GreenStyle: Money Clip,,Definitely a great purchase. Sleek design and the matte green is great too!! Looks expensive and definitely great quality for a $30ish dollar tactical wallet.,
neil cohen,Works as advertised,https://www.amazon.com/gp/customer-reviews/R29BMTXY7TMSF3/ref=cm_cr_getr_d_rvw_ttl?ie=UTF8&ASIN=B0CJMP22XX,"5.0 "," the United States "," January 14, 2025",Color: Matte Carbon FiberStyle: Money Clip,Verified Purchase,Compact and comfortable in the front pocket. Cards stay in place.,
Kurt Szabo,Nice Item,https://www.amazon.com/gp/customer-reviews/RY8PSMK7A1MOH/ref=cm_cr_getr_d_rvw_ttl?ie=UTF8&ASIN=B0CJMP22XX,"5.0 "," the United States "," January 14, 2025",Color: Matte RedStyle: Money Clip,,"It appears to be of good quality. This is the second of these minimalist wallets that I've bought. The design crushes the amount of space needed in your pocket. This is comfortable in a front pocket. It's a bit odd finding a random card but really I always put the one credit card that I almost always use on one side and it's easy to find. I carry 10 cards but most of them are not often used. If you always use one or two cards you can put them on the sides and you can find them easily, getting a random card basically means, pushing the cards out a bit with the finger dent and then taking all the cards out and sorting through them... maybe looking for an odd edge colored card can work. It's not quite as convenient looking for many cards but I don't do that often, and the small size and security makes it worth it. The cards are surrounded by metal so they are clearly RFID protected which was one of the features I was originally looking for with the small type wallet. I got the red one, a bit unique for me, I like that the color pops a bit when I'm looking for it on the counter.",
Little One,Tried this for 1 month and my credit cards started separating and peeling.,https://www.amazon.com/gp/customer-reviews/R3QLV2AEG4K28D/ref=cm_cr_getr_d_rvw_ttl?ie=UTF8&ASIN=B0CJMP22XX,"1.0 "," the United States "," January 14, 2025",Color: Electric PinkStyle: Cash Strap,Verified Purchase,I thought it was simple and easy to use. The size was perfect. My problem is I don’t wanna order New credit cards every few months because the numbers peeled off. I am probably going to have to replace three cards within the next few months due to peeling away from the main card. I was lucky that it happened within my return period.,
Ronaldo Garcia,Nop,https://www.amazon.com/gp/customer-reviews/R1VXS2V47YZQNG/ref=cm_cr_getr_d_rvw_ttl?ie=UTF8&ASIN=B0CJMP22XX,"2.0 "," the United States "," January 14, 2025",Color: Walnut WoodStyle: Money Clip,Verified Purchase,"It's not very durable, try another product.",
John R Hill,Awesome!!!,https://www.amazon.com/gp/customer-reviews/R1HRRVRLSMB2GO/ref=cm_cr_getr_d_rvw_ttl?ie=UTF8&ASIN=B0CJMP22XX,"5.0 "," the United States "," January 14, 2025",Color: Matte RedStyle: Money Clip,Verified Purchase,I love this wallet. It is sleek and durable it holds the cards very well it’s easy to get in and out. And the money clip is removable,
Lonnie Miller,It’s just ok.,https://www.amazon.com/gp/customer-reviews/RGD0J7BNF7OV3/ref=cm_cr_getr_d_rvw_ttl?ie=UTF8&ASIN=B0CJMP22XX,"2.0 "," the United States "," January 14, 2025",Color: Matte OrangeStyle: Money Clip,Verified Purchase,It’s just ok not what I expected.,
Jenny Hardin,Great,https://www.amazon.com/gp/customer-reviews/RWGX16OOUQ8IH/ref=cm_cr_getr_d_rvw_ttl?ie=UTF8&ASIN=B0CJMP22XX,"5.0 "," the United States "," January 14, 2025",Color: Walnut WoodStyle: Money Clip,,👍,
jeffrey colman,"Very similar to another name brand, half the price!",https://www.amazon.com/gp/customer-reviews/R1K3X6MQM94WKU/ref=cm_cr_getr_d_rvw_ttl?ie=UTF8&ASIN=B0CJMP22XX,"5.0 "," the United States "," January 13, 2025",Color: Vintage Brown LeatherStyle: Money Clip,Verified Purchase,"A family member had a wallet from a very expensive name brand. He specifically liked the feel of that wallet and the way the cards come out of the wallet. His wallet had started looking like it had seen better days but he was having trouble finding a good replacement. I ordered this as a birthday gift, and he is extremely happy with the look and feel of this wallet.",
Pablo M Caraballo,Awesome,https://www.amazon.com/gp/customer-reviews/R167KFYUDZM820/ref=cm_cr_getr_d_rvw_ttl?ie=UTF8&ASIN=B0CJMP22XX,"5.0 "," the United States "," January 13, 2025",Color: Matte BlackStyle: Money Clip,Verified Purchase,Awesome money clip! Durable,
D Hay,Great wallet,https://www.amazon.com/gp/customer-reviews/R1HCI9H536F2TB/ref=cm_cr_getr_d_rvw_ttl?ie=UTF8&ASIN=B0CJMP22XX,"5.0 "," the United States "," January 12, 2025",Color: Walnut WoodStyle: Money Clip,Verified Purchase,"Really nice RFID wallet for those who refuse to pay big money for ""name brand"" The money clip holds about 5-6 bills comfortably. I have 5 credit cards and 5 various forms of ID and insurance cards and it holds them comfortably.",
Julia Patricia catari,Nice material,https://www.amazon.com/gp/customer-reviews/R38OFCYLK8XAFP/ref=cm_cr_getr_d_rvw_ttl?ie=UTF8&ASIN=B0CJMP22XX,"5.0 "," the United States "," January 12, 2025",Color: Army GreenStyle: Cash Strap,Verified Purchase,My boyfriend real my like it,
observant one,Gave to son for Christmas,https://www.amazon.com/gp/customer-reviews/R3VNVEH95DJN47/ref=cm_cr_getr_d_rvw_ttl?ie=UTF8&ASIN=B0CJMP22XX,"5.0 "," the United States "," January 11, 2025",Color: Matte Carbon FiberStyle: Cash Strap,Verified Purchase,He loves it. Much sturdier than his old leather wallet,
mama q,It kept falling apart. So I just threw it in a drawer,https://www.amazon.com/gp/customer-reviews/R3EZLENMH8LQ17/ref=cm_cr_getr_d_rvw_ttl?ie=UTF8&ASIN=B0CJMP22XX,"1.0 "," the United States "," January 11, 2025",Color: Walnut WoodStyle: Money Clip,Verified Purchase,Waste of money,
Les,Not Impressed,https://www.amazon.com/gp/customer-reviews/R1EBS2IWZTBE9H/ref=cm_cr_getr_d_rvw_ttl?ie=UTF8&ASIN=B0CJMP22XX,"2.0 "," the United States "," January 11, 2025",Color: Matte Navy BlueStyle: Cash Strap,,"No protection on the inside for cards so it can easily scrape magnetic stripes with repeated use.  Difficult to extract cards and must use 2 hands.  For anything more than 1 card, you have to manually fumble through the cards, which can easily cause you to drop 1 or more cards.  So in summary, good if you want to encase 1 card for frequent use separate from a main wallet, but otherwise not at all impressed and would not buy again.",
SJM,Good Value,https://www.amazon.com/gp/customer-reviews/R1MH2JXVBE7I9K/ref=cm_cr_getr_d_rvw_ttl?ie=UTF8&ASIN=B0CJMP22XX,"4.0 "," the United States "," January 10, 2025",Color: Walnut WoodStyle: Money Clip,Verified Purchase,"At purchase: 5 stars Looks great After 2 months: 4 stars Still working, but I feel the band getting weaker.",
ocean,It is very uncomfortable to use.,https://www.amazon.com/gp/customer-reviews/R259M6GFA0UPJ0/ref=cm_cr_getr_d_rvw_ttl?ie=UTF8&ASIN=B0CJMP22XX,"2.0 "," the United States "," January 10, 2025",Color: Matte Carbon FiberStyle: Money Clip,Verified Purchase,"I purchased this product after reading the reviews on Amazon and thinking it might be a good choice. However, after using it, I found it very inconvenient. First of all, if you put multiple cards in it, it's extremely difficult to take out the card you want, especially if it’s in the middle. The quality of the product was beyond my expectations, but due to the inconvenience of using it, I decided to return it.",
evan,Great wallet,https://www.amazon.com/gp/customer-reviews/R2UJUBH89RBTCJ/ref=cm_cr_getr_d_rvw_ttl?ie=UTF8&ASIN=B0CJMP22XX,"5.0 "," the United States "," January 10, 2025",Color: Walnut WoodStyle: Money Clip,Verified Purchase,"Easy to use, this thing is tough and secure. My cards don’t slip out. Money clip works great. Perfect for what I need.",
Sgt13Echo,Exactly what I needed,https://www.amazon.com/gp/customer-reviews/RBUO3BZ7VNN38/ref=cm_cr_getr_d_rvw_ttl?ie=UTF8&ASIN=B0CJMP22XX,"5.0 "," the United States "," January 9, 2025",Color: Army GreenStyle: Money Clip,Verified Purchase,I've been carrying around a big brown wallet for a long time and it's just too bulky. I've Heard about these minimalist wallets and wanted to try it out. I'm not disappointed at all I really enjoy it I can have it in my front pocket and hardly know it's there. The one thing I really like about it is it blocks RFID so that's a huge bonus.,
Nightrider,Great minimalist wallet,https://www.amazon.com/gp/customer-reviews/R1N9OPOM2HS9RZ/ref=cm_cr_getr_d_rvw_ttl?ie=UTF8&ASIN=B0CJMP22XX,"4.0 "," the United States "," January 9, 2025",Color: Army GreenStyle: Cash Strap,Verified Purchase,I like how thin and small it is. But it's definitely not something I would use on a daily basis. I'm so used to bifolds that it was weird for me to have this in my pocket. Would recommend if it something you can use.,
donald diones,Review,https://www.amazon.com/gp/customer-reviews/R3NIIAWYCVBFC5/ref=cm_cr_getr_d_rvw_ttl?ie=UTF8&ASIN=B0CJMP22XX,"3.0 "," the United States "," January 9, 2025",Color: Matte OrangeStyle: Money Clip,Verified Purchase,It has a limit so how much it will hold,
Lester Brownlee,Storage,https://www.amazon.com/gp/customer-reviews/R2TII3JQYEASQU/ref=cm_cr_getr_d_rvw_ttl?ie=UTF8&ASIN=B0CJMP22XX,"2.0 "," the United States "," January 9, 2025",Color: Walnut WoodStyle: Money Clip,Verified Purchase,"Attractive, but totally too small. I need to hold several cards safely , along with several bill. Am returning it.",
Ricky,Compact and slim!,https://www.amazon.com/gp/customer-reviews/R3C5VC1U83H5I0/ref=cm_cr_getr_d_rvw_ttl?ie=UTF8&ASIN=B0CJMP22XX,"5.0 "," the United States "," January 9, 2025",Color: Army GreenStyle: Cash Strap,Verified Purchase,Can never go back this saves so much space,
Alberto,Looks great but the edges are sharp,https://www.amazon.com/gp/customer-reviews/ROMJ9WAKU2827/ref=cm_cr_getr_d_rvw_ttl?ie=UTF8&ASIN=B0CJMP22XX,"3.0 "," the United States "," January 9, 2025",Color: Matte OrangeStyle: Money Clip,Verified Purchase,"This is the second wallet of this style that I buy, I really like the form factor and the color/finish in this one is great.  However, it is not comfortable because the aluminum plate is larger than the plastic backing which leaves a hanging aluminum edge that is very sharp on your hand and fingers.",
Vamsi,"Stylish and Compact, But Cash Strap Falls Short",https://www.amazon.com/gp/customer-reviews/RDP2AHYSNGNA0/ref=cm_cr_getr_d_rvw_ttl?ie=UTF8&ASIN=B0CJMP22XX,"2.0 "," the United States "," January 9, 2025",Color: Beech Wood CarbonStyle: Cash Strap,Verified Purchase,"wallet’s wood finish is sleek and stylish, perfect for minimalist use. However, the cash strap wears out quickly, even with minimal use, which affects its durability. Great design, but strap quality needs improvement. Overall, a decent but flawed wallet.",
joel,2 Years and counting,https://www.amazon.com/gp/customer-reviews/R2460FCZU00YIO/ref=cm_cr_getr_d_rvw_ttl?ie=UTF8&ASIN=B0CJMP22XX,"5.0 "," the United States "," January 9, 2025",Color: Walnut WoodStyle: Money Clip,Verified Purchase,"I have had it for about two years, and no issues whatsoever. Nothing has broke, failed, or chipped. It has been used and abused. I love it!",
Jonathan Wilhelm,Perfect Gift,https://www.amazon.com/gp/customer-reviews/R2S19KOPUH5B27/ref=cm_cr_getr_d_rvw_ttl?ie=UTF8&ASIN=B0CJMP22XX,"5.0 "," the United States "," January 9, 2025",Color: Beech Wood CarbonStyle: Money Clip,Verified Purchase,Got this for my son!  He really likes it.  Much better than he traditional wallets.,
Amazon Customer,My teen loved it,https://www.amazon.com/gp/customer-reviews/R2N53T0E27GWS9/ref=cm_cr_getr_d_rvw_ttl?ie=UTF8&ASIN=B0CJMP22XX,"5.0 "," the United States "," January 9, 2025",Color: Army GreenStyle: Money Clip,Verified Purchase,My 14 year old asked for this for Christmas and was pumped when it was in his stocking! He’s proudly showed it off to all his friends - The money clip is tight which I appreciate it and it hold a few cards! It also is solid- let’s hope he doesn’t lose this one,
Scott B,Great deal,https://www.amazon.com/gp/customer-reviews/R199TG5GBW86GD/ref=cm_cr_getr_d_rvw_ttl?ie=UTF8&ASIN=B0CJMP22XX,"5.0 "," the United States "," January 9, 2025",Color: Army GreenStyle: Cash Strap,Verified Purchase,Very happy with this purchase. Easy to use and very slim!,
Steve Rails,Zero stars.,https://www.amazon.com/gp/customer-reviews/RCUO4RNGZ9FP6/ref=cm_cr_getr_d_rvw_ttl?ie=UTF8&ASIN=B0CJMP22XX,"1.0 "," the United States "," January 8, 2025",Color: Khaki LeatherStyle: Money Clip,Verified Purchase,I got it today and the money clip part fell apart as I was putting. $24 dollars in it.  One $20 and 4 dollar bills.  Crap.  It’s cheap but don’t fall for it.  But the more expensive one,
TEDD WILLIS,Card Holder,https://www.amazon.com/gp/customer-reviews/R3EQGKDS3H4AV6/ref=cm_cr_getr_d_rvw_ttl?ie=UTF8&ASIN=B0CJMP22XX,"5.0 "," the United States "," January 8, 2025",Color: Army GreenStyle: Money Clip,Verified Purchase,Compact and easy to retrieve cards.,
stacey,Solid and strong,https://www.amazon.com/gp/customer-reviews/RRVQJS135NF4V/ref=cm_cr_getr_d_rvw_ttl?ie=UTF8&ASIN=B0CJMP22XX,"5.0 "," the United States "," January 8, 2025",Color: Matte Navy BlueStyle: Money Clip,Verified Purchase,Purchased for my husband. He loves this wallet with money clip. Took a minute to get used to but he says it easy to use. Good quality and is holding up well,
"The Leather And Style , Make’s Everything Fit Just Right, Very Comfortable Shoulder Setting’s, Very Glad To Have Purchased This Item, Cost And Quality, Can’t Get Any Better,.","It’s Size Isn’t A Joke , It’s Small",https://www.amazon.com/gp/customer-reviews/R2MACIU9K4FV4E/ref=cm_cr_getr_d_rvw_ttl?ie=UTF8&ASIN=B0CJMP22XX,"5.0 "," the United States "," January 8, 2025",Color: Walnut WoodStyle: Money Clip,Verified Purchase,"The Product Came Very Nicely Packaged, With All The Bell’s And Whistles Inside, Would I Buy Another One Ues Thank Uou’s",
Christina,Description is corrected,https://www.amazon.com/gp/customer-reviews/R14IQKT80OBCVW/ref=cm_cr_getr_d_rvw_ttl?ie=UTF8&ASIN=B0CJMP22XX,"2.0 "," the United States "," January 8, 2025",Color: Gunmetal TitaniumStyle: Cash Strap,Verified Purchase,Product is as shown in photos and description.,
Summer,Great wallet,https://www.amazon.com/gp/customer-reviews/R135JDCAMJ95KE/ref=cm_cr_getr_d_rvw_ttl?ie=UTF8&ASIN=B0CJMP22XX,"4.0 "," the United States "," January 8, 2025",Color: Army GreenStyle: Cash Strap,Verified Purchase,It is very compact and good quality. However it is very limited if you have a lot of cards you need to carry with you for work. Other than that I recommend this wallet for a gift.,
TomKat5506,beautiful piece! And my son loved it!,https://www.amazon.com/gp/customer-reviews/R2U2508HA0U9AO/ref=cm_cr_getr_d_rvw_ttl?ie=UTF8&ASIN=B0CJMP22XX,"5.0 "," the United States "," January 7, 2025",Color: Forged AluminumStyle: Money Clip,Verified Purchase,Gift for Christmas and it was a hit!,
MH$H1N0B1,Trash but flashy,https://www.amazon.com/gp/customer-reviews/R2GEFSCPJKLR5V/ref=cm_cr_getr_d_rvw_ttl?ie=UTF8&ASIN=B0CJMP22XX,"1.0 "," the United States "," January 7, 2025",Color: Walnut WoodStyle: Money Clip,Verified Purchase,It's so tight that it damages you credit card and debit card information overtime when you store them in this wallet.,3
J. W. Goodrich,Thanks Mom & Dad!,https://www.amazon.com/gp/customer-reviews/R33C5OMWEI3FC3/ref=cm_cr_getr_d_rvw_ttl?ie=UTF8&ASIN=B0CJMP22XX,"5.0 "," the United States "," January 5, 2025",Color: Matte RedStyle: Cash Strap,,"Replacement for my bifold card wallet with billfold clip. Holds exactly what I used to carry, but now I can rest assured with the RFID card protection.",
ELAINE T.,Nice light weight wallet,https://www.amazon.com/gp/customer-reviews/R3EH7YI64QD1C1/ref=cm_cr_getr_d_rvw_ttl?ie=UTF8&ASIN=B0CJMP22XX,"5.0 "," the United States "," January 5, 2025",Color: Matte BlackStyle: Money Clip,Verified Purchase,"This wallet was a gift for our son for Christmas.  Just yesterday, he was over and said he loved the wallet.  It is small compact and fits nicely and very comfortable in his front pocket.  Great purchase and would get it again for someone else.",
Bones,Not worth the price I did not,https://www.amazon.com/gp/customer-reviews/RW7FGF6TWRG3H/ref=cm_cr_getr_d_rvw_ttl?ie=UTF8&ASIN=B0CJMP22XX,"2.0 "," the United States "," January 5, 2025",Color: Matte GreyStyle: Money Clip,Verified Purchase,"I didn’t like it,It is hard to get the cards out of it",
steve carlson,just as discribed perfect,https://www.amazon.com/gp/customer-reviews/RY96IX2TTNRQB/ref=cm_cr_getr_d_rvw_ttl?ie=UTF8&ASIN=B0CJMP22XX,"5.0 "," the United States "," January 5, 2025",Color: Walnut WoodStyle: Money Clip,Verified Purchase,"I like it, better than carrying a wallet",
Roberto Serrano Jr,Everyday use,https://www.amazon.com/gp/customer-reviews/R1CCNT5RJD1NFY/ref=cm_cr_getr_d_rvw_ttl?ie=UTF8&ASIN=B0CJMP22XX,"5.0 "," the United States "," January 5, 2025",Color: Midnight Black TitaniumStyle: Money Clip,,I’ve tried many different style of wallets over the last decade and this by far has been the most convenient and minimalist style ever. Will definitely buy again when needed in the future.,
Amazon Customer,Gift for husband.,https://www.amazon.com/gp/customer-reviews/R36YJWV58GQNDE/ref=cm_cr_getr_d_rvw_ttl?ie=UTF8&ASIN=B0CJMP22XX,"5.0 "," the United States "," January 5, 2025",Color: Walnut WoodStyle: Money Clip,Verified Purchase,My husband loves this wallet. It is very classy and masculine looking. It keeps numerous cards and cash in one place’,
Jean G,Good quality product,https://www.amazon.com/gp/customer-reviews/R1YBVOV70QCI3D/ref=cm_cr_getr_d_rvw_ttl?ie=UTF8&ASIN=B0CJMP22XX,"5.0 "," the United States "," January 5, 2025",Color: Walnut WoodStyle: Money Clip,Verified Purchase,Good product for credit cards and IDs.  Compact.,
Ursula Miller,will not hold what we carry!,https://www.amazon.com/gp/customer-reviews/R2MXFA2CV8A2QQ/ref=cm_cr_getr_d_rvw_ttl?ie=UTF8&ASIN=B0CJMP22XX,"2.0 "," the United States "," January 4, 2025",Color: Matte Carbon FiberStyle: Money Clip,Verified Purchase,"This is fine for one o two cards, absolutely not what we expected!",
Janis Meekma,The clip is great,https://www.amazon.com/gp/customer-reviews/R1TDFDGNRYCZ7X/ref=cm_cr_getr_d_rvw_ttl?ie=UTF8&ASIN=B0CJMP22XX,"5.0 "," the United States "," January 4, 2025",Color: Matte Carbon FiberStyle: Money Clip,Verified Purchase,It’s not huge and fits everything I need.,
17-1141514,Great minimalist wallet,https://www.amazon.com/gp/customer-reviews/R1R6DJ80N1K7BD/ref=cm_cr_getr_d_rvw_ttl?ie=UTF8&ASIN=B0CJMP22XX,"5.0 "," the United States "," January 4, 2025",Color: Matte Carbon FiberStyle: Cash Strap,Verified Purchase,Made in US. Great quality. Very convenient,
gerardo ortiz,Usage,https://www.amazon.com/gp/customer-reviews/RLH6IVKBZ8KUK/ref=cm_cr_getr_d_rvw_ttl?ie=UTF8&ASIN=B0CJMP22XX,"2.0 "," the United States "," January 4, 2025",Color: Matte RedStyle: Money Clip,Verified Purchase,"Nice looking and heavy duty design. For credit card usage not so good, if you use more than two credit cards it is difficult to get the right one out.",
sherry,My son and grandson loved it!,https://www.amazon.com/gp/customer-reviews/RMHH1FVXV06U9/ref=cm_cr_getr_d_rvw_ttl?ie=UTF8&ASIN=B0CJMP22XX,"5.0 "," the United States "," January 4, 2025",Color: Army GreenStyle: Money Clip,Verified Purchase,"Gave it to my grandson for his trip to Europe, and he was thrilled!  Lightweight and easy to keep tightly in a secure place onhis clothing.",
Amazon Customer,Well Constructed,https://www.amazon.com/gp/customer-reviews/R1LTCHSDEDB7MM/ref=cm_cr_getr_d_rvw_ttl?ie=UTF8&ASIN=B0CJMP22XX,"5.0 "," the United States "," January 4, 2025",Color: Gunmetal TitaniumStyle: Cash Strap,Verified Purchase,"Bought this to replace my leather wallet so I can stop carrying one in my back pants pocket. Slim design, simple to use.",
KGB,Quality,https://www.amazon.com/gp/customer-reviews/R24LQE189DHCYH/ref=cm_cr_getr_d_rvw_ttl?ie=UTF8&ASIN=B0CJMP22XX,"2.0 "," the United States "," January 3, 2025",Color: Walnut WoodStyle: Money Clip,Verified Purchase,"Broken corner outside  covering of wallet twice replacement,??? Quality Control or material used",
JGarber,Too hard to get cards out,https://www.amazon.com/gp/customer-reviews/R1ZG575I5OU29W/ref=cm_cr_getr_d_rvw_ttl?ie=UTF8&ASIN=B0CJMP22XX,"2.0 "," the United States "," January 3, 2025",Color: Matte BlackStyle: Money Clip,Verified Purchase,"Material is great and the quality is too. The reason for 2 stars is that once you have all your cards in the wallet, it becomes hard to remove them and then you need to sort through them to find the one you need. I switched back to a standard leather wallet.",
