﻿评论用户,评论概述,评论链接,星级评分,评论地点,评论时间,类型,是否购买,评论详情,觉得该评论有帮助的人数
MR28,"Great shoes, worth it",https://www.amazon.com/gp/customer-reviews/R3N0I70JDL0DJE/ref=cm_cr_getr_d_rvw_ttl?ie=UTF8&ASIN=B0B56TKP6N,"5.0 "," the United States "," January 14, 2025",Size: 8.5 WideColor: W872 | Black (Knit Upper),Verified Purchase,"I recently started getting into barefoot style shoes and these were awesome to start with. They offer a slight amount of support without offering too much. I was pretty sore initially in my legs from using these which I take as a good sign. They are extremely comfortable. The shoes seem durable enough, but time will tell. The toe box is enormous and if you have wide feet these will be great. I anticipate with a little training I’ll enjoy wearing these all the time for walking.",
b,"3 months old, already hole in sole",https://www.amazon.com/gp/customer-reviews/R12QZRS6ZD1FKQ/ref=cm_cr_getr_d_rvw_ttl?ie=UTF8&ASIN=B0B56TKP6N,"1.0 "," the United States "," January 5, 2025",Size: 8 WideColor: W872 | Dark Grey (Knit Upper),Verified Purchase,"I love these shoes, the way the look and fit.  But today I saw the rubber sole wore through on the heel. So these are not a good buy.",
Amazon Customer,Slightly larger,https://www.amazon.com/gp/customer-reviews/R3BL5P35J2K9PO/ref=cm_cr_getr_d_rvw_ttl?ie=UTF8&ASIN=B0B56TKP6N,"5.0 "," the United States "," January 1, 2025",Size: 9.5 WideColor: W872 | Grey Gum (Knit Upper),Verified Purchase,"Bought the gym. They are very nice and comfortable, although if you are barely a size 9.5 I’d recommend trying the 8.5 as they do run a slightly larger. Wish they’d make a size 9",
Joseph F.,My new favorite shoe,https://www.amazon.com/gp/customer-reviews/RVT16HOS4HIDH/ref=cm_cr_getr_d_rvw_ttl?ie=UTF8&ASIN=B0B56TKP6N,"5.0 "," the United States "," December 28, 2024",Size: 9.5 WideColor: W872 | Black Gum (Knit Upper),Verified Purchase,"These are great.  I was skeptical at first, but if you are looking for a comfortable barefoot style shoe do not look any further.  These are super comfortable, and construction of the upper is very nice. The sole is thin and flexible so be prepared for that, you can feel items when you step on them, but then again it's a barefoot shoe.Has a nice cushioned heel that makes it so blisters are not an issue.  If you want a true barefoot shoe at an amazing price get these.",
voltzgj,Solid Gym Shoe,https://www.amazon.com/gp/customer-reviews/R2P8V6MZZEZ6OU/ref=cm_cr_getr_d_rvw_ttl?ie=UTF8&ASIN=B0B56TKP6N,"5.0 "," the United States "," December 28, 2024",Size: 8 WideColor: W872 | Black (Knit Upper),,"I received these as a gift and after just one hour long workout I am happy with the fit and comfort. One thing I greatly appreciate is the small achilles cushion. I wasn't expecting that but it should help them stay ""locked in"".  Some people mention the toe box being smaller than other barefoot brands but I feel like it is a decent size. I have wide feet and they can spread out in these.  If issues arise out of the ordinary I will update.",
Talva,Great shoes & Excellent Customer Service,https://www.amazon.com/gp/customer-reviews/R3VAMZJ6ZYGT1I/ref=cm_cr_getr_d_rvw_ttl?ie=UTF8&ASIN=B0B56TKP6N,"5.0 "," the United States "," December 23, 2024",Size: 10 WideColor: W872 | Dark Grey (Knit Upper),Verified Purchase,"The first pair came in a new box as the first because the first box was badly damaged.  The shoes looked smashed.  After contacting the company through Amazon, they immediately sent me a new pair with the understanding that they won't charge me for the 2nd pair as long as I get the first ones returned to them by the deadline they gave me which was a nice deadline, instead of a very short window of time.  The second pair came in a tight plastic sack on the shoes and an outer plastic mailing pkg. They looked smashed also.  I showed them both to my son in law for his birthday for him to choose if either pair was acceptable for him to wear.  He said these kind of minimalist shoes were supposed to be this way to conform easy with your feet so I gave him both and he was happy!  He has worn these same type of shoes for several years and will probably want these same ones next year too.  SO, the SHOES WERE GREAT, EVEN FOR HIS SERIOUS FEET ISSUES!  PLUS the company's CUSTOMER SERVICE was immediate and EXCELLENT to work with!  Since I can't find a way to go ahead and pay them now for the 2nd pair of shoes instead of waiting until I am past due in paying for them since I am keeping both pairs, I am hoping AMAZON/THE WHITEN COMPANY will see this and go ahead and charge me now (& let me know they did) since we are definitely keeping both pairs!!  Thank you so much for your wonderful and kind help!",
Amazon Customer,Chiropractor Approved,https://www.amazon.com/gp/customer-reviews/R1FU0EL1H46118/ref=cm_cr_getr_d_rvw_ttl?ie=UTF8&ASIN=B0B56TKP6N,"5.0 "," the United States "," December 15, 2024",Size: 9.5 WideColor: W87 | Light Grey,Verified Purchase,"I am a Doctor of Chiropractic, so I'm very particular with how my shoes compliment the biomechanics of the human foot.  The only casual shoes that I wear now are Whitin.  I can wear these shoes comfortably with or without socks.  They look super cool, and they are very affordable.  I have found that they hold up well.  I bought this model, plus another model.  I have had them for at least 6 months and I am very satisfied.What I love about Whitin shoes are the fact that they are built to allow the human foot to simply do what it was designed to do.  This is accomplished in these shoes by having no incline in the heel (zero drop) so the posterior chain of your leg (calf and hamstrings) are not flexed and shortened, and by having a wide toe box so that your toes can spread out as far as they need to.  A zero drop and a wide toe box allow for the proper motion of the 26 bones within the foot.  When the foot moves properly, it absorbs shock.  If the foot doesn't move properly, such as when you are wearing bad shoes (please note:  99% of shoes are made with an incline in the heel and a narrow toe box, and are therefore classified as bad in this doctors opinion), shock will not get absorbed by the foot as well and will get absorbed by your knees, hips, and spine, especially the low back.  Whitin shoes are also great because they are minimalist and have a thin sole.  This allows for greater proprioception between the brain and the feet (proprioception is the brains ability to sense where body parts are in space).  In essence, when you buy shoes, you want them to mimic walking barefoot.  Whitin allows for your feet to do this.  I recommend these shoes to patients on a weekly basis.If you are a human and you have feet, find yourself some high-quality zero drop, wide toe box shoes like Whitins!",5
Daniel g.,"Comfortable, durable, lightweight.",https://www.amazon.com/gp/customer-reviews/R2OYLQX029XT4V/ref=cm_cr_getr_d_rvw_ttl?ie=UTF8&ASIN=B0B56TKP6N,"5.0 "," the United States "," December 12, 2024",Size: 13.5 WideColor: W87 | Black Gum,Verified Purchase,"The canvas and soft leather bond very well. Very durable. These are very comfortable, roomy, flexible barefoot shoes. They have a deliberately thin sole and minimal padding.  They have good traction on wet concrete and in the mud.",
In This Moment,Nice casual dress shoe in black,https://www.amazon.com/gp/customer-reviews/R26ISN3V7ASZ12/ref=cm_cr_getr_d_rvw_ttl?ie=UTF8&ASIN=B0B56TKP6N,"5.0 "," the United States "," December 10, 2024",Size: 9.5 WideColor: W872 | Black (Knit Upper),Verified Purchase,"I bought a pair of Whitin running shoes 6 months ago, and I love them, so a bit of reviewer bias here.  I wanted a pair of casual dress shoes and my old ones are pure torture, so I decided to give these a try.  They look great (after removing the white Whitin tag), and are comfortable with a minimalist feel.  Great for walking and keep my feet from getting too warm.  I wouldn't want to wear them for sports, not as much cushion or support as the running shoe.",
DP,Very comfortable & wide toe box shoe!,https://www.amazon.com/gp/customer-reviews/R23G201ZAIYVQU/ref=cm_cr_getr_d_rvw_ttl?ie=UTF8&ASIN=B0B56TKP6N,"4.0 "," the United States "," December 9, 2024",Size: 13 WideColor: W87 | White Gum,,"I have had a pair of the white Whitin’s with the natural sole for several months... Wide toe box is good very comfortable. White tops get dirty easily but I have not done scotch guard or other similar product to see if that helps. Added $2 inserts for added comfort. Like this product good enough so I would order again. Would suggest ordering with toe socks for max comfort. Overall very comfortable with light inserts.  Very flexible toe, breathable canvas keeps feet comfy, kind of slippery on the soles so light use indoors or light outdoor use. Comfortable for basic weight room exercise…heavy aerobic training, long distance running workout? Style is ok, white sole probably a little nicer appearance for folks who like a one color show.",
Ryan Scharpenberg,Great Product!,https://www.amazon.com/gp/customer-reviews/R3E48CWK1JW208/ref=cm_cr_getr_d_rvw_ttl?ie=UTF8&ASIN=B0B56TKP6N,"5.0 "," the United States "," December 4, 2024",Size: 10 WideColor: W87 | Black Gum,Verified Purchase,Did my research about a cost effective type of barefoot shoe to use when lifting. Very glad I did my research because it led me to this shoe. I have done a lot dynamic lifting with it over the months and haven't notice very much wear and tear. Planning on getting more of these even for casual use in the future!,
protrn,The shoes are not ventalated and are hot after about one hr,https://www.amazon.com/gp/customer-reviews/R39QZR5BWMI63W/ref=cm_cr_getr_d_rvw_ttl?ie=UTF8&ASIN=B0B56TKP6N,"3.0 "," the United States "," December 3, 2024",Size: 7 WideColor: W87 | Black Gum,Verified Purchase,The shoes are not ventilated and are hot after about one hr,
knowledgeispower,Sweet Kicks,https://www.amazon.com/gp/customer-reviews/R19KLFCE6FVCI0/ref=cm_cr_getr_d_rvw_ttl?ie=UTF8&ASIN=B0B56TKP6N,"5.0 "," the United States "," November 29, 2024",Size: 13 WideColor: W87 | Light Grey,Verified Purchase,These are nice barefoot canvas shoes.  They fit me well. I have a very wide toe splay and don't like wearing socks.  These sneaks are perfect and look good.,
Arnaldo,Más calidad,https://www.amazon.com/gp/customer-reviews/R2BB3QEQ7JSL9B/ref=cm_cr_getr_d_rvw_ttl?ie=UTF8&ASIN=B0B56TKP6N,"1.0 "," the United States "," November 26, 2024",Size: 11 WideColor: W87 | Black Gum,Verified Purchase,Muy mala calidad y demasiado caro,
Sara,Best shoes ever for saver tailor bunions,https://www.amazon.com/gp/customer-reviews/R3T7BUWTXFP4KE/ref=cm_cr_getr_d_rvw_ttl?ie=UTF8&ASIN=B0B56TKP6N,"5.0 "," the United States "," November 18, 2024",Size: 8 WideColor: W87 | Black White,,"I got these shoes back a few years ago when my feet first started getting bad and I could no longer wear normal shoes even the widest shoes hurt, these shoes were a godsend. It is now 2024 about 2 years later and hubby just bought me my second pair. I will hopefully get surgery soon but till then these shoes are the only way I'm able to make it threw my 10 hour days at work. Best find ever and I will definitely get more in different colors. If you have bad feet like mine grab a pair and give them a try, I was dieing after 3 hours on my feet before these shoes.",
Caleb,Good shoe,https://www.amazon.com/gp/customer-reviews/R1S8Z7MNAWVTAJ/ref=cm_cr_getr_d_rvw_ttl?ie=UTF8&ASIN=B0B56TKP6N,"4.0 "," the United States "," November 17, 2024",Size: 10 WideColor: W87 | Black White,Verified Purchase,Fits a little big but I don’t mind some extra space. Affordable barefoot/minimalist alternative to converse/vans or whatever style shoes. Thinner flexible sole feels good to walk on and plenty of room for the toes. Can’t say much on durability yet but for the price I wouldn’t be too upset if they don’t last a year of heavy use.,
J. Hunt,One the most comfortable shoes I've ever owned,https://www.amazon.com/gp/customer-reviews/R218E4A7TV7GFU/ref=cm_cr_getr_d_rvw_ttl?ie=UTF8&ASIN=B0B56TKP6N,"5.0 "," the United States "," November 17, 2024",Size: 12 WideColor: W872 | Black (Knit Upper),Verified Purchase,"These are great for walking around, running on an elliptical trainer, or just wearing around the house. They are very light weight, and the wide toe box is extraordinarily comfortable for someone like me who has extra wide feet. The cloth uppers means that they aren't great outdoor shoes in the winter months, but for the rest of the year I can't think of anything more comfortable outside of slippers.",
James,Very uncomfortable shoe,https://www.amazon.com/gp/customer-reviews/R2FPKX9E2BKXNN/ref=cm_cr_getr_d_rvw_ttl?ie=UTF8&ASIN=B0B56TKP6N,"1.0 "," the United States "," November 11, 2024",Size: 8.5 WideColor: W87 | Volcanic Grey,Verified Purchase,I took a gamble on this shoe. It was extremely uncomfortable. The body and sole were virtually unpadded. I returned them very quickly.,
mchristealone,Great barefoot shoe,https://www.amazon.com/gp/customer-reviews/R1X0F0VWHM4605/ref=cm_cr_getr_d_rvw_ttl?ie=UTF8&ASIN=B0B56TKP6N,"5.0 "," the United States "," November 9, 2024",Size: 10 WideColor: W87 | Volcanic Grey,Verified Purchase,"Every barefoot shoe has a degree of comfort and discomfort. And there is no one size fits all. But my husband has found that these are so far very good for him. They are the first pair of barefoot shoes he has owned, but he is definitely happy with them. Of course, as with any barefoot shoes, he wishes they had a little more comfort to them, as his feet feel kind of exposed. But that’s the style barefoot shoe. He wears them pretty much every time he’s not at work, and they have lasted several months now and other than looking a little dirty from walking in mud and stuff, they look and feel just the same as when he got them.",
Andrew Olson,Favorite Shoes,https://www.amazon.com/gp/customer-reviews/R2DV30OGA4UA0O/ref=cm_cr_getr_d_rvw_ttl?ie=UTF8&ASIN=B0B56TKP6N,"5.0 "," the United States "," November 8, 2024",Size: 13 WideColor: W87 | White,Verified Purchase,Extremely comfortable. Quite durable. No issues after many wears.,
Robert C.,Fits great,https://www.amazon.com/gp/customer-reviews/R19XN0UOSTP9MB/ref=cm_cr_getr_d_rvw_ttl?ie=UTF8&ASIN=B0B56TKP6N,"5.0 "," the United States "," November 5, 2024",Size: 12 WideColor: W872 | Black (Knit Upper),Verified Purchase,Fits great but could use better padding for us bigger guys,
nathan m jackson,Too sloppy,https://www.amazon.com/gp/customer-reviews/R1SHQQAPE7M2V4/ref=cm_cr_getr_d_rvw_ttl?ie=UTF8&ASIN=B0B56TKP6N,"3.0 "," the United States "," November 3, 2024",Size: 11 WideColor: W87 | White,Verified Purchase,The toe box was fine but these had too much room around the ankle. Felt too sloppy.,
Morgha,"Good shoe, good fit, simple, and affordable!",https://www.amazon.com/gp/customer-reviews/R4H4C3X4C51A1/ref=cm_cr_getr_d_rvw_ttl?ie=UTF8&ASIN=B0B56TKP6N,"5.0 "," the United States "," October 31, 2024",Size: 7 WideColor: W87 | Dark Blue,,"Great for flat or wide feet. I've always worn vans and hated forced arches but was forced into them so I was hesitant about 0 drop but honestly these have had zero break in time and were ready to go. Definitely shifts work from knees/hips to calves/ankles (which is spot on if that's why you're here, but be wary if that's what you're used to)",
AC,Nice wide toe box,https://www.amazon.com/gp/customer-reviews/R3NC1TR7I6P8Z5/ref=cm_cr_getr_d_rvw_ttl?ie=UTF8&ASIN=B0B56TKP6N,"4.0 "," the United States "," October 28, 2024",Size: 11 WideColor: W872 | Black Gum (Knit Upper),Verified Purchase,"Good shoe if you're looking to get into zero drop, foot shaped shoes without breaking the bank. A lot of foot shaped zero drop shoes are $100+. If you're just getting into these types of shoes, that's a lot to invest in something you might not end up using. Shoe has good traction, nice heel cushion, and looks like a regular shoe at first glance.  One issue I have in particular is the lacing system could be improved. I have my laces tightened all the way to the point it can't tighten anymore, but it's still pretty loose, I can slip them on and off without having to retie them, that's how loose they are.  Other than that, it's a good daily walking shoe.",
Reviewer6000000001,"Comfortable, Toes aren't squished Together",https://www.amazon.com/gp/customer-reviews/R1CDPW8N5HR71V/ref=cm_cr_getr_d_rvw_ttl?ie=UTF8&ASIN=B0B56TKP6N,"4.0 "," the United States "," October 28, 2024",Size: 10 WideColor: W872 | Black (Knit Upper),Verified Purchase,"Overall these are solid shoes for the price point. They really do put your feet a bit closer to the ground and your toes have a lot of breathing room which is a welcome change from your typical shoe. The lack of arch support and low cushion could cause issues if you have foot pain, it took me a few weeks to really adjust.  Another thing is the durability, I'm not sure how good the soles actually are. I'm about 240lbs so I tend to wear my shoes down quickly and these are no different. So I'd say they have average durability. I've had 1 pair for 2 months and I can already see some wear in the rubber sole at the mid foot and heel. I bought a second pair since I like them so much. Another thing to note is the heel area feels somewhat narrow when you first put them on, but they quickly compress and feel very comfortable. The only reason I give them 4 instead of 5 is the durability. I am still searching for a shoe that has a very durible heel. I'd like to buy shoes that last 2 or 3 years instead of 1 or less than 1.",
Excellent! Have paid hundreds more for JBL'S with comparable sound quality!,Light as a feather!,https://www.amazon.com/gp/customer-reviews/R16KI93TM51NX2/ref=cm_cr_getr_d_rvw_ttl?ie=UTF8&ASIN=B0B56TKP6N,"5.0 "," the United States "," October 28, 2024",Size: 11 WideColor: W87 | Dark Blue,Verified Purchase,Well made very light.,
Sacto,These are cute.,https://www.amazon.com/gp/customer-reviews/R2JXVH9SHDPNAV/ref=cm_cr_getr_d_rvw_ttl?ie=UTF8&ASIN=B0B56TKP6N,"4.0 "," the United States "," October 23, 2024",Size: 7 WideColor: W87 | Blue,Verified Purchase,"I love the vibrant blue color. These worked for me once I put my own superfeet insole inside--otherwise they have almost no support. I have wide feet and these worked well with my high instep and width. I'm not sure how they'll hold up, but they are comfortable for now.",
Luis F.,Comodidad total,https://www.amazon.com/gp/customer-reviews/R2TUNHNQDUVHWV/ref=cm_cr_getr_d_rvw_ttl?ie=UTF8&ASIN=B0B56TKP6N,"5.0 "," the United States "," October 22, 2024",Size: 11 WideColor: W87 | Volcanic Grey,Verified Purchase,Fue un regalo para un hijo y me dijo que no había calzado tenis más cómodos por lo ancho a nivel de los dedos,
Nathan V.,"Fit well, squeaky soles",https://www.amazon.com/gp/customer-reviews/R2FGU6AXTAFHFL/ref=cm_cr_getr_d_rvw_ttl?ie=UTF8&ASIN=B0B56TKP6N,"4.0 "," the United States "," October 20, 2024",Size: 10 WideColor: W87 | Black White,Verified Purchase,"Wouldn’t call it an every-day shoe, but good value and decent quality. The soles are very squeaky on tile, smooth concrete, etc.  Wide toe-box fit is great on these, better fit than the recent generations of Altra.  I treat them kinda like casual/boat shoes, they’re very comfy without socks and go well with shorts during the summer.  The laces on mine were oddly textured, they could’ve gone with a plainer white lace.  Took a star off for the squeaky soles, wish I could take off 1.5 stars. Not quite bad enough to rate it a 3 but everywhere I go sounds like a basketball court at the local Y.",
Mary,Comfy and good fit,https://www.amazon.com/gp/customer-reviews/R8RDCIOY5M4E1/ref=cm_cr_getr_d_rvw_ttl?ie=UTF8&ASIN=B0B56TKP6N,"5.0 "," the United States "," October 17, 2024",Size: 9.5 WideColor: W87 | Blue,Verified Purchase,"Even a slight rise in the heel is apt to throw me off balance, so I decided to try ""barefoot"" shoes with zero rise. The only problem is that I ordered a pricey pair before ordering Whitin's. Could have  at least two pairs of these for less than the big brand cost, and I like the Whitin's better!",2
Dana,What dreams are made of,https://www.amazon.com/gp/customer-reviews/R1N6YACP5AOPKR/ref=cm_cr_getr_d_rvw_ttl?ie=UTF8&ASIN=B0B56TKP6N,"5.0 "," the United States "," October 12, 2024",Size: 8.5 WideColor: W87 | Light Grey,Verified Purchase,"If you were looking for the pillow for your feet, then look no further. This shoe is IT. I'm a personal trainer and I'm BIG on foot function as it is the root to our movement. I recommend wide toe box shoes and zero drop arches to all my clients, but most of the big companies are 140$+ for one pair. Somehow I stumbled upon these shoes and WOW. It passes the test! They're what dreams are made of. The zero drop Insert is like a pillow for your feet. Then it passes the wide toe box test! And they're so light. All of this for 35$ (prime day deal)!?!?!?! That's INSANE. I feel like I'm stealing it from the company. I can't remember the last shoe I bought for under $100 that I liked... if you wanna treat your body right AND your wallet right. BUY A PAIR!",
"Looks very nice and material is really good as well. But, it is not comfortable if you wearing for more then 4 hrs.",Style is really but not comfortable.,https://www.amazon.com/gp/customer-reviews/R10IEJCVD0RO6/ref=cm_cr_getr_d_rvw_ttl?ie=UTF8&ASIN=B0B56TKP6N,"3.0 "," the United States "," October 7, 2024",Size: 9.5 WideColor: W872 | Dark Grey (Knit Upper),Verified Purchase,I like style and quality but very uncomfortable after wearing it for 3 to 4hrs!!,
Edgar A.,Very comfortable.,https://www.amazon.com/gp/customer-reviews/R1CTWSR7ARMKO8/ref=cm_cr_getr_d_rvw_ttl?ie=UTF8&ASIN=B0B56TKP6N,"5.0 "," the United States "," October 1, 2024",Size: 9.5 WideColor: W872 | Black (Knit Upper),Verified Purchase,Really helped alleviate with a gout flare up in my right foot. As soon as I put these on ...i felt i start relief. Mind you...no socks.,
marcus,Durable and long lasting,https://www.amazon.com/gp/customer-reviews/R1Z84MECPDPQ9H/ref=cm_cr_getr_d_rvw_ttl?ie=UTF8&ASIN=B0B56TKP6N,"5.0 "," the United States "," September 28, 2024",Size: 11 WideColor: W87 | All Black,Verified Purchase,"I love these shoes. No hot spots on my feet and the feel is like the vivos I’ve worn in the past. I was skeptical about the price of the shoe on how long they would last but it been 9 months of hard construction use and just now starting to see some stitches come loose. But the soles of the feet are still good, the insoles are still good. The color has faded but I beat these up. I will be buying these again. For the price you can’t beat these canvas ones.",
Afton & Jamison Hiatt,Barefoot shoes that can pass as vans.,https://www.amazon.com/gp/customer-reviews/R2ZNJJ629VOJNM/ref=cm_cr_getr_d_rvw_ttl?ie=UTF8&ASIN=B0B56TKP6N,"5.0 "," the United States "," September 27, 2024",Size: 10 WideColor: W87 | Black White,Verified Purchase,Hubby loves them! And I love that they are a stylish but comfortable alternative to Keds & Van's!,
Mr.Fox,Felt Slightly Tighter,https://www.amazon.com/gp/customer-reviews/R34UE7J0J6V4HF/ref=cm_cr_getr_d_rvw_ttl?ie=UTF8&ASIN=B0B56TKP6N,"2.0 "," the United States "," September 20, 2024",Size: 7 WideColor: W87 | White,Verified Purchase,"I thought the white ones were going to be a nice everyday daytime shoe, but the quality drops on these. It looks cheap and also can pick up dirt easily. I also felt that the toe box seemed slightly more narrow than the black ones that I got from this brand. I recommend going with the black!",
Jake,Great shoe,https://www.amazon.com/gp/customer-reviews/R3D3IHH2LG2HY3/ref=cm_cr_getr_d_rvw_ttl?ie=UTF8&ASIN=B0B56TKP6N,"5.0 "," the United States "," September 17, 2024",Size: 12 WideColor: W87 | Black Gum,Verified Purchase,Nice and grippy. Ran  the USAF HAMR shuttle in these .,
Loren A.,Run 1/2 in big,https://www.amazon.com/gp/customer-reviews/R2FECURM35V54Y/ref=cm_cr_getr_d_rvw_ttl?ie=UTF8&ASIN=B0B56TKP6N,"4.0 "," the United States "," September 16, 2024",Size: 8.5 WideColor: W87 | White,Verified Purchase,"Ok really comfortable just a little big,  run 1/2in big off Nike size for me.  But they are comfortable and feet don’t hurt working out anymore",
Jackie Talkington,Great sneaker,https://www.amazon.com/gp/customer-reviews/RS7THMT3BN524/ref=cm_cr_getr_d_rvw_ttl?ie=UTF8&ASIN=B0B56TKP6N,"5.0 "," the United States "," September 12, 2024",Size: 10 WideColor: W87 | Blue,Verified Purchase,True to size and comfy. Nice blue color.,
Taylor Myers,Great quality for the price,https://www.amazon.com/gp/customer-reviews/RZDZ2CIYG2LGC/ref=cm_cr_getr_d_rvw_ttl?ie=UTF8&ASIN=B0B56TKP6N,"5.0 "," the United States "," September 10, 2024",Size: 8 WideColor: W87 | Black Gum,Verified Purchase,Surpassingly high quality given the low price point. Happy to say I wear these almost every day with no issues. Been in the barefoot game for a while and happy I don’t have to spend outrageous amounts of money on a high quality barefoot product.,
Dean A.,Great Shoes,https://www.amazon.com/gp/customer-reviews/R1YT8WFEMU4PWX/ref=cm_cr_getr_d_rvw_ttl?ie=UTF8&ASIN=B0B56TKP6N,"5.0 "," the United States "," September 10, 2024",Size: 10 WideColor: W872 | Grey Gum (Knit Upper),Verified Purchase,"The zero drop shoes are great.  At the advice of my chiropractor, I purchased them to resolve some foot pain.  They worked, and now I am walking pain free!  Highly recommend.",
Burton P Wolfe,Love these shoes,https://www.amazon.com/gp/customer-reviews/R23TB1KFORYQTI/ref=cm_cr_getr_d_rvw_ttl?ie=UTF8&ASIN=B0B56TKP6N,"4.0 "," the United States "," September 6, 2024",Size: 10 WideColor: W87 | White Gum,Verified Purchase,"The first and hopefully only time I will have to give a 4 star rating for Whitin shoes. These have all of the things I love about these shoes (i.e. big toe box, little arch support, flexible sole...) but these tend to run about a half size smaller than their other dress shoes. Highly recommend for the new barefoot shoe enthusiast or the barefooter that likes just a *little* support like myself.",
James Powers,Wonderful shoes,https://www.amazon.com/gp/customer-reviews/R14FPXXYPS16U3/ref=cm_cr_getr_d_rvw_ttl?ie=UTF8&ASIN=B0B56TKP6N,"5.0 "," the United States "," September 4, 2024",Size: 13.5 WideColor: W87 | All Black,Verified Purchase,The shoes were delivered very fast.  They fit perfectly.  I am always concerned about fit when buying online. The size guide gave his information letting me better determine what size I needed. The did for well and are extremely comfortable. I'm pleased with this purchase.,
R. Pendery,Extremely lite and  Comfortable,https://www.amazon.com/gp/customer-reviews/RIXT1W8H564ZS/ref=cm_cr_getr_d_rvw_ttl?ie=UTF8&ASIN=B0B56TKP6N,"5.0 "," the United States "," September 4, 2024",Size: 8.5 WideColor: W87 | Volcanic Grey,Verified Purchase,Excellent light weight shoe that allows your feet to not be crunched in the toe box… incredibly comfortable as a casual walker.,
Quality Control,Cheap and smashed,https://www.amazon.com/gp/customer-reviews/R31OGU1GNTNNWV/ref=cm_cr_getr_d_rvw_ttl?ie=UTF8&ASIN=B0B56TKP6N,"1.0 "," the United States "," September 1, 2024",Size: 8 WideColor: W87 | Dark Blue,Verified Purchase,They come shrink-wrapped together and smashed in a package not a box so the toes are already damaged.  Returned.  Just cheap made in China toxic stuff.,
G,1 month blown out sole,https://www.amazon.com/gp/customer-reviews/R1II6AK7UMBG59/ref=cm_cr_getr_d_rvw_ttl?ie=UTF8&ASIN=B0B56TKP6N,"1.0 "," the United States "," September 1, 2024",Size: 9.5 WideColor: W87 | All Black,Verified Purchase,"I WAS completely satisfied and thinking of buying a couple more pairs, until today. Was walking in a store and as I stepped to the side it felt like something was stuck to my shoe. So I picked my foot up to see that it was the sole completely blown out. Checked the other shoe and it is about to do the same thing. If it wasn't falling apart at almost exactly a month of normal wearing, I would have been really happy with these shoes.",5
Mr. Ed,Very comfy shoe,https://www.amazon.com/gp/customer-reviews/R9FYSFIHYIGPK/ref=cm_cr_getr_d_rvw_ttl?ie=UTF8&ASIN=B0B56TKP6N,"5.0 "," the United States "," September 1, 2024",Size: 9.5 WideColor: W87 | All Black,Verified Purchase,"Very comfortable shoe with just the right amount of cushioning, plenty of space for your toes.",
Fernando Lupio,Good fit,https://www.amazon.com/gp/customer-reviews/R28QL4GNKJ9Y7T/ref=cm_cr_getr_d_rvw_ttl?ie=UTF8&ASIN=B0B56TKP6N,"5.0 "," the United States "," August 31, 2024",Size: 11 WideColor: W87 | Black Gum,Verified Purchase,"Excelentes, me quedaron perfectos a la primera, la medida es fiel a la guia, muy amplios, super ligeros casi como pantuflas. Estoy muy feliz con ellos, me comprare mas. Yo les quite la plantilla porque me gustan un poco mas amplios todavia. Los compre basandome en la medida en cm, usualmente en calzado normal uso 11.5 para estos era 11.5 12 y me quedaron bien, me sobra como 1 a 1.5 cm como dice la guia. Ademas me parecieron baratos!  Super roomy shoes, very comfy feeling, true to size, super light, they kinda feel like slippers, i dont tie them too tight or at all anyways. On the pic where my figers pointing at my toe is flush with the side of the shoe and on thepoint i have like 1cm extra space, i feel like the size is ok, i might try 1 size bigger but im afraid they might feel too big; the cloth on this ones feels loose they feel very roomy, no toe trapped feeling.",
Amanda Ferrell,Shoes,https://www.amazon.com/gp/customer-reviews/RTEEDZDK0IC7D/ref=cm_cr_getr_d_rvw_ttl?ie=UTF8&ASIN=B0B56TKP6N,"5.0 "," the United States "," August 30, 2024",Size: 10 WideColor: W87 | Black White,Verified Purchase,Son loves these shoes.,
nikki mccune,"Are supposed to be new, arrived crashed with toe creases.",https://www.amazon.com/gp/customer-reviews/R3HWRXMW6AJEWS/ref=cm_cr_getr_d_rvw_ttl?ie=UTF8&ASIN=B0B56TKP6N,"2.0 "," the United States "," August 28, 2024",Size: 8 WideColor: W87 | Black Gum,Verified Purchase,"The sneakers are a good product, but the ones that I ordered that are supposed to be new, especially for 40 bucks, are obviously worn, with creases across the toes, and the lace is tied in a double knot. The toes are dimpled and slightly discolored looking, and crushed, as they were only packaged in a see through plastic bag, with no padding for protection, nor did they have any stuffing in the toes to keep them from being bashed and crushed by other mail and boxes. They look like they have been kicking around in someone's home for weeks",
Gene,Shoes always. 1 size smaller,https://www.amazon.com/gp/customer-reviews/R12LXDCWY54IS2/ref=cm_cr_getr_d_rvw_ttl?ie=UTF8&ASIN=B0B56TKP6N,"3.0 "," the United States "," August 28, 2024",Size: 11 WideColor: W872 | Grey Gum (Knit Upper),Verified Purchase,My size 11 shoe ordered 11-12  Too small more like a 10..,
Max,Perfect fit,https://www.amazon.com/gp/customer-reviews/R2VCT0EXDOQ9Q/ref=cm_cr_getr_d_rvw_ttl?ie=UTF8&ASIN=B0B56TKP6N,"5.0 "," the United States "," August 27, 2024",Size: 9.5 WideColor: W87 | Volcanic Grey,Verified Purchase,"Toe box is wide and comfortable, size is perfect! I got two different models same (Whitin) brand one for work and one for night out both are perfect fit and comfortable.",
RLC,"Excellent shoes, affordable and durable",https://www.amazon.com/gp/customer-reviews/R3GVLRK4UWFLX5/ref=cm_cr_getr_d_rvw_ttl?ie=UTF8&ASIN=B0B56TKP6N,"5.0 "," the United States "," August 25, 2024",Size: 10 WideColor: W87 | Black Gum,Verified Purchase,"One awesome feature (other than the flexibility) is the traction of these shoes, I didn't expect it to be so helpful but the traction the bottom of the shoes have is phenomenal. Excellent for long walks, steep ledges, or even hiking. Have worn these for years and had to get a new pair cause the insides wore out.",
Jeff,Flat feet,https://www.amazon.com/gp/customer-reviews/RE0IOD22Y9MYO/ref=cm_cr_getr_d_rvw_ttl?ie=UTF8&ASIN=B0B56TKP6N,"4.0 "," the United States "," August 25, 2024",Size: 13 WideColor: W87 | All Black,Verified Purchase,"Good shoe with rubber sole. With the extra toe room up front, I ordered the wrong size (too big). So I floop around if I don't use thicker socks. Give them, as well your muscles, joints, and stride a chance to get used to them.",
M. Rust,OMG Uncomfortable,https://www.amazon.com/gp/customer-reviews/RGF3HYB4DALRB/ref=cm_cr_getr_d_rvw_ttl?ie=UTF8&ASIN=B0B56TKP6N,"1.0 "," the United States "," August 24, 2024",Size: 11 WideColor: W87 | Black White,Verified Purchase,These things are strangely shaped and are super uncomfortable.,
Amazon Customer,Really impressed,https://www.amazon.com/gp/customer-reviews/R10HB9SJ6X1FQS/ref=cm_cr_getr_d_rvw_ttl?ie=UTF8&ASIN=B0B56TKP6N,"5.0 "," the United States "," August 22, 2024",Size: 8.5 WideColor: W87 | Volcanic Grey,Verified Purchase,"These shoes check all the boxes for me at a fraction of the cost for this type of shoe. I’m pretty picky when it comes to footwear and these are extremely comfortable, have great groundfeel, look good, and are holding up well for hiking, city walking, and jogging.",
Bob,Hard sole and narrow,https://www.amazon.com/gp/customer-reviews/RR080EFFEAN7N/ref=cm_cr_getr_d_rvw_ttl?ie=UTF8&ASIN=B0B56TKP6N,"2.0 "," the United States "," August 21, 2024",Size: 13.5 WideColor: W87 | Black Gum,Verified Purchase,"Like the majority of low cost shoes that claim a wide toe box these allow the most room for the second toe not the big toe. The sole is colored like gum but had the feel of a really old tire, felt brittle and hard and was slippery on dry tile. Shoes were fairly good looking though",
Michael,Love them,https://www.amazon.com/gp/customer-reviews/R3HMT2HOAH2WW1/ref=cm_cr_getr_d_rvw_ttl?ie=UTF8&ASIN=B0B56TKP6N,"5.0 "," the United States "," August 18, 2024",,Verified Purchase,"I have neuropathy in my feet and ankles complete numbness and a lot of pain. It’s non-diabetic neuropathy. These shoes are the second pair I bought and I feel that they make my feet work. I feel the ground more with my feet even though I don’t have feeling it sounds strange, but my balance is better since I’ve been wearing these shoes and I’m walking more. I don’t slip in these shoes my feet have flexibility in them so they’re moving. They’re working like they’re supposed to be. Love the effects of these shoes are having on me and my body.",
waylon wolf,Comfortable but not durable at all.,https://www.amazon.com/gp/customer-reviews/RUOQ2A67X33WZ/ref=cm_cr_getr_d_rvw_ttl?ie=UTF8&ASIN=B0B56TKP6N,"1.0 "," the United States "," August 16, 2024",Size: 9.5 WideColor: W87 | Volcanic Grey,Verified Purchase,"I’ve only had these shoes for a couple months and have worn them fewer than 15 times. The sole has already failed. They are not worth the trouble, sadly.",
stephen hills,I absolutely love this,https://www.amazon.com/gp/customer-reviews/R2JRIQ1A29MJ72/ref=cm_cr_getr_d_rvw_ttl?ie=UTF8&ASIN=B0B56TKP6N,"5.0 "," the United States "," August 14, 2024",Size: 9.5 WideColor: W87 | Blue,Verified Purchase,I absolutely love these shoes they are wide for my fat feet. But after a few weeks of wear I start noticing a hole in the shoe. Nothing like some redneck enginuity. Took some bicycle tubing and stuck it in the hole with some rubber cement to plug the hole. All and all a good shoe just wish it was more durable and had more colors,
Rick Scott,Should have bought sooner!,https://www.amazon.com/gp/customer-reviews/R104NRFVB4IZRP/ref=cm_cr_getr_d_rvw_ttl?ie=UTF8&ASIN=B0B56TKP6N,"5.0 "," the United States "," August 11, 2024",Size: 9.5 WideColor: W87 | Light Grey,Verified Purchase,"Very well made, true to size, very comfortable  Just like being barefoot.  No pain, lot of room with the extra width.  Felt broken in as soon as I slipped them on.  Great value for the money, arrived a day early.  I will definitely be buying more in the future!",
Francis Walsh,not really padded properly,https://www.amazon.com/gp/customer-reviews/RK8MRL6N6X46K/ref=cm_cr_getr_d_rvw_ttl?ie=UTF8&ASIN=B0B56TKP6N,"3.0 "," the United States "," August 11, 2024",Size: 10 WideColor: W87 | All Black,Verified Purchase,will require inserts as there is little padding on the innersole,
Adam Cando,Very comfortable shoes,https://www.amazon.com/gp/customer-reviews/RHOC1U5FJ18H9/ref=cm_cr_getr_d_rvw_ttl?ie=UTF8&ASIN=B0B56TKP6N,"5.0 "," the United States "," August 10, 2024",Size: 12 WideColor: W87 | Black White,Verified Purchase,"Great fit, very comfortable, flexible, lightweight and just the right amount of cushion. I would recommend if you like the barefoot feel but still want some feet protection.",
Chelsea Gubler,Great Shoes,https://www.amazon.com/gp/customer-reviews/R34RMQFBPISVA4/ref=cm_cr_getr_d_rvw_ttl?ie=UTF8&ASIN=B0B56TKP6N,"5.0 "," the United States "," August 9, 2024",Size: 7 WideColor: W87 | White,Verified Purchase,Very comfortable. I am happy with my purchase and will buy again.,
Phil M,Great shoes!,https://www.amazon.com/gp/customer-reviews/R36CFXNCT0TJ0Q/ref=cm_cr_getr_d_rvw_ttl?ie=UTF8&ASIN=B0B56TKP6N,"5.0 "," the United States "," August 9, 2024",Size: 9.5 WideColor: W87 | All Black,Verified Purchase,Nice shoes! They are very comfortable & look great with everything!,
DRH,Comfy,https://www.amazon.com/gp/customer-reviews/R1Z8FPGNAXEJIL/ref=cm_cr_getr_d_rvw_ttl?ie=UTF8&ASIN=B0B56TKP6N,"5.0 "," the United States "," August 9, 2024",Size: 11 WideColor: W87 | Light Grey,Verified Purchase,A comfy wide zero rise shoe. Quality seems good. Have been washed a couple times and still good. A good value for the money.,
Timothy Mercy,Do not recommend,https://www.amazon.com/gp/customer-reviews/R27CQLMZZUR76K/ref=cm_cr_getr_d_rvw_ttl?ie=UTF8&ASIN=B0B56TKP6N,"1.0 "," the United States "," August 8, 2024",Size: 11 WideColor: W87 | All Black,Verified Purchase,The shoes are not wide enough there are lumps in the insole and the canvas quality is poor,
david lenkewich,Wasn't prepared,https://www.amazon.com/gp/customer-reviews/R3V4P1D2R0Z4RS/ref=cm_cr_getr_d_rvw_ttl?ie=UTF8&ASIN=B0B56TKP6N,"3.0 "," the United States "," August 8, 2024",Size: 10 WideColor: W87 | Volcanic Grey,Verified Purchase,"These seem well made but I wasn't prepared for the ""barefoot"" feeling. I wear arch supports so the soft flex of the sole wasn't for me. I returned them with no issue.",
rex,originally purchased vivobarefoot,https://www.amazon.com/gp/customer-reviews/R3B9IQJYKFCK1K/ref=cm_cr_getr_d_rvw_ttl?ie=UTF8&ASIN=B0B56TKP6N,"5.0 "," the United States "," August 7, 2024",Size: 9.5 WideColor: W87 | Black White,Verified Purchase,vivo as a shoe was more comfortable when originally putting on. The problem with vivobarefoot is not all of their shoes come in half sizes. The top of my foot would eventually start hurting. This shoe is a quarter of the price and feels great.,
Richard R.,Good luck w/ sizing but good shoe for price!,https://www.amazon.com/gp/customer-reviews/R139EAVQVC465V/ref=cm_cr_getr_d_rvw_ttl?ie=UTF8&ASIN=B0B56TKP6N,"5.0 "," the United States "," August 4, 2024",Size: 12 WideColor: W87 | Black Gum,Verified Purchase,"I had to compare a million reviews on different whitin shoes to figure out my size. I am normally 11.5-12 mens, and got the 12.5. It fits! Just a hair longer than I'd normally wear, very thin liner socks can be an issue if I dont get it as tight as possible lol but yeah for the money these are good. Up close you can see the glue along the edges but no one can see that and I am a couple months in, wear a few times a week, and no sign of wearing issues on the shoe. There are much better wide toe or zero drop shoes out there, but they cost at least $50 more than these. So for the price, I'll give ya 5 starz",
Natasha,Husband loves these,https://www.amazon.com/gp/customer-reviews/RCKSFC822E8Z5/ref=cm_cr_getr_d_rvw_ttl?ie=UTF8&ASIN=B0B56TKP6N,"5.0 "," the United States "," August 3, 2024",Size: 11 WideColor: W87 | All Black,Verified Purchase,"These are exactly what he wanted. This is the second pair, different style, that he has ordered and he loves them. These are his everyday shoes.",
PHOTOG,THEY FIT!,https://www.amazon.com/gp/customer-reviews/R3IY3EDOXD013Z/ref=cm_cr_getr_d_rvw_ttl?ie=UTF8&ASIN=B0B56TKP6N,"5.0 "," the United States "," August 2, 2024",Size: 11 WideColor: W872 | Black Gum (Knit Upper),Verified Purchase,"I've been needing new "" sneakers, "" and I saw these and bought them based on the great reviews and a little wim on my part. I love them!! Oh and they fit a little loose, not much but just enough! I bought a 12 and I wear a 12.... great fit!",
paul badamo,Comfortable light shoe,https://www.amazon.com/gp/customer-reviews/R1BTZ02CCCYVTZ/ref=cm_cr_getr_d_rvw_ttl?ie=UTF8&ASIN=B0B56TKP6N,"4.0 "," the United States "," August 2, 2024",,Verified Purchase,Price was too high,
Anne S.,"Comfortable, great for work",https://www.amazon.com/gp/customer-reviews/R3K238C8RAC1GA/ref=cm_cr_getr_d_rvw_ttl?ie=UTF8&ASIN=B0B56TKP6N,"5.0 "," the United States "," August 2, 2024",Size: 8.5 WideColor: W87 | All Black,Verified Purchase,"I usually wear a wide mens size 9. These have a very wide toe box, so I ended up with a mens 8.5.  I love these minimalist shoes! I often wear flair pants at work, and these shoes almost disappear under my pants. They are very comfortable, especially if you are doing a lot of light walking and sitting. These are not high support shoes, so you may opt for more support if you are doing several miles of walking. I also love that these shoes breath, so they work well in warmer weather. I am a traveling salesperson, so I do spend a lot of time sitting in cars with short spurts of running into stores. These work wonders, and they look professional under my pants. Will def buy again when these wear out.  *Note, these are a relatively inexpensive shoe. I dont expect these to last several years. That being said, I think you absolutely get your moneys worth.",5
Nwanne,Most comfortable shoes!,https://www.amazon.com/gp/customer-reviews/R3HRJ5U3J0LQFP/ref=cm_cr_getr_d_rvw_ttl?ie=UTF8&ASIN=B0B56TKP6N,"5.0 "," the United States "," July 28, 2024",Size: 8.5 WideColor: W872 | Black Gum (Knit Upper),Verified Purchase,My son loves them.  He was so happy with the fit once he put them on.,
Michael Lynn Golden,Great for the price.,https://www.amazon.com/gp/customer-reviews/R2TTESVXRFTFP4/ref=cm_cr_getr_d_rvw_ttl?ie=UTF8&ASIN=B0B56TKP6N,"5.0 "," the United States "," July 27, 2024",Size: 9.5 WideColor: W87 | Black White,Verified Purchase,"Very similar to my Zeros. Fabric isn't as soft and flexable, but still a decent shoe for the price.",
Gil Abadi,"Not so comfortable, but that's the point!",https://www.amazon.com/gp/customer-reviews/R35XSKRWUJJH4N/ref=cm_cr_getr_d_rvw_ttl?ie=UTF8&ASIN=B0B56TKP6N,"5.0 "," the United States "," July 26, 2024",Size: 11 WideColor: W87 | All Black,Verified Purchase,"These shoes are perfect if you're looking to looksmax your calves. They are perfect for strengthening your feet, soles, and calves. Don't recommend running in these but everything else is perfect👍",
Aaron Tartamella,Holding up,https://www.amazon.com/gp/customer-reviews/R1TUT04B7Q9EV4/ref=cm_cr_getr_d_rvw_ttl?ie=UTF8&ASIN=B0B56TKP6N,"5.0 "," the United States "," July 23, 2024",Size: 10 WideColor: W87 | Black Gum,Verified Purchase,Worn them for months now and they have held up better than I thought $45 dollar shows would. If you are looking for barefoot/minimalist shoes but don't want to break the bank these are a good option.,
Dominic Gullo,like vans but better,https://www.amazon.com/gp/customer-reviews/R6DCNU56F198L/ref=cm_cr_getr_d_rvw_ttl?ie=UTF8&ASIN=B0B56TKP6N,"5.0 "," the United States "," July 23, 2024",Size: 8.5 WideColor: W87 | All Black,Verified Purchase,I grew up being a canvas shoes kid until my 30s when the shape of the toe box on vans classics was giving my big toes immense amounts of pain. I switched to a pair of these skeptical of the drop sole (no feet pain) and cant wear regular shoes anymore. I love these. will be buying another pair in white,
book nerd,Nice shoes. Sizing is fine.,https://www.amazon.com/gp/customer-reviews/R3AMB19N0YIZ4A/ref=cm_cr_getr_d_rvw_ttl?ie=UTF8&ASIN=B0B56TKP6N,"5.0 "," the United States "," July 22, 2024",Size: 10 WideColor: W872 | Black (Knit Upper),Verified Purchase,"I read some reviews saying that these run large compared to other Whitin shoes. Mine were exactly the same length as the trail runners I ordered previously. (I also noticed that those reviews were for the gray version, and I ordered black--not sure if that's relevant.)  This is my third pair from this brand. No complaints at all. I did notice a little flap against my instep in both feet, but it turned out not to bother me.  I removed the insole. It was very nice to discover these shoes are so well made that socks aren't necessary.  I say go for it. No arch support, no raised heel, none of that nonsense. Just a good-looking shoe that gets out of your way",
Jack H. Cash,Bad fit,https://www.amazon.com/gp/customer-reviews/R3J8EXNM9GGGKV/ref=cm_cr_getr_d_rvw_ttl?ie=UTF8&ASIN=B0B56TKP6N,"1.0 "," the United States "," July 22, 2024",Size: 10 WideColor: W872 | Grey Gum (Knit Upper),Verified Purchase,Nice shoe. Didn’t fit properly. Have to return them.,
melissa n delbert,⭐⭐⭐⭐⭐ Amazing Find - Comfortable and Stylish!,https://www.amazon.com/gp/customer-reviews/RNH2F0BN5VJ0Q/ref=cm_cr_getr_d_rvw_ttl?ie=UTF8&ASIN=B0B56TKP6N,"5.0 "," the United States "," July 19, 2024",Size: 9.5 WideColor: W87 | Volcanic Grey,,"I found a pair of Whitin shoes at a thrift store, and they have quickly become my go-to everyday shoes. Here are the reasons why I love them:Comfort: These shoes are incredibly comfortable. They provide great cushioning and support, which makes them perfect for all-day wear.Stylish: The sleek and modern design means they look great with any outfit, whether casual or a bit more dressed up.Toe Room: There's plenty of toe room, which is a huge plus for me. My feet never feel cramped.Versatility: I've been wearing them everywhere – to work, for walks, and even on casual outings.Overall, I'm thrilled with my Whitin shoes. They combine comfort, style, and practicality perfectly. Even though I found them at a thrift store, they feel like a premium purchase. Highly recommend!",
L,Low quality,https://www.amazon.com/gp/customer-reviews/R8GG1KV3TN0YD/ref=cm_cr_getr_d_rvw_ttl?ie=UTF8&ASIN=B0B56TKP6N,"1.0 "," the United States "," July 19, 2024",Size: 10 WideColor: W87 | All Black,Verified Purchase,Very cheaply made I would not recommend,
David,"Awesome toe box, bad on the heel cord",https://www.amazon.com/gp/customer-reviews/R2TH2BVX6BCG93/ref=cm_cr_getr_d_rvw_ttl?ie=UTF8&ASIN=B0B56TKP6N,"2.0 "," the United States "," July 18, 2024",Size: 13 WideColor: W87 | Blue,Verified Purchase,"I wanted to keep these since the wide toe box was perfect, but I just don't want another pair of shoes that require me to wear a bandaid on my heel cord to prevent the shoe from cutting into me.  I was bummed to have to send these back.",
Amazon Customer,Fit to size. Euro 43,https://www.amazon.com/gp/customer-reviews/R1ETSYBFV1P9QP/ref=cm_cr_getr_d_rvw_ttl?ie=UTF8&ASIN=B0B56TKP6N,"4.0 "," the United States "," July 17, 2024",Size: 9.5 WideColor: W87 | Volcanic Grey,Verified Purchase,Great on the ground. Too wide to drive my manual,
AH,No heel cushioning,https://www.amazon.com/gp/customer-reviews/R10AB9DCC6F46N/ref=cm_cr_getr_d_rvw_ttl?ie=UTF8&ASIN=B0B56TKP6N,"4.0 "," the United States "," July 15, 2024",Size: 10 WideColor: W87 | Blue,Verified Purchase,"This is my 7th pair of Whithins. I previously spent $100+ for wide toe box shoes and in general feel like Whitin is good value for the money, although only time will tell about durability. In the year that I've been buying them (5 different colors) I've seen variation in the number of lace eyelets. These ones have 4 which is an improvement from 5 and 6 found on other Whithins I've bought. Unfortunately, they just spread them out further rather than moving them further back; no one with wide feet needs eyelets compressing the widest part of the foot.  If anyone from Within reads this, please consider moving the eyelets back towards the heel a little. My only complaint about this pair is the complete lack of heel cushioning. My other Withins all have a comfortable heel cushion. Was this a cost savings thing? I just don't get it. I don't write many reviews, but this is a product I want to keep buy so hopefully the Withinlings will read this and stop cutting corners. Keep making a quality product and I will keep buying it and recommending it.",
Zee,"Not terrible, but not worth it.",https://www.amazon.com/gp/customer-reviews/RHC159ZCQ28N6/ref=cm_cr_getr_d_rvw_ttl?ie=UTF8&ASIN=B0B56TKP6N,"3.0 "," the United States "," July 8, 2024",Size: 10 WideColor: W87 | White Gum,Verified Purchase,"I wasn’t expecting a super-high-quality shoe, but these leave a lot to be desired for the price. Better to just pony up for the more reputable brands.  Comfort is mostly fine, would be better if you could dial in on your actual size. Materials are incredibly cheap, I’ll keep wearing them to see how long they last.",
Roenny,Cute but feel a little slippery.,https://www.amazon.com/gp/customer-reviews/R1FG03FO8WDHA8/ref=cm_cr_getr_d_rvw_ttl?ie=UTF8&ASIN=B0B56TKP6N,"4.0 "," the United States "," July 7, 2024",Size: 10 WideColor: W87 | Black White,Verified Purchase,The design is great and white doesn’t stain very easily. The sneakers are slippery however and feel a bit smaller for its size. I’d suggest to go up a half size.,
AtoBandit,Great replacement for Converse or the like!,https://www.amazon.com/gp/customer-reviews/R1MB8JLAO2P6NK/ref=cm_cr_getr_d_rvw_ttl?ie=UTF8&ASIN=B0B56TKP6N,"5.0 "," the United States "," July 6, 2024",Size: 8.5 WideColor: W87 | Black White,Verified Purchase,"These have easily replaced my converse and Vans. They are wide enough to be comfortable for long distances. Sole is also surprisingly holding up very well. If you are on the fence for these, I would definitely recommend them from my purchase. These will be my new concert shoes.",
jeanne,Amazing,https://www.amazon.com/gp/customer-reviews/RW17W6VU4C4CQ/ref=cm_cr_getr_d_rvw_ttl?ie=UTF8&ASIN=B0B56TKP6N,"5.0 "," the United States "," June 26, 2024",Size: 11 WideColor: W87 | Black White,Verified Purchase,"So I bought these in 2022 (it's 2024 now) and they are still my favorite shoes. I have sense bought a second pair to keep for occasions where I want something that looks clean and not used every day for everything. 2 years after purchase and heavy abuse there is still little to no damage, just dirt, stains, and signs of love. I hike, mow, shop, drive, and just about everything else you can think of while wearing these. All seems have held up, upper hasn't rubbed through, soul is still in good condition. I love these. Oh and did I mention I've stepped on glass and nails with these, you can feel a prick but nothing has ever punctured through. Be aware these are barefoot shoes, if you're not used to that type of shoes it will be a big transition for you. Super light shoe, zero drop, very flexible, has releaved a lot of foot pain, wide and over all amazing.",16
Theresa A Servin,The only shoes I can wear,https://www.amazon.com/gp/customer-reviews/R25YRU5QSQI5TB/ref=cm_cr_getr_d_rvw_ttl?ie=UTF8&ASIN=B0B56TKP6N,"5.0 "," the United States "," June 24, 2024",Size: 8.5 WideColor: W87 | White,Verified Purchase,"These tennis shoes work great for me.  I have several issues with my feet, from crooked toes to painful nerve damage after surgical procedures.  After trying all types of different shoes…. These really work for me.  The men’s wide shoes are the only shoes i have tried that don’t hurt anything on either foot. Removing the insole was necessary, but they are still very comfortable and I wear them whenever I go out.",
oscaryipchau,Good shoes for running,https://www.amazon.com/gp/customer-reviews/R13GX32MKQ16XO/ref=cm_cr_getr_d_rvw_ttl?ie=UTF8&ASIN=B0B56TKP6N,"5.0 "," the United States "," June 23, 2024",Size: 9.5 WideColor: W87 | Black White,Verified Purchase,Good and light. Super for running. I run without pain with this shoes.,
Hector C.,I love whitin but not this color,https://www.amazon.com/gp/customer-reviews/R17BVOW4C8841I/ref=cm_cr_getr_d_rvw_ttl?ie=UTF8&ASIN=B0B56TKP6N,"4.0 "," the United States "," June 23, 2024",Size: 11 WideColor: W87 | All Black,Verified Purchase,"I love the durability of this model and its so comfortable, but the black color fades rapidly.",
victoria,The best,https://www.amazon.com/gp/customer-reviews/ROU4OY01CJM8C/ref=cm_cr_getr_d_rvw_ttl?ie=UTF8&ASIN=B0B56TKP6N,"5.0 "," the United States "," June 22, 2024",Size: 10 WideColor: W87 | Black Gum,,"I had a ton of doubt about these thinking they’d be cheap crappy shoes or that they’d look dorky, but they actually were pretty durable, had a wide toe box, and looked identical to vans when I threw them on! Highly highly recommend!  Vans narrow toe box destroyed my feet, ditch them and get these.",
Mike G,For the price they alright,https://www.amazon.com/gp/customer-reviews/R1EGDCOXBDC3V7/ref=cm_cr_getr_d_rvw_ttl?ie=UTF8&ASIN=B0B56TKP6N,"4.0 "," the United States "," June 20, 2024",Size: 11 WideColor: W87 | All Black,Verified Purchase,"These are definitely wide box, no thrills shoes. For $30+ I didn’t expect much but I definitely enjoy them so far. I need to get some insoles for them",
Daniel,Ugly Dent,https://www.amazon.com/gp/customer-reviews/R67CE8I7QOBXY/ref=cm_cr_getr_d_rvw_ttl?ie=UTF8&ASIN=B0B56TKP6N,"1.0 "," the United States "," June 19, 2024",Size: 10 WideColor: W87 | White,Verified Purchase,"I got size 11 (usually i’m 10.5) and it fit well but there’s this super ugly dent-like crease towards the tip of the shoe.  Also, the shoe is overall uglier imo than in the pictures.",
LMC from Indy,Comfortable.,https://www.amazon.com/gp/customer-reviews/R2NJF41DYSWZQ1/ref=cm_cr_getr_d_rvw_ttl?ie=UTF8&ASIN=B0B56TKP6N,"4.0 "," the United States "," June 18, 2024",Size: 10 WideColor: W87 | Black Gum,Verified Purchase,"Good fit, comfortable. And after about a year they're still in good condition.",
Luis Pujol,Already feeling the benefits,https://www.amazon.com/gp/customer-reviews/R1U5QU9WE3PYMC/ref=cm_cr_getr_d_rvw_ttl?ie=UTF8&ASIN=B0B56TKP6N,"5.0 "," the United States "," June 15, 2024",Size: 8 WideColor: W87 | White,Verified Purchase,"I wasn't too sure about this whole barefoot movement but it works! I feel like my feet have gotten significantly stronger in only a few week, and you really do feel your feet working a little extra during leg days at the gym. Best reason to buy these over any other barefoot shoes: These are not too ugly! All barefoot shoes are very ugly but you can barely notice these are barefoot shoes, and I'll take that as a win",
Ana,Great affordable barefoot option,https://www.amazon.com/gp/customer-reviews/R2P96XTWJ5BGIZ/ref=cm_cr_getr_d_rvw_ttl?ie=UTF8&ASIN=B0B56TKP6N,"5.0 "," the United States "," June 15, 2024",Size: 8 WideColor: W87 | Black White,Verified Purchase,"Comfortable and stylish. I have been wearing them almost daily for a few weeks now and they've been holding up great. I had been looking for an affordable barefoot shoe and this fits the bill. The sizing chart was accurate, I usually am 9 - 9.5 women’s shoe size and size 7.5 - 8 (41) fit perfectly. The only thing I didn’t like was the tag placement because I think it makes it look a bit cheap, so I ended up cutting it off. I also used a waterproofing shoe spray on them to hopefully help extend their lifetime and allow me to use them during the wetter seasons.",2
Amazon Customer,A tad too Big.,https://www.amazon.com/gp/customer-reviews/R1XNN2GTT3YUKT/ref=cm_cr_getr_d_rvw_ttl?ie=UTF8&ASIN=B0B56TKP6N,"3.0 "," the United States "," June 13, 2024",Size: 10 WideColor: W87 | White Gum,Verified Purchase,"I’m trying to go with the “barefoot” lifestyle, as I’m currently doing “carnivore diet”. I have lost about 50lbs and would really like to give barefoot a go. Unfortunately the size that I ordered was too big for my taste. I’ll order a size down. In the meantime I’ll continue to use my 2pcs of vibram fivefingers.",
