﻿评论用户,评论概述,评论链接,星级评分,评论地点,评论时间,类型,是否购买,评论详情,觉得该评论有帮助的人数
Sebastian C.,nice sunglasses,https://www.amazon.com/gp/customer-reviews/RXT7EM67RSS0T/ref=cm_cr_getr_d_rvw_ttl?ie=UTF8&ASIN=B084KZ83DT,"5.0 "," the United States "," July 28, 2024",,Verified Purchase,good design enhances color,
TONY SMITH,Great,https://www.amazon.com/gp/customer-reviews/RH23WRLGBGIYT/ref=cm_cr_getr_d_rvw_ttl?ie=UTF8&ASIN=B084KZ83DT,"5.0 "," the United States "," June 5, 2024",Color: Gold Metal Frame/Brown Gradient Lens,Verified Purchase,GREAT,
Dave O.,great glasses but had damage and they refunded me awesome SELLER,https://www.amazon.com/gp/customer-reviews/R1H1XE175GLYFD/ref=cm_cr_getr_d_rvw_ttl?ie=UTF8&ASIN=B084KZ83DT,"5.0 "," the United States "," September 7, 2022",Color: Gun Metal Frame/Smoke Gradient Lens,Verified Purchase,awesome product even better SELLER great over all,
Corinne B.,Yes yes yes,https://www.amazon.com/gp/customer-reviews/R3CY43L59Z52LX/ref=cm_cr_getr_d_rvw_ttl?ie=UTF8&ASIN=B084KZ83DT,"5.0 "," the United States "," December 30, 2021",,Verified Purchase,exactly what i was looking for. comes with nice glasses box and quality is good. looks super cute on very y2k which is the look i was going for,2
Shelly Antoque,Great product,https://www.amazon.com/gp/customer-reviews/R98N3TSE4XCEX/ref=cm_cr_getr_d_rvw_ttl?ie=UTF8&ASIN=B084KZ83DT,"5.0 "," the United States "," July 28, 2021",,Verified Purchase,I love these glasses!!!,
Susan Hale Dake,Sunglasses,https://www.amazon.com/gp/customer-reviews/RA3L0WRQ1TDUL/ref=cm_cr_getr_d_rvw_ttl?ie=UTF8&ASIN=B084KZ83DT,"4.0 "," the United States "," April 12, 2021",,,This is a nice pair of sunglasses. They’re lightweight and look nice on. They seem to be good quality. Would recommend.,
K. Taylor,I love these more than I should,https://www.amazon.com/gp/customer-reviews/R39ZA6IXR1CR3N/ref=cm_cr_getr_d_rvw_ttl?ie=UTF8&ASIN=B084KZ83DT,"4.0 "," the United States "," March 27, 2021",,,"I really, really like these sunglasses, though there’s a part of me that insists I shouldn’t.  I’m usually a Ray Ban guy. I wear Classic Wayfarers most of the time, and when I want a bit of a change I have a pair of Christopher Cloos aviators and a couple of pairs of folding shades, all of them eye wateringly expensive. I really dislike the feeling of cheaply made sunglasses, and I usually avoid them like the plague. This pair of NYS feel, compared to the usual quality to which I’m accustomed, like a cheaply made pair of sunglasses.  Now don’t quote me on that. I’m not familiar with the NYS brand, but in the box there’s a card that touts the handmade nature of the glasses, boasts of the ‘highest quality materials’ used in their construction and offers a lifetime warranty, none of which suggests that these are cheaply made. They just *feel* a little cheaply made. The frames flex to a degree that doesn’t feel intentional, the hinges feel uneven (one light to close, one a little heavier), and the arms don’t sit anywhere close to flush against the frame when you close them. They also come with a soft bag rather than a hard case. All of these issues I’d expect to see on glasses I picked up for $10 at a roadside stall.  And yet, I really like these things. I love their lightness. I love the way the mirrored lenses look against the clear frames. I love the size, and the way they sit comfortably and weightlessly on my face. I don’t know of a sub-$100 pair of sunglasses I like more than these.  And I’ll go one further. When my wife saw me open the package this morning she asked me to give her a pair of sunglasses, because I have half a dozen and she only has one (don’t @ me - she destroys sunglasses as if they said something mean about her mother). She went through my collection and decided she wanted either the $60 NYS glasses or my pair of $230 Christopher Cloos aviators, and she let me pick which one I’d keep. I chose to keep the NYS and give her the expensive pair. I know I’ll regret this when she inevitably drops them in a pile of gravel before driving over them in her car within 24 hours of putting them on for the first time (seriously, I don’t know how she does it), but right now I’m happy with my decision.",2
"Oliver DeMille, TJEd",Fabulous!!!,https://www.amazon.com/gp/customer-reviews/R22KB9XVG1M4YH/ref=cm_cr_getr_d_rvw_ttl?ie=UTF8&ASIN=B084KZ83DT,"5.0 "," the United States "," March 14, 2021",,,"These sunglasses are fantastic. They fit great, they work great, and they look great. No negatives or probems, and they bring a special something... Really top rate. Better in person than on the flat screen. 6 Stars. Highly recommend.",
Gunnar Vogtmann,Very Old School Style,https://www.amazon.com/gp/customer-reviews/R213IIS6WWM79I/ref=cm_cr_getr_d_rvw_ttl?ie=UTF8&ASIN=B084KZ83DT,"4.0 "," the United States "," March 9, 2021",,,Love the clear look. I don’t have a set that’s just clear plastic. I’m going to wear them for a bit to be sure they won’t cause soreness over hours of wear before I send them off to have prescription sunglasses lens installed into the frames. The hinges open and close very nicely and glide easily without any issues. They really do have a retro back in the day look to them and really ooze vintage stylish flavor.,
"Leah Maines, best-selling, award-winning author, actor, and editor",Lightweight and comfortable,https://www.amazon.com/gp/customer-reviews/R2ZD1LSMFXJZTH/ref=cm_cr_getr_d_rvw_ttl?ie=UTF8&ASIN=B084KZ83DT,"5.0 "," the United States "," February 28, 2021",,,"I really love these sunglasses. They look super attractive. They are a perfect fit on my larger face/head. Not tight at all, but they don’t fall off either. Super comfortable. They look exactly like the photos. The lenses are very good. They do a great job at protecting my eyes from harsh sunlight. They are great for poolside or seaside. I’m pleased with the quality.",
WILLIAM BURDINES,Great sunglasses like the amber lens,https://www.amazon.com/gp/customer-reviews/R2C3K9WS50UBWO/ref=cm_cr_getr_d_rvw_ttl?ie=UTF8&ASIN=B084KZ83DT,"5.0 "," the United States "," November 24, 2020",,Verified Purchase,Sunglasses were great fit comfortably.,
Vic,VERY NICE SUNGLASSES,https://www.amazon.com/gp/customer-reviews/R2GWM5T4WH4A4M/ref=cm_cr_getr_d_rvw_ttl?ie=UTF8&ASIN=B084KZ83DT,"5.0 "," the United States "," August 21, 2020",,Verified Purchase,"NICE STYLE . VERY SOLID, AND THEY LOOK GOOD ON ME!..LOL",
melody,Very satisfied,https://www.amazon.com/gp/customer-reviews/R3GE7XBMHOMC2H/ref=cm_cr_getr_d_rvw_ttl?ie=UTF8&ASIN=B084KZ83DT,"5.0 "," the United States "," July 6, 2020",,Verified Purchase,"Love these, been looking for awhile for glasses with this color of tint.",
polinasavill,"Stylish, light",https://www.amazon.com/gp/customer-reviews/R1664G3MPW5B0D/ref=cm_cr_getr_d_rvw_ttl?ie=UTF8&ASIN=B084KZ83DT,"5.0 "," the United States "," April 7, 2020",Color: Gold Metal Frame/Brown Gradient Lens,Verified Purchase,"fit amazing, look great, very comfortable!",
Jagan,Very light and awesome!!,https://www.amazon.com/gp/customer-reviews/R3GDVB4LHYX4FA/ref=cm_cr_getr_d_rvw_ttl?ie=UTF8&ASIN=B084KZ83DT,"5.0 "," the United States "," February 8, 2020",Color: Gold Metal Frame/Brown Gradient Lens,Verified Purchase,"I just loved these as they look awesome and feel good too. I love the fact that they are very light in weight too. Overall, excellent!!",
Karen Carmack,Nice sunglasses,https://www.amazon.com/gp/customer-reviews/R3UUKZV66SAS9W/ref=cm_cr_getr_d_rvw_ttl?ie=UTF8&ASIN=B084KZ83DT,"5.0 "," the United States "," February 7, 2020",Color: Gold Metal Frame/Brown Gradient Lens,Verified Purchase,Nice light weight frames with amber lenses. I find the amber lenses cut the glare better for me than other colors. Great price too!,
jff,Perfect fit.,https://www.amazon.com/gp/customer-reviews/R2NTF8QM52E80D/ref=cm_cr_getr_d_rvw_ttl?ie=UTF8&ASIN=B084KZ83DT,"5.0 "," the United States "," February 4, 2020",,Verified Purchase,Not too big and not too small. And the lense color is nice and good quality.,
Steve Brown,Love these sunglasses,https://www.amazon.com/gp/customer-reviews/R2KBDYUDI1OXOX/ref=cm_cr_getr_d_rvw_ttl?ie=UTF8&ASIN=B084KZ83DT,"5.0 "," the United States "," October 8, 2017",,Verified Purchase,These fit amazing and have become my wife's favorite pair of glasses,
