﻿评论用户,评论概述,评论链接,星级评分,评论地点,评论时间,类型,是否购买,评论详情,觉得该评论有帮助的人数
dana klik,Good Quality,https://www.amazon.com/gp/customer-reviews/R1E8MLT5K3CWTW/ref=cm_cr_getr_d_rvw_ttl?ie=UTF8&ASIN=B08PYNXLXW,"4.0 "," the United States "," January 15, 2025",Color: CZ-colorful,Verified Purchase,"Very comfortable, I was able to sleep in them.  Doesn't get hooked when you wear a hat.  Could be a little bigger.",
Rogue,Cute earrings,https://www.amazon.com/gp/customer-reviews/R1X972N1UOW3CG/ref=cm_cr_getr_d_rvw_ttl?ie=UTF8&ASIN=B08PYNXLXW,"5.0 "," the United States "," January 6, 2025",Color: Tassel Heart,Verified Purchase,These are such cute earring at a great price! Lightweight and comfortable as well. Highly recommend!!,
Terri N,Cute hoops,https://www.amazon.com/gp/customer-reviews/R3GFYUAIO6CZYV/ref=cm_cr_getr_d_rvw_ttl?ie=UTF8&ASIN=B08PYNXLXW,"5.0 "," the United States "," January 2, 2025",Color: Wind Chimes,Verified Purchase,"I like these. They’re cute, and comfortable to wear.",
Kelsey,Beautiful,https://www.amazon.com/gp/customer-reviews/RC8QXKCVEVYHN/ref=cm_cr_getr_d_rvw_ttl?ie=UTF8&ASIN=B08PYNXLXW,"5.0 "," the United States "," December 31, 2024",Color: Spiked C,Verified Purchase,These earrings are absolutely beautiful! Even better in person!,
balut,Nicer than expected,https://www.amazon.com/gp/customer-reviews/RN8P7IML8I5AO/ref=cm_cr_getr_d_rvw_ttl?ie=UTF8&ASIN=B08PYNXLXW,"5.0 "," the United States "," December 27, 2024",Color: Heart Drop,,"These earrings are nicer than I expected. The color is pretty vibrant, and the CZ is sparkly and shiny. My wife wishes the hoops were slightly larger, but other than that they look quite good.",
BsBest,Beautiful,https://www.amazon.com/gp/customer-reviews/R337CS15CERYGF/ref=cm_cr_getr_d_rvw_ttl?ie=UTF8&ASIN=B08PYNXLXW,"5.0 "," the United States "," December 26, 2024",Color: CZ-T,Verified Purchase,"These are gorgeous! I bought two pairs one for myself & one as a gift. Amazing value & quality. Well crafted, comfortable easy to put on & take off. Will probably order again to give as gifts. They came well packaged, on time and better than I expected for the price.",
M. Williams,So cute!,https://www.amazon.com/gp/customer-reviews/R3IWNJA8403WYN/ref=cm_cr_getr_d_rvw_ttl?ie=UTF8&ASIN=B08PYNXLXW,"5.0 "," the United States "," December 22, 2024",Color: Beaded,Verified Purchase,Perfect size and excellent quality.,
Joan,Perfect small simple but so elegant,https://www.amazon.com/gp/customer-reviews/R2U9O4LFZR8FLI/ref=cm_cr_getr_d_rvw_ttl?ie=UTF8&ASIN=B08PYNXLXW,"5.0 "," the United States "," December 11, 2024",Color: Wind Chimes,Verified Purchase,"Love them , a go to for me. Perfect",
catdoc,Beautiful huggies,https://www.amazon.com/gp/customer-reviews/R2I4GWAHB9G69/ref=cm_cr_getr_d_rvw_ttl?ie=UTF8&ASIN=B08PYNXLXW,"5.0 "," the United States "," November 21, 2024",Color: CZ-colorful,Verified Purchase,"Well made, close securely. Got here quick. Favorite seller",
Christen Pellum,Love these dainty hoops,https://www.amazon.com/gp/customer-reviews/R3UA0RJ009X32N/ref=cm_cr_getr_d_rvw_ttl?ie=UTF8&ASIN=B08PYNXLXW,"5.0 "," the United States "," November 17, 2024",Color: Beaded,Verified Purchase,I love these hoops! They are so dainty and go with everything. They are great for every day wear and are adorable!,
Lacey E.,Cute earrings,https://www.amazon.com/gp/customer-reviews/R2N5VPFSER24T9/ref=cm_cr_getr_d_rvw_ttl?ie=UTF8&ASIN=B08PYNXLXW,"5.0 "," the United States "," October 24, 2024",Color: Beaded CZ,Verified Purchase,"These earrings are smaller than I thought they’d be, but I really like them. They’re comfortable and cute.",
M Robinson,Elegant earrings,https://www.amazon.com/gp/customer-reviews/R1E9OXD24TP33O/ref=cm_cr_getr_d_rvw_ttl?ie=UTF8&ASIN=B08PYNXLXW,"5.0 "," the United States "," October 23, 2024",Color: Beaded,Verified Purchase,"These are just perfect for everyday wear, tiny, easy to put on and take off, I don’t even know that I have them on and they are so pretty! I’ve gotten many compliments on them and bought multiple pairs for the upcoming holidays for my daughters and grand daughter. Buy them!!",
tfordyce,Rock solid - doesn't dangle,https://www.amazon.com/gp/customer-reviews/R112EUW4X6C16Q/ref=cm_cr_getr_d_rvw_ttl?ie=UTF8&ASIN=B08PYNXLXW,"3.0 "," the United States "," October 22, 2024",Color: Heart Drop,,"I thought these would dangle.  They don't.  It's one solid piece of metal, even though it looks like it should hang.  On, they're super awkward because if you get their angle just slightly off, they look really bad.No metal allergy reaction, though, so the plating is doing its job.",
Amazon Customer,Love!,https://www.amazon.com/gp/customer-reviews/R1GR9UPXY89BKI/ref=cm_cr_getr_d_rvw_ttl?ie=UTF8&ASIN=B08PYNXLXW,"5.0 "," the United States "," October 21, 2024",Color: Gossy B,Verified Purchase,I love these earrings so much! They're dainty and lightweight. Perfect for everyday wear!,
Andy,Excellent quality,https://www.amazon.com/gp/customer-reviews/R237SNQPFAPX2U/ref=cm_cr_getr_d_rvw_ttl?ie=UTF8&ASIN=B08PYNXLXW,"5.0 "," the United States "," October 16, 2024",Color: CZ-flat,Verified Purchase,These are beautiful. Look and feel like great quality. Very happy with my purchase.,
Lisa Fuller,Pretty but tiny,https://www.amazon.com/gp/customer-reviews/R3JINGRMLC7TVR/ref=cm_cr_getr_d_rvw_ttl?ie=UTF8&ASIN=B08PYNXLXW,"1.0 "," the United States "," October 14, 2024",Color: Beaded,Verified Purchase,These are absolutely tiny.,
Gina L.,Best earrings ever!!!,https://www.amazon.com/gp/customer-reviews/R1C66FJ151X31D/ref=cm_cr_getr_d_rvw_ttl?ie=UTF8&ASIN=B08PYNXLXW,"5.0 "," the United States "," October 12, 2024",Color: CZ-Row,Verified Purchase,These earrings are so comfortable and shiny. I get so many compliments on them.  I have bought them as gifts as well and everyone has loved them.,
Linda McCampbell,Dimensional and round,https://www.amazon.com/gp/customer-reviews/R2PX8Y83ZR0IDI/ref=cm_cr_getr_d_rvw_ttl?ie=UTF8&ASIN=B08PYNXLXW,"5.0 "," the United States "," September 15, 2024",Color: Flower C,Verified Purchase,Lovely surprise.,
Kelly Boenzi,LOVE,https://www.amazon.com/gp/customer-reviews/R3O2OO1LMCKS0D/ref=cm_cr_getr_d_rvw_ttl?ie=UTF8&ASIN=B08PYNXLXW,"5.0 "," the United States "," September 8, 2024",Color: Beaded,Verified Purchase,super cute daily earring,
NinaMarie,Adorable,https://www.amazon.com/gp/customer-reviews/R16F35UV4SBDRX/ref=cm_cr_getr_d_rvw_ttl?ie=UTF8&ASIN=B08PYNXLXW,"5.0 "," the United States "," September 1, 2024",Color: Beaded,Verified Purchase,Perfect little hoops. Color holding up very well even with wearing in pool.,
Mar,Look nice but don't latch,https://www.amazon.com/gp/customer-reviews/R221RQNDPP8WTC/ref=cm_cr_getr_d_rvw_ttl?ie=UTF8&ASIN=B08PYNXLXW,"1.0 "," the United States "," August 25, 2024",Color: CZ-Row,Verified Purchase,Tried 2 pairs of these and they just don't latch.,
Candy Merry,Cute,https://www.amazon.com/gp/customer-reviews/RT2J0EERMRKCJ/ref=cm_cr_getr_d_rvw_ttl?ie=UTF8&ASIN=B08PYNXLXW,"5.0 "," the United States "," August 14, 2024",Color: Two Circles,Verified Purchase,I like these they are cute and the package was on time.,
AmyM,Love,https://www.amazon.com/gp/customer-reviews/R1ZJV4GF87KVT/ref=cm_cr_getr_d_rvw_ttl?ie=UTF8&ASIN=B08PYNXLXW,"5.0 "," the United States "," August 10, 2024",Color: CZ-Row,Verified Purchase,These are adorable. You won’t regret it.,
Dominick Christello,Delicate and beautiful quality,https://www.amazon.com/gp/customer-reviews/R3200PANFJ3LJF/ref=cm_cr_getr_d_rvw_ttl?ie=UTF8&ASIN=B08PYNXLXW,"5.0 "," the United States "," July 28, 2024",Color: Beaded,Verified Purchase,Love these little beauties.  So delicate and beautiful.,
R2,Beautiful and comfortable,https://www.amazon.com/gp/customer-reviews/R37VB59S472QDM/ref=cm_cr_getr_d_rvw_ttl?ie=UTF8&ASIN=B08PYNXLXW,"5.0 "," the United States "," July 10, 2024",Color: CZ-T,Verified Purchase,Exquisitely detailed and very comfortable to wear. Highly recommend!,
Pamela  George,They are smaller than they appear.,https://www.amazon.com/gp/customer-reviews/R27HP0PSAAPP8Z/ref=cm_cr_getr_d_rvw_ttl?ie=UTF8&ASIN=B08PYNXLXW,"5.0 "," the United States "," July 10, 2024",Color: CZ-Winding,Verified Purchase,They are smaller than they appear.,
Satis,No tarnishing,https://www.amazon.com/gp/customer-reviews/R1VGBHTJ9ZA0EQ/ref=cm_cr_getr_d_rvw_ttl?ie=UTF8&ASIN=B08PYNXLXW,"5.0 "," the United States "," June 17, 2024",Color: Willow Leaf,Verified Purchase,Wear these all the time for nearly a year. No tarnishing. Haven’t gotten them wet yet,
M.E.L,Love these,https://www.amazon.com/gp/customer-reviews/R1UBBKK3WFDEXY/ref=cm_cr_getr_d_rvw_ttl?ie=UTF8&ASIN=B08PYNXLXW,"5.0 "," the United States "," June 12, 2024",Color: CZ-Lock,Verified Purchase,Love these earrings. They aren’t too big and surprisingly not heavy. Super cute and worth the money!!,
Elaura Eberle,Beautiful and well made!,https://www.amazon.com/gp/customer-reviews/R13D81HSMWOWJQ/ref=cm_cr_getr_d_rvw_ttl?ie=UTF8&ASIN=B08PYNXLXW,"5.0 "," the United States "," May 16, 2024",Color: Willow Leaf,Verified Purchase,I love these earrings! They are well made and have yet to tarnish. I have purchased other earrings from this brand and haven’t been disappointed yet! They are exactly as pictured and super flattering! Will be purchasing more in the future!!,
W & M,Great for sensitive ears,https://www.amazon.com/gp/customer-reviews/RRQ5U1U4JIIQ5/ref=cm_cr_getr_d_rvw_ttl?ie=UTF8&ASIN=B08PYNXLXW,"5.0 "," the United States "," May 10, 2024",Color: Beaded,Verified Purchase,These are darling earrings and haven’t made my sensitive ears allergic at all and I’ve even slept with them in for a couple weeks now. They are a great size. Big enough to fit around my lobe but not really dangly.,
Karla B Castillo,Perfect,https://www.amazon.com/gp/customer-reviews/RT5UNRQZOHDNJ/ref=cm_cr_getr_d_rvw_ttl?ie=UTF8&ASIN=B08PYNXLXW,"5.0 "," the United States "," May 9, 2024",Color: Beaded,Verified Purchase,Thank you for sending faster my package the earring ara perfect and cut just what I imagine great quality thank you again,
Aileen,Beautiful piece! Perfect size!,https://www.amazon.com/gp/customer-reviews/R1GZ8FDY24PECW/ref=cm_cr_getr_d_rvw_ttl?ie=UTF8&ASIN=B08PYNXLXW,"5.0 "," the United States "," April 15, 2024",Color: Crown Wave,Verified Purchase,The earrings are very well designed. They look classy and expensive.,
Sarah Wynne,Comfortable and classic.,https://www.amazon.com/gp/customer-reviews/R6277WJGIV46T/ref=cm_cr_getr_d_rvw_ttl?ie=UTF8&ASIN=B08PYNXLXW,"5.0 "," the United States "," April 12, 2024",Color: Beaded,Verified Purchase,I wear These day and night and haven’t had any issues. No color fading or green coloring.,
Johanna,Big and cheap,https://www.amazon.com/gp/customer-reviews/R2GTSNOQAS17ZQ/ref=cm_cr_getr_d_rvw_ttl?ie=UTF8&ASIN=B08PYNXLXW,"2.0 "," the United States "," March 30, 2024",Color: Heart Pearl,Verified Purchase,"These are big and cheap. If they were dainty, which I thought they were, I think they would be adorable. Sadly, they just look like they’re low quality. I returned them.",
Bryanna Ball,The perfect huggie,https://www.amazon.com/gp/customer-reviews/R2Y9NMSLWRCBQ/ref=cm_cr_getr_d_rvw_ttl?ie=UTF8&ASIN=B08PYNXLXW,"5.0 "," the United States "," March 27, 2024",Color: Beaded,Verified Purchase,This set reminds me of a pair of Huggies from Lume jewelry that I lost. They are a perfect dupe and at 1/3 of the cost!! They have been the perfect everyday earring. They are super comfortable even while sleeping in them. I think I may even order more as gifts.,
Elizabeth,I really love these!!!,https://www.amazon.com/gp/customer-reviews/R33710232U5Q3G/ref=cm_cr_getr_d_rvw_ttl?ie=UTF8&ASIN=B08PYNXLXW,"5.0 "," the United States "," March 13, 2024",Color: Spiked B,Verified Purchase,"This is the second set of earrings i have bought like this, i love that they click together and are great quality. They don't irritate my ears like some jewelry does. I will definitely be purchasing more in the future",
Jenni,Comfortable and beautiful,https://www.amazon.com/gp/customer-reviews/R93F96BCQI48L/ref=cm_cr_getr_d_rvw_ttl?ie=UTF8&ASIN=B08PYNXLXW,"5.0 "," the United States "," March 7, 2024",Color: CZ-3 scattered,Verified Purchase,These earrings are so comfortable. There is plenty of room for my earlobe to fit in between the two halves of the earrings. They are more beautiful than the picture and will go with a lot of outfits. So glad I ordered these.,
Jessica clapp,Small earings,https://www.amazon.com/gp/customer-reviews/R1IF3ZSEOMGK4Y/ref=cm_cr_getr_d_rvw_ttl?ie=UTF8&ASIN=B08PYNXLXW,"5.0 "," the United States "," February 28, 2024",Color: Heart-double,Verified Purchase,Needed petite earings and this are perfect.,
Ihor Pryyma,Gorgeous earrings.,https://www.amazon.com/gp/customer-reviews/R13XIVWVI5GFL7/ref=cm_cr_getr_d_rvw_ttl?ie=UTF8&ASIN=B08PYNXLXW,"5.0 "," the United States "," February 26, 2024",Color: Willow Leaf,Verified Purchase,Gorgeous earrings.,
Kindle Customer,Cute,https://www.amazon.com/gp/customer-reviews/R19E15PZ4QF8QW/ref=cm_cr_getr_d_rvw_ttl?ie=UTF8&ASIN=B08PYNXLXW,"5.0 "," the United States "," February 20, 2024",Color: Flower C,Verified Purchase,Cute and lightweight,
Mary,Shiny,https://www.amazon.com/gp/customer-reviews/R7FAJ44HLEWWW/ref=cm_cr_getr_d_rvw_ttl?ie=UTF8&ASIN=B08PYNXLXW,"5.0 "," the United States "," February 4, 2024",Color: CZ-Row,Verified Purchase,Very pretty and not too heavy,
Valerie Owen,Huggie earrings,https://www.amazon.com/gp/customer-reviews/R3231LHO5M20U8/ref=cm_cr_getr_d_rvw_ttl?ie=UTF8&ASIN=B08PYNXLXW,"5.0 "," the United States "," January 29, 2024",Color: Willow Leaf,Verified Purchase,Huggies are so comfortable fir everyday way. I even sleep  in mine,
Amazon Customer,Look fabulous,https://www.amazon.com/gp/customer-reviews/R1UL0OU5OZ151Y/ref=cm_cr_getr_d_rvw_ttl?ie=UTF8&ASIN=B08PYNXLXW,"5.0 "," the United States "," January 16, 2024",Color: CZ-Row,Verified Purchase,These arrived and I was surprised by them being much more than I expected at this price point.  Very nice!,
Amanda,Light weight and look great,https://www.amazon.com/gp/customer-reviews/R3F3XJ6UPGFJRQ/ref=cm_cr_getr_d_rvw_ttl?ie=UTF8&ASIN=B08PYNXLXW,"5.0 "," the United States "," January 14, 2024",Color: Willow Leaf,Verified Purchase,"Super cute, simple with a little something. Love them!",
Samantha,Meh,https://www.amazon.com/gp/customer-reviews/RP2U8IPUZHDVF/ref=cm_cr_getr_d_rvw_ttl?ie=UTF8&ASIN=B08PYNXLXW,"3.0 "," the United States "," January 13, 2024",Color: Beaded,Verified Purchase,They are super cute and the perfect huggie size… but they don’t stay closed and fall off easily,
Desiree Davis,Beautiful earrings,https://www.amazon.com/gp/customer-reviews/R2X4H57KBQR7N0/ref=cm_cr_getr_d_rvw_ttl?ie=UTF8&ASIN=B08PYNXLXW,"5.0 "," the United States "," January 12, 2024",Color: Flower B,Verified Purchase,Very pretty dainty earrings. I wanted something a little more interesting than a stud that I could still wear in a work environment. These are perfect! Will definitely be wearing regularly and ordering a pair for a friend!,5
PatRose,"Cute, but inexpensive looking",https://www.amazon.com/gp/customer-reviews/R1JTVR5KP77ABJ/ref=cm_cr_getr_d_rvw_ttl?ie=UTF8&ASIN=B08PYNXLXW,"3.0 "," the United States "," January 11, 2024",Color: Willow Leaf,Verified Purchase,"I like the clip on huggie style and the design. My only complaint is that the gold looks cheap, not like good quality jewelry. However, for the price, they are a cute option.",
Tina K.,Awful - Not even worth one star,https://www.amazon.com/gp/customer-reviews/RW5JLCSP0SAV6/ref=cm_cr_getr_d_rvw_ttl?ie=UTF8&ASIN=B08PYNXLXW,"1.0 "," the United States "," January 6, 2024",Color: Heart Pearl,Verified Purchase,"The earrings came without the ""pearls"" attached and when I tried to assemble them, they did not fit. I returned them promptly. Save your money and the hassle.",
MDCustomer,Gorgeous earrings!,https://www.amazon.com/gp/customer-reviews/R1EY1JYXMVSLY1/ref=cm_cr_getr_d_rvw_ttl?ie=UTF8&ASIN=B08PYNXLXW,"4.0 "," the United States "," January 5, 2024",Color: CZ-T,Verified Purchase,"These are truly beautiful.  But the post is much thicker than other earrings- couldn't get them in my ears.  Unfortunately, I returned them. Very disappointed.",
Bruno Burin,Look very expensive,https://www.amazon.com/gp/customer-reviews/R3L17N3KB7IBWB/ref=cm_cr_getr_d_rvw_ttl?ie=UTF8&ASIN=B08PYNXLXW,"5.0 "," the United States "," January 3, 2024",Color: CZ-S,Verified Purchase,Beautiful! Good price and look much more expensive. Is a good gift,
Tuan T.,"Very nice looking, looks like nice quality earings until...",https://www.amazon.com/gp/customer-reviews/R2JLLSDTHX49BK/ref=cm_cr_getr_d_rvw_ttl?ie=UTF8&ASIN=B08PYNXLXW,"5.0 "," the United States "," December 24, 2023",Color: Balls,Verified Purchase,"Update: After my initial review, the seller reached out and offer to send me a new pair. Great service and the earings are very nice quality. Thank you!  Original review: I really like these earings, they are not heavy and has a high end quality look and feel to them. I've worn them for about 5 times and today it slipped out of my hand and fell onto the tiled floors and it won't close anymore. Hence the 2 stars. I was hoping to get a replacement or some kind of warranty but there's no info available.",
Melody Diessner,earrings,https://www.amazon.com/gp/customer-reviews/R25VR5BPBCWQA2/ref=cm_cr_getr_d_rvw_ttl?ie=UTF8&ASIN=B08PYNXLXW,"5.0 "," the United States "," December 11, 2023",Color: Willow Leaf,Verified Purchase,"These have become my go to earrings. Virtually every time I wear them I get compliments from all ages women. Light, nice gold shine, easy on & off, stay secure.  I'll buy another pair just incase I lose one.",
Caitlin Bone,No Tarnishing!,https://www.amazon.com/gp/customer-reviews/RLPV6MD66GDNM/ref=cm_cr_getr_d_rvw_ttl?ie=UTF8&ASIN=B08PYNXLXW,"5.0 "," the United States "," December 5, 2023",Color: Beaded,Verified Purchase,"These hoops are so cute and were perfect to wear in my second and third-lobe piercings. These earings have been worn in the shower, while sleeping, working out, etc. I don't ever take out my earrings unless I need to and these have not tarnished and have held up great. I love that there is a little design which helps add to my ear styling as well. I would recommend these for anyone looking for gold jewelry that won't tarnish while on a budget.",2
smhill,Absolutly adorable,https://www.amazon.com/gp/customer-reviews/R33RXCY8ZHZXP/ref=cm_cr_getr_d_rvw_ttl?ie=UTF8&ASIN=B08PYNXLXW,"5.0 "," the United States "," December 1, 2023",Color: CZ-Lock B,Verified Purchase,Adds a cute bit of bling to my ears,
kateTues,Not a huggie earring,https://www.amazon.com/gp/customer-reviews/R2PFCUDYWRZUXU/ref=cm_cr_getr_d_rvw_ttl?ie=UTF8&ASIN=B08PYNXLXW,"3.0 "," the United States "," December 1, 2023",Color: Willow Leaf,Verified Purchase,Love the design. Pretty finish. But not a huggie size earring.  They are the size between a nickel and quarter. If I wasn't expecting and wanting a huggie size earring I would have been very happy with these.,2
varmsjokolade,Bad clasps,https://www.amazon.com/gp/customer-reviews/R1EE3XWO2WLIX5/ref=cm_cr_getr_d_rvw_ttl?ie=UTF8&ASIN=B08PYNXLXW,"2.0 "," the United States "," November 30, 2023",Color: Willow Leaf,Verified Purchase,"First set: one earring clasp did not close and the hinge caused the pieces to misalign Amazon was good about the return and replace  Second set: both earrings were functional. Wore them occasionally but after a few days, one of the clasps stopped locking.  Tossed them. Not worth it.",
ewig,So cute,https://www.amazon.com/gp/customer-reviews/R1YFED3GP6R8SZ/ref=cm_cr_getr_d_rvw_ttl?ie=UTF8&ASIN=B08PYNXLXW,"5.0 "," the United States "," November 26, 2023",Color: Willow Leaf,Verified Purchase,Sturdy and stays put,
Darling,Pretty,https://www.amazon.com/gp/customer-reviews/R313QHJPYW9XR6/ref=cm_cr_getr_d_rvw_ttl?ie=UTF8&ASIN=B08PYNXLXW,"5.0 "," the United States "," November 25, 2023",Color: CZ-Lock B,Verified Purchase,Bought these as a gift for my daughter and they are just what I expected. Just the right size and so pretty.,
Mrs.R. Dortch,Classy looking and very comfortable,https://www.amazon.com/gp/customer-reviews/R2QUZ1BXFKCE0U/ref=cm_cr_getr_d_rvw_ttl?ie=UTF8&ASIN=B08PYNXLXW,"5.0 "," the United States "," November 17, 2023",Color: Willow Leaf,Verified Purchase,A nice sturdy earring that doesn’t fall off.  Exactly what I wanted.,
Nate,"Nice earrings, better for thin earlobes",https://www.amazon.com/gp/customer-reviews/RLYP185YK140B/ref=cm_cr_getr_d_rvw_ttl?ie=UTF8&ASIN=B08PYNXLXW,"4.0 "," the United States "," November 9, 2023",Color: CZ-3 scattered,,"My wife is fairly picky when it comes to earrings and her ears are easily irritated. She likes the look of these a lot and hasn’t had an issue with the metal quality. The main downside is that with her thicker earlobes, the peg is a little too small. It hurts a bit putting them on because the peg is curved so much and then it pinches a bit when they’re closed. They’re nice quality and look good though. Just better for someone with earlobes on the thinner side.",
Diana,So pretty!,https://www.amazon.com/gp/customer-reviews/R2ZNE7TME3IMM1/ref=cm_cr_getr_d_rvw_ttl?ie=UTF8&ASIN=B08PYNXLXW,"5.0 "," the United States "," November 9, 2023",Color: Heart 3,,"So pretty and such good quality! Looks exactly like the pictures, so lightweight and comfortable! They open with little effort but are really nice and secure because of the big notch (see attached picture). Awesome quality!",
Catherine,Beautiful earrings but the gold looks a bit brassy,https://www.amazon.com/gp/customer-reviews/R2IT9QJBGMHUA2/ref=cm_cr_getr_d_rvw_ttl?ie=UTF8&ASIN=B08PYNXLXW,"4.0 "," the United States "," November 2, 2023",Color: CZ-3 scattered,,"I can never be sure about earrings from the Internet and how cheap they'll look I was pleasantly surprised when I received these in the mail Overall, the earrings are good quality and don't look egregiously cheap The ""diamonds"" dont look cheap and the earrings' hinges feel secured  The gold is a *tad* brassy for my taste, meaning that it does look a little fake but that that's probably not noticeable to most people  Overall, I would recommend this product",
Kimberly,Classic earrings,https://www.amazon.com/gp/customer-reviews/R2308VV0L28J17/ref=cm_cr_getr_d_rvw_ttl?ie=UTF8&ASIN=B08PYNXLXW,"5.0 "," the United States "," October 17, 2023",Color: CZ-Row,Verified Purchase,Great earrings that match a Kendra Scott necklace I’d previously purchased but the brand doesn’t make earrings that match! Great style and quality!,
Emily,Very pretty,https://www.amazon.com/gp/customer-reviews/R7I6Q0HBIG3L1/ref=cm_cr_getr_d_rvw_ttl?ie=UTF8&ASIN=B08PYNXLXW,"5.0 "," the United States "," October 9, 2023",Color: Wish Bone,,Sit well in my ears and are very pretty. Love the design.,
Amazon Customer,Detatch,https://www.amazon.com/gp/customer-reviews/R13CXVE53U703V/ref=cm_cr_getr_d_rvw_ttl?ie=UTF8&ASIN=B08PYNXLXW,"3.0 "," the United States "," October 3, 2023",Color: CZ-Row,Verified Purchase,The earring clips always come undone,
Stefy G,Very pretty,https://www.amazon.com/gp/customer-reviews/R2SUBEKLXMUD0S/ref=cm_cr_getr_d_rvw_ttl?ie=UTF8&ASIN=B08PYNXLXW,"5.0 "," the United States "," September 30, 2023",Color: CZ-Row,Verified Purchase,Wonderful clasp. You can sleep with these on they are so comfortable and classy,
J,fun alternative to classic hoops,https://www.amazon.com/gp/customer-reviews/R3HO0EG7W5SXPP/ref=cm_cr_getr_d_rvw_ttl?ie=UTF8&ASIN=B08PYNXLXW,"5.0 "," the United States "," September 28, 2023",Color: Willow Leaf,Verified Purchase,Love this style and great value! I can easily dress them up or down.,
Amazon Customer,A great buy,https://www.amazon.com/gp/customer-reviews/R345Y10ZT3YA4C/ref=cm_cr_getr_d_rvw_ttl?ie=UTF8&ASIN=B08PYNXLXW,"5.0 "," the United States "," September 28, 2023",Color: Flower B,Verified Purchase,"A little bit heavy, but really great quality. I get tons of complements.",
little sophie,Fabulous earrings,https://www.amazon.com/gp/customer-reviews/R2SLZBBW3A0KQJ/ref=cm_cr_getr_d_rvw_ttl?ie=UTF8&ASIN=B08PYNXLXW,"5.0 "," the United States "," September 27, 2023",Color: Willow Leaf,Verified Purchase,"I was surprised when I ordered these as I was skeptical on how they would go on as I could not tell by looking at the picture.  They are considered to be one of my favorite pairs of hoops.  The leaf design is just what I wanted and the size is good as they would be way too small if they were an actual huggie style earrings.  All the others are Huggies except for the twisted gold hoops which I also have.  Now, they are rather large for my tiny ears but too pretty to send back.  I am very happy with this product and think they will last a long time.",3
Sara,LOVE THE STYLE,https://www.amazon.com/gp/customer-reviews/R289PWZFK9TTEJ/ref=cm_cr_getr_d_rvw_ttl?ie=UTF8&ASIN=B08PYNXLXW,"3.0 "," the United States "," September 26, 2023",Color: Willow Leaf,Verified Purchase,"I absolutely LOVED these earrings, came just as pictured and was exactly what I was looking for. Only downfall was after about 2 weeks of wearing them, the closure won’t stay hooked. Needless to say I’m very disappointed because I can’t wear them anymore",
Nydia,Quality,https://www.amazon.com/gp/customer-reviews/R2I1ZNO2K0K82Y/ref=cm_cr_getr_d_rvw_ttl?ie=UTF8&ASIN=B08PYNXLXW,"5.0 "," the United States "," September 15, 2023",Color: CZ-flat,Verified Purchase,Beautiful earrings and great quality for the price.  They fit comfortably and secured.,
Rebecca Herrod,Obsessed,https://www.amazon.com/gp/customer-reviews/RVBI2XG4D9QGI/ref=cm_cr_getr_d_rvw_ttl?ie=UTF8&ASIN=B08PYNXLXW,"5.0 "," the United States "," September 11, 2023",Color: Willow Leaf,Verified Purchase,"I recently got my second hole pierced so I got some hoops to wear while my ears heal a bit. I absolutely love these. I will say my curly hair does get caught in the detail but for an up hair day, gorgeous",
Andrea F,Very simple,https://www.amazon.com/gp/customer-reviews/R3PN48QVO80X6Q/ref=cm_cr_getr_d_rvw_ttl?ie=UTF8&ASIN=B08PYNXLXW,"4.0 "," the United States "," September 1, 2023",Color: Willow Leaf,Verified Purchase,"These are somewhat more clunky than I thought they'd be. If you're looking for delicate, it's not your best bet. They're light enough in weight that you don't really feel them on, at least. I like them decently for work.",
Sarah W,Fabulous earrings!,https://www.amazon.com/gp/customer-reviews/R2DTK7RBSLYANU/ref=cm_cr_getr_d_rvw_ttl?ie=UTF8&ASIN=B08PYNXLXW,"5.0 "," the United States "," August 30, 2023",Color: Willow Leaf,Verified Purchase,I bought these on a whim because I have been wanting more huggie style earrings and I really like the leaf pattern on her. It's a nice detail! I have received many compliments wearing these earrings. They are comfortable all day and even when I have to talk on the phone. They add a delicate touch to any outfit I think!,
Jennifer Potter,Easy to fasten,https://www.amazon.com/gp/customer-reviews/R1TFB0UT9A7Q3X/ref=cm_cr_getr_d_rvw_ttl?ie=UTF8&ASIN=B08PYNXLXW,"5.0 "," the United States "," August 23, 2023",Color: Willow Leaf,Verified Purchase,I really like these earrings and they are a great size when you want something small. They fasten easily.,
sarah noe,Pro/con,https://www.amazon.com/gp/customer-reviews/R1FD3PSY9NEKDB/ref=cm_cr_getr_d_rvw_ttl?ie=UTF8&ASIN=B08PYNXLXW,"5.0 "," the United States "," August 13, 2023",Color: Willow Leaf,Verified Purchase,"Pro: easy to click together, adorable, I’ve been wearing these for several weeks and there’s been no tarnish  Con: none!",
Kathryn T,"Cute, small gold hoops",https://www.amazon.com/gp/customer-reviews/R1PYEAYDTSU1T0/ref=cm_cr_getr_d_rvw_ttl?ie=UTF8&ASIN=B08PYNXLXW,"5.0 "," the United States "," July 23, 2023",Color: Crown Arrow,Verified Purchase,"Love these cute, good earrings. They are a little bit bigger than what I consider huggies, but that is what I was going for. Small hoops. They look just like the pictures and arrived quickly. Very happy with my purchase.",
Sarah W,"NOT HUGGIES, definitely hoops",https://www.amazon.com/gp/customer-reviews/R1PZQVOHGMJD3B/ref=cm_cr_getr_d_rvw_ttl?ie=UTF8&ASIN=B08PYNXLXW,"3.0 "," the United States "," July 20, 2023",Color: Willow Leaf,Verified Purchase,"This was my fault for not looking at reviews or images and only going off of the “huggies” description. They are very pretty, but they are not huggies, they are hoops. I’ve included photos comparing them with my actual huggies earrings and them in my ears to show the size. I still think they are quite pretty, but I prefer to wear huggies daily for work because I work in a field where my earrings are more likely to get snagged or caught. So huggies are nice, since they have such a small diameter. I will still wear them on the weekends, but they aren’t what I was expecting.",3
LaLuna,Nice,https://www.amazon.com/gp/customer-reviews/R3EXJS3REW8CH7/ref=cm_cr_getr_d_rvw_ttl?ie=UTF8&ASIN=B08PYNXLXW,"4.0 "," the United States "," July 18, 2023",Color: Two Circles,Verified Purchase,"Nice, different looking hoops. A little heavy, but not bad.",
L. Jensen,Wear every day,https://www.amazon.com/gp/customer-reviews/R1ST42FZFO7MZ9/ref=cm_cr_getr_d_rvw_ttl?ie=UTF8&ASIN=B08PYNXLXW,"5.0 "," the United States "," July 4, 2023",Color: Willow Leaf,Verified Purchase,"I’ve worn these every day since they arrived. Pretty, comfortable, and easy to put on/take off.",
Iqra,Beautiful but a little too big,https://www.amazon.com/gp/customer-reviews/R245BQSI7BY63U/ref=cm_cr_getr_d_rvw_ttl?ie=UTF8&ASIN=B08PYNXLXW,"3.0 "," the United States "," July 3, 2023",Color: Willow Leaf,Verified Purchase,"These are beautiful earrings! If they had been a smidge smaller so the leaves are more proportional to the hoop, it would’ve been perfect. Right now, it looks a little awkward.",
Daisy,Love love love,https://www.amazon.com/gp/customer-reviews/R211ZJPV35FNFD/ref=cm_cr_getr_d_rvw_ttl?ie=UTF8&ASIN=B08PYNXLXW,"5.0 "," the United States "," July 2, 2023",Color: CZ-T,Verified Purchase,These are SO  pretty and I always get compliments when I wear them!,
l garcia,Perfect,https://www.amazon.com/gp/customer-reviews/R3763OW3I9D5GP/ref=cm_cr_getr_d_rvw_ttl?ie=UTF8&ASIN=B08PYNXLXW,"5.0 "," the United States "," June 21, 2023",Color: Spiked B,Verified Purchase,I love these! They’re so comfortable to put on and remove and so far they haven’t tarnished,
Angie,Light & Petite,https://www.amazon.com/gp/customer-reviews/RR5L22FYNQUHN/ref=cm_cr_getr_d_rvw_ttl?ie=UTF8&ASIN=B08PYNXLXW,"5.0 "," the United States "," June 10, 2023",Color: CZ-Lock B,Verified Purchase,Great crossover earring for work to casual. Receive compliments on these tiny lockets each time I wear them!,
Gloria Massey,Quality,https://www.amazon.com/gp/customer-reviews/R14DEWWFHOFYUL/ref=cm_cr_getr_d_rvw_ttl?ie=UTF8&ASIN=B08PYNXLXW,"5.0 "," the United States "," June 8, 2023",Color: Link Hoop,Verified Purchase,"I love these earrings! They are so pretty,  lightweight & just right for wearing everyday.",
CCLL,Love them,https://www.amazon.com/gp/customer-reviews/R1FFH7L23DABDX/ref=cm_cr_getr_d_rvw_ttl?ie=UTF8&ASIN=B08PYNXLXW,"5.0 "," the United States "," June 8, 2023",Color: Willow Leaf,Verified Purchase,Beautiful!,
Kristy Bilderback,I love these,https://www.amazon.com/gp/customer-reviews/R11UR0B6L7X5RZ/ref=cm_cr_getr_d_rvw_ttl?ie=UTF8&ASIN=B08PYNXLXW,"5.0 "," the United States "," May 13, 2023",Color: Beaded B,Verified Purchase,"They’re perfect, simple and fun. I wear them all the time!",
Patricia,Lovely,https://www.amazon.com/gp/customer-reviews/R32ZUSLY9BMJ5S/ref=cm_cr_getr_d_rvw_ttl?ie=UTF8&ASIN=B08PYNXLXW,"5.0 "," the United States "," April 18, 2023",Color: Willow Leaf,Verified Purchase,"These are very lovely earrings. The hoops are a little bit large, but not too large that I don't like them. They are easy to put in and take out as well.",
Mr.Lester Corley,Cute but be careful,https://www.amazon.com/gp/customer-reviews/R36WLX5YNB8TZ8/ref=cm_cr_getr_d_rvw_ttl?ie=UTF8&ASIN=B08PYNXLXW,"3.0 "," the United States "," April 13, 2023",Color: Willow Leaf,Verified Purchase,The earrings are bigger than I thought and are super cute still but metal is bendy. When closing the earring it might not catch and bend the connection piece.,
Christi,Lovely and Dainty,https://www.amazon.com/gp/customer-reviews/R29RVNI6ZHVT62/ref=cm_cr_getr_d_rvw_ttl?ie=UTF8&ASIN=B08PYNXLXW,"5.0 "," the United States "," April 9, 2023",Color: CZ-Row,Verified Purchase,They’re lightweight and dainty.,
Haya,Quality,https://www.amazon.com/gp/customer-reviews/R1S9MDS3PXU6RL/ref=cm_cr_getr_d_rvw_ttl?ie=UTF8&ASIN=B08PYNXLXW,"5.0 "," the United States "," April 7, 2023",Color: Beaded,Verified Purchase,Good quality! Had these for months and never take them off they haven’t rusted or fallen out! Don’t irritate my ears either >>,
KarenB,So cute!,https://www.amazon.com/gp/customer-reviews/R1ZLLR3E5AOWMC/ref=cm_cr_getr_d_rvw_ttl?ie=UTF8&ASIN=B08PYNXLXW,"5.0 "," the United States "," April 6, 2023",Color: Willow Leaf,Verified Purchase,"These little huggies are just beautiful and quality seems good, too.  Might just buy more from this vendor!  They have lots of other designs.  Check them out!",2
Megan,Great gift,https://www.amazon.com/gp/customer-reviews/R6UV5OI14H057/ref=cm_cr_getr_d_rvw_ttl?ie=UTF8&ASIN=B08PYNXLXW,"5.0 "," the United States "," April 6, 2023",Color: Willow Leaf,Verified Purchase,"Bought as a gift for father, he says they aren't too small or too large which is nice. He enjoys the gold color and how it matches the bangle he bought me in rememberance of his mother (my grandmother).",
Sue,Perfect for dressing up or dressing down,https://www.amazon.com/gp/customer-reviews/RX8RHGM25UEM9/ref=cm_cr_getr_d_rvw_ttl?ie=UTF8&ASIN=B08PYNXLXW,"5.0 "," the United States "," March 25, 2023",Color: Beaded,Verified Purchase,Love these! I wear them everyday and get compliments everywhere! Even through daily showers and swimming they haven’t tarnished or irritated my ears. Love them,
Laura Bowden,One of my favorites!,https://www.amazon.com/gp/customer-reviews/R2JNYZ0MVVT3U4/ref=cm_cr_getr_d_rvw_ttl?ie=UTF8&ASIN=B08PYNXLXW,"5.0 "," the United States "," March 22, 2023",Color: Willow Leaf,Verified Purchase,"Absolutely some of my favorite earrings. Very lightweight, don't hurt my sensitive ears, super cute and easy to put on.",
"Eleganza Baton Rouge, LA",Cheap,https://www.amazon.com/gp/customer-reviews/R27BTIUK97WNE5/ref=cm_cr_getr_d_rvw_ttl?ie=UTF8&ASIN=B08PYNXLXW,"1.0 "," the United States "," March 16, 2023",Color: CZ-Row,Verified Purchase,Cheap-looking.  I threw them out.,
Lisa Pierce,Dainty earrings for fantastic price,https://www.amazon.com/gp/customer-reviews/R1TF530UPPKE9V/ref=cm_cr_getr_d_rvw_ttl?ie=UTF8&ASIN=B08PYNXLXW,"5.0 "," the United States "," February 24, 2023",Color: Willow Leaf,Verified Purchase,Love the dainty details of these earrings.  very comfortable to wear and affordable.,
Laura K. Soto,You get what you pay for,https://www.amazon.com/gp/customer-reviews/R2OQLHSHAEA5M1/ref=cm_cr_getr_d_rvw_ttl?ie=UTF8&ASIN=B08PYNXLXW,"2.0 "," the United States "," January 30, 2023",Color: Willow Leaf,Verified Purchase,"Love the design. That being said, they made my ears itch & they are that cheap looking gold that is just a little too bright.",
Game of Roses,Love it!,https://www.amazon.com/gp/customer-reviews/RD4T2IVF1VMLR/ref=cm_cr_getr_d_rvw_ttl?ie=UTF8&ASIN=B08PYNXLXW,"5.0 "," the United States "," January 28, 2023",Color: Balls,Verified Purchase,Super duper cute!!!! Love it will wear it on the daily. 😍🫶🏻,
Jakelin,Very difficult to get off,https://www.amazon.com/gp/customer-reviews/R12G8KUT8GZTKZ/ref=cm_cr_getr_d_rvw_ttl?ie=UTF8&ASIN=B08PYNXLXW,"2.0 "," the United States "," January 23, 2023",Color: Beaded,Verified Purchase,Very cute and look exactly like the picture. But they are extremely difficult to take off. They are also bend very easily which is a bummer.,
