﻿评论用户,评论概述,评论链接,星级评分,评论地点,评论时间,类型,是否购买,评论详情,觉得该评论有帮助的人数
Natural Path,nice comfortable shoes,https://www.amazon.com/gp/customer-reviews/RV5EXU4B347MI/ref=cm_cr_getr_d_rvw_ttl?ie=UTF8&ASIN=B0DR6V6SNG,"4.0 "," the United States "," January 22, 2025",Size: 13.5 WideColor: B-grey/Gum,Verified Purchase,"nice shoes, comfortable nice color, not very durable and made for indoors rather than hiking or strolling. They were worth 18.00 but not 36.00",
cjms,Don't wear too often,https://www.amazon.com/gp/customer-reviews/R32HXBS8AC5H77/ref=cm_cr_getr_d_rvw_ttl?ie=UTF8&ASIN=B0DR6V6SNG,"2.0 "," the United States "," January 20, 2025",Size: 12.5 WideColor: B-black/White,Verified Purchase,Shoes might be a good idea if worn all your life. my toes aren't going to straighten. They don't fell real stable on my feet. Wear them in gym. might be a good shoe for some people. good idea with the space for spall toes.,
Brian Ackerman,Very comfortable,https://www.amazon.com/gp/customer-reviews/R3SSL2F3T8QTV7/ref=cm_cr_getr_d_rvw_ttl?ie=UTF8&ASIN=B0DR6V6SNG,"5.0 "," the United States "," January 16, 2025",Size: 8.5 WideColor: B-grey/Gum,Verified Purchase,I was so pleased with the first pair of shoes I purchased from this company that I bought a second pair.  So comfortable. I wanted something for indoors and these fit the bill.,
Tai2k7,Really liking them,https://www.amazon.com/gp/customer-reviews/R1NTYIKY8OKBTQ/ref=cm_cr_getr_d_rvw_ttl?ie=UTF8&ASIN=B0DR6V6SNG,"5.0 "," the United States "," January 11, 2025",Size: 16.5 WideColor: B-black/White,Verified Purchase,This is the only brand of barefoot shoe that come in a size that would fit my very large feet. Comfortable and they look nice. I wear them all the time now.,
Lhauk,No way are they slip on.,https://www.amazon.com/gp/customer-reviews/R2XLOZ9X0EHP5V/ref=cm_cr_getr_d_rvw_ttl?ie=UTF8&ASIN=B0DR6V6SNG,"4.0 "," the United States "," January 5, 2025",Size: 10 WideColor: B-white,Verified Purchase,They are pretty comfortable but I wanted slip on and the only way these slip on is by untieing them and using your hands to put them on.,
Gary,Comfortable walking shoe,https://www.amazon.com/gp/customer-reviews/R3DG6A6WXX4P4G/ref=cm_cr_getr_d_rvw_ttl?ie=UTF8&ASIN=B0DR6V6SNG,"5.0 "," the United States "," January 4, 2025",Size: 11.5 WideColor: B-grey/Gum,Verified Purchase,Just the right arch with zero heel. Will purchase again.,
Amazon Obsessed,Perfect!,https://www.amazon.com/gp/customer-reviews/R19UUXASECP1T9/ref=cm_cr_getr_d_rvw_ttl?ie=UTF8&ASIN=B0DR6V6SNG,"5.0 "," the United States "," January 4, 2025",Size: 15.5 WideColor: B-white,Verified Purchase,This was a gift and ended up being his best fitting shoes ever. Most larger shoes pinch the toes too much but this wide toe box is amazing,
Carlos Mercado,Comodidad,https://www.amazon.com/gp/customer-reviews/RLX98OSFF88SR/ref=cm_cr_getr_d_rvw_ttl?ie=UTF8&ASIN=B0DR6V6SNG,"5.0 "," the United States "," December 28, 2024",Size: 12.5 WideColor: B-blue/Gum,Verified Purchase,"Son muy cómodas,  excelente",
JC,Wide without padding,https://www.amazon.com/gp/customer-reviews/R1SQPMCPLKQEQ4/ref=cm_cr_getr_d_rvw_ttl?ie=UTF8&ASIN=B0DR6V6SNG,"2.0 "," the United States "," December 27, 2024",Size: 14 WideColor: A-black,Verified Purchase,"I’ve worn these shoes a handful of times now. They’re definitely wide and create comfort there; however, I do not recommend you wear these shoes for a full day anywhere. If you do, you’ll need to add inserts for additional padding for the bottom of your feet. My foot bones were sore and made it uncomfortable for me to walk the following day (after wearing them for 8 hrs).",
"m, isaacs","quality product, would buy again",https://www.amazon.com/gp/customer-reviews/R3TUA7OQ4VAPAB/ref=cm_cr_getr_d_rvw_ttl?ie=UTF8&ASIN=B0DR6V6SNG,"5.0 "," the United States "," December 24, 2024",Size: 10.5 WideColor: B-blue/White,Verified Purchase,barefoot shoes are well made and comfortable,
Tawnie,A married couple with the same size shoe,https://www.amazon.com/gp/customer-reviews/R3N63OY70ASHCX/ref=cm_cr_getr_d_rvw_ttl?ie=UTF8&ASIN=B0DR6V6SNG,"5.0 "," the United States "," December 15, 2024",Size: 9 WideColor: B-black/White,Verified Purchase,We both wanted wide boxed toe shoes that where comfy. We both bought the same pair and have had no complaints. My feet felt even better the first time I wore these! I walk ALOT and these so far are working out great! 10/10 recommend,
Debasis,Barefoot shor,https://www.amazon.com/gp/customer-reviews/R2H2NXAKMQH4ED/ref=cm_cr_getr_d_rvw_ttl?ie=UTF8&ASIN=B0DR6V6SNG,"4.0 "," the United States "," December 14, 2024",Size: 10.5 WideColor: B-black,Verified Purchase,The shoe is okay but less sturdy than it looks.,
Robert Ungurean,Recomended,https://www.amazon.com/gp/customer-reviews/RLIUU07XJ6MVU/ref=cm_cr_getr_d_rvw_ttl?ie=UTF8&ASIN=B0DR6V6SNG,"5.0 "," the United States "," December 13, 2024",Size: 14 WideColor: B-black/White,Verified Purchase,Nice shoe. True to size. Would buy again,
darry johnson,Comfortable!,https://www.amazon.com/gp/customer-reviews/R1SNBQA2EAE8H8/ref=cm_cr_getr_d_rvw_ttl?ie=UTF8&ASIN=B0DR6V6SNG,"5.0 "," the United States "," December 12, 2024",Size: 10.5 WideColor: B-grey/Gum,Verified Purchase,Nice light weight shoe. Good looking.,
MaryBeth Kirby,Accomodates my Arizona ankle brace,https://www.amazon.com/gp/customer-reviews/R11H8YVA9F38JB/ref=cm_cr_getr_d_rvw_ttl?ie=UTF8&ASIN=B0DR6V6SNG,"5.0 "," the United States "," December 12, 2024",Size: 13.5 WideColor: A-black,Verified Purchase,"I needed a larger shoe that I could open wide enough to fit my Arizona ankle brace without fighting to get it in. The brace is thick leather and covers 3/4 of my foot plus makes the ankle extra wide and I was struggling with other shoes to open wide enough. And then lace up tight for extra support. This shoe is 99 percent perfect. My only minor issue is that I personally need to swap out the shoelaces for non soft cotton laces for a pair that slide more easily for me when I pull them tight. Otherwise these are really great shoes, especially if you need a very flat bottom / zero heel height or need a shoe to accommodate your orthodics. The standard inserts have decent padding and are also easily removed  if you need the extra space. Plus the price is great. I 💯% recommend these shoes 👟👟. Be sure to measure your feet to get the correct size - I got it on try number 3 because I did not measure. The extra pairs went to our local homeless shelter for Christmas vs returning them. I'm sure returning would have been fine but I chose to donate because Christmas 🎄🎁",
Sarge,Very good low top shoe,https://www.amazon.com/gp/customer-reviews/R1419HA4FCW3Y1/ref=cm_cr_getr_d_rvw_ttl?ie=UTF8&ASIN=B0DR6V6SNG,"4.0 "," the United States "," December 5, 2024",Size: 11.5 WideColor: B-black/Gum,Verified Purchase,This is a very good low top shoe with a super grippy soul,
BRIAN J,Great fit,https://www.amazon.com/gp/customer-reviews/R188RL3I6AZKH1/ref=cm_cr_getr_d_rvw_ttl?ie=UTF8&ASIN=B0DR6V6SNG,"5.0 "," the United States "," November 26, 2024",Size: 10 WideColor: B-black,Verified Purchase,Perfect fit,
Baylee Hoff,Helps relieve toe pain/ pressure,https://www.amazon.com/gp/customer-reviews/R3KT1DUM6POYC4/ref=cm_cr_getr_d_rvw_ttl?ie=UTF8&ASIN=B0DR6V6SNG,"4.0 "," the United States "," November 25, 2024",Size: 10.5 WideColor: B-black/Gum,Verified Purchase,Allows me to comfortably wear a toe separator to help with my in grown toenail on my big toe. Very comfy and has a little support in the arch. Is barefoot style and very low to ground. I can feel gravel underneath walking on it. Best in home or at work inside on even grounds.,
HarrisHill,Awesome buy 5stars!!!,https://www.amazon.com/gp/customer-reviews/R6A3X9Q2PQRU8/ref=cm_cr_getr_d_rvw_ttl?ie=UTF8&ASIN=B0DR6V6SNG,"5.0 "," the United States "," November 24, 2024",Size: 11.5 WideColor: B-black/Gum,Verified Purchase,I love these and buying more. The wide ness is amazing and very comfortable. I love them u have no idea till u buy them. Amazing quality. I don’t buy shoes much but I’m getting more of these babies. Great price too!!,
David G,Best shoes I have purchased.,https://www.amazon.com/gp/customer-reviews/RYRH7IJCCHW7Z/ref=cm_cr_getr_d_rvw_ttl?ie=UTF8&ASIN=B0DR6V6SNG,"5.0 "," the United States "," November 22, 2024",Size: 7 WideColor: B-black,Verified Purchase,"I purchased these shoes and a little skeptical about them at first. When they arrived, I tried them on and walked around my home then went for a walk. They are the best fitting and most comfortable shoes. They fit true to size so make sure to measure your foot before make this purchase. These shoes are great!",
Kindle Customer,Excellent feel and fit,https://www.amazon.com/gp/customer-reviews/R1LV1C421I750K/ref=cm_cr_getr_d_rvw_ttl?ie=UTF8&ASIN=B0DR6V6SNG,"5.0 "," the United States "," November 15, 2024",Size: 13.5 WideColor: B-blue/Gum,Verified Purchase,These are the most comfortable shoes I've ever worn.  Easy to put on and take off. They can be worn with it without socks. They are sturdy and can stand up to wear. I want 6 more pair.,
Ron0359,Shoes,https://www.amazon.com/gp/customer-reviews/ROGLODJNG00GL/ref=cm_cr_getr_d_rvw_ttl?ie=UTF8&ASIN=B0DR6V6SNG,"5.0 "," the United States "," October 30, 2024",Size: 15.5 WideColor: B-blue/Gum,Verified Purchase,"Loved them, very comfortable and fit great",
Bekah,Fit wonderfully,https://www.amazon.com/gp/customer-reviews/RF4XSAZE2TGD5/ref=cm_cr_getr_d_rvw_ttl?ie=UTF8&ASIN=B0DR6V6SNG,"5.0 "," the United States "," October 16, 2024",Size: 11.5 WideColor: B-black,Verified Purchase,"These look great and are so comfortable! We hope they last for a while too. They have a great texture, flexibility, wide toe box but it doesn’t look chunky.",
Alan,Feet,https://www.amazon.com/gp/customer-reviews/R1FT3QJKM2X0HN/ref=cm_cr_getr_d_rvw_ttl?ie=UTF8&ASIN=B0DR6V6SNG,"3.0 "," the United States "," October 1, 2024",Size: 12.5 WideColor: B-black/Gum,Verified Purchase,Not super comfortable. They look nice and are great for anything other than being on your feet for hours.,
yomamasinhere,Comfy but not a lot of grip,https://www.amazon.com/gp/customer-reviews/R3RIZ14TZE0D23/ref=cm_cr_getr_d_rvw_ttl?ie=UTF8&ASIN=B0DR6V6SNG,"4.0 "," the United States "," September 18, 2024",Size: 16.5 WideColor: B-black/Gum,Verified Purchase,"Like them a lot. They are durable, breathable, and look very minimal. Only issue I have is they have very limited grip.",3
Jason Poilovs,I’m glad I took a chance on these.,https://www.amazon.com/gp/customer-reviews/R1501KDWXM4G1C/ref=cm_cr_getr_d_rvw_ttl?ie=UTF8&ASIN=B0DR6V6SNG,"5.0 "," the United States "," September 15, 2024",Size: 15.5 WideColor: B-black/Gum,Verified Purchase,"I love them, they’re the most comfortable shoes I own!",
David A. Coughlin,Very comfortable,https://www.amazon.com/gp/customer-reviews/R3JTJUV6LZF0HL/ref=cm_cr_getr_d_rvw_ttl?ie=UTF8&ASIN=B0DR6V6SNG,"5.0 "," the United States "," September 8, 2024",Size: 10.5 WideColor: A-black,Verified Purchase,"I like the price, the fit, the quality, great shoes",
robert vitabile,Great on,https://www.amazon.com/gp/customer-reviews/R2F4JDNBPYA1U2/ref=cm_cr_getr_d_rvw_ttl?ie=UTF8&ASIN=B0DR6V6SNG,"5.0 "," the United States "," September 6, 2024",Size: 9 WideColor: B-grey/Gum,Verified Purchase,Fits great 😊,
Terry F,Great for cramped toes,https://www.amazon.com/gp/customer-reviews/R2NWGE0AX5YI4Z/ref=cm_cr_getr_d_rvw_ttl?ie=UTF8&ASIN=B0DR6V6SNG,"4.0 "," the United States "," September 3, 2024",Size: 8.5 WideColor: B-black/Gum,Verified Purchase,These are perfect for cramped toes that cause pain. I hope they offer a winter version soon. Very slip resistant. I like the flat design with no heel rise,
THS,Super comfy,https://www.amazon.com/gp/customer-reviews/R3EYI8207EYOHP/ref=cm_cr_getr_d_rvw_ttl?ie=UTF8&ASIN=B0DR6V6SNG,"5.0 "," the United States "," September 1, 2024",Size: 11.5 WideColor: B-blue/Gum,,"I‘ve had years of foot pain, mostly in the metatarsal or ball of the foot. I’ve tried many different kinds of shoes (including expensive walking shoes), and a variety of insoles and orthotics with limited relief. After realizing that my flip flops gave me the most relief, I decided to try minimalist shoes. The first pair (not these) were good but the sole was a little too thin and I couldn't wear them for any length of time on hard surfaces. So I tried several different brands from Amazon and these are by far the most comfortable. They are the only shoes I can wear all day and not have foot pain! They have a nice insole with a little arch support but still have the flexibility and wide toe box that allows my feet to move and expand freely. The soles are grippy but I haven’t tried them on a wet, slick floor. They look great and the quality of construction seems like they should last a reasonable amount of time given that the price is so reasonable. These have changed my life and I will be ordering more.",
River,Finally the perfect FIT!  Quality & Comfortable!,https://www.amazon.com/gp/customer-reviews/R3BIFD565TS2BI/ref=cm_cr_getr_d_rvw_ttl?ie=UTF8&ASIN=B0DR6V6SNG,"5.0 "," the United States "," August 30, 2024",Size: 12.5 WideColor: B-black/Gum,Verified Purchase,Spectacular boat shoe!  Outstanding grip‼️ Fits perfectly and allows your toes to breathe.,2
Andrew cornelius,6’3 340lb us15-16 shoes BEST SHOES EVER,https://www.amazon.com/gp/customer-reviews/R3L80FHKGN3AKA/ref=cm_cr_getr_d_rvw_ttl?ie=UTF8&ASIN=B0DR6V6SNG,"5.0 "," the United States "," August 21, 2024",Size: 15.5 WideColor: B-black/White,,These are the absolute best shoes I’ve ever owned I’m 6’3 340lb size 15-16 shoes and finding shoes clothes etc Is impossible. I want to buy a pallet full because they are perfect I’ve had them for a month and they still look brand new and I can’t go back to normal shoes. At rust of being like Homer Simpson I’m buying only these shoes a pro cali 5xl-tall and now hunting for the shorts and pants that will be my life time outfit.,
Aaron K,Love these shoes!,https://www.amazon.com/gp/customer-reviews/RDD9V8OLFHQ9T/ref=cm_cr_getr_d_rvw_ttl?ie=UTF8&ASIN=B0DR6V6SNG,"5.0 "," the United States "," August 13, 2024",Size: 12.5 WideColor: A-black,,"I'm a high school teacher and spend almost every hour on my feet during the day. I've been feeling great since I ordered these shoes!  The support is great, and they have a nice memory phone insert that is as light as I've ever felt.  100% recommend!",
EPTXGAL,Comfortable and Meet My Needs - Great for Women,https://www.amazon.com/gp/customer-reviews/R74VAN8R8NM1C/ref=cm_cr_getr_d_rvw_ttl?ie=UTF8&ASIN=B0DR6V6SNG,"5.0 "," the United States "," August 12, 2024",Size: 10 WideColor: B-white,Verified Purchase,"All I can say, this is the only pair I wore on my cruise and trip to Alaska.  Because of my nerve damage due to multiple surgeries, I need to feel as if I am walking barefoot - these protected my feet, gave me the support, wore well, did not dirty easily, just fantastic--even when I was fishing.  I got another brand which is as good but more experience.  These are my favorite.  I am going to look for another color but I loved it that it did not look like I was wearing orthopedic shoes.  I wanted a tennis shoe. I was hesitant in using a man's shoe because of the placement of the arch but I really do love these.  Just fantastic.",5
james,Men’s barefoot shoes,https://www.amazon.com/gp/customer-reviews/R2DTE9C9FHKOGR/ref=cm_cr_getr_d_rvw_ttl?ie=UTF8&ASIN=B0DR6V6SNG,"4.0 "," the United States "," August 11, 2024",Size: 10.5 WideColor: B-grey/Gum,Verified Purchase,Husband is loving these new shoes If you are looking for a shoe with a arch these aren’t for you Nice looking comfortable,2
Naser,Comfortable,https://www.amazon.com/gp/customer-reviews/R1FJR3P2KE2VG3/ref=cm_cr_getr_d_rvw_ttl?ie=UTF8&ASIN=B0DR6V6SNG,"5.0 "," the United States "," August 4, 2024",Size: 10.5 WideColor: B-white,Verified Purchase,Very comfortable,
V,Like walking with light shoes on,https://www.amazon.com/gp/customer-reviews/R394KOEN2TV3DM/ref=cm_cr_getr_d_rvw_ttl?ie=UTF8&ASIN=B0DR6V6SNG,"4.0 "," the United States "," July 31, 2024",Size: 13.5 WideColor: B-black,Verified Purchase,Great lightweight shoe. Wish the inserts were part of the sole. They’re annoying to put back in when they pop out. Wear these around the house and anytime I have a short trip to do.,
Big Bear,Wide enough to accomodate 4e feet grippy 1,https://www.amazon.com/gp/customer-reviews/R9GGXHIK0B4N4/ref=cm_cr_getr_d_rvw_ttl?ie=UTF8&ASIN=B0DR6V6SNG,"5.0 "," the United States "," July 30, 2024",Size: 10 WideColor: B-black,Verified Purchase,"You know what they say about men with really wide feet??? They need really wide shoes!  (Get you mind out of the gutter) The size 10s accommodate my 9.5 EEEE feet (new balance size).  Very grippy, great ventilation",
Will,More padding would be nice,https://www.amazon.com/gp/customer-reviews/RK8XIL44E3B8G/ref=cm_cr_getr_d_rvw_ttl?ie=UTF8&ASIN=B0DR6V6SNG,"4.0 "," the United States "," July 30, 2024",Size: 11.5 WideColor: B-blue/Gum,Verified Purchase,These are very comfortable and I like the way they look but most of us are walking on concrete which is very unnatural. I hope they make a future version with a more shock absorbing material.,
Palala,Awesome,https://www.amazon.com/gp/customer-reviews/R1YP0O8RRSDPHN/ref=cm_cr_getr_d_rvw_ttl?ie=UTF8&ASIN=B0DR6V6SNG,"5.0 "," the United States "," July 27, 2024",Size: 16.5 WideColor: B-grey/Gum,Verified Purchase,"Fits perfectly, got them in this morning, had them on for about 4 hours so far and I gotta say…. I love it. Very comfortable and very light. I’m a big guy 6’4” and 415 lbs and usually wear a size 16.5 4E or a 17W. So comfort and size is hard to find.. These are size 16W and they fit perfectly. Will be purchasing a few more or maybe 1 of each color. 5 stars ⭐️ ⭐️⭐️⭐️⭐️🤙🏽",8
Marcy warr,Very comfortable,https://www.amazon.com/gp/customer-reviews/R357D7JKJI01EN/ref=cm_cr_getr_d_rvw_ttl?ie=UTF8&ASIN=B0DR6V6SNG,"5.0 "," the United States "," July 13, 2024",Size: 15.5 WideColor: B-black/Gum,Verified Purchase,Great fit especially for a big guy with a wide foot it’s wide in the right area size 16w,2
Anago,Awesome fit,https://www.amazon.com/gp/customer-reviews/RRK2SX6OJX452/ref=cm_cr_getr_d_rvw_ttl?ie=UTF8&ASIN=B0DR6V6SNG,"5.0 "," the United States "," June 30, 2024",Size: 13.5 WideColor: B-blue/Gum,Verified Purchase,I bought this shoes to see what the hype is about and after donning them I’ll say it’s one of the best fit shoes I have ever bought. The way it conforms to my feet is awesome and I have no pinch points on my feet. I’ll definitely get another one in a different color as well as recommend them to family and friends.,6
Derrick,Perfect for big feet!,https://www.amazon.com/gp/customer-reviews/R2HN61BR4U1D1C/ref=cm_cr_getr_d_rvw_ttl?ie=UTF8&ASIN=B0DR6V6SNG,"5.0 "," the United States "," June 26, 2024",Size: 16.5 WideColor: B-black/Gum,Verified Purchase,"I have huge feet. I got the size 16.5 wide. They’re the best fitting shoes I’ve ever owned. I wear these everywhere. Normally I prefer to wear sandals because shoes are usually too tight, but not this pair. If you have giant feet, try these out.",6
Big Joe,Very Nice!,https://www.amazon.com/gp/customer-reviews/RO8KLQ7Q0S9I8/ref=cm_cr_getr_d_rvw_ttl?ie=UTF8&ASIN=B0DR6V6SNG,"5.0 "," the United States "," May 18, 2024",Size: 14 WideColor: B-white,Verified Purchase,These shoes are so comfortable. I really love the zero drop. The size is spot on perfect.,
Mark,Good shoes. Wide as described.,https://www.amazon.com/gp/customer-reviews/R3FJDRAAQ7YST9/ref=cm_cr_getr_d_rvw_ttl?ie=UTF8&ASIN=B0DR6V6SNG,"5.0 "," the United States "," April 24, 2024",Size: 10 WideColor: B-grey/Gum,Verified Purchase,Fits well. Clean look.,2
JoeyPi,Great shoes!,https://www.amazon.com/gp/customer-reviews/R3321ODSEAVKPG/ref=cm_cr_getr_d_rvw_ttl?ie=UTF8&ASIN=B0DR6V6SNG,"5.0 "," the United States "," March 10, 2024",Size: 15.5 WideColor: B-black,,"Let me just say I started off trying this brand because it's always hard finding a stylish pair of kicks in my size. So upon receiving my first pair they looked as good as advertised, nice color, felt sturdy but still light weight just a nice pair. Then I slipped them on my feet and was just so happy with my purchase, they were so comfortable as I said, light weight but not cheap feeling, I've been wearing them around now for my everyday errands and they are holding up great, like I said big feet and I'm a big guy. Basically I'm loving the brand so much I've already gotten 2 more pairs with a third on the way because, coordination, they've got colors. Even when I could find shoes I'd be limited to one style, one color but with this brand it seems like every time I look in their store they are rolling out a new style. Well they got me! And for the price I can afford to have the options I couldn't before. It's an easy 5 stars all the way!",14
matze,,https://www.amazon.com/hz/reviews-render/report-review?ie=UTF8&ref=cm_cr_getr_d_rvw_hlp&csrfT=hMLsKzRM16to5ahdEQ8uaO2wumnRV8ZQaNDwQK8kVI93AAAAAGeW7PIAAAAB&reviewId=R2MSRS57KYW4ZE,"5.0 "," Germany "," September 1, 2024",,Verified Purchase,Alles top,
Francesca,,https://www.amazon.com/hz/reviews-render/report-review?ie=UTF8&ref=cm_cr_getr_d_rvw_hlp&csrfT=hCe7s8CnyQc9q12uMpra4cxk1Z19QQHuv%2B45o2W51%2FA7AAAAAGeW7PIAAAAB&reviewId=R2IR9ATHO26I24,"5.0 "," Italy "," July 30, 2024",,Verified Purchase,"Mio marito ne è entusiasta, ne loda la comodità e leggerezza",
Oliver,,https://www.amazon.com/hz/reviews-render/report-review?ie=UTF8&ref=cm_cr_getr_d_rvw_hlp&csrfT=hAtV6%2BxZR9qEkHDetQcuJ2uYBoeW0ZmvlUZAGojpeus1AAAAAGeW7PIAAAAB&reviewId=R1OSWROE9PNE1T,"5.0 "," Germany "," March 17, 2024",,Verified Purchase,Ich bin völlig zufrieden!,
ann barber,,https://www.amazon.com/hz/reviews-render/report-review?ie=UTF8&ref=cm_cr_getr_d_rvw_hlp&csrfT=hC1Le70AAmu8Cp9SnWh7XNqJkdkB%2BtmPdaw44s5YaOhlAAAAAGeW7PIAAAAB&reviewId=R1SYJU715Z5VJ2,"5.0 "," the United Kingdom "," January 12, 2024",,Verified Purchase,Very pleased with the trainers  ;they arrived in good time,
Michael Koenen,,https://www.amazon.com/hz/reviews-render/report-review?ie=UTF8&ref=cm_cr_getr_d_rvw_hlp&csrfT=hKzrH1EbGLfK8TZsubZg%2BSpFMZzW9xo9K%2FxRkUGVWgTIAAAAAGeW7PUAAAAB&reviewId=R22I1EBI5E23OK,"5.0 "," Germany "," July 31, 2022",,Verified Purchase,Super Rennradschuh. Sehr bequem. Nichts drückt. Das Verschlusssystem ist perfekt. Klare Kaufempfehlung für den Preis.,
