﻿评论用户,评论概述,评论链接,星级评分,评论地点,评论时间,类型,是否购买,评论详情,觉得该评论有帮助的人数
abetaev,extremely comfortable!,https://www.amazon.com/gp/customer-reviews/RBVRLUGE618GL/ref=cm_cr_getr_d_rvw_ttl?ie=UTF8&ASIN=B0B95VMDS6,"4.0 "," the United States "," January 12, 2025",,Verified Purchase,but not very durable...,
Dan Koltiska,Great for drummers,https://www.amazon.com/gp/customer-reviews/R1Y7WGQFH1RKZQ/ref=cm_cr_getr_d_rvw_ttl?ie=UTF8&ASIN=B0B95VMDS6,"5.0 "," the United States "," December 31, 2024",Size: 11.5-12Color: W71v5 | All Black,Verified Purchase,"Love these shoes for drumming.. dunno about anything else, I literally only use this to play drums..",
J M,Barely lasted,https://www.amazon.com/gp/customer-reviews/R23DRY4UMTM3EI/ref=cm_cr_getr_d_rvw_ttl?ie=UTF8&ASIN=B0B95VMDS6,"1.0 "," the United States "," December 9, 2024",Size: 11.5-12Color: W71v5 | Green Gum,Verified Purchase,"They are comfortable and fit well. I get multiple compliments a day wearing them. However, I have only had them 4 months and the inside foot-bed already unglued and rides up the heel of the shoe.",
David D.,"A great, casual shoe",https://www.amazon.com/gp/customer-reviews/R264TC1KEVZKMZ/ref=cm_cr_getr_d_rvw_ttl?ie=UTF8&ASIN=B0B95VMDS6,"5.0 "," the United States "," November 30, 2024",,Verified Purchase,"I've been searching for a shoe for casual wear for a long time - tennis shoes are just not meant to be all-purpose shoes, you know? And I have finally found what I'm looking for in these WHITIN's. They look nice, are easy to slip on, and are extremely comfortable. I can wear them all day. They don't breath very well compared to proper athletic shoes, but for any other use they will do just fine.",
Patrick A. Nordquist,Cheap product.,https://www.amazon.com/gp/customer-reviews/R3GNFUFPYJA1F5/ref=cm_cr_getr_d_rvw_ttl?ie=UTF8&ASIN=B0B95VMDS6,"2.0 "," the United States "," November 15, 2024",Size: 13Color: W71v5 | White Gum,Verified Purchase,,
Marielos M.,Not for daily use,https://www.amazon.com/gp/customer-reviews/R2KPTL1JJ42J6N/ref=cm_cr_getr_d_rvw_ttl?ie=UTF8&ASIN=B0B95VMDS6,"4.0 "," the United States "," November 14, 2024",,Verified Purchase,"Giving 4 stars, because of quality. Granted it's on me, for using them to daily walk on concrete, however shoes lasted 4 months if that. Had to throw them away yesterday, because both shoes had holes in them and water was getting in them when it would rain. Clearly these are meant more for working out, NOT daily walking.  In terms of wide toe/barefoot? Alot of spaces for your toes and at least for me, made my feet feel better with time",
Joe,Primal,https://www.amazon.com/gp/customer-reviews/R18ISGOF9VN9MD/ref=cm_cr_getr_d_rvw_ttl?ie=UTF8&ASIN=B0B95VMDS6,"5.0 "," the United States "," November 7, 2024",Size: 10.5-11Color: W71v5 | All Black,Verified Purchase,"I've 3 pairs of whitins, The high top, the low knits and now these mesh  These are awesome I love the low profile unmarked look. Very breathable for the gym and they lace well. I've put them through abuse. Trail running, waterparks, worked in them. I've work the sole down thin and the price is so reachable. I do IT and I'll wear these to work on occasion. I live in the Texas desert and they are awesome in the summer. I also wear vivobarefoot, bearfoot , magic shoes and these are one of my favorite. best gym shoe.  wide toe, .. no heel",3
The Duty Diver,3rd pair of these,https://www.amazon.com/gp/customer-reviews/R2ITYI2MG9XZQO/ref=cm_cr_getr_d_rvw_ttl?ie=UTF8&ASIN=B0B95VMDS6,"5.0 "," the United States "," November 2, 2024",Size: 9.5-10Color: W71v5 | All Black,Verified Purchase,"This is my 3rd pair of these shoes over the years. Photos compare new and old ones.  After 1.5 years of running and walking on roads/trails, these they finally started wearing down. Not to the point of a hole in the bottom. The scuff on the toe is from hitting a stray sidewalk piece a few times.  Best barefoot shoes I've used in the last 10 years. Better and cheaper than new balance minimus or any other brand minimalist/barefoot shoe.",
Mike M,Not For Me,https://www.amazon.com/gp/customer-reviews/RXD4LTW8PUWMP/ref=cm_cr_getr_d_rvw_ttl?ie=UTF8&ASIN=B0B95VMDS6,"3.0 "," the United States "," October 24, 2024",,Verified Purchase,"These are inexpensive, fairly durable and fit well. My only issue is that they caused me more problems than they solved. This style of shoe can cause health issues if you aren’t careful. No more “barefoot” style shoes for me!",
jamie s,Great shoes for the price,https://www.amazon.com/gp/customer-reviews/R27D1RR613E2AP/ref=cm_cr_getr_d_rvw_ttl?ie=UTF8&ASIN=B0B95VMDS6,"5.0 "," the United States "," October 22, 2024",Size: 10.5-11Color: W71v5 | All Black,Verified Purchase,Been wearing them daily for 5 months or so. Everything great so far,
Drew,Lasted 15 months,https://www.amazon.com/gp/customer-reviews/R5WHQ0RKJ9UOX/ref=cm_cr_getr_d_rvw_ttl?ie=UTF8&ASIN=B0B95VMDS6,"5.0 "," the United States "," October 21, 2024",Size: 13Color: W71v5 | All Black,Verified Purchase,"For $40 you get a lot of value.  Took 15 months to develop holes.  I'm gonna shoe glue some new rubber to the bottom to get some more life since the tops are still good.  I like the soft heels.  You can slip them on and off.  These are my daily work shoes, desk / walking around work space.  These are also great travel shoes, light and packable.",
Jeffrey Dee.,Comfort.,https://www.amazon.com/gp/customer-reviews/R1DOSHBBMWXKO5/ref=cm_cr_getr_d_rvw_ttl?ie=UTF8&ASIN=B0B95VMDS6,"5.0 "," the United States "," October 18, 2024",Size: 9.5-10Color: W71v5 | All Black,Verified Purchase,These are comfortable. They look strange when wearing because the toe area is wide. Nice for taking a long walk.,
Mstafford2,Fits well,https://www.amazon.com/gp/customer-reviews/R39E42IBQ7P1AE/ref=cm_cr_getr_d_rvw_ttl?ie=UTF8&ASIN=B0B95VMDS6,"5.0 "," the United States "," October 17, 2024",Size: 10.5-11Color: W71v5 | All Black,Verified Purchase,It's a very decent show for the price and although it's a cheaper alternative. It doesn't feel much different.,
Bryan Mera Reyes,Great grip for Circus based things!,https://www.amazon.com/gp/customer-reviews/R3BBYD4Q2TN6V7/ref=cm_cr_getr_d_rvw_ttl?ie=UTF8&ASIN=B0B95VMDS6,"5.0 "," the United States "," October 13, 2024",Size: 9.5-10Color: W71v5 | All Black,Verified Purchase,"I originally bought these for Chinese Pole which is a large vertical pole that requires shoes with good grip to keep you on it! These work perfectly and the price speaks for itself. While I initially bought them for this very niche thing, they are also super comfortable, fit perfectly, and they look pretty great as well. I fully intend to buy more of these when my size is not sold out in other colors haha.  I am a size 10 usually in mens (US) and I selected 9.5-10 and it fits perfectly.",
Alex,Comfortable,https://www.amazon.com/gp/customer-reviews/R2ZPX1JFM5T7PF/ref=cm_cr_getr_d_rvw_ttl?ie=UTF8&ASIN=B0B95VMDS6,"5.0 "," the United States "," September 30, 2024",Size: 10.5-11Color: W71v5 | All Black,Verified Purchase,These are very comfortable  they are my everyday shoes.,
Cat wheel.   Easy assembly.  Nice item.,Light weight,https://www.amazon.com/gp/customer-reviews/R2BCJ0VSN9F14V/ref=cm_cr_getr_d_rvw_ttl?ie=UTF8&ASIN=B0B95VMDS6,"5.0 "," the United States "," September 27, 2024",Size: 11.5-12Color: W71v5 | All Black,Verified Purchase,I love these.  They wear out quick. On my second pair.  Foot aches gone !  Don’t get them near a campfire !  Red ambers = instant holes.,
Geo,10/10,https://www.amazon.com/gp/customer-reviews/RQYPVA2ICRJDS/ref=cm_cr_getr_d_rvw_ttl?ie=UTF8&ASIN=B0B95VMDS6,"5.0 "," the United States "," September 19, 2024",,Verified Purchase,"Outstanding value, incredibly comfortable 5⭐️",
Mark Hendley,Comfortable,https://www.amazon.com/gp/customer-reviews/R2PIGCQI8HA776/ref=cm_cr_getr_d_rvw_ttl?ie=UTF8&ASIN=B0B95VMDS6,"4.0 "," the United States "," September 13, 2024",Size: 13Color: W71v5 | Green Gum,Verified Purchase,These shoes are super comfortable but if you are walking in the rain your feet will get wet.,
JaMedinaR,Excellent,https://www.amazon.com/gp/customer-reviews/R3GSCEZYISZENH/ref=cm_cr_getr_d_rvw_ttl?ie=UTF8&ASIN=B0B95VMDS6,"5.0 "," the United States "," August 31, 2024",,Verified Purchase,Comfortable light weight and well made,
Charles Michael Kay,Great Entry Shoe,https://www.amazon.com/gp/customer-reviews/R1YHIKRHP8AX7O/ref=cm_cr_getr_d_rvw_ttl?ie=UTF8&ASIN=B0B95VMDS6,"5.0 "," the United States "," August 27, 2024",,Verified Purchase,Great product for the price point. Perfect entry shoe for beginner barefoot shoes.,
Rachel Scott,Perfect for weightlifting,https://www.amazon.com/gp/customer-reviews/RTU391N70XZ9Q/ref=cm_cr_getr_d_rvw_ttl?ie=UTF8&ASIN=B0B95VMDS6,"5.0 "," the United States "," August 26, 2024",,Verified Purchase,"I'd been looking for a good yet inexpensive barefoot shoe for weightlifting and these have been great. I wear a women's 8.5 but have wide feet, so the men's size 7 fits just right.",
StankPill,My first pair of minimal shoes,https://www.amazon.com/gp/customer-reviews/R39NMVGPAGUYME/ref=cm_cr_getr_d_rvw_ttl?ie=UTF8&ASIN=B0B95VMDS6,"4.0 "," the United States "," August 17, 2024",Size: 9.5-10Color: W71v5 | Black Gum,Verified Purchase,"If you're curious and can afford the shoes, buy these and just try them. I've worn ""normal"" shoes (mostly heavy boots...) for all of my adult life, and these have made me venture down the minimal shoe rabbit hole. They're extremely comfortable, flexible, and you can feel every bit/detail of what you're walking over. I'm a musician and standing for a 2-4 hour performance in my normal footware has started to cause me pain and fatigue. These shoes have solved that issue.  I only detract one star for the material within the heel of the shoe. It seems to be of a very thin and brittle material, and it has turned into a weird ""crumpled ball of paper"" inside of the heel's fabric type of feeling. I don't know how else to explain that. They would be perfect for how they're advertised/described if this could be fixed. I will buy these again if needed so it is really a non-issue, I'm just being picky. And for the price, beggars can't be choosers.",
Sara Humble,Comfortable,https://www.amazon.com/gp/customer-reviews/R1NUD44CN7X12L/ref=cm_cr_getr_d_rvw_ttl?ie=UTF8&ASIN=B0B95VMDS6,"5.0 "," the United States "," August 13, 2024",Size: 13Color: W71v5 | Black Gum,Verified Purchase,Fantastic shoe at a great price. Wear them casually and you won’t be disappointed. Fit great,
Ray,Durable and comfortable,https://www.amazon.com/gp/customer-reviews/R23VJQGCWAR8NX/ref=cm_cr_getr_d_rvw_ttl?ie=UTF8&ASIN=B0B95VMDS6,"5.0 "," the United States "," August 8, 2024",,Verified Purchase,Great barefoot shoes.  Have had for awhile and used extensively.  Great for everyday wear and durable enough to take it.  I've still not worn down the soles after almost a year.,
Fly,Nice fit,https://www.amazon.com/gp/customer-reviews/R3G6DM84LQ3X1S/ref=cm_cr_getr_d_rvw_ttl?ie=UTF8&ASIN=B0B95VMDS6,"5.0 "," the United States "," August 8, 2024",Size: 10.5-11Color: W71v5 | All Black,Verified Purchase,"These are wide enough, comfortable and ver light I enjoy wearing them",
Bruc56,squeak on most smooth surfaces,https://www.amazon.com/gp/customer-reviews/RTFB4GVJM99P8/ref=cm_cr_getr_d_rvw_ttl?ie=UTF8&ASIN=B0B95VMDS6,"3.0 "," the United States "," July 10, 2024",Size: 13Color: W71v5 | All Black,Verified Purchase,"very comfortable. really loud squeak on lino, wood or tile.",
Annie,Great minimal basic shoe.,https://www.amazon.com/gp/customer-reviews/R1ENKKLHOAN05Q/ref=cm_cr_getr_d_rvw_ttl?ie=UTF8&ASIN=B0B95VMDS6,"4.0 "," the United States "," July 8, 2024",Size: 9.5-10Color: W71v5 | All Black,Verified Purchase,"This shoe checks the boxes to qualify as a shoe, that is all it's aiming to do 'be there'. If you want more out of a shoe this not the shoe for you.",
K. Kish,Very nice for the price,https://www.amazon.com/gp/customer-reviews/R16BGK06FMDVEA/ref=cm_cr_getr_d_rvw_ttl?ie=UTF8&ASIN=B0B95VMDS6,"5.0 "," the United States "," July 6, 2024",Size: 13Color: W71v5 | Green Gum,Verified Purchase,Overall for the price I love these shoes. Very comfy and a bit thicker than my zero shoes making them nicer for everyday use. I’m definitely getting a few more.,
Murad,Very comfortable,https://www.amazon.com/gp/customer-reviews/R5K0T9I35RBCE/ref=cm_cr_getr_d_rvw_ttl?ie=UTF8&ASIN=B0B95VMDS6,"5.0 "," the United States "," June 24, 2024",,Verified Purchase,I am giving this product 5 stars because of the price I got these shoes. They are very comfortable to wear daily. But the quality of the shoe is questionably. I guess it is going to be useful for few months,
Sharon,Great shoe for feeling barefoot,https://www.amazon.com/gp/customer-reviews/R16KG4HAHKSJ7Z/ref=cm_cr_getr_d_rvw_ttl?ie=UTF8&ASIN=B0B95VMDS6,"5.0 "," the United States "," June 11, 2024",,Verified Purchase,Helps keep my shoe from wearing on one side after only a short time causing ankle pain. Will likely buy again.,
rick,Rickwide,https://www.amazon.com/gp/customer-reviews/R16HQZXLXS6ADN/ref=cm_cr_getr_d_rvw_ttl?ie=UTF8&ASIN=B0B95VMDS6,"4.0 "," the United States "," June 5, 2024",Size: 10.5-11Color: W71v5 | All Black,Verified Purchase,Caused blisters on heel of feet.  Returned,
Matt McGettrick,Good Value,https://www.amazon.com/gp/customer-reviews/RQXK4WQNQOO7Y/ref=cm_cr_getr_d_rvw_ttl?ie=UTF8&ASIN=B0B95VMDS6,"5.0 "," the United States "," May 31, 2024",Size: 11.5-12Color: W71v5 | Black Gum,Verified Purchase,Good value shoe.,
egrand,Great Value,https://www.amazon.com/gp/customer-reviews/R3CSNXY3BUCD3X/ref=cm_cr_getr_d_rvw_ttl?ie=UTF8&ASIN=B0B95VMDS6,"5.0 "," the United States "," May 21, 2024",,Verified Purchase,A month in and still working well.  Good shoes for the price!,
wesley boland,Good starter,https://www.amazon.com/gp/customer-reviews/R2VM453LKK2Z28/ref=cm_cr_getr_d_rvw_ttl?ie=UTF8&ASIN=B0B95VMDS6,"4.0 "," the United States "," April 21, 2024",,Verified Purchase,Comfortable starter shoe if you are wanting to go barefoot. These shoes are budget friend and perform like the higher priced barefoot shoes. Good for working out or all day wear.,
Kurt Felix,Awesome,https://www.amazon.com/gp/customer-reviews/R1EVBYIUZV0O5M/ref=cm_cr_getr_d_rvw_ttl?ie=UTF8&ASIN=B0B95VMDS6,"5.0 "," the United States "," April 14, 2024",,,I can’t believe they have lasted as long as they have. I will definitely be buying more pairs. They fit great and look good. I’ve had several people ask where to get them. I followed the sizing suggestions and they were spot on for me.,
J. Cook,Excellent barefoot style shoe,https://www.amazon.com/gp/customer-reviews/R13F38ZEHFDVOW/ref=cm_cr_getr_d_rvw_ttl?ie=UTF8&ASIN=B0B95VMDS6,"5.0 "," the United States "," April 1, 2024",,Verified Purchase,"My husband is a huge fan of barefoot style shoes.  He usually bought Merrell's but they keep adjusting their designs and now the fit isn't as good (not to mention the cost).  We tried Whitin brand since they were affordable enough, in case he didn't love them.  He's purchased 3 more colors since trying them!!",
Thomas Conway,A pretty nice minimalist sneaker,https://www.amazon.com/gp/customer-reviews/R1Y4YEATBOETMA/ref=cm_cr_getr_d_rvw_ttl?ie=UTF8&ASIN=B0B95VMDS6,"4.0 "," the United States "," April 1, 2024",Size: 9.5-10Color: W71v5 | Black Gum,Verified Purchase,"I'm writing this review after 1 day of wearing these. So I may post updates if things change.  What I like:  I like that the toebox is shaped like an actual human foot. I like having space to splay and wiggle my toes and these shoes offer that. I like how minimal they are. They feel like I'm wearing nothing.  What I don't like:  I knew what I was signing up for when I bought these, but I don't like the ""zero drop"" aspect of these shoes. Interestingly enough, the insoles in these shoes seem to be more of a ""negative drop"" than ""zero drop."" The thickness of the insole at the heel feels thinner than at the toes when I take it out and give it the ""very precise and scientific"" finger pinch test. After a day of wearing them with the stock insoles I went to Walmart and bought some Dr. Scholl's cut-to-fit gel insoles that provide a tiny bit of heel raise to them. That modification made these shoes quite a bit more comfortable if you're not a fan of the zero drop aspect. It also gave the general experience of walking around a bit more cushion. I know...I'm defeating the purpose of ""barefoot"" style shoes by adding heel lift and cushion. Check the pictures to see which Dr. Scholl's insole I got.  My only other ""complaint"" about these shoes is that the soles are kind of loud and tappy sounding when my toes land on the ground. Hopefully that goes away over time.",2
Paul,A really good pair of shoes,https://www.amazon.com/gp/customer-reviews/R1WXCNA93BLBDE/ref=cm_cr_getr_d_rvw_ttl?ie=UTF8&ASIN=B0B95VMDS6,"5.0 "," the United States "," March 30, 2024",,Verified Purchase,I have been looking for shoes that the toes don't wear out. I bought these thinking that I would only wear them in the gym because I will wear the toes out of my shoes with in the first few days of wearing them. I have had these shoes for a few weeks now and see very little wear. I will be buying a new pair very soon. I purchased the ones with the gum soles so I am not sure if the others will last as long.,
Kenneth Bro,Very comfortable,https://www.amazon.com/gp/customer-reviews/R3TCEC781A8KPF/ref=cm_cr_getr_d_rvw_ttl?ie=UTF8&ASIN=B0B95VMDS6,"5.0 "," the United States "," March 30, 2024",Size: 11.5-12Color: W71v5 | Black Gum,Verified Purchase,"Love the shoes, great for walking, like walking in slippers.",
Amazon Customer,Super comfortable and stylish,https://www.amazon.com/gp/customer-reviews/R3P284A0JQ6F6F/ref=cm_cr_getr_d_rvw_ttl?ie=UTF8&ASIN=B0B95VMDS6,"5.0 "," the United States "," March 25, 2024",Size: 13Color: W71v5 | Grey Gum,Verified Purchase,"I'm loving these shoes. The quality seems to be great, they look great and feel great. Wish I bought them sooner.",
George S,All I hoped for,https://www.amazon.com/gp/customer-reviews/RWCE84WFQK1MF/ref=cm_cr_getr_d_rvw_ttl?ie=UTF8&ASIN=B0B95VMDS6,"5.0 "," the United States "," March 23, 2024",Size: 10.5-11Color: W71v5 | All Black,Verified Purchase,I wanted a “barefoot “ sneaker that I could use in my tai chi class. This shoe was perfect from the time I put them on. The fit is perfect and the price was great. Wore them today in class and loved them.,
Amazon Customer,Very uncomfortable,https://www.amazon.com/gp/customer-reviews/RPC7DNJ1EW7T/ref=cm_cr_getr_d_rvw_ttl?ie=UTF8&ASIN=B0B95VMDS6,"2.0 "," the United States "," March 17, 2024",Size: 9.5-10Color: W71v5 | All Black,Verified Purchase,Super uncomfortable,
Khanh,Good zero drop shoe,https://www.amazon.com/gp/customer-reviews/R6NPAU12862KF/ref=cm_cr_getr_d_rvw_ttl?ie=UTF8&ASIN=B0B95VMDS6,"4.0 "," the United States "," March 15, 2024",,Verified Purchase,"If you're needing a show with a wide enough toe box and zero drop, this is a nice choice for the price. My only issue is the sole insert would slide forward. I ended up just taking it out.",
Lorthien,Feel a bit stiff but are decent shoes.,https://www.amazon.com/gp/customer-reviews/R29D9D4QGD9NJ7/ref=cm_cr_getr_d_rvw_ttl?ie=UTF8&ASIN=B0B95VMDS6,"4.0 "," the United States "," March 2, 2024",Size: 11.5-12Color: W71v5 | All Black,Verified Purchase,Previous barefoot shoes were a bit more confortable. not sure if I just need to break into these or not. But a decent pair to replace previous pair I had for 2 years.,
MG,Looks great,https://www.amazon.com/gp/customer-reviews/R3TNKCK6G6U9U3/ref=cm_cr_getr_d_rvw_ttl?ie=UTF8&ASIN=B0B95VMDS6,"4.0 "," the United States "," February 27, 2024",,Verified Purchase,I really love how it looks with a pair of jeans,
Steven R. Piper,"My first 5 words were, wow, wow, wow, wow, and WOW",https://www.amazon.com/gp/customer-reviews/R3333KMY1EBXHP/ref=cm_cr_getr_d_rvw_ttl?ie=UTF8&ASIN=B0B95VMDS6,"5.0 "," the United States "," February 25, 2024",,Verified Purchase,"Awalking mailman for 40 years, and I never felt so damned comfortable in a pair of shoes.",
Maria C,Comfortable,https://www.amazon.com/gp/customer-reviews/R1Y9H51325V3K7/ref=cm_cr_getr_d_rvw_ttl?ie=UTF8&ASIN=B0B95VMDS6,"3.0 "," the United States "," February 23, 2024",Size: 11.5-12Color: W71v5 | Black Gum,Verified Purchase,"Super comfortable just takes a few day to get used to barefoot shoes. Not the best material, foot seem to slide over the sole of the shoe",
Napoleon S.,Yes,https://www.amazon.com/gp/customer-reviews/R1GR297AFVUVVJ/ref=cm_cr_getr_d_rvw_ttl?ie=UTF8&ASIN=B0B95VMDS6,"5.0 "," the United States "," February 2, 2024",Size: 10.5-11Color: W71v5 | All Black,Verified Purchase,Good,
Sneezy,"Small size, questionable quality",https://www.amazon.com/gp/customer-reviews/R1H4VLIGQO5QSI/ref=cm_cr_getr_d_rvw_ttl?ie=UTF8&ASIN=B0B95VMDS6,"3.0 "," the United States "," January 26, 2024",Size: 10.5-11Color: W71v5 | All Black,Verified Purchase,"After a month of wear in a workshop environment, the eyelets are starting to separate from the shoe. Good minimal feel with the correct size. Price matches quality, I would not spend more than $30 for these",
Robert,Extremely comfortable,https://www.amazon.com/gp/customer-reviews/RU2M7KPDHLBON/ref=cm_cr_getr_d_rvw_ttl?ie=UTF8&ASIN=B0B95VMDS6,"5.0 "," the United States "," January 2, 2024",Size: 11.5-12Color: W71v5 | Black Gum,Verified Purchase,"Bought these along with $100 Merril barefoots… these are by far more comfortable. I swapped out the laces with some lock laces and these wear like slippers. Going to be purchasing a second set very soon. Build quality isn’t up to the Merrill’s but, for a third of the cost, that’s expected.",
Patrick V.,Decent,https://www.amazon.com/gp/customer-reviews/R1ACOP4CLFB4ZM/ref=cm_cr_getr_d_rvw_ttl?ie=UTF8&ASIN=B0B95VMDS6,"4.0 "," the United States "," December 16, 2023",,Verified Purchase,I can tell they won't last for ages or anything and they're super ugly but they're the first shoes I've bought in ages that were reasonably comfortable right out of the box.,
S R,Love em,https://www.amazon.com/gp/customer-reviews/R33A2U3UMULSM6/ref=cm_cr_getr_d_rvw_ttl?ie=UTF8&ASIN=B0B95VMDS6,"5.0 "," the United States "," December 13, 2023",Size: 12.5Color: W71v5 | Grey Gum,Verified Purchase,"True to size. I started many years ago with the vibram 5 fingers, still have them still line them. Wanted to find a barefoot style shoe and choose these based off reviews. These are very conformable, lightweight and look really nice.  I hope they hold up at least a year for the price at least, we'll see. Very happy with them.",
Jose,Love these,https://www.amazon.com/gp/customer-reviews/R17AB6RQGIHDRF/ref=cm_cr_getr_d_rvw_ttl?ie=UTF8&ASIN=B0B95VMDS6,"5.0 "," the United States "," December 9, 2023",Size: 9.5-10Color: W71v5 | Black Gum,Verified Purchase,Super affordable and comfortable. They run a bit small,
Aaron Falzerano,Best shoes ever,https://www.amazon.com/gp/customer-reviews/R1C574ER13APZD/ref=cm_cr_getr_d_rvw_ttl?ie=UTF8&ASIN=B0B95VMDS6,"5.0 "," the United States "," November 23, 2023",,Verified Purchase,"I can't say enough about these shoes! Had them for probably four months, they never get dirty! I've worked in dirt holes with them on and they're dirty that day, but two days later they're back to looking clean. I wear them because the zero heel is better for my body. If you're into that, they're amazing. So comfortable.",
LazyBoy,Very comfortable wide footbox!,https://www.amazon.com/gp/customer-reviews/R3QXMV7V3X03JP/ref=cm_cr_getr_d_rvw_ttl?ie=UTF8&ASIN=B0B95VMDS6,"5.0 "," the United States "," November 12, 2023",Size: 13Color: W71v5 | Grey Gum,Verified Purchase,These are very comfortable with a wide foot box.  Bought these in the spring and decided they looked a little goofy with shorts. Just my opinion!! Now that it's fall I'm back to wearing them with jeans and I just ordered another color.,
CAOQINGLONG HUANG,Good for everyday wear,https://www.amazon.com/gp/customer-reviews/R5LLK8ZFTJXCH/ref=cm_cr_getr_d_rvw_ttl?ie=UTF8&ASIN=B0B95VMDS6,"4.0 "," the United States "," November 11, 2023",,Verified Purchase,"I wanted to find a cheaper alternative to Vivobarefoot (my first pair worn out within a year...). I really loved this black color, and it felt slightly larger than I expected, so I can put on socks without feeling compression from the shoe. Its bottom and insole are not as thin as vivo, and it's stiffer, so I can't feel the ground much. But I get what I paid for, and I would consider buying another pair soon.",4
humberto arreola,Too Small & Narrow,https://www.amazon.com/gp/customer-reviews/RRJH6OXHZS95K/ref=cm_cr_getr_d_rvw_ttl?ie=UTF8&ASIN=B0B95VMDS6,"2.0 "," the United States "," October 27, 2023",Size: 11.5-12Color: W71v5 | Dark Blue,Verified Purchase,"They look good, but they are one US size smaller than what they say, and so narrow my narrow feet hit the edges and hurt even without walking. I haven't learned that you always the shoes before buying them. There are variations even on different pairs of the same shoes!",
wvyk,"this is not a womans shoe, i ordered.  listing is inaccurate",https://www.amazon.com/gp/customer-reviews/R361S2878HTCGE/ref=cm_cr_getr_d_rvw_ttl?ie=UTF8&ASIN=B0B95VMDS6,"3.0 "," the United States "," October 22, 2023",,Verified Purchase,"weight of shoe is as expected.  these were advertised as womans, in fact they are mens",
Dominic,Size,https://www.amazon.com/gp/customer-reviews/RMM2N5YY9MAYI/ref=cm_cr_getr_d_rvw_ttl?ie=UTF8&ASIN=B0B95VMDS6,"5.0 "," the United States "," October 18, 2023",,Verified Purchase,My shoe size is 10.5 and I purchased the 10.5-11 and they fit great.  Comfortable & light. They are a keeper.,
Placeholder,Garbage! Not slip resistant at all!,https://www.amazon.com/gp/customer-reviews/R28MEJA79EX6KM/ref=cm_cr_getr_d_rvw_ttl?ie=UTF8&ASIN=B0B95VMDS6,"2.0 "," the United States "," October 16, 2023",Size: 7Color: W71v5 | Black Gum,Verified Purchase,"These look nice and feel nice but as soon as I stepped foot from my lawn to my driveway I took a major slip! THEY ARE NOT SLIP RESISTANT AT ALL! I’ve bought from Whitin before and they’re others have much better grip. This shoes grip is absolute garbage and after one use, I’m returning them.",
Mercy,These shoes are AWESOME!,https://www.amazon.com/gp/customer-reviews/RX1MUXI80X6FX/ref=cm_cr_getr_d_rvw_ttl?ie=UTF8&ASIN=B0B95VMDS6,"5.0 "," the United States "," October 13, 2023",,Verified Purchase,"I'm very please with this item. The fit is perfect. They are truly what I wanted, comfortable, flexible, breathable. They feel like you are barefoot waking on clouds. They feel great with or without socks I will be ordering them in all colors. They are the best.",2
Caleb Beaty,"Look good, but they run small",https://www.amazon.com/gp/customer-reviews/R29PLTV45TLVVN/ref=cm_cr_getr_d_rvw_ttl?ie=UTF8&ASIN=B0B95VMDS6,"3.0 "," the United States "," October 8, 2023",,Verified Purchase,These shoes look great and I have had lots of compliments on them.  But they are a half size too small and end up being uncomfortable.,
AmazonianShopNut,Great simple shoe with no branding,https://www.amazon.com/gp/customer-reviews/R3AOBCP1OOU5JP/ref=cm_cr_getr_d_rvw_ttl?ie=UTF8&ASIN=B0B95VMDS6,"5.0 "," the United States "," October 5, 2023",Size: 11.5-12Color: W71v5 | All Black,Verified Purchase,"I prefer thin soled shoes and these hit the spot. After taking out the footbed insert, these have lots of toe room and no support so it feels very much like walking barefoot. I really like these do NOT have some stupid word printed across them like ""SPORTS"" or some other non-sense from the chinese manufacturers. If you're looking for simple and and plain, this is your shoe.",
the reading family,Poor quality,https://www.amazon.com/gp/customer-reviews/RI6WX1W8U0KRW/ref=cm_cr_getr_d_rvw_ttl?ie=UTF8&ASIN=B0B95VMDS6,"2.0 "," the United States "," September 22, 2023",Size: 10.5-11Color: W71v5 | All Black,Verified Purchase,"I ordered a pair of these shoes on Monday and was really excited. I bought my first pair of wide barefoot shoes half a year ago, and my feet feel better than ever. I received these shoes on Wednesday, and to my disappointment, the left shoe had two spots that rubbed my foot wrong. I took them off—no pain. I put on other pairs of shoes I own—no pain. I wore them around the house, wondering if they’d wear in, but no luck. I figured I must have gotten a defective pair, so I ordered another pair thinking I’d send one pair back. Nope. The second pair was the same as the first. The shoe is slightly narrower and something inside just makes my foot hurt.  I’m really bummed these didn’t work out. They look like they’re decently made. I’m returning both pairs and going to try a different model. Really hoping I have better results. I’ve never run into this issue before.",
ericbbb,Comfortable and affordable barefoot shoes,https://www.amazon.com/gp/customer-reviews/RKAHT32ZWUW5L/ref=cm_cr_getr_d_rvw_ttl?ie=UTF8&ASIN=B0B95VMDS6,"5.0 "," the United States "," September 22, 2023",,Verified Purchase,"Love these shoes for the price. They fit well, they were comfortable out of the box and they performed for what I wanted them for, which was a barefoot-style shoe for my morning walks. Only note I will make is that if you choose white, the upper is fabric and will stain if not treated or cleaned.",
Sean,I'm Glgoing to buy it in more colors.,https://www.amazon.com/gp/customer-reviews/R1L14V0U5D6N2W/ref=cm_cr_getr_d_rvw_ttl?ie=UTF8&ASIN=B0B95VMDS6,"5.0 "," the United States "," September 12, 2023",,Verified Purchase,I'm going to buy it in more colors. A little less breathable than thought it would be but that what makes it great. I worn them on dust hiking trails in through sand and they help up super well.  Very comfortable around the toes while being tight around the rest of the foot.,
Corrigan,Absolutely amazing,https://www.amazon.com/gp/customer-reviews/R1JXFA14HQCDDN/ref=cm_cr_getr_d_rvw_ttl?ie=UTF8&ASIN=B0B95VMDS6,"5.0 "," the United States "," August 26, 2023",,Verified Purchase,I’ve had these shoes for about a month now and they honestly outshine companies like Nike or vans in their flexibility and comfort. I’m able to do everything I want on these from cardio to lifting and have no stability problems. The only issue if if you’re used to wearing super padded shoes your feet are probably gonna be super sore the first couple days you wear em but after a week or so there are no problems,
Amazon Customer,cheap good and fashionable,https://www.amazon.com/gp/customer-reviews/RTRMMJF2YERFN/ref=cm_cr_getr_d_rvw_ttl?ie=UTF8&ASIN=B0B95VMDS6,"5.0 "," the United States "," August 13, 2023",Size: 8Color: W71v5 | All Black,Verified Purchase,"great shoes super comfy, just the right amount of support",
WTS,Excellent quality,https://www.amazon.com/gp/customer-reviews/R2TFORLX56BBVG/ref=cm_cr_getr_d_rvw_ttl?ie=UTF8&ASIN=B0B95VMDS6,"5.0 "," the United States "," August 11, 2023",,Verified Purchase,I've had trouble finding shoes that fit as I have bunions on both feet. These shoes have made walking much easier. I will definitely buy these shoes again.,
Lisa A. Newman,Great minimalist shoe!,https://www.amazon.com/gp/customer-reviews/R1UQCDOM87ID74/ref=cm_cr_getr_d_rvw_ttl?ie=UTF8&ASIN=B0B95VMDS6,"5.0 "," the United States "," August 7, 2023",Size: 8Color: W71v5 | Grey Gum,Verified Purchase,"This shoe fits per fans is comfortable right out of the box. I have wide feet and always order men’s sizes in Whitin shoes. This is my third pair. Be careful, though, because sizes vary a lot between styles of shoe.",2
Mark L.,Cater to little people,https://www.amazon.com/gp/customer-reviews/R399U01FRFEQW/ref=cm_cr_getr_d_rvw_ttl?ie=UTF8&ASIN=B0B95VMDS6,"3.0 "," the United States "," July 21, 2023",,,"Nice shoes, too bad they don’t come in men’s sizes.",
jeff,Very comfortable,https://www.amazon.com/gp/customer-reviews/RLKRKMFMTJMYW/ref=cm_cr_getr_d_rvw_ttl?ie=UTF8&ASIN=B0B95VMDS6,"5.0 "," the United States "," July 18, 2023",Size: 10.5-11Color: W71v5 | All Black,Verified Purchase,"These shoes feel great.  Definitely a thin sole so you will really feel the ground under your feet, but that is what I was after so I'm happy with these. I can feel the contours of the ground under my feet better with these than with a pair of flip flops.  This is as close to barefoot as you can get while still wearing shoes.I cannot comment on durability as I have only had them for one month, but so far so good.",
Karl,Good,https://www.amazon.com/gp/customer-reviews/RBJUEE9ZSN292/ref=cm_cr_getr_d_rvw_ttl?ie=UTF8&ASIN=B0B95VMDS6,"3.0 "," the United States "," July 18, 2023",Size: 11.5-12Color: W71v5 | Black Gum,Verified Purchase,"I feel guilty leaving such a negative review because I am probably uneducated on the science if minimal shoes. But, these sneakers feel more like water shoes than sneakers, they are very light, comfortable fit and true to size. The only negative, which is a big one for me is that there is not much sole support. Like I said it could be the structure of ""minimal"" shoes to reduce sole support but for high impact movements like running or long distance walking, for me it's a bit uncomfortable.",
Mehr,Good shoes for the price,https://www.amazon.com/gp/customer-reviews/R34C030D517CSX/ref=cm_cr_getr_d_rvw_ttl?ie=UTF8&ASIN=B0B95VMDS6,"4.0 "," the United States "," July 18, 2023",,Verified Purchase,"They are good for the price, but not really all day shoes. I've worn Vivo, Lems, and all sorts of other barefoot shoes, and I prefer to pay the extra price.",4
Rodney Ananda Gunawardena,"Terrible pair of shoes ever purchased Very uncomfortable,",https://www.amazon.com/gp/customer-reviews/R2KL93ZU5YCNNU/ref=cm_cr_getr_d_rvw_ttl?ie=UTF8&ASIN=B0B95VMDS6,"1.0 "," the United States "," July 17, 2023",,Verified Purchase,"Very uncomfortable, Very uncomfortable, Feels like walking bare feet. My heel hurts so bad aster using it for two hours. Just casual wear. Wore it only once",
Teo,Easy fit,https://www.amazon.com/gp/customer-reviews/R2D1P06IINK42N/ref=cm_cr_getr_d_rvw_ttl?ie=UTF8&ASIN=B0B95VMDS6,"5.0 "," the United States "," July 2, 2023",Size: 8Color: W71v5 | Grey Gum,Verified Purchase,I ideally wear US8.5 but size 8 fit very nice. Lightweight and comfortable.,
Martina,Buy them!,https://www.amazon.com/gp/customer-reviews/R2XMJVCOZNZ689/ref=cm_cr_getr_d_rvw_ttl?ie=UTF8&ASIN=B0B95VMDS6,"4.0 "," the United States "," June 30, 2023",,Verified Purchase,I bought these men's shoes though I am woman because I liked the color combo. Super roomy and comfy with room to spread my toes. I like how you feel close to the earth - almost a barefoot feel. Great travel shoes since they are so light weight and great for walking.,
Dennis Kim,Comfy,https://www.amazon.com/gp/customer-reviews/R1R6A1BINUCLYZ/ref=cm_cr_getr_d_rvw_ttl?ie=UTF8&ASIN=B0B95VMDS6,"5.0 "," the United States "," June 25, 2023",,Verified Purchase,Comfy shoe. Own two of these. Fit is as expected.,
Ryan Moore,Cheap Sole Material,https://www.amazon.com/gp/customer-reviews/RDY7UJX97OY4A/ref=cm_cr_getr_d_rvw_ttl?ie=UTF8&ASIN=B0B95VMDS6,"1.0 "," the United States "," June 23, 2023",Size: 11.5-12Color: W71v5 | All Black,Verified Purchase,"I have bought three pairs of these shoes. And while I was disappointed that I would wear a hole into the soles in 4 months with my first two sets, I was happy with the fit.  But I didn't think that I would have this much wear after only 20 DAYS. That's all it took to wear down the tread with less than 5000 steps a day.  I am returning these shoes and never buying from this company again.",4
Renee,overall good,https://www.amazon.com/gp/customer-reviews/R2T2BIZSCTFMC8/ref=cm_cr_getr_d_rvw_ttl?ie=UTF8&ASIN=B0B95VMDS6,"4.0 "," the United States "," June 22, 2023",Size: 11.5-12Color: W71v5 | Green Gum,Verified Purchase,Purchased a second pair after wearing the first a few days.  I also have some Xero shoes.  These have just as wide of a toe box but there is an insole that does have a slight drop.  Overall for more than half the money less it is well worth it.,2
nick,Runs big,https://www.amazon.com/gp/customer-reviews/RF303PHPOZMUY/ref=cm_cr_getr_d_rvw_ttl?ie=UTF8&ASIN=B0B95VMDS6,"4.0 "," the United States "," June 17, 2023",,Verified Purchase,You might need to change your walking gait to a traditional barefoot gait (toe to heel) in order to avoid an audible slap from the metatarsal (front of foot),2
Draft sell 9450,Comfortable,https://www.amazon.com/gp/customer-reviews/R1KCMF64FKE71V/ref=cm_cr_getr_d_rvw_ttl?ie=UTF8&ASIN=B0B95VMDS6,"4.0 "," the United States "," June 15, 2023",Size: 13Color: W71v5 | All Black,Verified Purchase,Low shoes,
Pat Rick Bateman,"No longer wide fit, nor wide toe box",https://www.amazon.com/gp/customer-reviews/R2SLDG8ZP259F8/ref=cm_cr_getr_d_rvw_ttl?ie=UTF8&ASIN=B0B95VMDS6,"1.0 "," the United States "," June 15, 2023",,Verified Purchase,"The original Whitin sneakers I got were wide toe box and wide fit. The build quality was cheap, so I'm glad that this version is a lot better in material and quality. Unfortunately they are no longer wide toe box. My toes are scrunched on the sides in this pair even though I even ordered one size up.",2
Daniel Flores,Very Inaccurate Sizing,https://www.amazon.com/gp/customer-reviews/R2JVA74XOJKLZW/ref=cm_cr_getr_d_rvw_ttl?ie=UTF8&ASIN=B0B95VMDS6,"1.0 "," the United States "," June 8, 2023",Size: 13Color: W71v5 | Green Gum,Verified Purchase,"I ordered these because they were listed as wide.  Some reviewers have mentioned size consistency QC issues.  One reviewer mentioned ordering 3 pairs and having the size between the 3 pairs vary 0.25 in/6.35mm in length  I decided to take a chance based on the overall reviews and most people saying they ran large or to size.  I have wide feet and numerous individuals have mentioned that these wide shoes were truly a wide size.  I ordered 13W and what arrived were labeled 13W yet were really a 12M.  Notice in the photo my thumb is touching my toe at the very end of the shoe.  Also these are noticably narrower than my size 13 Xero Scramblers which are not wide by barefoot shoe standards and are a bit snug for me.  Overall they seem to be made in a decent manner.  Yet,  having the actual size be so far off from what is labeled is just not acceptable.  These will be sent back.",2
John,"Not bad, especially for the price",https://www.amazon.com/gp/customer-reviews/RKYAMUEI84ZVE/ref=cm_cr_getr_d_rvw_ttl?ie=UTF8&ASIN=B0B95VMDS6,"3.0 "," the United States "," June 6, 2023",Size: 13Color: W71v5 | Green Gum,Verified Purchase,"For the price, these are a great introduction to minimalist shoes and a worthy replacement for my old go-to's, the Saucony Bullets.  Pros: -Price. These cost less than half as much as most other pairs of minimalist shoes. -Upper material They are soft and breath well. No heel chafing at all.  Cons: -Narrow toe-box for minimalist shoes. The toeibox here is a bit pinched, which exacerbates the next issue. -Stitching hot-spot on the pinkie toes. This isn't entirely unexpected. My pinkie toe falls at a spot where there needs to be reinforced stitching. But in a shoe where the materials are otherwise nice and soft and plush, the stitching rubbing here is a bummer. That said, nothing that can't be overcome with a bit of moleskin. And at this pricepoint, it's not bad.  Overall, especially if you intend to wear socks and have never tried a minimalist or barefoot shoe, these are a solid first shot without breaking the bank. Give them a shot and see what you think.",3
Jeremiah,Good,https://www.amazon.com/gp/customer-reviews/R3LTZKSQJTYYA3/ref=cm_cr_getr_d_rvw_ttl?ie=UTF8&ASIN=B0B95VMDS6,"5.0 "," the United States "," June 4, 2023",,Verified Purchase,Good,
Should you buy a Logitech F310?,"These were a great buy, this company delivered quality yet again!",https://www.amazon.com/gp/customer-reviews/R2H8GXHEQDVIKB/ref=cm_cr_getr_d_rvw_ttl?ie=UTF8&ASIN=B0B95VMDS6,"4.0 "," the United States "," May 30, 2023",Size: 10.5-11Color: W71v5 | All Black,Verified Purchase,"Arivved on time, as advertised, look and feel great!",2
Eric Glinz,European size conversion is NOT accurate,https://www.amazon.com/gp/customer-reviews/R1DZMXJ53XOVB1/ref=cm_cr_getr_d_rvw_ttl?ie=UTF8&ASIN=B0B95VMDS6,"1.0 "," the United States "," May 29, 2023",Size: 9.5-10Color: W71v5 | All Black,Verified Purchase,"The size conversion on these shoes is terrible. I normally wear a 10-10.5 US size shoe. When I placed the order for these, the product page specifically says these shoes “run large” which I’ve heard in a real thing in doing my research on barefoot shoes.  I should have known better from shoes natively constructed in European sizing. These shoes do not run large by any American standard. The 9.5-10 shoes I received yesterday are too small for me to even get onto my feet. Ridiculous.",4
SMP8,100% Garbage,https://www.amazon.com/gp/customer-reviews/R3OV9W5BMI4QEM/ref=cm_cr_getr_d_rvw_ttl?ie=UTF8&ASIN=B0B95VMDS6,"1.0 "," the United States "," May 26, 2023",,Verified Purchase,Didn’t even take both shoes out of the plastic bag (no box). They are poorly made. Cheap materials. Cheap looking. Size was off. Maybe it’s time we all quit buying this dubious import garbage. I’ve bought better shoes at a dollar store.,
Amazon Customer,Very comfortable and affordable,https://www.amazon.com/gp/customer-reviews/R1BMU5DTCLQJZ1/ref=cm_cr_getr_d_rvw_ttl?ie=UTF8&ASIN=B0B95VMDS6,"5.0 "," the United States "," May 23, 2023",,Verified Purchase,I require a large toe box and zero drop heel. These were perfect.,
PM,cost effective and worthwhile introduction to a product that may change your life,https://www.amazon.com/gp/customer-reviews/R394C9KPODW0VD/ref=cm_cr_getr_d_rvw_ttl?ie=UTF8&ASIN=B0B95VMDS6,"5.0 "," the United States "," May 15, 2023",Size: 9.5-10Color: W71v5 | All Black,Verified Purchase,There was an immediate change to how I walked. The result was less noticeable back and hip pain. I plan to purchase a second pair in a alternate style.,
Michael Folsom,Sizing,https://www.amazon.com/gp/customer-reviews/R1276L0G9FLNIO/ref=cm_cr_getr_d_rvw_ttl?ie=UTF8&ASIN=B0B95VMDS6,"3.0 "," the United States "," April 30, 2023",,Verified Purchase,Sizing is off. I ordered 9. They are definitely 9.5-10.,
Adam Ashlock,Enjoying,https://www.amazon.com/gp/customer-reviews/R14DVXVW271EDY/ref=cm_cr_getr_d_rvw_ttl?ie=UTF8&ASIN=B0B95VMDS6,"4.0 "," the United States "," April 29, 2023",Size: 9.5-10Color: W71v5 | Black Gum,Verified Purchase,"I have been wanting to move into a more grounded feeling shoe. Overall, the design is good and feels great. Having a wider toe-box has been awesome so that your toes can stretch and flex. I did bump down a star for durability. Look, this is an inexpensive product so keep in mind the materials are not of highest quality.  Again, I am happy enough that I am buying a different style from this brand. It would be nice though to have a line available with more durable material. Cheers!",4
Johnny W.,Excellent quality and looks great,https://www.amazon.com/gp/customer-reviews/R3MDJVFDX8W0AI/ref=cm_cr_getr_d_rvw_ttl?ie=UTF8&ASIN=B0B95VMDS6,"5.0 "," the United States "," April 20, 2023",,Verified Purchase,"Shoe is true to size and fits the bill for a barefoot shoe. There's minimal height difference across the sole of the shoe with a wide toe box and a thin flexible outer sole. It takes some getting used to but I could feel my arches flexing when walking, and I naturally lightened my heel strike since there's no extra cushioning at the heel.",2
rick harris,Didn’t fit well,https://www.amazon.com/gp/customer-reviews/R3LLXEZU5M59YK/ref=cm_cr_getr_d_rvw_ttl?ie=UTF8&ASIN=B0B95VMDS6,"1.0 "," the United States "," April 13, 2023",,Verified Purchase,Did not fit well wrong size not much support. Will be returning.,
Kai Eilert,Everyday Shoe,https://www.amazon.com/gp/customer-reviews/RVFINT2LFGGK/ref=cm_cr_getr_d_rvw_ttl?ie=UTF8&ASIN=B0B95VMDS6,"4.0 "," the United States "," April 11, 2023",Size: 9.5-10Color: W71v5 | Black Gum,Verified Purchase,I can wear these with casual clothes or even business casual. They are comfortable and so lightweight. For some reason the insoles in this brand’s shoes don’t stay put. I just take them out and they feel fine.,
Amana Glenn,A different direction,https://www.amazon.com/gp/customer-reviews/RLW6LC6AISFOI/ref=cm_cr_getr_d_rvw_ttl?ie=UTF8&ASIN=B0B95VMDS6,"5.0 "," the United States "," April 9, 2023",Size: 12.5Color: W71v5 | All Black,Verified Purchase,"The consensus of reviews said to order a half size larger.  I usually wear 12 and I ordered 12 1/2.  They fit well.  These are very comfortable overall.  In high school 50 years ago, I had a pair of very light stripped down white canvas shoes that I liked, especially on hot summer days.  Since then, shoes have gone to more protection, support, and thicker tread which is fine when you need it.  When I read about minimalist shoes, I remembered the shoes I had in high school and decided to give them a try.  I'm glad I did.",
Grimkvnt,Super comfortable.,https://www.amazon.com/gp/customer-reviews/R2ISPSYRU4TA99/ref=cm_cr_getr_d_rvw_ttl?ie=UTF8&ASIN=B0B95VMDS6,"5.0 "," the United States "," April 9, 2023",Size: 10.5-11Color: W71v5 | All Black,Verified Purchase,"Most comfortable pair of shoes I've ever worn to be honest, I'll keep buying them as long as they keep making them this good.",
Emily Sonnen,Worth $40,https://www.amazon.com/gp/customer-reviews/RIJJ7868KNOFR/ref=cm_cr_getr_d_rvw_ttl?ie=UTF8&ASIN=B0B95VMDS6,"5.0 "," the United States "," April 4, 2023",,Verified Purchase,First pair of zero drop shoes. Fits great especially for the price.,
Brittney,Great for beginner barefoot shoe wearers,https://www.amazon.com/gp/customer-reviews/R1UF7HT9D9GMT3/ref=cm_cr_getr_d_rvw_ttl?ie=UTF8&ASIN=B0B95VMDS6,"5.0 "," the United States "," April 4, 2023",Size: 11.5-12Color: W71v5 | Black Gum,Verified Purchase,So comfy and lightweight. You will definitely feel the difference when walking in them. On long walks I can feel my legs really working how they should because of my feet.,
