﻿评论用户,评论概述,评论链接,星级评分,评论地点,评论时间,类型,是否购买,评论详情,觉得该评论有帮助的人数
JD,Love These Shoes!,https://www.amazon.com/gp/customer-reviews/R1ZTWPC7NWKD82/ref=cm_cr_getr_d_rvw_ttl?ie=UTF8&ASIN=B0C8T8PB6T,"5.0 "," the United States "," January 23, 2025",Size: 6 Wide ToddlerColor: W81k | Rose Shimmer,Verified Purchase,Great shoe for kids. They keep my daughter's feet from getting squished and she doesn't seem to have any issues walking in them.,
JD,Great balance for kids,https://www.amazon.com/gp/customer-reviews/R377J0QE2W9328/ref=cm_cr_getr_d_rvw_ttl?ie=UTF8&ASIN=B0C8T8PB6T,"5.0 "," the United States "," January 20, 2025",Size: 6 Wide ToddlerColor: W81k | All Black,Verified Purchase,Got these for my 18 month old child and they seem to be really comfortable and supportive for him! He seems to have way better balance than he did in non zero drop shoes.,
"They purchased a dress that was a little too large, so I returned it with the tag still on haven’t even worn it. I shipped it back because I was looking for a smaller size, and after three days of waiting, they never refunded my money. I would be aware of buying from the merchant",Perfect fit,https://www.amazon.com/gp/customer-reviews/R1F7GVE6LO2Y2E/ref=cm_cr_getr_d_rvw_ttl?ie=UTF8&ASIN=B0C8T8PB6T,"5.0 "," the United States "," January 19, 2025",Size: 8 Wide ToddlerColor: W81k | Grey Gum,Verified Purchase,"These are the perfect shoes for your toddler! I love how they fit for wider feet toddlers, they’re super light weight so my toddler can be comfortable while running around. What I really like about these shoes is that they don’t get scuffed up easily he can wear them to daycare and when I pick him up, they still look brand new after two weeks! He can wear them when we go out to dinner and they look great as dressy shoes because they’re still in great shape. I’ll definitely be buying another pair. These are great shoes for a toddler. :-)",
Roman,Best shoes out there!,https://www.amazon.com/gp/customer-reviews/R2XOUAKLN8IXE8/ref=cm_cr_getr_d_rvw_ttl?ie=UTF8&ASIN=B0C8T8PB6T,"5.0 "," the United States "," January 19, 2025",Size: 13 Wide Little KidColor: W81k | All Black,Verified Purchase,My son has to wear braces on his legs and these shoes fit amazingly over the braces. The shoes are very comfortable and my son doesn't mind wearing the braces so much after we got these shoes. Really like that they are wide and lightweight. Our doctor also liked the shoes and wanted to know where we got them so he can recommend to his other patients. We had them for about a year now and they still look almost brand new. Highly recommend it!,
Courtney Cage,Work great!,https://www.amazon.com/gp/customer-reviews/RZGVJTCO5CVAD/ref=cm_cr_getr_d_rvw_ttl?ie=UTF8&ASIN=B0C8T8PB6T,"5.0 "," the United States "," January 18, 2025",Size: 11 Wide Little KidColor: W81k | All Black,Verified Purchase,"So I like these shoes they’re easy for my kids to put on. I do notice a difference when they go to the park and they’re climbing because their foot can actually bend in these shoes. They’re not all stiff like before. They’re pretty lightweight and the size runs bigger than a standard shoe, but I have noticed that my children’s feet have been able to relax instead of being all bunched together in the toes.",
Michelle Mendez,Extremely durable and super easy to put on!,https://www.amazon.com/gp/customer-reviews/R1J5564VSQMBEB/ref=cm_cr_getr_d_rvw_ttl?ie=UTF8&ASIN=B0C8T8PB6T,"5.0 "," the United States "," January 15, 2025",Size: 10.5 Wide Little KidColor: W81k | Grey Gum,Verified Purchase,"My 3.5 is ACTIVE and we’ve had these as his primary shoes for 4 month and man, they’ve been through the ringer, but they are holding up really well. Super durable. They are also so easy to put on!!",
Monica R.,Muy buenos,https://www.amazon.com/gp/customer-reviews/RK2R1AOTBRBD2/ref=cm_cr_getr_d_rvw_ttl?ie=UTF8&ASIN=B0C8T8PB6T,"5.0 "," the United States "," January 15, 2025",Size: 11 Wide Little KidColor: W81k | Black Brown,Verified Purchase,"Suaves, cómodos, prácticos. Ya llevamos 4 pares comprados para nuestra hijo. Recomendados.",
Tanner,WHITIN Toddler/Little/Big/Kid Wide Baref,https://www.amazon.com/gp/customer-reviews/R2TV3YDX24WO9S/ref=cm_cr_getr_d_rvw_ttl?ie=UTF8&ASIN=B0C8T8PB6T,"5.0 "," the United States "," January 13, 2025",Size: 9 Wide ToddlerColor: W81k | Grey Gum,Verified Purchase,"★★★★★ These ""Barefoot"" Shoes Will Make Your Kids' Feet (and You) Happy!  Listen up, fellow parents! If you've ever watched your kiddo naturally splay their toes while walking barefoot and thought, ""Why can't shoes just... let feet be feet?"" - well, these WHITIN shoes are about to rock your world!  Picture this: A shoe that actually follows the natural shape of a child's foot (shocking, I know!). None of that pointy-toe nonsense that makes you wonder if shoe designers have ever actually seen a human foot. These bad boys are wide in the toe box, letting those little piggies spread out like nature intended!  The Best Parts: - Zero-drop sole (that's fancy talk for ""flat like bare feet"") - Wide toe box that lets toes actually DO their job - Flexible enough to roll up (try that with traditional kids' shoes!) - Lightweight design that won't make your kid stomp around like a tiny astronaut - Actually affordable compared to other ""natural"" footwear options  Now, fair warning: If your kids have been wearing traditional shoes, these might look a bit... different. Your mother-in-law might ask if you forgot to buy ""real shoes."" But trust me, watching your child's feet strengthen naturally and seeing them move with better balance? Worth every raised eyebrow at the playground!  Pro Tip: Order your regular size, but don't freak out about the width - that extra toe space is intentional! It's not a manufacturing error, it's actually the whole point!  Bottom Line: These shoes are like a permission slip for your kid's feet to do what they were designed to do. Plus, they're durable enough to survive playground adventures and easy enough to clean that you won't cry when they inevitably step in a puddle.  For the price point, these are a fantastic introduction to minimalist footwear for growing feet. Your kids' toes will thank you, your wallet won't hate you, and you get to feel like that cool, informed parent who knows about natural movement development. Win-win-win!  (Just be prepared - your kids might never want to go back to ""normal"" shoes again. Don't say I didn't warn you! 😉)",
Dennis Lauria,Excellent shoes,https://www.amazon.com/gp/customer-reviews/R3E40X5050HC4M/ref=cm_cr_getr_d_rvw_ttl?ie=UTF8&ASIN=B0C8T8PB6T,"5.0 "," the United States "," January 12, 2025",Size: 13 Wide Little KidColor: W81k | All Black,Verified Purchase,My daughter has extreme sensory issues and this is the only shoe that she will wear.,
Laura K,Perfect for very wide growing feet.,https://www.amazon.com/gp/customer-reviews/R339IU1G3JMJMY/ref=cm_cr_getr_d_rvw_ttl?ie=UTF8&ASIN=B0C8T8PB6T,"5.0 "," the United States "," January 9, 2025",Size: 12 Wide Little KidColor: W81k | Yellow,Verified Purchase,"We love this brand. They are the only shoe I’ve found that fits my son’s EEEE width feet without having to buy two sizes too big or squashing his toes a ton (they aren’t perfect, but miles ahead of anything else we’ve tried). We’d love to see winter boots, sandals, and a dressier option for children too! And so far the two pairs he’s outgrown have been quite durable. They stand up to the test of a wild 5 year old boy!",
Deanna Rodrick,Perfect for my Son with Wider Feet,https://www.amazon.com/gp/customer-reviews/R3TUMQXVD6V5ZU/ref=cm_cr_getr_d_rvw_ttl?ie=UTF8&ASIN=B0C8T8PB6T,"5.0 "," the United States "," January 8, 2025",Size: 4 Wide Big KidColor: W81k | Grey Gum,Verified Purchase,"My son has a wide toe area, and all the other shoes his toes rub against the shoe. These shoes fit him perfectly and surprisingly have held up well. He has had no complaints or issues with them, other than Velcro wearing down over time - to be expected.  Even the color has held up with no stains.",
Rochelle,Great!,https://www.amazon.com/gp/customer-reviews/R3IN0VXD50B8C/ref=cm_cr_getr_d_rvw_ttl?ie=UTF8&ASIN=B0C8T8PB6T,"5.0 "," the United States "," January 5, 2025",,Verified Purchase,These shoes are great for my autistic daughter who has wide feet.,
Amber,My son loves these shoes,https://www.amazon.com/gp/customer-reviews/RMJW94KFG15X/ref=cm_cr_getr_d_rvw_ttl?ie=UTF8&ASIN=B0C8T8PB6T,"5.0 "," the United States "," December 28, 2024",Size: 1 Wide Little KidColor: W81k | Grey Gum,Verified Purchase,"My son often complains that regular shoes are too tight on his feet. These are his favorite shoes. They are still in great condition after 3 months of almost daily wear. My only concern is how long the velcro will last, but so far they have held up!",
CJM,"Light weight, barefoot.",https://www.amazon.com/gp/customer-reviews/R12G6M5QQQU4EK/ref=cm_cr_getr_d_rvw_ttl?ie=UTF8&ASIN=B0C8T8PB6T,"4.0 "," the United States "," December 28, 2024",,Verified Purchase,"We’ve always bought Vivo Barefoot shoes for our toddler but we lost his current pair. These were purchased as a replacement and I think they’re great! Toddler moves very well in them, is not slowed down by heavy, clunky shoes. Easy to get on/off. They have held up after two months of wear without any visible damage. Would definitely recommend!",
DJG,Review,https://www.amazon.com/gp/customer-reviews/R1YPGNYNH95WKW/ref=cm_cr_getr_d_rvw_ttl?ie=UTF8&ASIN=B0C8T8PB6T,"4.0 "," the United States "," December 27, 2024",Size: 8 Wide ToddlerColor: W81k | All Black,Verified Purchase,I’m so glad they make these for my toddler who has a really wide foot and it’s hard to find shoes for him at the store. My only complaint is the Velcro doesn’t last. My son is 2 right now so he grows right into the next size when this happens but if your kids is older and stays in shoes for more than a couple of months that can get annoying.,
J&J,Good for AFO - BRACE,https://www.amazon.com/gp/customer-reviews/R3L774RQDZLKWS/ref=cm_cr_getr_d_rvw_ttl?ie=UTF8&ASIN=B0C8T8PB6T,"5.0 "," the United States "," December 26, 2024",Size: 11 Wide Little KidColor: W81k | Blue White,Verified Purchase,"We have a hard time finding shoes that will fit over our son's afo. We've tried many different brands and styles of shoes. Of course Billy's work, but they can be expensive, and we've had some issues with the zippers coming undone. Plus they're shipping speed is pretty terrible. I took a chance on these when we needed a quick replacement and they work great. They slip on quite easily over his brace, and there's enough velcro on the straps to accommodate it as well. My only complaint is that I do feel they could be a bit cheaper based on what they are, but overall we're really pleased, and I'm sure we'll be buying more of them in the future. Plus, our son likes them, and they're quite flexible while offering good grip. Some other shoes can be very stiff.",2
Courtney Esther,Fell Apart,https://www.amazon.com/gp/customer-reviews/R1WJLNA45X8XPH/ref=cm_cr_getr_d_rvw_ttl?ie=UTF8&ASIN=B0C8T8PB6T,"1.0 "," the United States "," December 19, 2024",Size: 10 Wide ToddlerColor: W81k | Grey Gum,Verified Purchase,The velcro broke on both shoes after a few months.  They were too expensive to not last until his feet grew.,
Melissa R.,Love these!,https://www.amazon.com/gp/customer-reviews/R1F61LH30J5PEX/ref=cm_cr_getr_d_rvw_ttl?ie=UTF8&ASIN=B0C8T8PB6T,"5.0 "," the United States "," December 16, 2024",Size: 8 Wide ToddlerColor: W81k | Grey Gum,Verified Purchase,"Perfect toddler shoe. Wide toe, flexible, easy to put on and off. My 2.5 year old loves them!",
MG,School shoes,https://www.amazon.com/gp/customer-reviews/RJSCFKVGFV0FO/ref=cm_cr_getr_d_rvw_ttl?ie=UTF8&ASIN=B0C8T8PB6T,"5.0 "," the United States "," December 15, 2024",Size: 2 Wide Little KidColor: W81k | Grey Gum,Verified Purchase,"I like the style and color, the comfort , fit and quality, was there and it had traction, value for your money.",
Esther DeBusk,Perfect kids shoes,https://www.amazon.com/gp/customer-reviews/R1ORSNAMJK2695/ref=cm_cr_getr_d_rvw_ttl?ie=UTF8&ASIN=B0C8T8PB6T,"5.0 "," the United States "," December 14, 2024",Size: 12 Wide Little KidColor: W81k | Grey Gum,Verified Purchase,"We play HARD and these shoes have held up for nearly a year for my 4 year old. Almost no wear, which is unlike any other shoe we own. They are comfortable for his wide feet, easy to play in, easy to put on, easy to clean--we'll be getting more sizes of these shoes and this brand going forward.",
Bailey B.,Didn’t last,https://www.amazon.com/gp/customer-reviews/RDQLG037KF7QN/ref=cm_cr_getr_d_rvw_ttl?ie=UTF8&ASIN=B0C8T8PB6T,"1.0 "," the United States "," December 13, 2024",,Verified Purchase,"I really liked these shoes for my 3 year old. Wide width, flexible sole, and adorable. They didn’t last though. :( one shoes is coming apart already and the other has the coloring coming off already. It’s been a month. Super disappointed.",
Chris Mesa,Cute,https://www.amazon.com/gp/customer-reviews/R1G06UZ62ZHCM4/ref=cm_cr_getr_d_rvw_ttl?ie=UTF8&ASIN=B0C8T8PB6T,"5.0 "," the United States "," December 12, 2024",Size: 11 Wide Little KidColor: W81k | Purple,Verified Purchase,So cute!!!,
Sam,Best shoes for toddlers!!!,https://www.amazon.com/gp/customer-reviews/R113YPBAPW6EVR/ref=cm_cr_getr_d_rvw_ttl?ie=UTF8&ASIN=B0C8T8PB6T,"5.0 "," the United States "," December 10, 2024",Size: 12 Wide Little KidColor: W81k | Grey Multi,Verified Purchase,"They give our son better foot stability and the extra room helps him fully engage his feet instead, unlike narrow shoes. I'm glad this brand isn't just for adults!",
Leah Powers,"Surprising Quality, Comfort & Fit",https://www.amazon.com/gp/customer-reviews/R2AZAC770WL7BS/ref=cm_cr_getr_d_rvw_ttl?ie=UTF8&ASIN=B0C8T8PB6T,"5.0 "," the United States "," December 6, 2024",Size: 9 Wide ToddlerColor: W81k | Rose Shimmer,,"I recommend this brand for everyday use.  Using their size guide we actually got shoes that fit the first time around! If you’ve ever bought shoes online before, especially for kids AND considering European sizes, that’s a small miracle.  We mostly wear them barefoot (without socks), I had a small period of adjusting my outside toe to that as expected (photographed) but now I can with ease, and if I choose a low sock the fit/wear is just as pleasant, no sliding down on the back of heel, there’s actually small cushions on the inside of the shoe I tried to picture. They’re so comfortable. I never tie or untie these, I slide on and off each wear, the sock fit is a very nice feature for me here. I included photos comparing to crocs, vivos, and hey dudes but those all have pretty wide toe boxes.  My girls, ages 5&2 loved them from the get—sparkly and beautiful, and not in a ‘in your face pink glitter for a girl’ color, they can go with or without socks (never experiencing a blister) AND they can take them on and off without help. Which holds a lot of weight for most moms.  Speaking of weight, they’re very light. They don’t feel blocky or sound like my kids are having a hard time wearing them, even with the wider toe box which is my favorite part and is likely why the fit is so comfortable for all of us. Most US made adult tennis shoes have tight toe boxes where these do not, without compromising look/style. I love the tannish beige, I accepted they wouldn’t stay ‘clean’ forever but I don’t regret my choice. They match with everything and I can wear them with every kind of bottom except skinny jeans as I just personally don’t like the look of tight jeans with a tennis shoe but I’ll wear leggings, sweats, joggers and shorts with them.  Lastly, Kids’ tend to show the quality of a shoe/brand pretty quickly. These have held up well as being our main shoe since summer 2024—parks, outside play, coaching volleyball and still nice enough for church. Current (Dec 2024) photos showing wear included.",
James R. Stock,Best shoe,https://www.amazon.com/gp/customer-reviews/R3760Y80P9A646/ref=cm_cr_getr_d_rvw_ttl?ie=UTF8&ASIN=B0C8T8PB6T,"5.0 "," the United States "," December 5, 2024",Size: 9 Wide ToddlerColor: W81k | Blue White,Verified Purchase,"This has been the best shoe we’ve found for our toddler. Easy fitting, last a decent amount of time and look good. This is the second pair we’ve bought",
Robert Callaway,Comfortable but Velcro comes apart FAST,https://www.amazon.com/gp/customer-reviews/RSFFHVD5L5CHU/ref=cm_cr_getr_d_rvw_ttl?ie=UTF8&ASIN=B0C8T8PB6T,"2.0 "," the United States "," December 2, 2024",Size: 2.5 Wide Big KidColor: W81k | Yellow,Verified Purchase,We love the comfort but the durability has got to improve! These photos are after 6 weeks of daily wear. Same thing happened to our first pair so we replaced them very quickly even though my son still needed the same size and we wouldn’t normally have needed shoes so soon. We are trying a different brand instead Origo which are more expensive but get better reviews for durability.,
Monica,Obsessed,https://www.amazon.com/gp/customer-reviews/R2CCZCC069R105/ref=cm_cr_getr_d_rvw_ttl?ie=UTF8&ASIN=B0C8T8PB6T,"4.0 "," the United States "," December 2, 2024",Size: 13 Wide Little KidColor: W81k | All Black,Verified Purchase,"First pair of shoes my son at absolutely loves. Well, other than crocs…. I love the comfort and wide toebox. My only complaint is the Velcro strap is now coming undone ..",
ashlee,"Finally, A shoe that worked with my sons AFOs",https://www.amazon.com/gp/customer-reviews/R3UBDDTJ338RJ0/ref=cm_cr_getr_d_rvw_ttl?ie=UTF8&ASIN=B0C8T8PB6T,"5.0 "," the United States "," November 25, 2024",Size: 13 Wide Little KidColor: W81k | Grey Gum,Verified Purchase,We were having an extremely hard time finding a shoe that would fit my sons AFO braces without going up several sizes. I even tried specialty zip shoes in extra wide. These shoes are a life saver we only had to go up one size and ordered wide. We removed the insole and were able to comfortably fit his AFOs. I'm so glad we found these the longer Velcro straps are a great feature. I will be ordering more!,
Spoon,Durable and comfortable,https://www.amazon.com/gp/customer-reviews/RD92VLIWCRZH1/ref=cm_cr_getr_d_rvw_ttl?ie=UTF8&ASIN=B0C8T8PB6T,"5.0 "," the United States "," November 24, 2024",Size: 11 Wide Little KidColor: W81k | Grey Gum,Verified Purchase,My daughter is really picky about her shoes and she loves these. She wears them to school almost everyday and they have held up well. We are on our second pair in the next size up!,
Very disappointed that Velcro separated from strap with only about 2 months of wear.,Velcro comes off,https://www.amazon.com/gp/customer-reviews/R2YTVPCN7NTV3W/ref=cm_cr_getr_d_rvw_ttl?ie=UTF8&ASIN=B0C8T8PB6T,"2.0 "," the United States "," November 22, 2024",Size: 1 Wide Little KidColor: W81k | Blue White,Verified Purchase,After only 2 months of wear (not even every day!) the velcro on the strap came off so the shoes won’t close and are unusable. Very disappointing.,
Giovanna C.,Zapatos respetuosos,https://www.amazon.com/gp/customer-reviews/R2ZXBJZ5DHN4YH/ref=cm_cr_getr_d_rvw_ttl?ie=UTF8&ASIN=B0C8T8PB6T,"5.0 "," the United States "," November 22, 2024",Size: 11 Wide Little KidColor: W81k | Blue White,Verified Purchase,Los compré para mi hijo de 4 años. Una instagramer que sigo recomendó esta marca que es respetuosa con los pies de los niños y de buen precio.  Son lindos y a mi hijo le gustan. La plantilla es removible y pude poner sin dificultad la plantilla del podologo.,
Marine Olvera,Amazing,https://www.amazon.com/gp/customer-reviews/RDWS5INZ0S889/ref=cm_cr_getr_d_rvw_ttl?ie=UTF8&ASIN=B0C8T8PB6T,"5.0 "," the United States "," November 22, 2024",Size: 9 Wide ToddlerColor: W81k | Rose Shimmer,Verified Purchase,Big love for my daughter it is the second time I bought them and I also bought for my son ! They are perfect,
cbrowell,Perfect size,https://www.amazon.com/gp/customer-reviews/R3GUFZ2BBISOAP/ref=cm_cr_getr_d_rvw_ttl?ie=UTF8&ASIN=B0C8T8PB6T,"5.0 "," the United States "," November 21, 2024",Size: 6 Wide ToddlerColor: W81k | Grey Gum,Verified Purchase,We love these wide toed shoes!,
Toni Lara,Fell apart quickly.,https://www.amazon.com/gp/customer-reviews/RGDQA52HKEJZ5/ref=cm_cr_getr_d_rvw_ttl?ie=UTF8&ASIN=B0C8T8PB6T,"1.0 "," the United States "," November 21, 2024",Size: 2 Wide Little KidColor: W81k | Yellow,Verified Purchase,"I got 5 pairs of shoes from this brand at the same time for my kids, all the others have been fine so far but these completely fell apart in weeks.",
kebstar,Probably the best toddler shoe on the market.,https://www.amazon.com/gp/customer-reviews/R2PVZ99O7LLKZD/ref=cm_cr_getr_d_rvw_ttl?ie=UTF8&ASIN=B0C8T8PB6T,"5.0 "," the United States "," November 20, 2024",,Verified Purchase,"Wide toe box, nonslip sole, lightweight. What else does a 4 year old need? She absolutely loves them and I love that they’re good for her foot shape. Ergonomic and comfortable. Get them! I have an adult pair that I use for the gym!",
RealReviews,Awesome,https://www.amazon.com/gp/customer-reviews/R2GLJ8KP9SJOWA/ref=cm_cr_getr_d_rvw_ttl?ie=UTF8&ASIN=B0C8T8PB6T,"5.0 "," the United States "," November 17, 2024",Size: 10 Wide ToddlerColor: W81k | Rose Shimmer,Verified Purchase,Great and hold up well,
Lawrence E. McCumber,Quality shoe,https://www.amazon.com/gp/customer-reviews/R2AFI69TU6O2TP/ref=cm_cr_getr_d_rvw_ttl?ie=UTF8&ASIN=B0C8T8PB6T,"5.0 "," the United States "," November 17, 2024",Size: 13 Wide Little KidColor: W81k | Rose Shimmer,Verified Purchase,Grand has sensory issues with socks and shoes. These have a wide toe box so toes wiggle and spread freely. Soft but supportive insole.,
Ana Maria Soler Salazar,Love them. Soft and easy to clean.,https://www.amazon.com/gp/customer-reviews/R2OC12MA3UN22W/ref=cm_cr_getr_d_rvw_ttl?ie=UTF8&ASIN=B0C8T8PB6T,"5.0 "," the United States "," November 16, 2024",Size: 8 Wide ToddlerColor: W81k | All Pink,Verified Purchase,Love them. Soft and easy to clean.,
Bri Vaughan,Buy these!,https://www.amazon.com/gp/customer-reviews/R33GOB5K9YNRB/ref=cm_cr_getr_d_rvw_ttl?ie=UTF8&ASIN=B0C8T8PB6T,"5.0 "," the United States "," November 16, 2024",Size: 1 Wide Little KidColor: W81k | All Black,Verified Purchase,We have a kiddo with special needs and wide feet. These shoes are PERFECT. He keeps them on all day & really seems to be comfortable I them!,
caroline,Best baby/toddler shoes!,https://www.amazon.com/gp/customer-reviews/R8EOPL021LX3P/ref=cm_cr_getr_d_rvw_ttl?ie=UTF8&ASIN=B0C8T8PB6T,"5.0 "," the United States "," November 15, 2024",Size: 5 Wide ToddlerColor: W81k | Rose Shimmer,Verified Purchase,"These are the best shoes for baby feet! They are the only shoe I’ve come across that is easy to get on, doesn’t slip off, holds up well & is cute. They seem comfy as my daughter (11 months) never fusses about wearing them. She has a wide, chunky foot and getting these on her in a breeze. I will absolutely be buying them in the next size when needed.",
Ashley Blose,Love these shoes!,https://www.amazon.com/gp/customer-reviews/R17EH88ZIV5ADP/ref=cm_cr_getr_d_rvw_ttl?ie=UTF8&ASIN=B0C8T8PB6T,"5.0 "," the United States "," November 14, 2024",Size: 9 Wide ToddlerColor: W81k | Grey Gum,Verified Purchase,My child has wide feet and these fit perfectly! He's able to get them on and off himself with the velcro straps and they look good too. I'll be getting more of these as his feet get bigger.,
Meg,Great wide-toe shoe for toddlers,https://www.amazon.com/gp/customer-reviews/R32HTJ902P6NLU/ref=cm_cr_getr_d_rvw_ttl?ie=UTF8&ASIN=B0C8T8PB6T,"4.0 "," the United States "," November 12, 2024",Size: 5 Wide ToddlerColor: W81k | Grey Multi,Verified Purchase,,2
Mario,Great fit but straps mess up,https://www.amazon.com/gp/customer-reviews/R1SGD00PFWBLJR/ref=cm_cr_getr_d_rvw_ttl?ie=UTF8&ASIN=B0C8T8PB6T,"4.0 "," the United States "," November 10, 2024",Size: 3 Wide Big KidColor: W81k | All Black,Verified Purchase,Fits great but only lasted a few months before replacement was needed. The straps started coming apart.,
Anthony DeJesus,Best shoe,https://www.amazon.com/gp/customer-reviews/R5QL3YV3BNGNR/ref=cm_cr_getr_d_rvw_ttl?ie=UTF8&ASIN=B0C8T8PB6T,"5.0 "," the United States "," November 10, 2024",Size: 5 Wide ToddlerColor: W81k | All Black,Verified Purchase,These have been the best shoes for my little guy.  He had trouble learning to walk in other shoes but with these he loved them and had no issues! Highly recommend,
Reed Kaufmann,Would be great but this batch was bad.,https://www.amazon.com/gp/customer-reviews/R1RA4XBRO2UEX8/ref=cm_cr_getr_d_rvw_ttl?ie=UTF8&ASIN=B0C8T8PB6T,"1.0 "," the United States "," November 8, 2024",Size: 2 Wide Little KidColor: W81k | Blue White,Verified Purchase,I have not had problems with the previous order but this one all the Velcro is falling off. It’s not even repairable since the Velcro is fluffing off. Very sad since they are great otherwise. Perfect for wide feet minimal shoes. Purchased August 11th -now November 7th.,
Ariel Shin,Straps last 2 months,https://www.amazon.com/gp/customer-reviews/R3F27594362DVL/ref=cm_cr_getr_d_rvw_ttl?ie=UTF8&ASIN=B0C8T8PB6T,"3.0 "," the United States "," November 7, 2024",Size: 11 Wide Little KidColor: W81k | Grey Gum,Verified Purchase,Good fit for wide feet. Four-year-old easily put on and took off shoes. But not worth buying a shoe with straps that fall apart in a couple of months. Would not recommend for this reason.,
Jamie,Nice shoe but would like verification on material safety,https://www.amazon.com/gp/customer-reviews/R506UHW2BF4WU/ref=cm_cr_getr_d_rvw_ttl?ie=UTF8&ASIN=B0C8T8PB6T,"4.0 "," the United States "," November 6, 2024",Size: 13 Wide Little KidColor: W81k | Black Brown,,"I ordered a size 1 youth shoe & compared it to my niece’s old pair of See Kai Run (SKR) size 1 shoes in the picture. Review of pros- seems well made (aside from Velcro complaints), nice flexible grippy sole (more flexible than Ten Little & SKR), foot shaped (SKR is not & SKR toe box becomes more narrow as the sizes increase), & wider toe box compared to Ten Little & SKR. I like was really hesitant to order kids Whitin shoes bc they are from a 3rd party overseas seller than may not conform to material safety standards enforced on shoes bands sold in the US (regardless of where the shoe is made). I am primarily worried about lead and phthalates which could be in the paint on the metal buckle slot, vinyl size label on inner tongue & “Whitin” written on insole, the rubber reinforced toe, and the rubber outer sole. I would be much more likely to buy these shoes again if the company would at least verify that these shoes are lead free. They also are a bit expensive IMO. I went with the color combo bc it was on sale for half price. $37-40 seems a bit high to me considering that their adult shoe line is about the same price. Even though I really like the shoes, I’m not sure if I would buy these again UNLESS the company verifies the safety of the materials. If I was paying full price, I’d be more likely to opt for Splay or Ten Little even though I like the design of these a better (Splay is not quite as durable and Ten Little isn’t nearly as flexible). I washed these shoes in the washer in attempt to remove potential chemical residue. I put each shoe in a mesh bag and the insoles in a separate mesh bag. Sizing - the insole size was almost identical to the See Kai Run size 1 length but it was wider. The white SKR insole is actually more narrow than it looks when laying against the blue Whitin insole bc the taper of the SKR toe box forces the insole to flex upwards on the sides. The Whitin insole is able to lay flat in the shoe. When I measured the Whitin insole, it was 8 1/8 (compared to the Amazon listing of 8 1/4 inches) BUT if you take into account the lip on the heel (SKR has this too) then it’s a bit less than 8 inches. Also, I felt like the SKR leather shoes ran smaller than other brands of size 1 sneakers that my niece wore. I think you’re safest ordering a size up for Whitins, especially if you plan to use the insoles. Ideally measure your child’s feet with socks on near the end of the day (feet tend to swell and can be bigger by the end of the day). Make sure to measure both feet bc most people have one bigger foot. Always order based on the bigger foot. I saw another reviewer posted a picture of SKR and Whitin compared in length but they did not compare the length of the insoles. I think that SKR has a thicker rubber strip going around the outside of the shoe that makes it look longer. The insoles are important to consider because they dictate how much space your foot has inside of the shoe.",
Betheni,Great,https://www.amazon.com/gp/customer-reviews/R82JY3X47PA2F/ref=cm_cr_getr_d_rvw_ttl?ie=UTF8&ASIN=B0C8T8PB6T,"5.0 "," the United States "," November 4, 2024",Size: 8 Wide ToddlerColor: W81k | Grey Multi,Verified Purchase,.,
A Phillips,Sad because we loved them,https://www.amazon.com/gp/customer-reviews/R31118SQRP4ZEW/ref=cm_cr_getr_d_rvw_ttl?ie=UTF8&ASIN=B0C8T8PB6T,"3.0 "," the United States "," November 3, 2024",Size: 10.5 Wide Little KidColor: W81k | Blue White,Verified Purchase,"These shoes have been great for my family. They were purchased January 2024 and now October 2024 are defective. We are on our 5th pair, 3 people in our family wear this brand. But these pair have separated from the Velcro, making it hard for my son to put on and take off his shoes independently.",
paule,Holding up well,https://www.amazon.com/gp/customer-reviews/R1I2SAF4EGOSH2/ref=cm_cr_getr_d_rvw_ttl?ie=UTF8&ASIN=B0C8T8PB6T,"5.0 "," the United States "," November 3, 2024",Size: 1 Wide Little KidColor: W81k | All Black,Verified Purchase,Bought these for both my boys ages 7 and 5. No complaints from them and they have held up pretty well. The first spots to show wear have been inside of the heel.,
Sheila Perea,Whitin children shoes,https://www.amazon.com/gp/customer-reviews/R2NW8V10APC5E8/ref=cm_cr_getr_d_rvw_ttl?ie=UTF8&ASIN=B0C8T8PB6T,"1.0 "," the United States "," November 2, 2024",Size: 13 Wide Little KidColor: W81k | Grey Gum,Verified Purchase,I bought these shoes in early August for my grandson for school. By the end of October 2024 the Velcro closure on the right foot had fallen apart and the shoes can not be closed. This is not good for an active 1st grader. I have bought Whitin shoes multiple times in the past and I am very disappointed in these shoes. The Whitin brand should replace these shoes because they should have lasted longer. I know they have lost me as a customer.,
Chemere B,Excellent shoe,https://www.amazon.com/gp/customer-reviews/R1NDGXDADYPWT9/ref=cm_cr_getr_d_rvw_ttl?ie=UTF8&ASIN=B0C8T8PB6T,"5.0 "," the United States "," November 2, 2024",Size: 13 Wide Little KidColor: W81k | All Black,Verified Purchase,I have a 4 year old that is on the spectrum and is going through a no shoe stage. These worked out perfect being that his feet are wide and as many times as he takes them off they are easy to put back on. Very cute and stylish and can be worn with anything. He loves the Velcro and it has held up to the many times we have strapped and unstrapped them! Definitely buying more colors!!!,2
DadBod1983,Perfect fit,https://www.amazon.com/gp/customer-reviews/RXQL0EADC4PUJ/ref=cm_cr_getr_d_rvw_ttl?ie=UTF8&ASIN=B0C8T8PB6T,"5.0 "," the United States "," November 2, 2024",Size: 12 Wide Little KidColor: W81k | Grey Gum,Verified Purchase,Little mans feet love them!,
Maria,Great for cubby feet!,https://www.amazon.com/gp/customer-reviews/R2NGR7QMBYQHK0/ref=cm_cr_getr_d_rvw_ttl?ie=UTF8&ASIN=B0C8T8PB6T,"5.0 "," the United States "," October 30, 2024",Size: 9 Wide ToddlerColor: W81k | Blue White,Verified Purchase,"My son has cubby feet and can’t really wear regular width shoes and wide shoes can be hit or miss too. I found these searching for a wide toe box shoe and gave them a shot. They fit him perfectly and he seems to move around in them with no issue. Quality seems to be good, but since he’s growing so fast I’m not too worried about them lasting a lifetime.",
Carlos Orellana,Another Purchase!,https://www.amazon.com/gp/customer-reviews/R36HKACLFT8LFX/ref=cm_cr_getr_d_rvw_ttl?ie=UTF8&ASIN=B0C8T8PB6T,"5.0 "," the United States "," October 29, 2024",Size: 2 Wide Little KidColor: W81k | Grey Multi,Verified Purchase,"I use these shoes, my youngest has them and now my oldest (4 yrs old) wears them. Both my kids love wearing them. They fit great and are very comfortable. Also they slip on and off pretty easily. Plus my kids can tighten their shoes pretty easily as well. Lastly, we all think these shoes looks so great. I would highly recommend this brand and type of shoe for all ages.",
Shannon Yates,Item broke after minimal use,https://www.amazon.com/gp/customer-reviews/RG3WCMT4RDZQR/ref=cm_cr_getr_d_rvw_ttl?ie=UTF8&ASIN=B0C8T8PB6T,"2.0 "," the United States "," October 29, 2024",Size: 11 Wide Little KidColor: W81k | Grey Gum,Verified Purchase,The Velcro strip tore off one of our shoes after less than a month of minimal wear. These are used strictly for school which is less than 17 hours a week. Very disappointing unfortunately.,
Brandon & Kayla Jadwin,Great show for toddler,https://www.amazon.com/gp/customer-reviews/RUBD3OCBOH1SR/ref=cm_cr_getr_d_rvw_ttl?ie=UTF8&ASIN=B0C8T8PB6T,"5.0 "," the United States "," October 29, 2024",Size: 5 Wide ToddlerColor: W81k | All Pink,Verified Purchase,It’s hard to find shoes that new walkers seem comfortable in without squishing their feet but also not breaking the bank like vivos. These are a great dupe. My daughter is 18 months and wore them most of the summer and into fall and they are the best pair she owns.,
Amazon Customer,Perfect width & looks like picture/details,https://www.amazon.com/gp/customer-reviews/R3TJG0VJDM7VI6/ref=cm_cr_getr_d_rvw_ttl?ie=UTF8&ASIN=B0C8T8PB6T,"5.0 "," the United States "," October 27, 2024",,Verified Purchase,"Daughter has wide foot and with this shoes she never complains on foot pains!! They are light weight, although the grip is not the best.  I bought 4 pairs and plan on coming back when I need to size up.",
Lauren Buck,"Daughter likes them, but velcro coming up",https://www.amazon.com/gp/customer-reviews/R2IXL8UUKJHRVG/ref=cm_cr_getr_d_rvw_ttl?ie=UTF8&ASIN=B0C8T8PB6T,"2.0 "," the United States "," October 23, 2024",Size: 2.5 Wide Big KidColor: W81k | Rose Shimmer,Verified Purchase,"My daughter loves her sparkly shoes, but she has been wearing them less than a week for short periods at a time and the hook side of the velcro is already peeling up. I was planning to order a pair for my younger daughter, but now I’m second guessing that decision.",
pp2Julie,Quality not good,https://www.amazon.com/gp/customer-reviews/REY8HZG5FHSX8/ref=cm_cr_getr_d_rvw_ttl?ie=UTF8&ASIN=B0C8T8PB6T,"2.0 "," the United States "," October 23, 2024",Size: 1 Wide Little KidColor: W81k | Blue White,Verified Purchase,The shoe was good and my son liked it but less than a month and the thread on the velcro came undone. I don't have a sewing machine to fix so unfortunate and my son won't wear it because it flaps around. I will try glue but less than a month later of usage isn't good.,
Nathaniel,"Great wide toe box, stay on well",https://www.amazon.com/gp/customer-reviews/R3HBE0Z1QIBHK5/ref=cm_cr_getr_d_rvw_ttl?ie=UTF8&ASIN=B0C8T8PB6T,"5.0 "," the United States "," October 22, 2024",Size: 6 Wide ToddlerColor: W81k | Grey Gum,Verified Purchase,"Great toddler shoe. My 18 month old struggled with other shoes, either falling off or making him fall, these stay on easy and provide a great wide base.",
Theabrie,"Cute,comfy, no traction",https://www.amazon.com/gp/customer-reviews/R2EVFR51CYD5CE/ref=cm_cr_getr_d_rvw_ttl?ie=UTF8&ASIN=B0C8T8PB6T,"4.0 "," the United States "," October 20, 2024",Size: 12 Wide Little KidColor: W81k | Grey Gum,Verified Purchase,"My 4 year old slips easily I these. Slick on pavement, grass,sidewalks. Not good for running or climbing. Cute though. Easy on.",
Jami,"Wide toe, flexible soles, toddler approved!",https://www.amazon.com/gp/customer-reviews/R1941V45QB4CUK/ref=cm_cr_getr_d_rvw_ttl?ie=UTF8&ASIN=B0C8T8PB6T,"5.0 "," the United States "," October 19, 2024",Size: 6 Wide ToddlerColor: W81k | Rose Shimmer,Verified Purchase,These are great “barefoot” shoes. I’m super picky about flexible soles and wide toe boxes with my daughter and these definitely hit the mark!,
Mary,They came in wide width,https://www.amazon.com/gp/customer-reviews/R2AV1Z45YPI8TL/ref=cm_cr_getr_d_rvw_ttl?ie=UTF8&ASIN=B0C8T8PB6T,"5.0 "," the United States "," October 19, 2024",,Verified Purchase,Bought for grandson. Fit perfect,
The Cole Review,Love these shoes!,https://www.amazon.com/gp/customer-reviews/R12D8ZU2TKO07S/ref=cm_cr_getr_d_rvw_ttl?ie=UTF8&ASIN=B0C8T8PB6T,"5.0 "," the United States "," October 18, 2024",Size: 9 Wide ToddlerColor: W81k | Grey Gum,Verified Purchase,Super easy to put on. They are roomy. Someone already saw them on our son and asked us questions about them. He’s able to run and play without getting tripped up.,
movie watcher,Rusted quickly,https://www.amazon.com/gp/customer-reviews/RZWQ9G86S6VPG/ref=cm_cr_getr_d_rvw_ttl?ie=UTF8&ASIN=B0C8T8PB6T,"3.0 "," the United States "," October 15, 2024",Size: 8 Wide ToddlerColor: W81k | Blue White,Verified Purchase,Wide shoe with zero drop but they rusted very quickly showing their cheap quality. My kid plays outside and sometimes jumps in puddles. We dry them afterwards so he can where them again but they rusted much more quickly than his watelves did. Also wish they came in a slightly wide version as kiddo has very wide feet…,2
Matthew,"Awesome barefoot style, healthy, wide shoes!",https://www.amazon.com/gp/customer-reviews/R1D4IAOOHOLHYT/ref=cm_cr_getr_d_rvw_ttl?ie=UTF8&ASIN=B0C8T8PB6T,"5.0 "," the United States "," October 15, 2024",Size: 3 Wide Big KidColor: W81k | Rose Shimmer,Verified Purchase,"This is our second time ordering these, we loved our last ones and these also! My children’s feet are too wide for tradition shoes but there are no more tears when wearing these. :) Kids can put them on easily, they’re wide enough for their toes to spread out correctly and not be crowded, they’re lightweight and flexible, and my kids love the color options. I’m planning on continuing to buy the next size up!",3
Kristi,Amazing for toddler with large feet!!,https://www.amazon.com/gp/customer-reviews/R8OVD3RM3M4D6/ref=cm_cr_getr_d_rvw_ttl?ie=UTF8&ASIN=B0C8T8PB6T,"5.0 "," the United States "," October 14, 2024",Size: 7 Wide ToddlerColor: W81k | Blue White,Verified Purchase,"I have had SUCH a hard time finding shoes that fit my son. He not only has wide feet, but very “chubby” feet? Not sure how to describe it. Any typical shoe brand we have tried are not only too narrow but also too flat to fit from the bottom of his foot to the top. This shoe fits AMAZING! I can tell he is so comfortable in them. He is a wild child and so far has stood up to his rough play in them. The price of these compared to other barefoot shoes is also a huge plus. Definitely recommend these!",
KelBarron,Great Shoes!,https://www.amazon.com/gp/customer-reviews/RV4XMV120YNQW/ref=cm_cr_getr_d_rvw_ttl?ie=UTF8&ASIN=B0C8T8PB6T,"5.0 "," the United States "," October 13, 2024",,Verified Purchase,Perfect for my 3 year old daughter who has wide feet. Love the wide toe box and how easy these are to get on her. Very comfortable and cute! Will definitely order more colors!,
Mary T,Velcro gave up after about a month,https://www.amazon.com/gp/customer-reviews/R27JJOAK7FDZOS/ref=cm_cr_getr_d_rvw_ttl?ie=UTF8&ASIN=B0C8T8PB6T,"3.0 "," the United States "," October 13, 2024",Size: 10 Wide ToddlerColor: W81k | Grey Multi,,Pretty bummed these shoes were great and super comfy on my son’s feet. After normal wear for about a month the Velcro came off the strap and the shoes wouldn’t stay closed anymore. Such a shame they were great shoes and now we can’t use them :(,
ceramicsmom,My grandson wants them on his feet all day,https://www.amazon.com/gp/customer-reviews/R1QUONLFVXUP76/ref=cm_cr_getr_d_rvw_ttl?ie=UTF8&ASIN=B0C8T8PB6T,"5.0 "," the United States "," October 13, 2024",,Verified Purchase,I have never seen my grandson keep shoes in his feet until these. They are awesome and fit his wide foot! Thank you!,
Tara Benson,"Durable, High Quality Toddler Shoes",https://www.amazon.com/gp/customer-reviews/R203C19SU6G5PI/ref=cm_cr_getr_d_rvw_ttl?ie=UTF8&ASIN=B0C8T8PB6T,"5.0 "," the United States "," October 12, 2024",Size: 8 Wide ToddlerColor: W81k | Grey Gum,Verified Purchase,Hold up well to washing and fit our active 2 year old very well. Also very cute shoes!,
Amazon Customer,Great barefoot shoe!,https://www.amazon.com/gp/customer-reviews/R1URADELD0L5E0/ref=cm_cr_getr_d_rvw_ttl?ie=UTF8&ASIN=B0C8T8PB6T,"5.0 "," the United States "," October 10, 2024",Size: 9 Wide ToddlerColor: W81k | Grey Gum,Verified Purchase,"Great shoe for a great price! My toddler loves wearing them and they offer a neutral look for dressing up/down. I will say that they run a little small, so don’t be afraid to size up! I will definitely be purchasing again for my son and for me :)",
Marina B,"Shoes are comfortable, Velcro strap falls apart",https://www.amazon.com/gp/customer-reviews/R19UP77N9232WF/ref=cm_cr_getr_d_rvw_ttl?ie=UTF8&ASIN=B0C8T8PB6T,"3.0 "," the United States "," October 10, 2024",Size: 11 Wide Little KidColor: W81k | Blue White,Verified Purchase,My son likes these shoes as they provide his toes with room to move around and not be crammed like in most shoes. The Velcro straps started falling apart within a month of wearing the shoes. This is sad because the rest of the shoe seems to be pretty durable.,
Fonnie,My daughter loves them,https://www.amazon.com/gp/customer-reviews/R22DXW2W2Y8PT8/ref=cm_cr_getr_d_rvw_ttl?ie=UTF8&ASIN=B0C8T8PB6T,"4.0 "," the United States "," October 9, 2024",,Verified Purchase,Super cute and very comfy BUT these do squeak really badly.,
Christina moore,Cheaper barefoot shoes,https://www.amazon.com/gp/customer-reviews/R268TZNXFPOLO8/ref=cm_cr_getr_d_rvw_ttl?ie=UTF8&ASIN=B0C8T8PB6T,"5.0 "," the United States "," October 7, 2024",,Verified Purchase,Wanted to find a cheaper option of barefoot shoes for the kids and these were perfect. Their toes are able to spread out and they have great traction. They are thin and breathable and the kids love that they are comfortable.,
Danielle A.,Perfect!,https://www.amazon.com/gp/customer-reviews/R2A48DKX3Q6X0W/ref=cm_cr_getr_d_rvw_ttl?ie=UTF8&ASIN=B0C8T8PB6T,"5.0 "," the United States "," October 6, 2024",Size: 8 Wide ToddlerColor: W81k | Rose Shimmer,Verified Purchase,"Perfect fit. Comfy. Easy to put on and take off. My daughter is 2, and loves everything about them. She can put them on herself, and she chooses these shoes over any other shoe.",
Jason Mozingo,My favorite shoes now fit my favorite person!,https://www.amazon.com/gp/customer-reviews/R3M01LU823U35R/ref=cm_cr_getr_d_rvw_ttl?ie=UTF8&ASIN=B0C8T8PB6T,"5.0 "," the United States "," October 5, 2024",Size: 12 Wide Little KidColor: W81k | Grey Gum,,"I love this brand and I love these shoes.... now my son gets to have a pair too. Get them, you won't be sorry. I love the Grey, it goes with everything!",
linds,Amazing for my autistic son,https://www.amazon.com/gp/customer-reviews/RF8XKLXUWJHTV/ref=cm_cr_getr_d_rvw_ttl?ie=UTF8&ASIN=B0C8T8PB6T,"5.0 "," the United States "," October 5, 2024",Size: 10.5 Wide Little KidColor: W81k | All Black,Verified Purchase,These shoes were a godsend for my son with autism. He feels comfortable in them the soles bend with his foot and they have a wide toe box so he doesn’t feel restrained. They stay on well with the secure straps and these are the only shoes he will willingly wear at school.,
Mark L,Velcro is no good after 1 month,https://www.amazon.com/gp/customer-reviews/R3SJZW33M3X0GI/ref=cm_cr_getr_d_rvw_ttl?ie=UTF8&ASIN=B0C8T8PB6T,"2.0 "," the United States "," October 3, 2024",Size: 13 Wide Little KidColor: W81k | Grey Gum,Verified Purchase,"Really loved these shoes, actually, still do, but the Velcro is basically useless after one month and I will have to figure out how to replace it. One shoe had the Velcro detach from the strap and the other shoe the “loop” side is so worn that it won’t attach to the “hook” side to stay closed anymore. Very disappointed, we’ve only had them for one month.",5
Customer,Nice finish and spacious,https://www.amazon.com/gp/customer-reviews/R15X1XI9KZFHK2/ref=cm_cr_getr_d_rvw_ttl?ie=UTF8&ASIN=B0C8T8PB6T,"4.0 "," the United States "," September 30, 2024",Size: 10 Wide ToddlerColor: W81k | Rose Shimmer,Verified Purchase,"Washed then 1 time (delicate cycle) and they came out deformed and unusable.  UPDATE: The seller contacted is and offered a refund. After learning more about the defect, they believe this is an extraordinary event and offered to send us a replacement sample free of charge which we accepted. Looking forward to testing these again.",2
Jackie,Velcro is awful,https://www.amazon.com/gp/customer-reviews/R3BSEZU38G26IB/ref=cm_cr_getr_d_rvw_ttl?ie=UTF8&ASIN=B0C8T8PB6T,"2.0 "," the United States "," September 29, 2024",Size: 3 Wide Big KidColor: W81k | Blue White,Verified Purchase,"These shoes were great for a couple of months until the velcro just completely stopped sticking. I spent 30 minutes cleaning them up, hoping that it would revive the stickiness, but it barely made a difference.  Other than that, they are perfect. Sounds like I'm not the only one having issues with the velcro.",
Eskimo Babydoll,Wide enough for my toddlers wide feet,https://www.amazon.com/gp/customer-reviews/R38T3K94Y0AF3J/ref=cm_cr_getr_d_rvw_ttl?ie=UTF8&ASIN=B0C8T8PB6T,"5.0 "," the United States "," September 27, 2024",Size: 8 Wide ToddlerColor: W81k | Grey Gum,Verified Purchase,These shoes fit perfectly on my son’s wide feet.  Totally worth the money!,
Ceilidh E.,Great shoes,https://www.amazon.com/gp/customer-reviews/R3HY7CXNK7FIUV/ref=cm_cr_getr_d_rvw_ttl?ie=UTF8&ASIN=B0C8T8PB6T,"5.0 "," the United States "," September 27, 2024",Size: 13 Wide Little KidColor: W81k | Grey Gum,Verified Purchase,I ordered a few pairs of inexpensive barefoot shoes from Amazon and this brand was LEAPS and bound better quality and better looking them the others at the same price point. My son has been wearing these for 9 months and they looks great still,
Garrett Veurink,Poor quality velcro,https://www.amazon.com/gp/customer-reviews/RE19KXG407EIO/ref=cm_cr_getr_d_rvw_ttl?ie=UTF8&ASIN=B0C8T8PB6T,"2.0 "," the United States "," September 26, 2024",Size: 11 Wide Little KidColor: W81k | Yellow,Verified Purchase,My daughter loved the shoes but unfortunately the Velcro was unusable after only a few months of wear. Tried contacting Whitins customer service using contact information I got from Amazons customer service rep and both the email and phone number they provided were out of service. Which isn’t an Amazon issue but a Whitin issue for not providing updated contact information. I will not be ordering from them again.,
Kaitlyn,Great for the price,https://www.amazon.com/gp/customer-reviews/R3N4BBHZ0YI96B/ref=cm_cr_getr_d_rvw_ttl?ie=UTF8&ASIN=B0C8T8PB6T,"5.0 "," the United States "," September 22, 2024",Size: 3 Wide Big KidColor: W81k | Silver Shimmer,Verified Purchase,"Love these mostly barefoot, wide toe box friendly shoe option. The price point is nice too.",
applemama,Velcro didn’t last 2 months,https://www.amazon.com/gp/customer-reviews/RP5K3G4A8TTWZ/ref=cm_cr_getr_d_rvw_ttl?ie=UTF8&ASIN=B0C8T8PB6T,"3.0 "," the United States "," September 17, 2024",Size: 11 Wide Little KidColor: W81k | Grey Gum,Verified Purchase,We really liked these shoes but the Velcro gave out within 2 months!,
Elle,Comfortable,https://www.amazon.com/gp/customer-reviews/R1S1SUNVLUOS1Q/ref=cm_cr_getr_d_rvw_ttl?ie=UTF8&ASIN=B0C8T8PB6T,"5.0 "," the United States "," September 17, 2024",Size: 10.5 Wide Little KidColor: W81k | All Black,Verified Purchase,My kiddo loves these shoes so much we bought multiple colors of the same shoe. They don't squeeze his toes or feel unnatural. Great for Autistic children. Easy to put on. Good for arch. Stylish.,2
Tlc,Comfy,https://www.amazon.com/gp/customer-reviews/R2Z7LODR1LERVT/ref=cm_cr_getr_d_rvw_ttl?ie=UTF8&ASIN=B0C8T8PB6T,"4.0 "," the United States "," September 14, 2024",Size: 11 Wide Little KidColor: W81k | All Black,Verified Purchase,My grandson loves these shoes his toes have plenty of room and they have awesome traction. If you want a shoe that fit like crocs this shoe is the way to go. Decently priced and easy to put on. Size 11 fit perfectly. Wish they had 1/2 sizes tho,
mal,Velcro needs reinforcement,https://www.amazon.com/gp/customer-reviews/RJ2S73AYF2RQY/ref=cm_cr_getr_d_rvw_ttl?ie=UTF8&ASIN=B0C8T8PB6T,"4.0 "," the United States "," September 13, 2024",Size: 2.5 Wide Big KidColor: W81k | All Black,Verified Purchase,"Great shoes! Kids love them and they are holding up very well with one exception. The Velcro on the strap is separating after a month or two of wear. I can sew it back together, but overall the Velcro is not the best out there. Still, it’s a solid shoe choice for the price.",4
Alicja,Very comfy,https://www.amazon.com/gp/customer-reviews/RCS4U3BEBOJFR/ref=cm_cr_getr_d_rvw_ttl?ie=UTF8&ASIN=B0C8T8PB6T,"5.0 "," the United States "," September 11, 2024",Size: 2.5 Wide Big KidColor: W81k | Grey Multi,Verified Purchase,Light and comfy. Great shoes.,
Kimberly Esquivel,Perfect for wide feet,https://www.amazon.com/gp/customer-reviews/R1KDOLAE88LLV/ref=cm_cr_getr_d_rvw_ttl?ie=UTF8&ASIN=B0C8T8PB6T,"5.0 "," the United States "," September 9, 2024",,Verified Purchase,My daughter has always had a hard time with shoes. She’s been in some form of crocks for most of her childhood because she has wide feet and regular shoes (and socks) really bother her. But these are perfect! She loves them! We will be buying more!,
Megan Myers,Velcro came apart,https://www.amazon.com/gp/customer-reviews/RVZJYQ70PT1OD/ref=cm_cr_getr_d_rvw_ttl?ie=UTF8&ASIN=B0C8T8PB6T,"2.0 "," the United States "," September 8, 2024",Size: 11 Wide Little KidColor: W81k | Grey Multi,Verified Purchase,I wanted to love these shoes for my son but the Velcro came apart after only 2 months of wearing. I am hoping to try a different style because my husband and I both love our shoes from this brand.,
Nikki Berglund,Bought Aug 12th velcro is falling off,https://www.amazon.com/gp/customer-reviews/R3VKPEFMEMSAJI/ref=cm_cr_getr_d_rvw_ttl?ie=UTF8&ASIN=B0C8T8PB6T,"1.0 "," the United States "," September 8, 2024",Size: 1 Wide Little KidColor: W81k | Grey Gum,,My daughter has been using these shoes less than a month and the velcro has already come off the bottom part of the strap 😔,
Kenneth Steward,Straps fall apart,https://www.amazon.com/gp/customer-reviews/R1C3I6M7E64TDW/ref=cm_cr_getr_d_rvw_ttl?ie=UTF8&ASIN=B0C8T8PB6T,"2.0 "," the United States "," September 6, 2024",Size: 2.5 Wide Big KidColor: W81k | Rose Shimmer,Verified Purchase,I was excited to find an affordable sneaker with a wide toe box for my daughter last summer. However within the first month of owning them the top strap began to unravel. We just pulled them out of the closet again and the velcro completely separated from the strap. If it wasn't for the poor quality of the strap they would have been a yearly purchase for us.,
Haley,Would be great..,https://www.amazon.com/gp/customer-reviews/R2FMN4161X8V3E/ref=cm_cr_getr_d_rvw_ttl?ie=UTF8&ASIN=B0C8T8PB6T,"1.0 "," the United States "," September 5, 2024",Size: 11 Wide Little KidColor: W81k | All Black,,"Had zero complaints initially. My son has very wide feet and I wanted something comfortable. They are 3 weeks and and velcro is ripping of of both shoes, completely on one of them (pictured)  I've never had a pair of shoes become unusable so fast",
Amazon Customer,"Shoes hold up, but the velcro (hook & loop) doesn’t.",https://www.amazon.com/gp/customer-reviews/R392NJAM46CLTB/ref=cm_cr_getr_d_rvw_ttl?ie=UTF8&ASIN=B0C8T8PB6T,"2.0 "," the United States "," September 3, 2024",Size: 2 Wide Little KidColor: W81k | Grey Gum,Verified Purchase,"The shoes themselves have held up great for my energetic boys (usually shoes wear out rather quickly) however the hook and loop doesn’t hold up. Within says to contact them for replacements if the hook and loop wears out but I cannot find any contact information anywhere. I googled, searched Amazon, sifted through my emails, and messaged their Instagram page but haven’t had any luck finding a contact email or phone number. This is frustrating and I’m considering switching my four boys to another brand of sneaker.",
Kenyata Jerome,Canvas,https://www.amazon.com/gp/customer-reviews/R1FWZV8K6B1V50/ref=cm_cr_getr_d_rvw_ttl?ie=UTF8&ASIN=B0C8T8PB6T,"5.0 "," the United States "," September 3, 2024",,Verified Purchase,The perfect shoe for my grandson. Comfy arch support and it can be worn casual or dressy,
Kelly Pokorny,"Great shoes, just not our design style.",https://www.amazon.com/gp/customer-reviews/R1R72XIZOTDF0P/ref=cm_cr_getr_d_rvw_ttl?ie=UTF8&ASIN=B0C8T8PB6T,"5.0 "," the United States "," September 3, 2024",Size: 13 Wide Little KidColor: W81k | All Black,Verified Purchase,We ended up sending these back because my kiddo chose a different style in this brand. Nothing wrong with the shoe at all He just chose a different style for this year.,
KLMF,Independence!!,https://www.amazon.com/gp/customer-reviews/R2JX3CQDKM6HN1/ref=cm_cr_getr_d_rvw_ttl?ie=UTF8&ASIN=B0C8T8PB6T,"5.0 "," the United States "," August 30, 2024",Size: 3 Wide Big KidColor: W81k | All Black,Verified Purchase,My son on the spectrum has total independence while we tackle tying shoes.,
