﻿评论用户,评论概述,评论链接,星级评分,评论地点,评论时间,类型,是否购买,评论详情,觉得该评论有帮助的人数
Vernon,Black chain,https://www.amazon.com/gp/customer-reviews/R2HL632I9ARKG0/ref=cm_cr_getr_d_rvw_ttl?ie=UTF8&ASIN=B0BBYT25C4,"3.0 "," the United States "," January 23, 2025",Size: 24 inch(61cm)Style: 6mm-Cool Black,Verified Purchase,It's just ok,
Nacy,"sturdy, necklace",https://www.amazon.com/gp/customer-reviews/R1DG73MSP5GS11/ref=cm_cr_getr_d_rvw_ttl?ie=UTF8&ASIN=B0BBYT25C4,"5.0 "," the United States "," January 23, 2025",Size: 28 inch(71cm)Style: 4mm-Elegant Silver,Verified Purchase,"It appears to be a good, sturdy necklace.",
Peggy a.,It broke the first week,https://www.amazon.com/gp/customer-reviews/RCSO327235CRY/ref=cm_cr_getr_d_rvw_ttl?ie=UTF8&ASIN=B0BBYT25C4,"1.0 "," the United States "," January 17, 2025",Size: 18 inch(46cm)Style: 6mm-Cool Black,Verified Purchase,Well it broke the first week,
Kristy Bydalek,Perfect,https://www.amazon.com/gp/customer-reviews/RQZQR0YBBK4F1/ref=cm_cr_getr_d_rvw_ttl?ie=UTF8&ASIN=B0BBYT25C4,"5.0 "," the United States "," January 11, 2025",Size: 18 inch(46cm)Style: 4mm-Elegant Silver,Verified Purchase,Got this to replace an old thin necklace. I love the size and length. It was perfect for me.,
Rod C,"Solid, good looking chain",https://www.amazon.com/gp/customer-reviews/R2CFAFVPAPL5DJ/ref=cm_cr_getr_d_rvw_ttl?ie=UTF8&ASIN=B0BBYT25C4,"4.0 "," the United States "," January 5, 2025",Size: 24 inch(61cm)Style: 4mm-Elegant Silver,Verified Purchase,The chain has a very fluid flow to it. It's also well constructed with a decent heft as well. I bought it to go with a stainless steel cross pendent I have. The only reason I didn't give it 5 stars was because of its tendency to snag and pull chest hairs (ouch!),
Amazon Customer,great buy!,https://www.amazon.com/gp/customer-reviews/R1AZ3ZZVQ47I1H/ref=cm_cr_getr_d_rvw_ttl?ie=UTF8&ASIN=B0BBYT25C4,"5.0 "," the United States "," January 5, 2025",Size: 30 inch(76cm)Style: 6mm-Elegant Silver,Verified Purchase,"very nice chain for the price. wish i would have ordered a 26"" instead of a 30"" but plan on purchasing another in the near future.make sure of your size before ordering!",
Tera,Nice simple chain,https://www.amazon.com/gp/customer-reviews/RUXSJX9OMK5D4/ref=cm_cr_getr_d_rvw_ttl?ie=UTF8&ASIN=B0BBYT25C4,"5.0 "," the United States "," January 4, 2025",Size: 22 inch(55cm)Style: 6mm-Cool Black,Verified Purchase,My son loves black. He always wants black clothing. This year I got him this black chain i came across he was happy. Seems to like it more than the gold cuban link chain I got him last year. This chain is a decent weight and length is as advertised,
Cindy Arnold,"Very nice, good quality",https://www.amazon.com/gp/customer-reviews/R1I4E1KI52PQEY/ref=cm_cr_getr_d_rvw_ttl?ie=UTF8&ASIN=B0BBYT25C4,"5.0 "," the United States "," January 2, 2025",Size: 20 inch(51cm)Style: 6mm-Cool Black,Verified Purchase,"Purchased as a gift for my grandson, he loved it.",
Gerald Osting,Great looking Necklace,https://www.amazon.com/gp/customer-reviews/R3E9FI88WMMUT0/ref=cm_cr_getr_d_rvw_ttl?ie=UTF8&ASIN=B0BBYT25C4,"5.0 "," the United States "," December 29, 2024",Size: 24 inch(61cm)Style: 6mm-Elegant Silver,Verified Purchase,Super quality,
J. Bushnell,Alittle disappointed,https://www.amazon.com/gp/customer-reviews/R3BH3G0X1BDPS3/ref=cm_cr_getr_d_rvw_ttl?ie=UTF8&ASIN=B0BBYT25C4,"2.0 "," the United States "," December 28, 2024",Size: 22 inch(55cm)Style: 6mm-Cool Black,Verified Purchase,I really like this necklace but it came all scratched up and the paint was coming off.,
Brian,"Awesome, perfect match with any color t-shirts.",https://www.amazon.com/gp/customer-reviews/REUO2CHD4US4T/ref=cm_cr_getr_d_rvw_ttl?ie=UTF8&ASIN=B0BBYT25C4,"5.0 "," the United States "," December 23, 2024",Size: 26 inch(66cm)Style: 6mm-Cool Black,Verified Purchase,"26"" perfect fit, I ordered a 22"" it barley fit. I sent it back got 26"", and I am happy with it.",
Larry,Gold,https://www.amazon.com/gp/customer-reviews/R3NF73VEVID4OM/ref=cm_cr_getr_d_rvw_ttl?ie=UTF8&ASIN=B0BBYT25C4,"5.0 "," the United States "," December 19, 2024",Size: 22 inch(55cm)Style: 6mm-Luxury Gold,Verified Purchase,This is a great necklace for the price,
Madjo,Great gift,https://www.amazon.com/gp/customer-reviews/R1E9Z2M47ROQP8/ref=cm_cr_getr_d_rvw_ttl?ie=UTF8&ASIN=B0BBYT25C4,"5.0 "," the United States "," December 14, 2024",Size: 22 inch(55cm)Style: 6mm-Cool Black,Verified Purchase,Perfect gift for my grandson! It is well made a and stylish for todsy’s look,
Warp Speed,Little clasp,https://www.amazon.com/gp/customer-reviews/R12DJFGL93AT6Y/ref=cm_cr_getr_d_rvw_ttl?ie=UTF8&ASIN=B0BBYT25C4,"3.0 "," the United States "," December 9, 2024",Size: 20 inch(51cm)Style: 4mm-Cool Black,Verified Purchase,Nice chain but hard to put on and off unless you have tiny hands. Over a good chain though,
R&M,Great chain,https://www.amazon.com/gp/customer-reviews/R3HU2SKFTBEK0Q/ref=cm_cr_getr_d_rvw_ttl?ie=UTF8&ASIN=B0BBYT25C4,"5.0 "," the United States "," December 7, 2024",Size: 20 inch(51cm)Style: 6mm-Elegant Silver,Verified Purchase,I wear this everyday with my cross attached. Holds up well on daily wear and has not tarnished or rusted in anyway. The chain is thick and has a good clasp tgat is easily taken in and off.  I highly recommend this product.,
Ryan W,Very solid,https://www.amazon.com/gp/customer-reviews/R2F98S900R26CP/ref=cm_cr_getr_d_rvw_ttl?ie=UTF8&ASIN=B0BBYT25C4,"5.0 "," the United States "," December 6, 2024",Size: 26 inch(66cm)Style: 6mm-Cool Black,Verified Purchase,"I worn this for 9mo now holding my tungsten carbide wedding ring that I can't wear on my hand due to my job, only taken off once for surgery and no signs of wear, clasp is solid.",
AB,Great necklace!,https://www.amazon.com/gp/customer-reviews/R1YHSJ7ONL0CG4/ref=cm_cr_getr_d_rvw_ttl?ie=UTF8&ASIN=B0BBYT25C4,"5.0 "," the United States "," December 5, 2024",Size: 30 inch(76cm)Style: 6mm-Cool Black,Verified Purchase,"I like this necklace!  It’s very thick and heavy and can be for a guy or girl.  In the long size it is perfect for a heavier pendant but is also great without one.It came quickly and has a good clasp.  I don’t know yet if it will be tarnish but it’s not supposed to.  It’s true black, not like a gunmetal or dark silver.For the price I think it is a very good purchase!",
T. Evans,"Craftsmanship is very good, but still does not look like real gold.",https://www.amazon.com/gp/customer-reviews/R1YAGMQ077DQSY/ref=cm_cr_getr_d_rvw_ttl?ie=UTF8&ASIN=B0BBYT25C4,"3.0 "," the United States "," December 1, 2024",Size: 24 inch(61cm)Style: 4mm-Luxury Gold,Verified Purchase,"Surprisingly well-made! It may look like gold to some people, BUT does not match any of the 14 karat gold chains that I own. Close, but it’s clearly not gold.",
gary j brooks,Nice look great price,https://www.amazon.com/gp/customer-reviews/R29HCRLGKN8CXA/ref=cm_cr_getr_d_rvw_ttl?ie=UTF8&ASIN=B0BBYT25C4,"5.0 "," the United States "," November 27, 2024",Size: 30 inch(76cm)Style: 6mm-Cool Black,Verified Purchase,Really like the black steel look,
Jevar,Awesome chain,https://www.amazon.com/gp/customer-reviews/RC05VY8O5GZ6J/ref=cm_cr_getr_d_rvw_ttl?ie=UTF8&ASIN=B0BBYT25C4,"5.0 "," the United States "," November 14, 2024",Size: 20 inch(51cm)Style: 6mm-Cool Black,Verified Purchase,Still have this chain up until now. Very nice quality.,
happy girl,it look nice.,https://www.amazon.com/gp/customer-reviews/R1VK3D2RH4WZFF/ref=cm_cr_getr_d_rvw_ttl?ie=UTF8&ASIN=B0BBYT25C4,"4.0 "," the United States "," November 13, 2024",Size: 24 inch(61cm)Style: 6mm-Cool Black,Verified Purchase,"It was a gift, and they really liked it.",
Amazon Customer,Nice!,https://www.amazon.com/gp/customer-reviews/RZ5151SPSELQD/ref=cm_cr_getr_d_rvw_ttl?ie=UTF8&ASIN=B0BBYT25C4,"5.0 "," the United States "," November 13, 2024",Size: 20 inch(51cm)Style: 6mm-Elegant Silver,Verified Purchase,Better than expected! Nice shine and fit! 👍,
Michael Carter,Fashionable without bling,https://www.amazon.com/gp/customer-reviews/R1H5HZXL359I21/ref=cm_cr_getr_d_rvw_ttl?ie=UTF8&ASIN=B0BBYT25C4,"5.0 "," the United States "," November 10, 2024",Size: 30 inch(76cm)Style: 6mm-Cool Black,Verified Purchase,I am able to interchange various charms.,
Pierre Simo,Item returned from UPS STORE IN FORNEY. By then short neck chain. Need large size,https://www.amazon.com/gp/customer-reviews/RF9X71KOMYD5E/ref=cm_cr_getr_d_rvw_ttl?ie=UTF8&ASIN=B0BBYT25C4,"2.0 "," the United States "," November 10, 2024",Size: 20 inch(51cm)Style: 6mm-Cool Black,Verified Purchase,Short neck chain received.  NEED LARGE SIZE.,
Amazon Customer,Good quality.,https://www.amazon.com/gp/customer-reviews/R1U9E3VHEBFRJV/ref=cm_cr_getr_d_rvw_ttl?ie=UTF8&ASIN=B0BBYT25C4,"5.0 "," the United States "," November 4, 2024",Size: 24 inch(61cm)Style: 6mm-Cool Black,Verified Purchase,"Fast delivery, very good clasp quality, and durability is impressive.",
Ramsin khangaldi,Brilliant,https://www.amazon.com/gp/customer-reviews/RNDXP7G4CYV7K/ref=cm_cr_getr_d_rvw_ttl?ie=UTF8&ASIN=B0BBYT25C4,"5.0 "," the United States "," October 27, 2024",Size: 18 inch(46cm)Style: 6mm-Cool Black,Verified Purchase,Great value for the money,
Daniel J Lagoe,Very nice!!,https://www.amazon.com/gp/customer-reviews/R1Z8HCVGHFCMQ7/ref=cm_cr_getr_d_rvw_ttl?ie=UTF8&ASIN=B0BBYT25C4,"5.0 "," the United States "," October 11, 2024",Size: 20 inch(51cm)Style: 4mm-Cool Black,Verified Purchase,Very nice chain,
Rustam,Good,https://www.amazon.com/gp/customer-reviews/R2GWE9EYS5OPUY/ref=cm_cr_getr_d_rvw_ttl?ie=UTF8&ASIN=B0BBYT25C4,"5.0 "," the United States "," September 30, 2024",Size: 28 inch(71cm)Style: 4mm-Elegant Silver,Verified Purchase,Perfect,
Billy D 69,BAD BOY CHAIN !!!!,https://www.amazon.com/gp/customer-reviews/R2GU76DKEGXLGT/ref=cm_cr_getr_d_rvw_ttl?ie=UTF8&ASIN=B0BBYT25C4,"5.0 "," the United States "," September 17, 2024",Size: 18 inch(46cm)Style: 6mm-Elegant Silver,Verified Purchase,This is one super nice durable chain for a man who needs a strong good looking chain to show off his charms and also have a chain durable enough to hold up under TUFF conditions like myself I work outside in trees holes cut grass operate all kinds of machines vibrate all the time fast slow up down in out. The chain has to be TUFF like me and hold up. I don't want to lose a keepsake charm with a weak chain. This is what you're looking for.  It the 1. Super TUFF and great looking also.,3
oscar ortiz,Bad cuality,https://www.amazon.com/gp/customer-reviews/R38DH6W730UMU8/ref=cm_cr_getr_d_rvw_ttl?ie=UTF8&ASIN=B0BBYT25C4,"1.0 "," the United States "," September 16, 2024",Size: 22 inch(55cm)Style: 4mm-Cool Black,Verified Purchase,Is to small don't look like the the picture show and is to to much money for small chain is terrible look,
Cody Woodrum,Feels good,https://www.amazon.com/gp/customer-reviews/R15T41EVJ913CU/ref=cm_cr_getr_d_rvw_ttl?ie=UTF8&ASIN=B0BBYT25C4,"4.0 "," the United States "," September 10, 2024",Size: 20 inch(51cm)Style: 6mm-Cool Black,Verified Purchase,It feels great but I got mine almost too small. I ended up getting an extension for it to fit comfortably.,
Robert Boorman,necklace,https://www.amazon.com/gp/customer-reviews/R36PWKV25B1JKR/ref=cm_cr_getr_d_rvw_ttl?ie=UTF8&ASIN=B0BBYT25C4,"5.0 "," the United States "," September 8, 2024",Size: 26 inch(66cm)Style: 6mm-Elegant Silver,Verified Purchase,good product,
Michael hall,IT IS NOT A BOX CHAIN LIKE THE PICTURE!!,https://www.amazon.com/gp/customer-reviews/R12J9XOK7BFR6I/ref=cm_cr_getr_d_rvw_ttl?ie=UTF8&ASIN=B0BBYT25C4,"2.0 "," the United States "," September 5, 2024",Size: 28 inch(71cm)Style: 6mm-Cool Black,Verified Purchase,this chain is NOT a box chain like the description and the picture.  it is a flat necklace.  the necklace itself is nice and appears to be good quality.  it's just not what I ordered or expected.,
Dana B,stays gold in pool and ocean,https://www.amazon.com/gp/customer-reviews/R2D00F6MNJ6ST/ref=cm_cr_getr_d_rvw_ttl?ie=UTF8&ASIN=B0BBYT25C4,"5.0 "," the United States "," August 28, 2024",Size: 20 inch(51cm)Style: 4mm-Luxury Gold,Verified Purchase,"i love this necklace. does not lose color and i can wear it anytime, anyplace",
BVP,Snags and not smooth,https://www.amazon.com/gp/customer-reviews/R2B8DPAPCFCDO7/ref=cm_cr_getr_d_rvw_ttl?ie=UTF8&ASIN=B0BBYT25C4,"1.0 "," the United States "," August 25, 2024",Size: 24 inch(61cm)Style: 4mm-Cool Black,Verified Purchase,"We were looking to replace a chain that was purchased on Amazon several years ago. We unfortunately thought this was the same product, it was not. The original was smooth to the touch and well made. We returned the item and fortunately was able to find the same product we had originally ordered.",
Topher,"First one was broken, second one seems ok",https://www.amazon.com/gp/customer-reviews/RB7EY9QD4YON1/ref=cm_cr_getr_d_rvw_ttl?ie=UTF8&ASIN=B0BBYT25C4,"4.0 "," the United States "," August 24, 2024",Size: 26 inch(66cm)Style: 4mm-Cool Black,Verified Purchase,"First one I received was broken, filed a claim to get replacement sent and received second a few days later and it is intact but seems like quality control is slacking. Both of them seem to be poorly constructed at the clasp, but I guess when you don’t pay much that’s to be expected. Color is black, but  again quality is not great as there are several spots that were not painted well and the steel is showing. It is more oval and flat shape than round as described.",
Chester,Great price,https://www.amazon.com/gp/customer-reviews/R2S7JWCDQE6U2D/ref=cm_cr_getr_d_rvw_ttl?ie=UTF8&ASIN=B0BBYT25C4,"5.0 "," the United States "," August 23, 2024",Size: 20 inch(51cm)Style: 4mm-Cool Black,Verified Purchase,Fairly normal-sized Closure but I would like larger tab for fingernails to manipulate the open-close gate,
Anca hommert,"Quality, comfort and cost effective",https://www.amazon.com/gp/customer-reviews/R28Y66PBXH6KM1/ref=cm_cr_getr_d_rvw_ttl?ie=UTF8&ASIN=B0BBYT25C4,"5.0 "," the United States "," August 20, 2024",Size: 14 inch(35cm)Style: 4mm-Cool Black,Verified Purchase,"I like that the chain is thick but not bulky. It’s got some weight, you can feel it’s a quality necklace with out it being heavy. I shower, work out and am hard on my jewelry. Need an everyday chain this is the One. I have gotten rid of 10 necklaces cus this is all I wear!!!",
Diego Moya,Excelente producto,https://www.amazon.com/gp/customer-reviews/R3RODTYT21PV26/ref=cm_cr_getr_d_rvw_ttl?ie=UTF8&ASIN=B0BBYT25C4,"5.0 "," the United States "," August 18, 2024",Size: 22 inch(55cm)Style: 6mm-Cool Black,Verified Purchase,"Me encanta la cadena, es lindísima, me llegó muy bien, exactamente la medida que quería, excelente servicio y el material se ve que es muy bueno y duradero.",
John,Necklace,https://www.amazon.com/gp/customer-reviews/R2OQF63MLB8UP3/ref=cm_cr_getr_d_rvw_ttl?ie=UTF8&ASIN=B0BBYT25C4,"3.0 "," the United States "," August 18, 2024",Size: 28 inch(71cm)Style: 4mm-Elegant Silver,Verified Purchase,Lobster claw clasp is small and hard to use.,
D A Gaudy,Chain ⛓️ broke,https://www.amazon.com/gp/customer-reviews/R53J8U2Z8VWXE/ref=cm_cr_getr_d_rvw_ttl?ie=UTF8&ASIN=B0BBYT25C4,"2.0 "," the United States "," August 9, 2024",Size: 24 inch(61cm)Style: 6mm-Cool Black,Verified Purchase,The chain ⛓️ clasp broke after 6 months,
pms,It looks sharp,https://www.amazon.com/gp/customer-reviews/R34MD1TUCBH2AK/ref=cm_cr_getr_d_rvw_ttl?ie=UTF8&ASIN=B0BBYT25C4,"4.0 "," the United States "," August 9, 2024",Size: 24 inch(61cm)Style: 6mm-Cool Black,Verified Purchase,"It is a little difficult to work that clasp but other than that, I really love it",
Omar D.,It's well made I like,https://www.amazon.com/gp/customer-reviews/R2MROFVM2MJN9E/ref=cm_cr_getr_d_rvw_ttl?ie=UTF8&ASIN=B0BBYT25C4,"3.0 "," the United States "," August 3, 2024",Size: 22 inch(55cm)Style: 6mm-Elegant Silver,Verified Purchase,It should be a little more ticker,2
Average consumer,Daily driver,https://www.amazon.com/gp/customer-reviews/R1MNHW76K81UNR/ref=cm_cr_getr_d_rvw_ttl?ie=UTF8&ASIN=B0BBYT25C4,"5.0 "," the United States "," August 3, 2024",Size: 20 inch(51cm)Style: 6mm-Cool Black,Verified Purchase,I’ve worn this necklace everyday for over a year and it’s still rockin solid,
Curtis Yearwood,good deal,https://www.amazon.com/gp/customer-reviews/R3BYS1BIJPGCQ/ref=cm_cr_getr_d_rvw_ttl?ie=UTF8&ASIN=B0BBYT25C4,"5.0 "," the United States "," July 30, 2024",Size: 22 inch(55cm)Style: 6mm-Cool Black,Verified Purchase,"No complaint here, just a good product",
Myo Gerald,Good merchandise,https://www.amazon.com/gp/customer-reviews/R31AA74XEYIJNL/ref=cm_cr_getr_d_rvw_ttl?ie=UTF8&ASIN=B0BBYT25C4,"5.0 "," the United States "," July 29, 2024",Size: 20 inch(51cm)Style: 4mm-Luxury Gold,Verified Purchase,Arrived on the time schedule...,
jordan hinkle,Good necklace,https://www.amazon.com/gp/customer-reviews/R2AAR4UGJ5AV12/ref=cm_cr_getr_d_rvw_ttl?ie=UTF8&ASIN=B0BBYT25C4,"5.0 "," the United States "," July 28, 2024",Size: 22 inch(55cm)Style: 6mm-Cool Black,Verified Purchase,I don't typically wear a necklace but this one is simple and looks good. The size is perfect. It's holding up well but have only worn it a dozen times so far.,
Alicia de las Pozas,Very pretty,https://www.amazon.com/gp/customer-reviews/R3SRTQCZ9JQJIM/ref=cm_cr_getr_d_rvw_ttl?ie=UTF8&ASIN=B0BBYT25C4,"5.0 "," the United States "," July 22, 2024",Size: 14 inch(35cm)Style: 6mm-Cool Black,Verified Purchase,I bought it as a gift and I was very please how it looks. Hard a flexible to wear with a charm or by itself. I  highly recommend it for women and men,
John Weygand,To shiny,https://www.amazon.com/gp/customer-reviews/R19UPM1EFY1BKX/ref=cm_cr_getr_d_rvw_ttl?ie=UTF8&ASIN=B0BBYT25C4,"4.0 "," the United States "," July 20, 2024",Size: 22 inch(55cm)Style: 6mm-Cool Black,Verified Purchase,I would like it better if it was a flat black but it’s really cool,
Reynaldo Irizarry,Best quality,https://www.amazon.com/gp/customer-reviews/R3QZZIMPB975ML/ref=cm_cr_getr_d_rvw_ttl?ie=UTF8&ASIN=B0BBYT25C4,"5.0 "," the United States "," July 18, 2024",Size: 22 inch(55cm)Style: 6mm-Cool Black,Verified Purchase,As described.,
Amazodf georgen Customer,Just has the clasp I need,https://www.amazon.com/gp/customer-reviews/RVLU0U2QD6PQ3/ref=cm_cr_getr_d_rvw_ttl?ie=UTF8&ASIN=B0BBYT25C4,"5.0 "," the United States "," July 13, 2024",Size: 18 inch(46cm)Style: 4mm-Cool Black,Verified Purchase,Product is as advertised. I like it,
Jeffrey K.,The class and ring by class are not gold plated.,https://www.amazon.com/gp/customer-reviews/R6WHAGJTUFALR/ref=cm_cr_getr_d_rvw_ttl?ie=UTF8&ASIN=B0BBYT25C4,"1.0 "," the United States "," July 12, 2024",Size: 26 inch(66cm)Style: 4mm-Luxury Gold,Verified Purchase,Have to chain his goals have to chain as a light silver not very well  plated. It looks really cheap,
Miranda,Beautiful but hard to put on,https://www.amazon.com/gp/customer-reviews/R3BE6HIHY0J390/ref=cm_cr_getr_d_rvw_ttl?ie=UTF8&ASIN=B0BBYT25C4,"4.0 "," the United States "," July 11, 2024",Size: 14 inch(35cm)Style: 4mm-Cool Black,Verified Purchase,"The clasp is sturdy but very difficult to open and it takes me 7-8 tries before I am successful. It is very versatile in pairing, and thus far the quality is great and sleek. Love the length and size of this necklace. Holds up well.",
Blustery Days ROCK,Nice Quality!,https://www.amazon.com/gp/customer-reviews/R22V9LRWCIYCPS/ref=cm_cr_getr_d_rvw_ttl?ie=UTF8&ASIN=B0BBYT25C4,"5.0 "," the United States "," July 10, 2024",Size: 18 inch(46cm)Style: 4mm-Elegant Silver,Verified Purchase,"Beautiful looking chains - nice quality, beautiful flat box links, sturdy, and look like more expensive pieces of jewelry. (I got these in the stainless steel, silver, 14""/6mm and 18""/4mm sizes.) The only issue was this, they are super shiny which, unfortunately, was the reason I needed to return them. I needed the chains to match (or better coordinate) with a sentimental vintage charm. My vintage charm and the super shiny chains didn't look good together. Obviously this is not a fault of the vendor or a problem with the chains I received.",4
TBFamily,"Great quality, questionable clasp",https://www.amazon.com/gp/customer-reviews/R8EPTHQLR8LO7/ref=cm_cr_getr_d_rvw_ttl?ie=UTF8&ASIN=B0BBYT25C4,"4.0 "," the United States "," July 7, 2024",Size: 18 inch(46cm)Style: 4mm-Cool Black,Verified Purchase,"Overall this is a great, sturdy, well made necklace. The only thing I can find to ensure a fair review is to point out the very small gap in the clasp. I don't have a worry about it, but figured I should mention it. This review mirrors that of the same necklace of another size. So I think this is just how it is made.",
MWash,Nice Piece...,https://www.amazon.com/gp/customer-reviews/RODM5U5VET2Q4/ref=cm_cr_getr_d_rvw_ttl?ie=UTF8&ASIN=B0BBYT25C4,"5.0 "," the United States "," July 5, 2024",Size: 22 inch(55cm)Style: 6mm-Cool Black,Verified Purchase,"For $17 this is a nice chain.  It's different because it's black, not gold or silver.  It feels heavy in weight and has a nice quality feel.  I would by again in a different length or as a gift.",
C. J. Embry,Terrific chain with good weight,https://www.amazon.com/gp/customer-reviews/RR6VU3BP4YKXE/ref=cm_cr_getr_d_rvw_ttl?ie=UTF8&ASIN=B0BBYT25C4,"5.0 "," the United States "," July 3, 2024",Size: 18 inch(46cm)Style: 6mm-Cool Black,Verified Purchase,Feels quality. Very happy with the purchase.,2
Patricia Q,Looks good,https://www.amazon.com/gp/customer-reviews/R1AZ8ZWMPNZ1PR/ref=cm_cr_getr_d_rvw_ttl?ie=UTF8&ASIN=B0BBYT25C4,"5.0 "," the United States "," July 1, 2024",Size: 22 inch(55cm)Style: 6mm-Cool Black,Verified Purchase,Well made. Looks and feels good on.,
Brian W,"Decent chain but emphasize it being flat, not box.",https://www.amazon.com/gp/customer-reviews/R176K45JG5WAVL/ref=cm_cr_getr_d_rvw_ttl?ie=UTF8&ASIN=B0BBYT25C4,"3.0 "," the United States "," June 27, 2024",Size: 30 inch(76cm)Style: 6mm-Elegant Silver,Verified Purchase,"I'm really undecided about this one. It's more a ribbon chain. I had purchased as a heavy chain to wear a large, heavy bead on but it is designed to wear flat and doesn't hang right with the bead. Seems decent quality enough, but the pictures didn’t do justice to the sides being so unequal in proportion. Just wish I had gone with a wheat chain or something else.",
Kristy Morgan,Hey good quality,https://www.amazon.com/gp/customer-reviews/R1G1C0VLNGLJ3I/ref=cm_cr_getr_d_rvw_ttl?ie=UTF8&ASIN=B0BBYT25C4,"5.0 "," the United States "," June 24, 2024",Size: 18 inch(46cm)Style: 4mm-Cool Black,Verified Purchase,"Does not turn skin colors, durable, does not tarnish, nice length.",
Richard Chamberlain,Great looking Box Chain Necklace,https://www.amazon.com/gp/customer-reviews/R1EZHJBXAO8OFM/ref=cm_cr_getr_d_rvw_ttl?ie=UTF8&ASIN=B0BBYT25C4,"5.0 "," the United States "," June 16, 2024",Size: 28 inch(71cm)Style: 6mm-Cool Black,Verified Purchase,The measurement in length and the width of the chain were exactly as specified.  Looks great with a crucifix that I have.,
Michael,Get what you pay for,https://www.amazon.com/gp/customer-reviews/R13THHFX9O52V5/ref=cm_cr_getr_d_rvw_ttl?ie=UTF8&ASIN=B0BBYT25C4,"3.0 "," the United States "," June 5, 2024",Size: 24 inch(61cm)Style: 6mm-Elegant Silver,Verified Purchase,Liked it but not as polished and smooth as hoped.,
Kevin S,The necklace,https://www.amazon.com/gp/customer-reviews/R24IGVEINL2BWL/ref=cm_cr_getr_d_rvw_ttl?ie=UTF8&ASIN=B0BBYT25C4,"3.0 "," the United States "," June 2, 2024",Size: 20 inch(51cm)Style: 6mm-Cool Black,Verified Purchase,The size didn't fit like the chat suggestions  I should choose from,
Christina J Barrett,Unique and Stylish,https://www.amazon.com/gp/customer-reviews/R3NQWCEJ30XIRD/ref=cm_cr_getr_d_rvw_ttl?ie=UTF8&ASIN=B0BBYT25C4,"5.0 "," the United States "," May 29, 2024",Size: 18 inch(46cm)Style: 6mm-Cool Black,Verified Purchase,I love that it is different than the silver and gold most wear,
C.Stewart,Perfect for a costume,https://www.amazon.com/gp/customer-reviews/R2L8ZBLDVICWRX/ref=cm_cr_getr_d_rvw_ttl?ie=UTF8&ASIN=B0BBYT25C4,"1.0 "," the United States "," May 27, 2024",Size: 22 inch(55cm)Style: 6mm-Elegant Silver,Verified Purchase,It's cheating made,
micah,Stiff,https://www.amazon.com/gp/customer-reviews/R3MT12G5WHJWVM/ref=cm_cr_getr_d_rvw_ttl?ie=UTF8&ASIN=B0BBYT25C4,"4.0 "," the United States "," May 26, 2024",Size: 26 inch(66cm)Style: 6mm-Cool Black,Verified Purchase,Much stiffer than it looks,
FMS,Necklace,https://www.amazon.com/gp/customer-reviews/R3LHC18CISFT0U/ref=cm_cr_getr_d_rvw_ttl?ie=UTF8&ASIN=B0BBYT25C4,"5.0 "," the United States "," May 23, 2024",Size: 20 inch(51cm)Style: 6mm-Cool Black,Verified Purchase,"Very nice necklace, a bit short",
tim,Thanks,https://www.amazon.com/gp/customer-reviews/RA9G2QFTO14BY/ref=cm_cr_getr_d_rvw_ttl?ie=UTF8&ASIN=B0BBYT25C4,"5.0 "," the United States "," May 23, 2024",Size: 22 inch(55cm)Style: 6mm-Cool Black,Verified Purchase,Thanks,
Asia crownover,Great!,https://www.amazon.com/gp/customer-reviews/R265Q4U62379GA/ref=cm_cr_getr_d_rvw_ttl?ie=UTF8&ASIN=B0BBYT25C4,"5.0 "," the United States "," May 21, 2024",Size: 20 inch(51cm)Style: 4mm-Elegant Silver,Verified Purchase,"Got it for my boyfriend, he doesn't take it off and it's been months. It has yet to tarnish or make his skin turn green",
Meroso,Es muy buena,https://www.amazon.com/gp/customer-reviews/R1FW998CDCNGEA/ref=cm_cr_getr_d_rvw_ttl?ie=UTF8&ASIN=B0BBYT25C4,"5.0 "," the United States "," May 9, 2024",Size: 30 inch(76cm)Style: 6mm-Elegant Silver,Verified Purchase,Es de buena calidad me gusta mucha,
Joshua Stafford,Keeper,https://www.amazon.com/gp/customer-reviews/R19XFFDMSGVNI5/ref=cm_cr_getr_d_rvw_ttl?ie=UTF8&ASIN=B0BBYT25C4,"5.0 "," the United States "," April 23, 2024",Size: 18 inch(46cm)Style: 6mm-Cool Black,,This was exactly what i wanted and its strong and feels nice.,
James Davis,Actually hypoallergenic.,https://www.amazon.com/gp/customer-reviews/R6EVWGB5M6IOB/ref=cm_cr_getr_d_rvw_ttl?ie=UTF8&ASIN=B0BBYT25C4,"5.0 "," the United States "," April 13, 2024",Size: 20 inch(51cm)Style: 6mm-Elegant Silver,Verified Purchase,"Looks good, and doesn’t contain nickel.",
The super product,Dińeño,https://www.amazon.com/gp/customer-reviews/R2XRVARKGS9OAF/ref=cm_cr_getr_d_rvw_ttl?ie=UTF8&ASIN=B0BBYT25C4,"2.0 "," the United States "," April 11, 2024",Size: 14 inch(35cm)Style: 6mm-Elegant Silver,Verified Purchase,Más pequeńo de lo indicado !!!,
Geoffrey hess,Amazing,https://www.amazon.com/gp/customer-reviews/R5U8MPKPI9F9G/ref=cm_cr_getr_d_rvw_ttl?ie=UTF8&ASIN=B0BBYT25C4,"5.0 "," the United States "," April 5, 2024",Size: 30 inch(76cm)Style: 6mm-Cool Black,Verified Purchase,"Love the chain, it fits perfectly and made beautifully",
Just Another Customer,You can never have enough ProSteel,https://www.amazon.com/gp/customer-reviews/R2C330Q1UO1OG2/ref=cm_cr_getr_d_rvw_ttl?ie=UTF8&ASIN=B0BBYT25C4,"5.0 "," the United States "," April 5, 2024",Size: 22 inch(55cm)Style: 6mm-Cool Black,Verified Purchase,"This surprisingly gorgeous shiny black SS Flat Box chain necklace is definitely a keeper. Considering the price and the quality 🤔 ... It's ... definately a winner🏆. FACTs: It adds an invitingly unique look to my daily wear. ""... I'm humbled by its beauty ... uniquely impressed!""",
J C,Its Perfect! ❤️‍🔥,https://www.amazon.com/gp/customer-reviews/RU6XBM3GRIQEX/ref=cm_cr_getr_d_rvw_ttl?ie=UTF8&ASIN=B0BBYT25C4,"5.0 "," the United States "," April 2, 2024",Size: 22 inch(55cm)Style: 6mm-Cool Black,Verified Purchase,I Accidentally bought the wrong size. They somehow delivered the right size one the next morning. Before I went to go return the 1st one. 👍,
Edith,It looks sexy,https://www.amazon.com/gp/customer-reviews/R1ON6YUU8QZD9E/ref=cm_cr_getr_d_rvw_ttl?ie=UTF8&ASIN=B0BBYT25C4,"5.0 "," the United States "," March 30, 2024",Size: 18 inch(46cm)Style: 4mm-Cool Black,Verified Purchase,👍👍,
Ronbo,I wear it every day!,https://www.amazon.com/gp/customer-reviews/R2SXSATH127I92/ref=cm_cr_getr_d_rvw_ttl?ie=UTF8&ASIN=B0BBYT25C4,"5.0 "," the United States "," March 29, 2024",Size: 18 inch(46cm)Style: 6mm-Cool Black,Verified Purchase,Super comfortable and stylish! I wear it everyday and get compliments on it!,
Johnathon Bailey,Beautiful,https://www.amazon.com/gp/customer-reviews/R27JB0VM86SRUM/ref=cm_cr_getr_d_rvw_ttl?ie=UTF8&ASIN=B0BBYT25C4,"5.0 "," the United States "," March 28, 2024",Size: 26 inch(66cm)Style: 6mm-Cool Black,Verified Purchase,This is the most steady chain and it hold the charm I got very nice,
Kit Andrews,Very Nice Chain!!,https://www.amazon.com/gp/customer-reviews/R6XKI2EGMU2DG/ref=cm_cr_getr_d_rvw_ttl?ie=UTF8&ASIN=B0BBYT25C4,"5.0 "," the United States "," March 26, 2024",Size: 24 inch(61cm)Style: 4mm-Cool Black,Verified Purchase,As advertised! Very nice chain!! Love it!!,
trevor mitchell,Pulls hair,https://www.amazon.com/gp/customer-reviews/RE8PHDRUTBEQF/ref=cm_cr_getr_d_rvw_ttl?ie=UTF8&ASIN=B0BBYT25C4,"1.0 "," the United States "," March 19, 2024",Size: 22 inch(55cm)Style: 6mm-Cool Black,Verified Purchase,Chain pulls hair,
iliff fields,Looks good,https://www.amazon.com/gp/customer-reviews/R3639TCKPX0ZQ0/ref=cm_cr_getr_d_rvw_ttl?ie=UTF8&ASIN=B0BBYT25C4,"5.0 "," the United States "," March 17, 2024",Size: 20 inch(51cm)Style: 4mm-Luxury Gold,Verified Purchase,Just hope it doesn’t turn soon. I like the looks of it.,
Keith S. Koch,"It was nice, it was a little thin for my build.  Will save it for my boys.",https://www.amazon.com/gp/customer-reviews/R2L4DUGFOFYMX4/ref=cm_cr_getr_d_rvw_ttl?ie=UTF8&ASIN=B0BBYT25C4,"5.0 "," the United States "," March 13, 2024",Size: 18 inch(46cm)Style: 4mm-Elegant Silver,Verified Purchase,The quality is good and it looks great.,
rj.james nedelec,Good,https://www.amazon.com/gp/customer-reviews/R3NFJX9HSRT2D6/ref=cm_cr_getr_d_rvw_ttl?ie=UTF8&ASIN=B0BBYT25C4,"5.0 "," the United States "," March 8, 2024",Size: 22 inch(55cm)Style: 6mm-Elegant Silver,Verified Purchase,very satisfied.,
Vglgg01,Good for the money,https://www.amazon.com/gp/customer-reviews/R32EAISHDLM259/ref=cm_cr_getr_d_rvw_ttl?ie=UTF8&ASIN=B0BBYT25C4,"5.0 "," the United States "," March 7, 2024",Size: 20 inch(51cm)Style: 4mm-Elegant Silver,Verified Purchase,I find this necklace to be good for the money and haven't had any issues with it so far. I've even worn it in the hot tub and it's still in perfect condition.,
Fernando,"good looking, value for the money",https://www.amazon.com/gp/customer-reviews/R2FKYROLFQ3BA6/ref=cm_cr_getr_d_rvw_ttl?ie=UTF8&ASIN=B0BBYT25C4,"5.0 "," the United States "," March 1, 2024",Size: 22 inch(55cm)Style: 6mm-Elegant Silver,Verified Purchase,"good looking, value for the money",
Tom Wehr,Great,https://www.amazon.com/gp/customer-reviews/R1MTLNHMK4E21C/ref=cm_cr_getr_d_rvw_ttl?ie=UTF8&ASIN=B0BBYT25C4,"5.0 "," the United States "," February 29, 2024",Size: 22 inch(55cm)Style: 4mm-Cool Black,Verified Purchase,Great necklace for the price. Fits perfect.,
CJ Garcia,Nice and thick,https://www.amazon.com/gp/customer-reviews/R3NOGYZ59SB9DW/ref=cm_cr_getr_d_rvw_ttl?ie=UTF8&ASIN=B0BBYT25C4,"4.0 "," the United States "," February 28, 2024",Size: 20 inch(51cm)Style: 6mm-Elegant Silver,Verified Purchase,Really nice chain. Thick. But a bit short. Gonna buy from this company again.,
Deborah Bumgardner,Great,https://www.amazon.com/gp/customer-reviews/RQHV43K1WTPJ1/ref=cm_cr_getr_d_rvw_ttl?ie=UTF8&ASIN=B0BBYT25C4,"5.0 "," the United States "," February 15, 2024",Size: 14 inch(35cm)Style: 6mm-Cool Black,Verified Purchase,It was for my grandson who is very into soccer and Christ,
Adam E.,Very good quality.,https://www.amazon.com/gp/customer-reviews/R3M1DMAE3YOLRT/ref=cm_cr_getr_d_rvw_ttl?ie=UTF8&ASIN=B0BBYT25C4,"5.0 "," the United States "," February 14, 2024",Size: 30 inch(76cm)Style: 6mm-Elegant Silver,Verified Purchase,Perfect length and thickness. Good quality.,
Derrick Lane,Gift,https://www.amazon.com/gp/customer-reviews/R6VGJO25LW72F/ref=cm_cr_getr_d_rvw_ttl?ie=UTF8&ASIN=B0BBYT25C4,"5.0 "," the United States "," February 10, 2024",Size: 14 inch(35cm)Style: 6mm-Cool Black,Verified Purchase,It was perfect for my nephews little neck and the quality was superb.,
justme,Disappointed in quality,https://www.amazon.com/gp/customer-reviews/R2KU9Q0ESRI5SW/ref=cm_cr_getr_d_rvw_ttl?ie=UTF8&ASIN=B0BBYT25C4,"1.0 "," the United States "," February 2, 2024",Size: 14 inch(35cm)Style: 4mm-Elegant Silver,Verified Purchase,The clasp came off the chain,
Mark D. Clark,Well made,https://www.amazon.com/gp/customer-reviews/R1AOFCI65HX0DD/ref=cm_cr_getr_d_rvw_ttl?ie=UTF8&ASIN=B0BBYT25C4,"5.0 "," the United States "," January 20, 2024",Size: 24 inch(61cm)Style: 4mm-Cool Black,Verified Purchase,n/a,
Scott Bodendorfer,Tough,https://www.amazon.com/gp/customer-reviews/R3LSUKWEAVYV6F/ref=cm_cr_getr_d_rvw_ttl?ie=UTF8&ASIN=B0BBYT25C4,"5.0 "," the United States "," January 17, 2024",Size: 18 inch(46cm)Style: 6mm-Cool Black,Verified Purchase,"I love this chain it is sturdy and comfortable doesn’t catch on body hair , very comfortable.",
Amazon Customer,Good quality for price,https://www.amazon.com/gp/customer-reviews/R14J4MFZ6H34EI/ref=cm_cr_getr_d_rvw_ttl?ie=UTF8&ASIN=B0BBYT25C4,"5.0 "," the United States "," January 15, 2024",Size: 18 inch(46cm)Style: 6mm-Cool Black,Verified Purchase,Looks just as pictures and feels very sturdy,
GUILLERMO Garay,Great,https://www.amazon.com/gp/customer-reviews/R2BH8ZVWGW6QVR/ref=cm_cr_getr_d_rvw_ttl?ie=UTF8&ASIN=B0BBYT25C4,"5.0 "," the United States "," January 13, 2024",Size: 20 inch(51cm)Style: 6mm-Cool Black,Verified Purchase,Great prices fast delivery,
BG,necklace,https://www.amazon.com/gp/customer-reviews/RTGEWN49KG4HO/ref=cm_cr_getr_d_rvw_ttl?ie=UTF8&ASIN=B0BBYT25C4,"4.0 "," the United States "," January 13, 2024",Size: 24 inch(61cm)Style: 4mm-Cool Black,Verified Purchase,good value. hopefully the black finish will be long lasting.,
KCR,Cheap clasp - don’t trust it,https://www.amazon.com/gp/customer-reviews/RVTLXHCAXFC4P/ref=cm_cr_getr_d_rvw_ttl?ie=UTF8&ASIN=B0BBYT25C4,"2.0 "," the United States "," January 8, 2024",Size: 30 inch(76cm)Style: 4mm-Cool Black,Verified Purchase,The necklace itself is okay - basic utilitarian - but I won’t be using it because the clasp is so cheap. It is thin and has gaps in the connecting links. I will not be using it as I intended to wear a ring on my neck but I believe the clasp will break.,2
Jaysen,Exactly as described,https://www.amazon.com/gp/customer-reviews/R2J60FB1ILRMSH/ref=cm_cr_getr_d_rvw_ttl?ie=UTF8&ASIN=B0BBYT25C4,"5.0 "," the United States "," January 1, 2024",Size: 26 inch(66cm)Style: 6mm-Cool Black,Verified Purchase,Necklace looks exactly as described in the advertisement looks even better on you,
Amazon Customer,Very nice,https://www.amazon.com/gp/customer-reviews/R2VAON71OUK3A0/ref=cm_cr_getr_d_rvw_ttl?ie=UTF8&ASIN=B0BBYT25C4,"5.0 "," the United States "," December 26, 2023",Size: 30 inch(76cm)Style: 6mm-Cool Black,Verified Purchase,"Not too heavy, doesn't pinch skin or pull hair. Very nice.",2
