﻿评论用户,评论概述,评论链接,星级评分,评论地点,评论时间,类型,是否购买,评论详情,觉得该评论有帮助的人数
Allan Vernier,SIMPLE NICE WATCH,https://www.amazon.com/gp/customer-reviews/R11KA2A70UFAWP/ref=cm_cr_getr_d_rvw_ttl?ie=UTF8&ASIN=B0BYRSC7P3,"3.0 "," the United States "," May 31, 2024",Color: Brown white,Verified Purchase,i love simple watches but this one does not have second hand. This is the only way I know the battery is good.,
Sunburn74,Watch has a cheap plastic face.,https://www.amazon.com/gp/customer-reviews/R3784K1A1CY0UW/ref=cm_cr_getr_d_rvw_ttl?ie=UTF8&ASIN=B0BYRSC7P3,"1.0 "," the United States "," April 18, 2024",Color: black,Verified Purchase,Cheap plastic face which was immediately apparent. Sent it back,
Gulcin Gacek,Disappointed,https://www.amazon.com/gp/customer-reviews/RQMXMYCNIJF04/ref=cm_cr_getr_d_rvw_ttl?ie=UTF8&ASIN=B0BYRSC7P3,"1.0 "," the United States "," April 13, 2024",Color: Black white,Verified Purchase,I purchased this watch 11 months ago and it’s no longer working. Why????? Very very disappointing!,
Amazon Customer,I like the watch,https://www.amazon.com/gp/customer-reviews/RKN1GA7ZQISVA/ref=cm_cr_getr_d_rvw_ttl?ie=UTF8&ASIN=B0BYRSC7P3,"4.0 "," the United States "," March 7, 2024",Color: black,Verified Purchase,"I like it, but it’s about as good as you pay for. Weird how the 4 is “iiii” instead of “iv”",2
sl,dont bother buying,https://www.amazon.com/gp/customer-reviews/R3GGLNE5Z7TUK6/ref=cm_cr_getr_d_rvw_ttl?ie=UTF8&ASIN=B0BYRSC7P3,"1.0 "," the United States "," July 19, 2023",Color: Brown white,Verified Purchase,Have had the watch 6 weeks. Have worn it maybe a dozen times. The band is already peeling and the time stops working every couple days. Too late to return.,7
Lee B.,Excellent,https://www.amazon.com/gp/customer-reviews/R33MY7B5G47QUK/ref=cm_cr_getr_d_rvw_ttl?ie=UTF8&ASIN=B0BYRSC7P3,"5.0 "," the United States "," July 17, 2023",Color: Black white,Verified Purchase,Great watch for the price!,2
