﻿评论用户,评论概述,评论链接,星级评分,评论地点,评论时间,类型,是否购买,评论详情,觉得该评论有帮助的人数
James R. Macenko,Watchband,https://www.amazon.com/gp/customer-reviews/R1WU3JG5RVJ865/ref=cm_cr_getr_d_rvw_ttl?ie=UTF8&ASIN=B09ZKYB9JM,"4.0 "," the United States "," January 24, 2025",Color: Two-Tone/Blue 9970,Verified Purchase,"The watch band could be improved a lot otherwise, I love the watch",
Nancy W.,Watch,https://www.amazon.com/gp/customer-reviews/R2QOTO4NC2SQVL/ref=cm_cr_getr_d_rvw_ttl?ie=UTF8&ASIN=B09ZKYB9JM,"4.0 "," the United States "," January 22, 2025",Color: Two-Tone/White 5567,Verified Purchase,Watch looks great. Had to shorten the band. Now that was a disaster. The tool in the box bent after 2 tries. Not very good instructions on how to use it. Had to google it for a YouTube video. All to shorten a watch band.,
Heather Pierce,Great fit and Classic look,https://www.amazon.com/gp/customer-reviews/RH6L2Q4ZUZ13/ref=cm_cr_getr_d_rvw_ttl?ie=UTF8&ASIN=B09ZKYB9JM,"5.0 "," the United States "," January 22, 2025",Color: Two-Tone/Blue 5567,Verified Purchase,Very happy with bracelet style and the simplicity of time and date only on face.,
Outback,Great look,https://www.amazon.com/gp/customer-reviews/R13VMWPWX4O49J/ref=cm_cr_getr_d_rvw_ttl?ie=UTF8&ASIN=B09ZKYB9JM,"5.0 "," the United States "," January 21, 2025",Color: Two-Tone/Blue 9931,,I've had this watch about two weeks it looks great and keeps great time. Awesome for the price.,
Daniel Silva,Cheap,https://www.amazon.com/gp/customer-reviews/R1CVGFN9ES7XDX/ref=cm_cr_getr_d_rvw_ttl?ie=UTF8&ASIN=B09ZKYB9JM,"1.0 "," the United States "," January 13, 2025",Color: Two-Tone/Blue 5567,Verified Purchase,It was returned for credit,
Andi Sorrell,Poor quality,https://www.amazon.com/gp/customer-reviews/R2ARCFT8Q2VPP0/ref=cm_cr_getr_d_rvw_ttl?ie=UTF8&ASIN=B09ZKYB9JM,"2.0 "," the United States "," January 13, 2025",Color: Two-Tone/Black 9931,Verified Purchase,Clasp doesn’t lack tight and the battery is already dead,
I'm satisfied with my purchase.  Thank you..,Function,https://www.amazon.com/gp/customer-reviews/R39QVRWP37UH8B/ref=cm_cr_getr_d_rvw_ttl?ie=UTF8&ASIN=B09ZKYB9JM,"5.0 "," the United States "," January 11, 2025",Color: White 5567,Verified Purchase,I like the style and the ease to navigate its for my brother who is in a nursing home...,
Virginia L. Eggleston,Replacacement,https://www.amazon.com/gp/customer-reviews/R1QG14NSSD64SV/ref=cm_cr_getr_d_rvw_ttl?ie=UTF8&ASIN=B09ZKYB9JM,"4.0 "," the United States "," January 9, 2025",Color: White 5567,Verified Purchase,This was a replacement for one that stopped working.  Work fine.,
Jose Carlos,Great product,https://www.amazon.com/gp/customer-reviews/R1WOMP1VPG8UM/ref=cm_cr_getr_d_rvw_ttl?ie=UTF8&ASIN=B09ZKYB9JM,"5.0 "," the United States "," January 8, 2025",Color: Two-Tone/Blue 9970,Verified Purchase,It's a nice gift for different occasions.,
Robert S. Arnold,Clunky,https://www.amazon.com/gp/customer-reviews/R2F9W4L43WWVZV/ref=cm_cr_getr_d_rvw_ttl?ie=UTF8&ASIN=B09ZKYB9JM,"3.0 "," the United States "," January 8, 2025",Color: Two-Tone/White 5567,Verified Purchase,Nice looking and appealing at first sight. Clunky and awkward in use,
Pam,Watch,https://www.amazon.com/gp/customer-reviews/R1QIFWFRTZIT0S/ref=cm_cr_getr_d_rvw_ttl?ie=UTF8&ASIN=B09ZKYB9JM,"5.0 "," the United States "," January 5, 2025",Color: Two-Tone/Blue 9970,Verified Purchase,My husband really likes his watch. He likes the blue face and how easy it was to adjust the wrist band.,
Cornchip,What a bargain!,https://www.amazon.com/gp/customer-reviews/R8UD86H2TYBW7/ref=cm_cr_getr_d_rvw_ttl?ie=UTF8&ASIN=B09ZKYB9JM,"5.0 "," the United States "," January 4, 2025",Color: Two-Tone/White 5567,Verified Purchase,"I was amazed at the quality of this watch! It was so inexpensive, I wasn't expecting much, but my husband thinks I paid big money for it. (I didn't want to spend a lot as he is in memory care and loses things all the time)! Remarkable well made!",
Bonnie,Nice watch,https://www.amazon.com/gp/customer-reviews/R3MKOTN4YTR96R/ref=cm_cr_getr_d_rvw_ttl?ie=UTF8&ASIN=B09ZKYB9JM,"5.0 "," the United States "," January 3, 2025",Color: Two-Tone/Blue 5565,,Bought this watch for my 15.5 year old grandson for Christmas after he added it to his wish list. He’s very pleased with it and it looks good on him!,
Jada Wright,Best Watch Ever!!!!,https://www.amazon.com/gp/customer-reviews/R3SFBVT80TNG0F/ref=cm_cr_getr_d_rvw_ttl?ie=UTF8&ASIN=B09ZKYB9JM,"5.0 "," the United States "," January 2, 2025",Color: Two-Tone/Blue 9970,Verified Purchase,It's Soooo Beautiful And Fancy!!!!,
KIDDN@$TY661,It really stood out and was an eye catcher!!,https://www.amazon.com/gp/customer-reviews/R1CM1OPPWYPNGD/ref=cm_cr_getr_d_rvw_ttl?ie=UTF8&ASIN=B09ZKYB9JM,"5.0 "," the United States "," December 19, 2024",Color: Two-Tone/Green 5565,Verified Purchase,"It was expensive looking which I was looking for when I bought it. It was made of resilient material, stainless steel to be exact. It was also really easy to set ge time and date which is one for the books. The only problem was how hard it was to change the length of the band.",
Jane L Keener,Not Recommended,https://www.amazon.com/gp/customer-reviews/R32G6LKOB2O4C5/ref=cm_cr_getr_d_rvw_ttl?ie=UTF8&ASIN=B09ZKYB9JM,"2.0 "," the United States "," December 15, 2024",Color: Two-Tone/Black 5567,Verified Purchase,"I bought this eatch in Dec 2023. The link pins keep breaking. The 1st in April 2024. My husband didn't realize that it broke falling to the floor and accidentally stepped on it ehich broke the glass. Shortly after it was repaired, the battery had to be replaced, not even 5 months use. November, had the 4th link pin repaired. The repairs have costly. I guess you get poor craftsmanship on an inexpensive product. Hard lesson learned!",
Ray DeVreugd,Style,https://www.amazon.com/gp/customer-reviews/R143R752U5PB71/ref=cm_cr_getr_d_rvw_ttl?ie=UTF8&ASIN=B09ZKYB9JM,"5.0 "," the United States "," December 14, 2024",Color: Two-Tone/White 5567,Verified Purchase,Fit,
Amazon Customer,Can't even wear it,https://www.amazon.com/gp/customer-reviews/R3D4XMD3CV4YQG/ref=cm_cr_getr_d_rvw_ttl?ie=UTF8&ASIN=B09ZKYB9JM,"1.0 "," the United States "," December 10, 2024",Color: White 5567,Verified Purchase,"Because the piece of junk pin removal kit was incapable of removing the pins to adjust the band without breaking. And, even with a watch repair kit, the pins will not come out. Trash.",
Michael33326,Meh,https://www.amazon.com/gp/customer-reviews/RNRWWN5YRZTO1/ref=cm_cr_getr_d_rvw_ttl?ie=UTF8&ASIN=B09ZKYB9JM,"3.0 "," the United States "," December 9, 2024",Color: Two-Tone/Blue 9970,,Nice enough watch but the bracelet is impossible the adjust. The tool provided is cheap and will break. You'll spend as much money getting a jeweler to adjust the band as you do on the watch.,
Amazon Customer,Solid for the Price,https://www.amazon.com/gp/customer-reviews/R1HDMYKMFUHP4A/ref=cm_cr_getr_d_rvw_ttl?ie=UTF8&ASIN=B09ZKYB9JM,"4.0 "," the United States "," November 25, 2024",Color: Two-Tone/Blue 5567,Verified Purchase,"I was actually pretty harsh on this watch at first because it was hard to resize. Once you get past that, it’s really nice looking and doesn’t feel cheap. People will think you have a $600+ watch!",
MessyBessy,Very nice watch for the price,https://www.amazon.com/gp/customer-reviews/R1H8AA1Q4V94W1/ref=cm_cr_getr_d_rvw_ttl?ie=UTF8&ASIN=B09ZKYB9JM,"5.0 "," the United States "," November 17, 2024",Color: Two-Tone/Blue 5567,Verified Purchase,"Would be happier if it came with an expansion band rather than a bracelet, but it's very attractive and keeps good time.",
Casey Drexhage,Junk,https://www.amazon.com/gp/customer-reviews/RKNUPNG454J1Y/ref=cm_cr_getr_d_rvw_ttl?ie=UTF8&ASIN=B09ZKYB9JM,"1.0 "," the United States "," November 14, 2024",Color: Two-Tone/White 5567,Verified Purchase,This is the cheapest watch I have ever seen. The finish on the metal band is sharp and not at all comfortable. I threw it in the garbage.,
Jlr,Good buy,https://www.amazon.com/gp/customer-reviews/R2ZSDYZGGBXW5B/ref=cm_cr_getr_d_rvw_ttl?ie=UTF8&ASIN=B09ZKYB9JM,"5.0 "," the United States "," November 12, 2024",Color: Two-Tone/Blue 9970,Verified Purchase,Its a good looking watch. Works great,2
yolanda quintanar,Watch,https://www.amazon.com/gp/customer-reviews/R26ETCS0A34S3/ref=cm_cr_getr_d_rvw_ttl?ie=UTF8&ASIN=B09ZKYB9JM,"5.0 "," the United States "," November 5, 2024",Color: White 5567,Verified Purchase,Wish it came in bigger wrist size,
Kent Lott,Quality,https://www.amazon.com/gp/customer-reviews/R3OSGMRH9XYM2G/ref=cm_cr_getr_d_rvw_ttl?ie=UTF8&ASIN=B09ZKYB9JM,"5.0 "," the United States "," October 31, 2024",Color: Two-Tone/White 5567,Verified Purchase,I like it,
Julie Blake,Cheap appearance,https://www.amazon.com/gp/customer-reviews/R31DE7ILX2EG8G/ref=cm_cr_getr_d_rvw_ttl?ie=UTF8&ASIN=B09ZKYB9JM,"2.0 "," the United States "," October 30, 2024",Color: Two-Tone/Green 5565,Verified Purchase,"The green inside the watch looks cheap, like ""pretty paper."" I wish I had spent more money and just got another higher quality watches.",
Mel59,Quit working,https://www.amazon.com/gp/customer-reviews/R3B39DZLNX9G7F/ref=cm_cr_getr_d_rvw_ttl?ie=UTF8&ASIN=B09ZKYB9JM,"3.0 "," the United States "," October 24, 2024",Color: Two-Tone/White 5567,Verified Purchase,"The watch was very nice looking.  My dad wanted a battery watch he could read easily with the date and day on the face.  This watch looks great.  Unfortunately, it quits running when he wears it.  Keeps great time on the table.  It could be his pace maker that interferes with the watch.  We will have to send it back.",
J.Mac,two months and dead,https://www.amazon.com/gp/customer-reviews/R2HQ2FZRE4W0VE/ref=cm_cr_getr_d_rvw_ttl?ie=UTF8&ASIN=B09ZKYB9JM,"1.0 "," the United States "," October 22, 2024",Color: White 5567,Verified Purchase,"I purchased just over two months ago, and it just stopped.",
Lilia Morgan,Great look good quality,https://www.amazon.com/gp/customer-reviews/R3FQFDADTBQ10G/ref=cm_cr_getr_d_rvw_ttl?ie=UTF8&ASIN=B09ZKYB9JM,"5.0 "," the United States "," October 21, 2024",Color: Two-Tone/White 5567,Verified Purchase,"Very good quality,  functionality , good fit.",2
gracceed,Beautiful,https://www.amazon.com/gp/customer-reviews/R2ZYCNQ87XX5FG/ref=cm_cr_getr_d_rvw_ttl?ie=UTF8&ASIN=B09ZKYB9JM,"5.0 "," the United States "," October 20, 2024",Color: Two-Tone/White 5567,Verified Purchase,"My husband loves his watch,its really pretty,he's had several strokes,so everything has to be easy to take off and on.He can put it on and take it off,so he's very happy.thank you for making his day.he loves it.😊",2
Amazon Customer,Very nice,https://www.amazon.com/gp/customer-reviews/R3713878BQJ4P3/ref=cm_cr_getr_d_rvw_ttl?ie=UTF8&ASIN=B09ZKYB9JM,"5.0 "," the United States "," September 26, 2024",Color: Two-Tone/White 5565,Verified Purchase,Looks great and fits,
ShoeQueen,A very nice looking watch!,https://www.amazon.com/gp/customer-reviews/R19T9Q1VTUPNA6/ref=cm_cr_getr_d_rvw_ttl?ie=UTF8&ASIN=B09ZKYB9JM,"5.0 "," the United States "," September 26, 2024",Color: Two-Tone/Blue 9970,Verified Purchase,The watch is very nice! It looks a lot more expensive than what it cost! Great purchase! Love the watch!!,
Corann Tackett,Very nice watch,https://www.amazon.com/gp/customer-reviews/R3HZMGRH5PCKBQ/ref=cm_cr_getr_d_rvw_ttl?ie=UTF8&ASIN=B09ZKYB9JM,"5.0 "," the United States "," September 21, 2024",Color: Two-Tone/Blue 5567,Verified Purchase,My husband loves his watch. Everything as described. It is of good quality and keeps perfect time. I would highly recommend this product.,
JOHN D.,Looks great doesn’t last,https://www.amazon.com/gp/customer-reviews/R9YSEY47SQAQD/ref=cm_cr_getr_d_rvw_ttl?ie=UTF8&ASIN=B09ZKYB9JM,"1.0 "," the United States "," September 14, 2024",Color: Two-Tone/Green 5565,Verified Purchase,"This watch looks great, but it stopped working after two months. I guess what you get for $40 today. Like to get one that looks like this but lasts longer.",
Chubb,"Looks great, but not too expensive",https://www.amazon.com/gp/customer-reviews/R1VU2RZSM7H1OO/ref=cm_cr_getr_d_rvw_ttl?ie=UTF8&ASIN=B09ZKYB9JM,"2.0 "," the United States "," September 13, 2024",Color: Two-Tone/Black 9970,Verified Purchase,"So far it is an excellent buy.  I hope I remember to update this product in a year or two.  This watch looks very expensive---is a nice size and weight---and it is accurate.I've had the watch for several months now and the watch time works perfectly, but the date has never worked correctly.  And now the day of the week is stuck on Friday and will not move.It is probably too late top get a replacement, but I'm going to try.",
GG,Birthday gift for my dad,https://www.amazon.com/gp/customer-reviews/RAOYEWYTSUYYW/ref=cm_cr_getr_d_rvw_ttl?ie=UTF8&ASIN=B09ZKYB9JM,"4.0 "," the United States "," September 11, 2024",Color: Two-Tone/Blue 9970,Verified Purchase,This watch was perfect birthday gift for my father.,
SKT,Watch with golden and silver colors.,https://www.amazon.com/gp/customer-reviews/RCW3DRFGP48DM/ref=cm_cr_getr_d_rvw_ttl?ie=UTF8&ASIN=B09ZKYB9JM,"4.0 "," the United States "," September 11, 2024",Color: Two-Tone/White 5567,Verified Purchase,For normal routine.,
DP,Wrist Watch,https://www.amazon.com/gp/customer-reviews/R32JUXBGT9IGN7/ref=cm_cr_getr_d_rvw_ttl?ie=UTF8&ASIN=B09ZKYB9JM,"1.0 "," the United States "," September 6, 2024",Color: Two-Tone/Green 5565,Verified Purchase,Poor quality West of money Quality issues,
Owen,I'm enjoying it,https://www.amazon.com/gp/customer-reviews/R1GX0PZZI6XX5X/ref=cm_cr_getr_d_rvw_ttl?ie=UTF8&ASIN=B09ZKYB9JM,"5.0 "," the United States "," September 5, 2024",Color: Two-Tone/Green 5565,Verified Purchase,I'm enjoying it its a little tight but I have a big wrist.,
Gagespapa,Size,https://www.amazon.com/gp/customer-reviews/R21F930VMGE0G4/ref=cm_cr_getr_d_rvw_ttl?ie=UTF8&ASIN=B09ZKYB9JM,"5.0 "," the United States "," August 17, 2024",Color: Two-Tone/Blue 5565,Verified Purchase,It's a good size. I can been my wrist with no problems,
Sherry Klepec,Watch,https://www.amazon.com/gp/customer-reviews/RZ3HLHM4NUYYJ/ref=cm_cr_getr_d_rvw_ttl?ie=UTF8&ASIN=B09ZKYB9JM,"5.0 "," the United States "," August 8, 2024",Color: Two-Tone/White 5567,Verified Purchase,Bought for my dad as he needed a bigger face to see the time.  Wonderful quality!  Easy to take out links with the tools included.  Highly recommend,
susan a pickett,Great watch!,https://www.amazon.com/gp/customer-reviews/R1ZI1AZKWK1Y7H/ref=cm_cr_getr_d_rvw_ttl?ie=UTF8&ASIN=B09ZKYB9JM,"5.0 "," the United States "," August 8, 2024",Color: Gold 5567,Verified Purchase,Really liked appearances!,
NicGuy66,AWESOME Watch!!!!,https://www.amazon.com/gp/customer-reviews/R3IKLHCJ13XP8M/ref=cm_cr_getr_d_rvw_ttl?ie=UTF8&ASIN=B09ZKYB9JM,"5.0 "," the United States "," August 5, 2024",Color: Two-Tone/Blue 9970,Verified Purchase,"So far, I'm very happy with this watch purchase. It's a very attractive watch with a big face and simple analog features. The only thing missing is a back light to see at night. It does have luminous hands and dots on each number, which are not effective in a dark environment. But, it think it's a very nice watch for a great price!!!",
Barb,Very efficient from order to delivery!!,https://www.amazon.com/gp/customer-reviews/RHGTTU1IZDQE4/ref=cm_cr_getr_d_rvw_ttl?ie=UTF8&ASIN=B09ZKYB9JM,"5.0 "," the United States "," July 29, 2024",Color: Two-Tone/White 5567,Verified Purchase,Prompt delivery!! item shipped in one day. Total order arrived in one shipment. Very pleased with the purchase,
Dorene,I bought this watch for farther day gift for my husband.,https://www.amazon.com/gp/customer-reviews/R2BY8FDS37OLAG/ref=cm_cr_getr_d_rvw_ttl?ie=UTF8&ASIN=B09ZKYB9JM,"5.0 "," the United States "," July 28, 2024",Color: Two-Tone/Blue 9970,Verified Purchase,"I actually bought 2 different watches because I couldn't decide. He picked this one, which is a beautiful watch.",
Cubanita61,Muy lindo,https://www.amazon.com/gp/customer-reviews/R3HGIJ1PTGDEMB/ref=cm_cr_getr_d_rvw_ttl?ie=UTF8&ASIN=B09ZKYB9JM,"5.0 "," the United States "," July 27, 2024",Color: Two-Tone/Blue 9970,Verified Purchase,Lo compré para mi pareja y le encantó! Gracias,
Belinda,My husband loves it,https://www.amazon.com/gp/customer-reviews/RWLEUPPV8J1BH/ref=cm_cr_getr_d_rvw_ttl?ie=UTF8&ASIN=B09ZKYB9JM,"5.0 "," the United States "," July 14, 2024",Color: White 5567,,Mi esposo le encantó,
roman castro,Sell at a lower price,https://www.amazon.com/gp/customer-reviews/RJ8Q66KZHLE72/ref=cm_cr_getr_d_rvw_ttl?ie=UTF8&ASIN=B09ZKYB9JM,"1.0 "," the United States "," July 8, 2024",Color: Two-Tone/Blue 5565,Verified Purchase,I saw $36 and thought what the heck. This should be sold for $5. The watch looks nice from far away but is very cheaply made.,2
erisgeenhoop,Kaput,https://www.amazon.com/gp/customer-reviews/R3U549BPR3Q3YK/ref=cm_cr_getr_d_rvw_ttl?ie=UTF8&ASIN=B09ZKYB9JM,"1.0 "," the United States "," July 7, 2024",Color: White 5567,Verified Purchase,Bought the watch October 2023 . It just stopped working July 2024 .,
Gail Balcaitis,Look Elsewhere!,https://www.amazon.com/gp/customer-reviews/RBSW2MNH3U7M4/ref=cm_cr_getr_d_rvw_ttl?ie=UTF8&ASIN=B09ZKYB9JM,"1.0 "," the United States "," July 5, 2024",Color: Two-Tone/Black 5567,Verified Purchase,Good looking watch but stops working. Very frustrating. Haven’t heard back from the seller/manufacturer after voicing the issue. They don’t answer the phone either.,
Dogwalker2,This watch stands out in the raised crystal face and looks better than alot of the high-end watches.,https://www.amazon.com/gp/customer-reviews/RQWDV6LOTPK9L/ref=cm_cr_getr_d_rvw_ttl?ie=UTF8&ASIN=B09ZKYB9JM,"5.0 "," the United States "," July 5, 2024",Color: Two-Tone/Blue 9970,Verified Purchase,"Liked the cosmetics and appearance of the watch. Also, very easy to set time and date.",
Phil Blair,That it works.,https://www.amazon.com/gp/customer-reviews/R2VJ8IANQVMAHQ/ref=cm_cr_getr_d_rvw_ttl?ie=UTF8&ASIN=B09ZKYB9JM,"5.0 "," the United States "," July 1, 2024",Color: Gold 5567,Verified Purchase,"I like my watch, I can read it and see it, and I use for everyday.",
Jon,Wrist band is cheap,https://www.amazon.com/gp/customer-reviews/R34IJA2WF1A91I/ref=cm_cr_getr_d_rvw_ttl?ie=UTF8&ASIN=B09ZKYB9JM,"1.0 "," the United States "," June 28, 2024",Color: All-black 6898,Verified Purchase,The watch face itself is ok.  The wrist band is beyond cheap.  The adjustment tool sent with it is so flimsy it bends and breaks.  Maybe that's why they sent three of them.  Won't be buying another one of these.,
Myrna Fielder,Hard to set day and date,https://www.amazon.com/gp/customer-reviews/R2720J9M01C5J9/ref=cm_cr_getr_d_rvw_ttl?ie=UTF8&ASIN=B09ZKYB9JM,"4.0 "," the United States "," June 28, 2024",Color: Two-Tone/Blue 9970,Verified Purchase,It took several days to get it figured out and synchronized. First the date would appear and the the day would follow within an hour. Very hard to get that adjusted.,
Amazon Customer,Beautiful,https://www.amazon.com/gp/customer-reviews/R2YNSAPVQFQNCZ/ref=cm_cr_getr_d_rvw_ttl?ie=UTF8&ASIN=B09ZKYB9JM,"4.0 "," the United States "," June 26, 2024",Color: Gold 9970,Verified Purchase,Has been keeping near perfect time so far. Well worth it.,
Leigh LaPlante,Stunning look on men,https://www.amazon.com/gp/customer-reviews/RSNAI69YNYUSQ/ref=cm_cr_getr_d_rvw_ttl?ie=UTF8&ASIN=B09ZKYB9JM,"5.0 "," the United States "," June 26, 2024",Color: Gold 5565,,This watch is beautiful fit good and easy to clip on his wrist.,
Amanda Ludwig,Broke 2 days after,https://www.amazon.com/gp/customer-reviews/ROFNX8TJL8ND2/ref=cm_cr_getr_d_rvw_ttl?ie=UTF8&ASIN=B09ZKYB9JM,"1.0 "," the United States "," June 24, 2024",Color: Two-Tone/Blue 9970,Verified Purchase,We got it and my husband wore it one time and when he went to wear it the next day a piece broke out of it and we couldn’t fix it so now we can’t use it anymore. It was unfortunate because it was a gift from me.,
Tim D.,Great watch for the price.,https://www.amazon.com/gp/customer-reviews/R1HAEBJ226YJRB/ref=cm_cr_getr_d_rvw_ttl?ie=UTF8&ASIN=B09ZKYB9JM,"5.0 "," the United States "," June 23, 2024",Color: White 5567,Verified Purchase,I use this as my wrist watch.  It would be nice if they included how to change the battery in the watch.The watch band is priceless.  Well done!,
George,Watch does not work!,https://www.amazon.com/gp/customer-reviews/R3TP1MKIHH17V1/ref=cm_cr_getr_d_rvw_ttl?ie=UTF8&ASIN=B09ZKYB9JM,"1.0 "," the United States "," June 22, 2024",Color: Two-Tone/Black 9970,Verified Purchase,Watch does not work it worked for 2weeks and then quit!,
Tracey Mitchell,Not identified as used,https://www.amazon.com/gp/customer-reviews/RRBL88219JPOA/ref=cm_cr_getr_d_rvw_ttl?ie=UTF8&ASIN=B09ZKYB9JM,"1.0 "," the United States "," June 18, 2024",Color: Two-Tone/Blue 5567,,The watch was scratched up and appeared to be used. There was no battery in the watch.,
Zachary,Nice and Fancy,https://www.amazon.com/gp/customer-reviews/RTH2HU0SIFOR4/ref=cm_cr_getr_d_rvw_ttl?ie=UTF8&ASIN=B09ZKYB9JM,"4.0 "," the United States "," June 15, 2024",Color: White 9931,Verified Purchase,Liked how it makes you feel like you're wearing a Rolex watch. Deems a very fancy appearance.,
Amazon Customer,Big Time,https://www.amazon.com/gp/customer-reviews/R2W86K52E5TKSK/ref=cm_cr_getr_d_rvw_ttl?ie=UTF8&ASIN=B09ZKYB9JM,"5.0 "," the United States "," June 13, 2024",Color: Two-Tone/Blue 5567,Verified Purchase,Daddy loved the large numbers and how classy it looked!,
Diane Fisher,Watch,https://www.amazon.com/gp/customer-reviews/R1L0SAH7R1XN87/ref=cm_cr_getr_d_rvw_ttl?ie=UTF8&ASIN=B09ZKYB9JM,"5.0 "," the United States "," June 1, 2024",Color: All-black 6898,Verified Purchase,"Loves the color, got it for my birthday. Easy to read",
MS,Not adjustable and non functional,https://www.amazon.com/gp/customer-reviews/R2YL1JIZ31RSCW/ref=cm_cr_getr_d_rvw_ttl?ie=UTF8&ASIN=B09ZKYB9JM,"1.0 "," the United States "," May 30, 2024",Color: Two-Tone/White 5567,,"The band was absolutely impossible to adjust according to their instructions and has lost time over 3 months.  Very disappointed, cannot use.",
William Tyler Shockey,Absolutely love this watch!!!,https://www.amazon.com/gp/customer-reviews/RPKBKH0R5G2HW/ref=cm_cr_getr_d_rvw_ttl?ie=UTF8&ASIN=B09ZKYB9JM,"5.0 "," the United States "," May 28, 2024",Color: Two-Tone/Blue 5565,Verified Purchase,Looks very professional and stylish enough for a night out fits great.,
Robert Findorff,It was just what I wanted,https://www.amazon.com/gp/customer-reviews/R31N73YYC1I374/ref=cm_cr_getr_d_rvw_ttl?ie=UTF8&ASIN=B09ZKYB9JM,"5.0 "," the United States "," May 25, 2024",Color: Two-Tone/Blue 5567,Verified Purchase,"My other watch broke, and I tried to get the same one, but when I got it, it wasn't working, so I am glad I found one that you had, with the date included.",
Keith A.,Money well spent.,https://www.amazon.com/gp/customer-reviews/R1SZY4O63QVMO8/ref=cm_cr_getr_d_rvw_ttl?ie=UTF8&ASIN=B09ZKYB9JM,"4.0 "," the United States "," May 25, 2024",Color: Blue/Gold 6898,Verified Purchase,"I very seldom give 5 stars, but if I did this little watch would get them.  I felt I got good value for my money and expect I will purchase the same watch when this one gives up.",
Robert F. Emrich,Fit,https://www.amazon.com/gp/customer-reviews/R60GCYRBIJR2G/ref=cm_cr_getr_d_rvw_ttl?ie=UTF8&ASIN=B09ZKYB9JM,"4.0 "," the United States "," May 14, 2024",Color: Blue/Gold 6898,Verified Purchase,Wrist band is rather tight.  Hopefully will not create discomfort,
Page1414,Could not adjust it to make it comfortable.,https://www.amazon.com/gp/customer-reviews/R1SD1AAL0V6MW/ref=cm_cr_getr_d_rvw_ttl?ie=UTF8&ASIN=B09ZKYB9JM,"1.0 "," the United States "," May 9, 2024",Color: Two-Tone/Blue 5567,Verified Purchase,"I bought this for my father and even though three of us tried, we could not get it adjusted for him.",
DJ,Doest stay on especially if your moving your wrist a lot.,https://www.amazon.com/gp/customer-reviews/R5YKOEES5Y9TF/ref=cm_cr_getr_d_rvw_ttl?ie=UTF8&ASIN=B09ZKYB9JM,"3.0 "," the United States "," May 6, 2024",Color: White 9931,,Love the watch it just pops off easier than it should....The clip just doesn't hold well once u snap it together...,
Fred,Wife likes these,https://www.amazon.com/gp/customer-reviews/R1RUJGSUUGHYXP/ref=cm_cr_getr_d_rvw_ttl?ie=UTF8&ASIN=B09ZKYB9JM,"5.0 "," the United States "," May 2, 2024",Color: Two-Tone/Black 5567,Verified Purchase,"She likes the larger viewing surface and athletics. Yes its pretty folks! Old school I think this one is a wrist movement powered platform, that can be backed up with self winding. WIfe had me get two of these style from two sources.",
Robert D.,Great Watch,https://www.amazon.com/gp/customer-reviews/R17L5A8GAP4WVV/ref=cm_cr_getr_d_rvw_ttl?ie=UTF8&ASIN=B09ZKYB9JM,"5.0 "," the United States "," April 26, 2024",Color: Gold 5565,Verified Purchase,Looks great and excellent time. Was not easy resize. I took it to a watch shop. Great price too!!!,
John Loporto,easy to read,https://www.amazon.com/gp/customer-reviews/R3YU217GM6ARQ/ref=cm_cr_getr_d_rvw_ttl?ie=UTF8&ASIN=B09ZKYB9JM,"5.0 "," the United States "," April 24, 2024",Color: Two-Tone/White 5567,Verified Purchase,I like the large face which makes it easy to read the day and date.,
CabSaloon,Awesome looking watch,https://www.amazon.com/gp/customer-reviews/R327OEC6Y18S7O/ref=cm_cr_getr_d_rvw_ttl?ie=UTF8&ASIN=B09ZKYB9JM,"5.0 "," the United States "," April 20, 2024",Color: Two-Tone/Black 9970,Verified Purchase,This watch looks better than the photos.  Great watch at a great price.,
Amazon Customer,Looks expensive,https://www.amazon.com/gp/customer-reviews/R36PDCIA0EC1L5/ref=cm_cr_getr_d_rvw_ttl?ie=UTF8&ASIN=B09ZKYB9JM,"5.0 "," the United States "," April 17, 2024",Color: Two-Tone/White 5567,Verified Purchase,Looks great keeps perfect time,
Marsha Adams-Haduch,"Style, comfort, and easy to read",https://www.amazon.com/gp/customer-reviews/R22KAPHHFUG3ID/ref=cm_cr_getr_d_rvw_ttl?ie=UTF8&ASIN=B09ZKYB9JM,"5.0 "," the United States "," April 12, 2024",Color: Two-Tone/Blue 9970,Verified Purchase,I needed to replace my old Timex.  This watch is easy to read and comfortable to wear.,
P Tay,Hard to adjust band.,https://www.amazon.com/gp/customer-reviews/R12TBSJDEJBGTW/ref=cm_cr_getr_d_rvw_ttl?ie=UTF8&ASIN=B09ZKYB9JM,"4.0 "," the United States "," April 5, 2024",Color: Two-Tone/Blue 5567,Verified Purchase,I needed to take one link out ot the band as it was too large. A real struggle. I had to push out pin with more force than I thought was necessary.,
rich,Not worth it,https://www.amazon.com/gp/customer-reviews/R3C8TUODP8VWUP/ref=cm_cr_getr_d_rvw_ttl?ie=UTF8&ASIN=B09ZKYB9JM,"2.0 "," the United States "," March 27, 2024",Color: Two-Tone/White 5563,Verified Purchase,"Worked for one month then stopped..... Also, part of watch inside the dial fell apart...",
JJ,Quit working in two months,https://www.amazon.com/gp/customer-reviews/R1LNMBGZ3MVAAL/ref=cm_cr_getr_d_rvw_ttl?ie=UTF8&ASIN=B09ZKYB9JM,"1.0 "," the United States "," March 23, 2024",Color: Two-Tone/Blue 9970,Verified Purchase,"Quit working in two months. Contacted Seller directly per Amazon site. They refused to replace or refund, saying contact Seller on Amazon.",
David Noles,Nice watch,https://www.amazon.com/gp/customer-reviews/R2IBFSCE6ITK1B/ref=cm_cr_getr_d_rvw_ttl?ie=UTF8&ASIN=B09ZKYB9JM,"5.0 "," the United States "," March 18, 2024",Color: Two-Tone/Green 5565,Verified Purchase,Looks and feels good on wrist.,
Brett M. Dzadik,Perfect!,https://www.amazon.com/gp/customer-reviews/RYQ2YZSVA25Y6/ref=cm_cr_getr_d_rvw_ttl?ie=UTF8&ASIN=B09ZKYB9JM,"5.0 "," the United States "," March 16, 2024",Color: Two-Tone/White 5567,Verified Purchase,I am so happy I purchased this watch. It's the perfect fit for me. Thank you!,
Tanza,Not so happy with this purchase,https://www.amazon.com/gp/customer-reviews/R1NEVK9ZETCX3A/ref=cm_cr_getr_d_rvw_ttl?ie=UTF8&ASIN=B09ZKYB9JM,"2.0 "," the United States "," March 13, 2024",Color: White 9931,Verified Purchase,"Bought for my teenage son as a Christmas gift thinking he could be in a men’s size I didn’t realize it was going to be a ginormous watch and pretty much impossible to make smaller. Was hoping to return it, but passed that timeframe so it was basically a waste of money due to not having all the knowledge on the size of of the item.",
Amazon Customer,Removing links,https://www.amazon.com/gp/customer-reviews/R26NZEPDUWYI5K/ref=cm_cr_getr_d_rvw_ttl?ie=UTF8&ASIN=B09ZKYB9JM,"5.0 "," the United States "," March 8, 2024",Color: Two-Tone/White 5567,Verified Purchase,Very difficult to remove links. Had to take it to a jeweler,
Amazon Customer,Me gusto modelo,https://www.amazon.com/gp/customer-reviews/RX14UACZEJDL/ref=cm_cr_getr_d_rvw_ttl?ie=UTF8&ASIN=B09ZKYB9JM,"5.0 "," the United States "," March 8, 2024",,Verified Purchase,Buen precio y elegante,
Brooklyn Stephenson,Not happy with my purchase,https://www.amazon.com/gp/customer-reviews/R2R28EMJQU7NVN/ref=cm_cr_getr_d_rvw_ttl?ie=UTF8&ASIN=B09ZKYB9JM,"2.0 "," the United States "," March 8, 2024",Color: Two-Tone/Blue 5565,Verified Purchase,"This is my third time purchasing this exact watch, it has been stolen from me twice. However this is the last time that I will be purchasing this item. First the watch itself is fine, but it is cheaply and poorly made. The strap of itself sounds like I’m shaking change in my hand.y last two purchases the band was good, thick and didn’t sound like loose change moving around. It also no longer glows in the dark which is one of the main things I loved about the watch. Also they have sent me something to resize the watch like usually but it was broken, even if it wasn’t the band is so cheaper that it won’t be worth even trying. In all poor quality, and a waste of money. Please go back to the way it was, with better materials!",
Shawn Banks,Nice product,https://www.amazon.com/gp/customer-reviews/R28JMZZIUQ2Q65/ref=cm_cr_getr_d_rvw_ttl?ie=UTF8&ASIN=B09ZKYB9JM,"5.0 "," the United States "," March 7, 2024",Color: Gold 5565,Verified Purchase,Nice affordable  watch,
Router Man,Weak clasp.,https://www.amazon.com/gp/customer-reviews/R3CQXLDAEXN868/ref=cm_cr_getr_d_rvw_ttl?ie=UTF8&ASIN=B09ZKYB9JM,"1.0 "," the United States "," February 23, 2024",Color: Gold 5567,Verified Purchase,Clasp broke after 5 months of occasional wear. Contacted them and no response. Poor quality & service!!!,
kelly storer,"Men's Casual Stainless Steel Watch, Big Face Easy to Read Analog Quartz Watc",https://www.amazon.com/gp/customer-reviews/R3RH3MH5ZT5LR7/ref=cm_cr_getr_d_rvw_ttl?ie=UTF8&ASIN=B09ZKYB9JM,"5.0 "," the United States "," February 19, 2024",Color: Two-Tone/White 5567,Verified Purchase,i love it,
CL,One year watch,https://www.amazon.com/gp/customer-reviews/R110SFSA5UYIEY/ref=cm_cr_getr_d_rvw_ttl?ie=UTF8&ASIN=B09ZKYB9JM,"1.0 "," the United States "," February 16, 2024",Color: Gold 5565,Verified Purchase,Lasted exactly one year. Manufacturer offered a flimsy discount on another. I would avoid this brand.,
Robbie,"Excellent packaging, a beautiful watch for the money",https://www.amazon.com/gp/customer-reviews/R3F7EKVTBV0KOO/ref=cm_cr_getr_d_rvw_ttl?ie=UTF8&ASIN=B09ZKYB9JM,"5.0 "," the United States "," February 14, 2024",Color: Gold 9970,Verified Purchase,Definitely would recommend this watch.  Looks very expensive and comes with good directions.,
Sandra Bertoglio,Just right,https://www.amazon.com/gp/customer-reviews/R2N5KP205826GR/ref=cm_cr_getr_d_rvw_ttl?ie=UTF8&ASIN=B09ZKYB9JM,"5.0 "," the United States "," February 8, 2024",Color: Gold 9970,Verified Purchase,The watch looks great and is working well! Very precise!,
Rich,Good value,https://www.amazon.com/gp/customer-reviews/R1MA2AD56WYYZ0/ref=cm_cr_getr_d_rvw_ttl?ie=UTF8&ASIN=B09ZKYB9JM,"4.0 "," the United States "," February 8, 2024",Color: All-black 6898,Verified Purchase,Good value for price nice features and easy to adjust links with tool supplied,
Amazon Customer,Love the design,https://www.amazon.com/gp/customer-reviews/R6BAFDX6A1C/ref=cm_cr_getr_d_rvw_ttl?ie=UTF8&ASIN=B09ZKYB9JM,"4.0 "," the United States "," February 2, 2024",Color: Gold 5565,Verified Purchase,Awesome design. Wish there was a white face in this and that the band was more heavier. Overall a nice watch. Would make a great gift.,
AlVal,Use the vise carefully!  Excellent watch,https://www.amazon.com/gp/customer-reviews/R1Q0HULF69NQIQ/ref=cm_cr_getr_d_rvw_ttl?ie=UTF8&ASIN=B09ZKYB9JM,"5.0 "," the United States "," January 27, 2024",Color: Two-Tone/White 5567,Verified Purchase,"I love the watch.  However, use care when removing stainless-steel band links.  Fortunately, they include good directions and a small tool (a compression vise) to push out the band-link pins.  However, you need (1) good light, (2) good eyes, and (3) care to center the watch band in the vise.  If the watch band is not centered in the vise, you will damage the vise.  You cannot remove band links without the vise.",
Gggirlgeek,If only it were 5 ATM,https://www.amazon.com/gp/customer-reviews/RHBJBUFR3J33Q/ref=cm_cr_getr_d_rvw_ttl?ie=UTF8&ASIN=B09ZKYB9JM,"3.0 "," the United States "," January 22, 2024",Color: White 9970,,"I didn't buy this watch only because I can't shower with it. It looked like the perfect watch. Any watch I buy must be at least 5 ATM because I refuse to take off a bunch of jewelry before my showers and swimming. I only wear piercing jewelry, or gold/silver, or water resistant watches for this reason. Makes life much easier.  Please, Olevs, upgrade your water resistance on your watches and you will have a lot more customers! You have beautiful watches. They rival Casio and Armitron because they are more up-to-date with fashion.",
kathy R,good quality,https://www.amazon.com/gp/customer-reviews/R2IVSSFRZXLLO6/ref=cm_cr_getr_d_rvw_ttl?ie=UTF8&ASIN=B09ZKYB9JM,"5.0 "," the United States "," January 21, 2024",Color: Two-Tone/Black 5567,Verified Purchase,nice looking comfotable to wear,
Debra,Inaccurate time,https://www.amazon.com/gp/customer-reviews/R32LBMOUF782SL/ref=cm_cr_getr_d_rvw_ttl?ie=UTF8&ASIN=B09ZKYB9JM,"1.0 "," the United States "," January 20, 2024",Color: White 5567,Verified Purchase,Every day loses approx 6 minutes. Does not keep accurate time,
Nick,"Looks amazing, setup was annoying",https://www.amazon.com/gp/customer-reviews/RIL6T0U8F3NHS/ref=cm_cr_getr_d_rvw_ttl?ie=UTF8&ASIN=B09ZKYB9JM,"4.0 "," the United States "," January 16, 2024",Color: Two-Tone/Black 9970,Verified Purchase,"This watch looks and feels amazing. I thought the reflection would be annoying on the diamond shaped glass but it's actually not a problem and looks very classy. I've had multiple compliments wearing this watch. My problems came in when setting up the watch. To adjust the band, using the tool to take the pins out was very easy, but getting them back in was a pain. The tool would not stay straight when twisting, but it came with two replacement peices for the tool. One of the links connecting to the clasp is very tight. Switching out the link next to it helped a little, but it's still tight and doesn't move losely. Clasping that peice also takes alot more effort to push and clicks louder than the other side. Instructions for changing date and time is very simple, but doesn't explain when. I had to change the date every day and it wouldn't change correctly on its own. After a couple days I figured out you have to set it a day ahead, then change the time backwards so the time is aligned with the date. Overall it's a great, appealing, quality watch, adjusting the band, date, and time we're the biggest problems.",4
Zac Linx,Great Purchase!,https://www.amazon.com/gp/customer-reviews/R1IAC58S45EUD9/ref=cm_cr_getr_d_rvw_ttl?ie=UTF8&ASIN=B09ZKYB9JM,"5.0 "," the United States "," January 6, 2024",Color: Two-Tone/White 5567,Verified Purchase,Very happy with this purchase. It is a very nice watch for the price.,
Brent Boettcher,The band is way to small,https://www.amazon.com/gp/customer-reviews/R1YP777067IIHZ/ref=cm_cr_getr_d_rvw_ttl?ie=UTF8&ASIN=B09ZKYB9JM,"2.0 "," the United States "," January 6, 2024",Color: Gold 9970,Verified Purchase,"I got it over my hand real easy, but the band is 1 1/2 "" too small for my wrist when I tried to close the band, I need 4 extra links.",
