﻿评论用户,评论概述,评论链接,星级评分,评论地点,评论时间,类型,是否购买,评论详情,觉得该评论有帮助的人数
James O Lipinski,Do not wash,https://www.amazon.com/gp/customer-reviews/RWFJO19U7TDT2/ref=cm_cr_getr_d_rvw_ttl?ie=UTF8&ASIN=B0CSSK3TGT,"1.0 "," the United States "," January 11, 2025",,Verified Purchase,This were great shoes until I wash them. They completely fell apart. I have never seen shoe soles completely release from shoe like that. It's like they were put together with water based glue.,
Madeline,Great wide toe box,https://www.amazon.com/gp/customer-reviews/R267SJ2MZ8TTVL/ref=cm_cr_getr_d_rvw_ttl?ie=UTF8&ASIN=B0CSSK3TGT,"5.0 "," the United States "," November 28, 2024",,Verified Purchase,My son loves these. Get several pair as the bottom wears out pretty fast as it is a minimal shoe in all aspects. Top and cloth part of shoe has stood up to wear.,
John L.,Feel like a ninja in these!,https://www.amazon.com/gp/customer-reviews/ROSCYE3QVU1TI/ref=cm_cr_getr_d_rvw_ttl?ie=UTF8&ASIN=B0CSSK3TGT,"5.0 "," the United States "," November 26, 2024",,,"I'm only a few days into wearing these but for my foot I finally found a barefoot shoe I've been looking for!  These fit perfectly, snug but not tight at all. I tend to do a bit of flopping in barefoot shoes but not with these.  I really feel the ground, I can do anything in them.  So far so good.  My only wish is that they came in more colors other than drab. The brown look good. I'm happy but all this grey and black nonsense. Not everyone is an incel.  Strongly recommend but of course your foot shape could vary.",
Abundance Mentality,Best shoe ever ..,https://www.amazon.com/gp/customer-reviews/R19RHNSD7EYOHX/ref=cm_cr_getr_d_rvw_ttl?ie=UTF8&ASIN=B0CSSK3TGT,"5.0 "," the United States "," November 26, 2024",,Verified Purchase,"This product is by far the best value I have gotten out of a shoe. I work from home in an office shed so I am going in and out of the house several times a day. This shoe takes constant abuse from removing every time I’m in and out. So far the wear and tear has been minimal. Comfort is out of this world. Fits great even with wide feet. First week or so I had an adjustment period to minimal shoe, after my feet hardened, it was much better.  Going to be buying more. I used to use Merrill slip ons and those wouldn’t even last the year.",
Dalit R.,The shoes look okay but were returned due to a size issue.,https://www.amazon.com/gp/customer-reviews/R1Q951NH2EAAVB/ref=cm_cr_getr_d_rvw_ttl?ie=UTF8&ASIN=B0CSSK3TGT,"3.0 "," the United States "," November 23, 2024",,Verified Purchase,"The shoes look fine but were returned - very large compared to the written sizes (we checked in centimeters before ordering). After the return, the supplier quickly processed the refund.",
Leela,Nice,https://www.amazon.com/gp/customer-reviews/R3NVO42F3P6VZD/ref=cm_cr_getr_d_rvw_ttl?ie=UTF8&ASIN=B0CSSK3TGT,"5.0 "," the United States "," November 3, 2024",Size: 7.5 WideColor: Black Grey,Verified Purchase,Exactly like the description,
sayeeda rahman,Great shoe for home,https://www.amazon.com/gp/customer-reviews/R3B4YZBC13AECK/ref=cm_cr_getr_d_rvw_ttl?ie=UTF8&ASIN=B0CSSK3TGT,"5.0 "," the United States "," October 30, 2024",,Verified Purchase,It is very comfortable and flexible to wear at home all the time. You can go out with it but I wanted a shoe just for inside so it stays clean.,
Lindsay H.,Souls do not stay attached.,https://www.amazon.com/gp/customer-reviews/RWKXVWY2KN0F6/ref=cm_cr_getr_d_rvw_ttl?ie=UTF8&ASIN=B0CSSK3TGT,"1.0 "," the United States "," October 25, 2024",,Verified Purchase,They seem to use either a poor adhesive or to little of it. I have had them less than 2 months and the souls are already coming off all around.,
Barbara Wagner,Great fit,https://www.amazon.com/gp/customer-reviews/R20A2M1B9QP4DG/ref=cm_cr_getr_d_rvw_ttl?ie=UTF8&ASIN=B0CSSK3TGT,"4.0 "," the United States "," October 25, 2024",,Verified Purchase,Very comfortable,
frank,"runs 1/2 size small, excellent casual shoe.",https://www.amazon.com/gp/customer-reviews/RVRFJ2D4ABMEM/ref=cm_cr_getr_d_rvw_ttl?ie=UTF8&ASIN=B0CSSK3TGT,"5.0 "," the United States "," October 21, 2024",,Verified Purchase,"i normally wear a 12, i am returning for a 12+1/2. update: upping them from 4 to 5 stars because i love them. i highly recommend.",
Randall,Muy bien,https://www.amazon.com/gp/customer-reviews/R2357YM3ZP2D2F/ref=cm_cr_getr_d_rvw_ttl?ie=UTF8&ASIN=B0CSSK3TGT,"5.0 "," the United States "," October 18, 2024",,Verified Purchase,A la medida y muy cómodos.,
Daryl Cheatham,Very comfortable shoe to walk in,https://www.amazon.com/gp/customer-reviews/R11T85017PBZHW/ref=cm_cr_getr_d_rvw_ttl?ie=UTF8&ASIN=B0CSSK3TGT,"5.0 "," the United States "," September 24, 2024",Size: 11 WideColor: Black,Verified Purchase,Lightweight and comfortable,
InfernalMachine,"Wide, but stiff",https://www.amazon.com/gp/customer-reviews/R3H7YU2BAUPDKB/ref=cm_cr_getr_d_rvw_ttl?ie=UTF8&ASIN=B0CSSK3TGT,"4.0 "," the United States "," September 4, 2024",,Verified Purchase,"Picked these up as 'house shoes' as I work from home and have hard wood floors (and ""winter is coming"").  True to Size (with a lots of room); I wouldn't size down 1/2 in fear of loseing length for the toes.  Not cushioned, so very minimalist (I threw in some soft insoles with arch support as I wanted the ergonomic/barfoot shape), Sole is NOT thin or felxible like a traditional BF shoe, it's very stiff but not as stiff as regular trainers would be.  Seem to be holding up very well 4 months in of dail/nightly wear.",
nick bowers,barefoot shoes,https://www.amazon.com/gp/customer-reviews/R302UMZAMY24NE/ref=cm_cr_getr_d_rvw_ttl?ie=UTF8&ASIN=B0CSSK3TGT,"5.0 "," the United States "," September 3, 2024",Size: 9 WideColor: Black Grey,Verified Purchase,"I love my hand made moccasins made by Blaxk Jacket Tackle company.  Most barefoot shoes thatI have seen advertised are more expensiv than I was willing to try but for thirty something dollars I was willing ro try these and am glad I did.  They have a lot of toe space and don""t look bad.",
jesosab,Comodidad,https://www.amazon.com/gp/customer-reviews/R2BK9V1ZISK953/ref=cm_cr_getr_d_rvw_ttl?ie=UTF8&ASIN=B0CSSK3TGT,"5.0 "," the United States "," September 2, 2024",,Verified Purchase,Los zapatos me dan una comodidad suprema y facilitan mi labor diaria,
Annoymee,Runs Small,https://www.amazon.com/gp/customer-reviews/R1C8QOHHDO2LDU/ref=cm_cr_getr_d_rvw_ttl?ie=UTF8&ASIN=B0CSSK3TGT,"3.0 "," the United States "," August 30, 2024",Size: 9 WideColor: Black Grey,Verified Purchase,Runs Small. Easy return/refund. Next size up was not available. Seemed like it would have been a comfortable shoe had it fit. Initial thought in quality/craftsmanship was satisfactory.,
Brenda,gift,https://www.amazon.com/gp/customer-reviews/R3H1JCQS4VR7PB/ref=cm_cr_getr_d_rvw_ttl?ie=UTF8&ASIN=B0CSSK3TGT,"5.0 "," the United States "," August 19, 2024",,Verified Purchase,nice,
Yuvaraj Thakkar,Awesome for walking,https://www.amazon.com/gp/customer-reviews/R3Q4XMQMV3PBL7/ref=cm_cr_getr_d_rvw_ttl?ie=UTF8&ASIN=B0CSSK3TGT,"5.0 "," the United States "," July 23, 2024",,Verified Purchase,I wanted an easy to put on shoe that was comfortable to wear as well. This is both. Love the feel. Wish they had more colors. I just ordered my second pair.,
Richard L Smith,Sizing not close,https://www.amazon.com/gp/customer-reviews/RTKZWKASSMNV1/ref=cm_cr_getr_d_rvw_ttl?ie=UTF8&ASIN=B0CSSK3TGT,"1.0 "," the United States "," July 9, 2024",,Verified Purchase,"I like everything about the shoes except the sizing. Ordered 13-wide since I normally wear 12-12.5 and thought that way I'd have plenty of room in them. Not so, they fell like about 11-11.5 and not as wide as I was led to believe. Also there is no flexibility in the opening so no way they can be called slip on for someone with a wide size 12-13 foot. Style is nice, they are lightweight. As others have said not much support, but for just around the house should be okay. I'm going to hope wearing them will stretch enough to make comfortable, but only time will tell.",
Bad Valk,A little sweaty,https://www.amazon.com/gp/customer-reviews/R2U52KDM77KUG7/ref=cm_cr_getr_d_rvw_ttl?ie=UTF8&ASIN=B0CSSK3TGT,"4.0 "," the United States "," June 29, 2024",,Verified Purchase,I have a wide foot and these fit well. Only downside is they are rubber and plastic and they make my feet sweat. Not enough to not use them but slightly annoying.,
Scott,Great for  lovers of barefeet!,https://www.amazon.com/gp/customer-reviews/R1HNB305JC0QAG/ref=cm_cr_getr_d_rvw_ttl?ie=UTF8&ASIN=B0CSSK3TGT,"5.0 "," the United States "," June 29, 2024",Size: 11 WideColor: Black,Verified Purchase,"The no squeeze design works well for barefoot lovers! They're breathable, light and durable! Would buy again with another color!",
Dan Durkin,UGH!,https://www.amazon.com/gp/customer-reviews/RSBYFNR37H0A4/ref=cm_cr_getr_d_rvw_ttl?ie=UTF8&ASIN=B0CSSK3TGT,"1.0 "," the United States "," June 27, 2024",,Verified Purchase,Worst fitting shoes I ever bought.  Poor quality. Not worth the price.,
consumer reporter,Super comfortable and cool.,https://www.amazon.com/gp/customer-reviews/R2YYH22Z6V4121/ref=cm_cr_getr_d_rvw_ttl?ie=UTF8&ASIN=B0CSSK3TGT,"4.0 "," the United States "," June 23, 2024",,Verified Purchase,"Lightweight, breathable, washable and comfortably cool.",
RM.,Comfortable,https://www.amazon.com/gp/customer-reviews/R1WFJUC5ZY04JA/ref=cm_cr_getr_d_rvw_ttl?ie=UTF8&ASIN=B0CSSK3TGT,"5.0 "," the United States "," June 13, 2024",,Verified Purchase,"Comfortable, quality, appearance love these shoes, so easy to put on and off.",
Karthikeyan,As advertised,https://www.amazon.com/gp/customer-reviews/R2LT0M2EUUNEB6/ref=cm_cr_getr_d_rvw_ttl?ie=UTF8&ASIN=B0CSSK3TGT,"5.0 "," the United States "," June 7, 2024",,Verified Purchase,Cool,
bele232,Awesome shoes,https://www.amazon.com/gp/customer-reviews/R32R5SDQX7JZPU/ref=cm_cr_getr_d_rvw_ttl?ie=UTF8&ASIN=B0CSSK3TGT,"5.0 "," the United States "," June 1, 2024",,Verified Purchase,Been rocking these bad boys almost everyday so far this summer. Love that they slip right on without using hands. Love that there's plenty of toe space in the front. Love that they're minimalist so they do wonders for my plantar issues. Overall great shoes.,2
Chris K,Not Minimalist,https://www.amazon.com/gp/customer-reviews/R1LU2DBRZAEO76/ref=cm_cr_getr_d_rvw_ttl?ie=UTF8&ASIN=B0CSSK3TGT,"3.0 "," the United States "," May 31, 2024",Size: 12 WideColor: Khaki,,"Shoes definitely have some heft to them, so they aren't necessarily ""minimalist"" but they aren't horrible. Easy on and off. fairly lightweight.",
Joel Charles,Good Value and comfy,https://www.amazon.com/gp/customer-reviews/R1J0QEX7QHTYF0/ref=cm_cr_getr_d_rvw_ttl?ie=UTF8&ASIN=B0CSSK3TGT,"4.0 "," the United States "," May 23, 2024",,Verified Purchase,"I like this product mostly the slip in feature, it is also fairly comfortable but for someone with somewhat low arch like myself I would have preferred a higher insol, it is still very comfortable and easy on the eyes too.",
David  M.,You'll have to ask Porch Pirate,https://www.amazon.com/gp/customer-reviews/R1RF4TLAIVOCM3/ref=cm_cr_getr_d_rvw_ttl?ie=UTF8&ASIN=B0CSSK3TGT,"1.0 "," the United States "," May 16, 2024",,Verified Purchase,They looked nice anyway :(,
John Waugh,Bulky shoes that are not minimalist sneakers,https://www.amazon.com/gp/customer-reviews/R1YCGT8TCOE9TE/ref=cm_cr_getr_d_rvw_ttl?ie=UTF8&ASIN=B0CSSK3TGT,"1.0 "," the United States "," May 13, 2024",,Verified Purchase,These shoes are advertised as minimalist sneakers but the soles are actually thick and inflexible. The shoes are noted as wide but they are actually extra-wide and the fabric buckles when you walk in them. They are cheap and not worth returning. I'll use them as throw away shows when I do painting someday or go to the beach. Improvements would be better sizing and an honest description of the soles which you cannot run in if you are seeking running shoes as I was.,
pacuff,Very easy slip on,https://www.amazon.com/gp/customer-reviews/RIFEJNR2BW22O/ref=cm_cr_getr_d_rvw_ttl?ie=UTF8&ASIN=B0CSSK3TGT,"5.0 "," the United States "," May 10, 2024",Size: 7.5 WideColor: Black,Verified Purchase,"This is a purchased item that I also paired with a set of Vine Item insoles.  The supplied insole was adequate although it did not have much arch support.  My feet felt like they were walking mostly on a hard surface without shoes.  The insoles provided not only additional arch support, but increased comfort level also.  According to the manufactures sizing charts, it said I should wear a size Eur 40 when other shoes I have purchased with European sizing were 42's. I think a 42 would have been more comfortable in ball of my foot area as I need a little wider than the 40's provided on one foot.  The additional insoles exacerbated the issue a little as I'm not having to wear them in a little in order to loosen the one shoe up.  Otherwise, the foot size was perfectly suited for a slip-on shoe as the shoe does not ride up on the heel.Overall, this is a comfortable shoe for when you need to slip it on and off several times a day without having to bend down.",2
AT,SOOO comfy!,https://www.amazon.com/gp/customer-reviews/RXVFX05QGHZ8E/ref=cm_cr_getr_d_rvw_ttl?ie=UTF8&ASIN=B0CSSK3TGT,"5.0 "," the United States "," May 10, 2024",,,"As an active guy who splits my time between the city and hiking trails on the weekends, these barefoot-style shoes are so versatile. They're extremely lightweight and flexible, almost like wearing socks, but with enough traction and foot protection for all environments. The wide toe box allows my feet to splay naturally. And the zero drop sole provides good ground-feel while still having some cushion. Whether hitting the gym, going for a run, or just walking around doing errands, these are my new everyday kicks. Took a little adjustment coming from bulky sneakers, but love the minimalist feel.",
Eric,No arch support!,https://www.amazon.com/gp/customer-reviews/R33A8W4KRXEETF/ref=cm_cr_getr_d_rvw_ttl?ie=UTF8&ASIN=B0CSSK3TGT,"4.0 "," the United States "," May 9, 2024",Size: 13.5 WideColor: Black Grey,Verified Purchase,Comfortable with a wide toebox.  There is no support for your arch.  They’re pretty flat inside.Normally wear about a 14. I ordered 13 1/2 and they seem to fit OK,
PB,No hand slip in,https://www.amazon.com/gp/customer-reviews/R35HJJJ0GSHLGZ/ref=cm_cr_getr_d_rvw_ttl?ie=UTF8&ASIN=B0CSSK3TGT,"4.0 "," the United States "," May 5, 2024",,Verified Purchase,They work well. They are comfortable. We will see how durable they are.,
andrew perry,Do not hold,https://www.amazon.com/gp/customer-reviews/R2U53ZP5W7HBW0/ref=cm_cr_getr_d_rvw_ttl?ie=UTF8&ASIN=B0CSSK3TGT,"1.0 "," the United States "," April 30, 2024",Size: 12.5 WideColor: Dark Grey,Verified Purchase,Have not owned the shoes a full month where every day the inside around the big toe is coming apart.,
Erik,Not quite minimalist shoes. Minimalist quality and comfort.,https://www.amazon.com/gp/customer-reviews/R3HEC035H8PHOH/ref=cm_cr_getr_d_rvw_ttl?ie=UTF8&ASIN=B0CSSK3TGT,"2.0 "," the United States "," April 26, 2024",,Verified Purchase,"I'm a decently sized dude (6'1"" 235) with rather big flat feet (13.5 EEEE). I've had leg issues from my flat feet for years, and was always on a search for something that would help. A few years ago I tried the minimalist shoes things, and I've done great - I've been very happy with minimalist shoes, and it usually keeps me happy. I wanted a pair of slip-ons - so I purchased these - and I regret it tremendously. I've worn many types of minimalist shoes, so my complaints regarding comfort aren't related to them being minimalist shoes (just poorly designed).  Although they are supposed to be minimalist shoes, there is padding in the back and underneath the heal - leads to a lot of cushioning that I'm trying to avoid, and it affects fitment. The soles are also much too thick - so you don't feel the ground beneath your feet, and it requires more effort to flex the soles.  THE GOOD: Wide toe box - this is what saved these shoes from being rated 1 star. The toe box is quite wide, and that portion is quite comfortable. The design is as pictured - not amazing, but it's fine. You can slip on - the rigid piece of plastic means you don't have to bend over to pull them on.  THE BAD: They're not minimalist - there is way too much cushioning around the heal - this leads to a lot of play and movement around the heal when you're walking. The rigid piece of plastic is angled backwards, making it easier for the heal to slip out. The pieces are all glued together - looks like it'll fall apart without too much time. There is a flimsy piece of plastic holding the fabric up around the toes - after less than a mile walking it started to fold in - leads to a weird wavy appearance around the toes. They just feel like my feet around going to fall out.  Bottom line - I'll wear them a little bit - as soon as I have an excuse to replace them I will. Would never order again.",
Daniel,5 stars,https://www.amazon.com/gp/customer-reviews/R1T9XV8VKZ3YE8/ref=cm_cr_getr_d_rvw_ttl?ie=UTF8&ASIN=B0CSSK3TGT,"5.0 "," the United States "," April 24, 2024",,,They feel great look great and are comfortable,
John,Poor quality,https://www.amazon.com/gp/customer-reviews/R1FDS73FHEFK4R/ref=cm_cr_getr_d_rvw_ttl?ie=UTF8&ASIN=B0CSSK3TGT,"1.0 "," the United States "," April 24, 2024",Size: 13.5 WideColor: Dark Grey,Verified Purchase,Poor quality,
Mesquite,Game changer!,https://www.amazon.com/gp/customer-reviews/R3FMQZQ0PFXQSV/ref=cm_cr_getr_d_rvw_ttl?ie=UTF8&ASIN=B0CSSK3TGT,"5.0 "," the United States "," April 24, 2024",,Verified Purchase,"I’ve ruined my feet through walking through 50 plus sports stores. I finally stumbled through these reviews and found these these. Simply put, These shoes are terrific and I’m pleased.!  Every person experiences pain suffering challenges but this was a uniquely amazing for me and I rarely use the word amazing to describe any thing.",
JRS,Solved my problems,https://www.amazon.com/gp/customer-reviews/ROXHYYGIL9FTV/ref=cm_cr_getr_d_rvw_ttl?ie=UTF8&ASIN=B0CSSK3TGT,"5.0 "," the United States "," April 20, 2024",,Verified Purchase,"I am 70 YO and wear a 13-wIde shoe.  Ordinary sneakers are to heavy on my feet, to bulky to keep me stable when I walk the track or stand to excerise.  Even extra wide sneakers gave me sore spots at pressure points  And they were hot..  The features of thieseminimalist barefoot shoes shoes solved my issues, wide, light weight, cool and at a much lower price than a brand I see advertised a lot.",2
Eddie Rattlehead,Toe Box is Wide but...,https://www.amazon.com/gp/customer-reviews/R36NM5ZEVABHR/ref=cm_cr_getr_d_rvw_ttl?ie=UTF8&ASIN=B0CSSK3TGT,"4.0 "," the United States "," April 19, 2024",,,These shoes are very lightweight and flexible. the Sole is flat which makes it a good choice for certain exercises like deadlifts however I found it to be a little too thick to qualify as barefoot. Fit is wide and the toe box is roomy but I found it to be slightly short at the same time. Be aware.,
Laura,"Cómodos, flexibles y buen material. Si tienes tobillo ancho no lo compres.",https://www.amazon.com/gp/customer-reviews/RXZF5FYU40AWW/ref=cm_cr_getr_d_rvw_ttl?ie=UTF8&ASIN=B0CSSK3TGT,"4.0 "," the United States "," April 19, 2024",,Verified Purchase,"Los compré recientemente por lo tanto no puedo opinar de su durabilidad. En apariencia es buen material. Resultan cómodos y tienen buen aspecto para el uso cotidiano informal, no deportivo. Como aspecto negativo tener en cuenta que el escote a la altura del tobillo es muy bajo. Los compré para un familiar de edad avanzada y cuyo tobillo es ancho. Si bien el largo le quedó muy bien y en general es cómodo, lo que falla es que le queda muy bajo a la altura del tobillo. Tuvimos que quitar la plantilla interior para que el pie entre un poco mas dentro del calzado. Estamos evaluando si en donde reparen zapatos pueden agregar un complemento elastico a la altura del escote para evitar que se le puedan salir mientras camina.",
S. Ryhn,"Feel great, also work like compression socks for me.",https://www.amazon.com/gp/customer-reviews/R9UY8FE0QC0G6/ref=cm_cr_getr_d_rvw_ttl?ie=UTF8&ASIN=B0CSSK3TGT,"5.0 "," the United States "," April 18, 2024",,Verified Purchase,"Very happy with these. They are easy to put on, and they are snug enough that they keep my feet from swelling.  I take a 9.5 wide shoe. Bought a ten and have room left in the toes.",2
ReviewGuy!,Fits fine but not for outdoors,https://www.amazon.com/gp/customer-reviews/R1ZX24BGHG10C6/ref=cm_cr_getr_d_rvw_ttl?ie=UTF8&ASIN=B0CSSK3TGT,"3.0 "," the United States "," April 18, 2024",,,"These are indoor shoes. Not really outdoor. I suppose it could be fine to wear certain places like if you need some shoes on for a quick drive or stop in a store it would be fine but actual outside wear is not ideal.  Not really sure if this is a non zero drop shoe.  Overall, it's okay for limited use. I was expecting more, but they're okay.",
suzanne helmer,True to size,https://www.amazon.com/gp/customer-reviews/RLTB6D9AI68ZB/ref=cm_cr_getr_d_rvw_ttl?ie=UTF8&ASIN=B0CSSK3TGT,"5.0 "," the United States "," April 15, 2024",Size: 11 WideColor: Black,Verified Purchase,My husband loves them!! Like being bear foot,
Wesley M.,I love these shoes!,https://www.amazon.com/gp/customer-reviews/R2NTY6HGNNBERS/ref=cm_cr_getr_d_rvw_ttl?ie=UTF8&ASIN=B0CSSK3TGT,"5.0 "," the United States "," April 15, 2024",,,"This is actually a two-part review: one for the dark gray pair I received as a Vine product and one for the light gray pair I bought after receiving the Vine-provided pair.  I have been wearing these shoes for a couple of months now, and I love them. They are (for me at least) incredibly comfortable and just stylish enough to garner random compliments. I actually got these as a replacement for wearing Crocs out in public, and I was so happy I bought the second pair.  These shoes have worn nicely during my time with them (logo on the insole worn from all the miles I've actually worn them), with no manufacturing flaws in either pair. As stated previously, they look nice (in the colors I received). I love how you can step right into them and they stay on, with no flopping or falling off, while also being easy to step out of. They are super light and feel like you have nothing on at all.  I will be buying these again should the pairs I have wear out. Oh... and the price is great!",3
David A. Mann,Perfect slip on for indoors,https://www.amazon.com/gp/customer-reviews/R2GAI1SH9U59Z6/ref=cm_cr_getr_d_rvw_ttl?ie=UTF8&ASIN=B0CSSK3TGT,"5.0 "," the United States "," April 14, 2024",,Verified Purchase,"Everything seems just right. The toe box is as wide as I hoped. Zero drop heel-to-toe. If you're like me and these things are important to you these shoes deliver. I wanted them as inside shoes. You can slip them on without bending over. It has stiffer than normal construction behind the heel and it sort of opens backwards to allow an easier transition into the shoe. The materials seem really nice. I just got them so I can't speak to durability, but they look pretty classy, maybe even better than the pictures do them justice. The mesh of the entire shoe is quite breathable. Barefoot works, but I think the material might be a little rough for long term wear. So it's not really a slipper. My grip6 socks feel perfect in them. I might buy an extra pair or two to throw in the closet because I think they're perfect.",2
Deeje & Sydney,Comfy and breathable,https://www.amazon.com/gp/customer-reviews/R299TBGKUSW6QJ/ref=cm_cr_getr_d_rvw_ttl?ie=UTF8&ASIN=B0CSSK3TGT,"5.0 "," the United States "," April 9, 2024",,,"These shoes slide onto your feet like slippers. I found them to be super comfortable and breathable. I tend to have sweaty feet so the breathability has been amazing. I've worn them around the house, out for errands and even for long days at work. They look great and are comfortable, which is pretty much all you can ask for in a shoe. As far as sizing goes, they fit my feet like a glove. I usually want to have a little extra room in a shoe, but the flexible material makes up for this.  I will say that the rubber soles are a little soft. This is a good thing in one regard, as it allows the shoes to flex with your feet. But conversely if you're walking on chunky gravel you will feel every rock. Even so, it hasn't bothered me enough to give these anything less than a perfect rating.",
Thermodynamics,"Not Zero Drop, Difficult Sizing",https://www.amazon.com/gp/customer-reviews/R8XZYGE93XXT9/ref=cm_cr_getr_d_rvw_ttl?ie=UTF8&ASIN=B0CSSK3TGT,"2.0 "," the United States "," April 7, 2024",,Verified Purchase,"I brought the recommended 10.5 size, did not fit. Way too big. Got the 8 and 9, both too small. Checked back, 9.5 is available. Good fit, super comfortable, not zero drop. These shoes are advertised as zero drop. Inspected, not shaped like zero drop, inside has a higher heel than ball of the foot. I really wanted these shoes to work. Their slip on function is fantastic, but it's not zero drop like they advertised. Also, post a sizing chart! Not all sizes are the same across companies. That would mean less returns!",
W. Terry,Men's Wide Slip On Minimalist Barefoot Shoes Zero Drop Sole Cross-Trainer Sneaker,https://www.amazon.com/gp/customer-reviews/RJ9FL0UYWRHK/ref=cm_cr_getr_d_rvw_ttl?ie=UTF8&ASIN=B0CSSK3TGT,"2.0 "," the United States "," April 6, 2024",,,"These sneakers run large and wide so order accordingly, they are not comfortable",
Linda U.,Were the wrong size,https://www.amazon.com/gp/customer-reviews/R2ACA5ERGDOKFZ/ref=cm_cr_getr_d_rvw_ttl?ie=UTF8&ASIN=B0CSSK3TGT,"2.0 "," the United States "," April 1, 2024",,Verified Purchase,"These were ordered in a size 11, but thery're European sized and were too big, sent them back for a refund.",
StraightFwd,Snug fit,https://www.amazon.com/gp/customer-reviews/R2YQSYAT540UKW/ref=cm_cr_getr_d_rvw_ttl?ie=UTF8&ASIN=B0CSSK3TGT,"4.0 "," the United States "," March 30, 2024",,,"Thought with the wide toe box I’d be good at true to size ordering. I probably should have went up a size. Hoping they break in with continued use but for now a snug fit. They are my first pair of wide toe box shoes, and they take some getting used to for sure.  But for this product itself, seems well made and the style is smooth enough for this type of shoe for me. Competitively priced from what I’ve seen.",
Amazon Customer,No arch support,https://www.amazon.com/gp/customer-reviews/R1N5CAC0I00HOC/ref=cm_cr_getr_d_rvw_ttl?ie=UTF8&ASIN=B0CSSK3TGT,"4.0 "," the United States "," March 27, 2024",,Verified Purchase,This doesn't matter to me but there is not a lot of arch support. It is literally the same as barefoot.  There is a lot of room in the toe box and I think they are comfortable. Easy on and easy off. Just step into them.,6
Mishiranu Hito,"Quite comfy, and LIGHT",https://www.amazon.com/gp/customer-reviews/R3OBBUCMQPIWXM/ref=cm_cr_getr_d_rvw_ttl?ie=UTF8&ASIN=B0CSSK3TGT,"5.0 "," the United States "," March 22, 2024",Size: 11 WideColor: Black,,"I can't say I'm going to do a lot of running in these, I don't know how they'd hold up. If I HAVE to assume, I'd say they'd be quite alright.  I'm here for the comfort, and how cool they feel. It's HOT down here. They're very light, and held up well to some very relaxed hiking. For the price, I'd recommend giving them a chance.",
RDavid,No better than slippers.,https://www.amazon.com/gp/customer-reviews/RA3OFEPPZUA4B/ref=cm_cr_getr_d_rvw_ttl?ie=UTF8&ASIN=B0CSSK3TGT,"3.0 "," the United States "," March 19, 2024",Size: 9 WideColor: Black Grey,Verified Purchase,"Comfortable - Kinda. Breathable - Yes. Lightweight - Yes. Cross-Trainer - No. Trail Running - No. Walking Shoes - Maybe. These fit more like slippers, not true shoes. They also fit large, so they are sure to slip off if used as anything other than house shoes. Easy to slip into, so for me, they are nothing more than expensive slippers.",
Harbor,Very comfortable,https://www.amazon.com/gp/customer-reviews/R1HV2UDHOFOI80/ref=cm_cr_getr_d_rvw_ttl?ie=UTF8&ASIN=B0CSSK3TGT,"4.0 "," the United States "," March 15, 2024",Size: 8 WideColor: Khaki,,"I wear mostly zero drop barefoot shoes from the much better known brands out there and these hold their own.  They are very comfortable, fit to size, and are very easy on and off.  They are ""no frills"" and don't even come packaged in a shoebox which makes them feel cheap.  But for a casual weekender or quick trip out - they are great.  The only thing I don't like is I wish the sole wasn't so ""red"" and they do come with a strong chemical smell but that airs out quickly.",3
Adrian Covert,"Super comfortable, easy to put on, with a roomy toe-box",https://www.amazon.com/gp/customer-reviews/R2QA96LI6LWQZB/ref=cm_cr_getr_d_rvw_ttl?ie=UTF8&ASIN=B0CSSK3TGT,"5.0 "," the United States "," March 11, 2024",Size: 8 WideColor: Black Grey,,"These shoes have a soft fabric upper that fits snugly and is very comfortable. They have zero drop, and that means the heel is not raised up like in most shoes. I don't have a strong preference about this but find they are very nice to wear. Also the toe-box is wide and fits my feet perfectly without crowding my toes. I also like that the back (heel portion) of the shoe is stiff and acts almost like a built in shoe horn for ease of slipping your foot in without bending down. I didn't think that was something that would add a lot of value to my life, but now that I'm used to them I really appreciate it. These shoes seem to have excellent, fit, traction, and are made out of nice looking material. I recommend them heartily if you are looking for a casual comfy sneaker that's easy to put on and take off.",5
dragonballT,Nice fit.,https://www.amazon.com/gp/customer-reviews/RAGLP8DUKQRGS/ref=cm_cr_getr_d_rvw_ttl?ie=UTF8&ASIN=B0CSSK3TGT,"4.0 "," the United States "," March 11, 2024",,,These shoes are great to wear on many different occasions and I really like how they fit.  The Upper is made up of a slightly stretchy neoprene material and it feels very comfortable on the foot.  You have a reinforced heal which makes it easy to insert your foot and the insole is nice and thick.  I love the toe box it gives you foot room to breath and makes for a comfortable feel.  The sole itself is thin so the shoes have a foot on the ground feel and to me feel like driving shoes.  Overall nice pair of shoes that I use for quick wear and as a back up gym shoe.,2
Dan,"Good quality shoe, fits about 1/2 size big",https://www.amazon.com/gp/customer-reviews/RX09T3FFC1AAK/ref=cm_cr_getr_d_rvw_ttl?ie=UTF8&ASIN=B0CSSK3TGT,"5.0 "," the United States "," March 10, 2024",Size: 13.5 WideColor: Dark Grey,,"Thin and minimalistic, there is not a lot of cushion in the insole, but I still find them very comfortable. They are breathable and keep my feet cool. The toe box is definitely wide, and it looks a little bit goofy, but it's worth it for the comfort. The materials used are high quality and they are well put together as well as being very lightweight. They slip on and off easily even barefoot. I find they fit about 1/2 size bigger than I was expecting.",
Chris M.,"Lightweight, comfortable, breathable",https://www.amazon.com/gp/customer-reviews/R1N7MFXKYXYVWW/ref=cm_cr_getr_d_rvw_ttl?ie=UTF8&ASIN=B0CSSK3TGT,"4.0 "," the United States "," March 10, 2024",,,"I'm pretty impressed with these shoes for the price.  They're lightweight, they're comfortable, and they're breathable.  They're sized correctly and fit as expected.  They look pretty decent and I think they're a great value at the current price.  I'd buy them again.Recommended.",
Critter Sanctuary,Love love love,https://www.amazon.com/gp/customer-reviews/R1SIPSL16K7U7L/ref=cm_cr_getr_d_rvw_ttl?ie=UTF8&ASIN=B0CSSK3TGT,"5.0 "," the United States "," March 9, 2024",,Verified Purchase,"Besides being, absolutely gorgeous, they’re so comfortable they fit well and I bought a second pair",2
Hans,Good slip on for the summer,https://www.amazon.com/gp/customer-reviews/R2BQ3G9GUYPYBR/ref=cm_cr_getr_d_rvw_ttl?ie=UTF8&ASIN=B0CSSK3TGT,"5.0 "," the United States "," March 8, 2024",Size: 7.5 WideColor: Black,,This are Good slip On for the summer. It is easy to slip in and get out. There is plenty of room for your toes. So no squeezing like with other shoes when you have wider feet. The grip is good for indoors in the gym and outdoors on normal walk ways. Light and comfortable.,
MELISSA M.,Perfect for wide feet!!,https://www.amazon.com/gp/customer-reviews/R36043UM13ZK6L/ref=cm_cr_getr_d_rvw_ttl?ie=UTF8&ASIN=B0CSSK3TGT,"5.0 "," the United States "," March 6, 2024",,,Shoes in a wide size are hard to come by. This pair of gray water shoes for men fits perfectly. They are true to size and roomie at the top for wider feet. They are made well and will last a long time. Also a great price.,
Adam J.,Nice comfortable shoes!,https://www.amazon.com/gp/customer-reviews/R3LP4C7SH81GIE/ref=cm_cr_getr_d_rvw_ttl?ie=UTF8&ASIN=B0CSSK3TGT,"5.0 "," the United States "," March 6, 2024",Size: 13 WideColor: Black Grey,,I usually wear a 13 medium but they didn't have my size so I ordered 13 and a half wide and they fit great. These shoes easily slip on or off your feet with ease and they have great traction I'm very satisfied with these shoes I wear them around the house like slippers!,
Steve Heise,Comfortable and Lightweight,https://www.amazon.com/gp/customer-reviews/R34IQ3GKEHXLU0/ref=cm_cr_getr_d_rvw_ttl?ie=UTF8&ASIN=B0CSSK3TGT,"5.0 "," the United States "," March 6, 2024",,,"These are super comfortable, light-weight shoes with a nice rubbery grip on the bottom.  The material is soft and they fit well too.  Also, I’m really starting to enjoy wearing these kinds of zero-drop shoes.  It felt a little weird at first, but now feels more natural.  Highly recommended.",
NachosSenpai,Great!,https://www.amazon.com/gp/customer-reviews/R3TZNLQ6H6KK4N/ref=cm_cr_getr_d_rvw_ttl?ie=UTF8&ASIN=B0CSSK3TGT,"5.0 "," the United States "," March 4, 2024",,,"Good fit, comfortable for the gym, love them!",
Andalusian Dog,Runs a Little Large,https://www.amazon.com/gp/customer-reviews/R1LMS6X5LPB5A6/ref=cm_cr_getr_d_rvw_ttl?ie=UTF8&ASIN=B0CSSK3TGT,"4.0 "," the United States "," March 3, 2024",,,"These are decent shoes, but they do run a little larger than I had anticipated. They're a little loose on me, which is a shame. I got them because I liked the way they look, not because I would use them for running. I've run in the past, but I wouldn't think these would be suitable running shoes. The area across the toe is wide, which makes them roomy. I wasn't crazy about the way the front and back tabs around my ankle looked. They're definitely good in many ways, and they feel very comfortable on my feet. I like the black color as well.",
doublejay,comfortable and light shoes,https://www.amazon.com/gp/customer-reviews/R178EHSJG63KJO/ref=cm_cr_getr_d_rvw_ttl?ie=UTF8&ASIN=B0CSSK3TGT,"5.0 "," the United States "," March 3, 2024",,,"Hey, my wife tells me they are ugly. Whatever. I like this pair of shoes. These have wider toe area and does not ""squeeze"" my toes like other same sized shoes would. It's not the prettiest, but it's good enough for me to ignore it for my own comfort. I walked about 6000 steps wearing these for a day, and did not notice anything uncomfortable, except my wife's death stare.  Just beware that if you ever see yourself walking on gravel, this pair of shoes may not be for you, unless you enjoy the massage thru the sole.",4
Jerry P. Danzig,Outstanding Ergonomic Shoes,https://www.amazon.com/gp/customer-reviews/RCDDA1MUB7EUX/ref=cm_cr_getr_d_rvw_ttl?ie=UTF8&ASIN=B0CSSK3TGT,"5.0 "," the United States "," March 1, 2024",Size: 9 WideColor: Khaki,,"Prior to receiving a pair of these ""Barefoot"" shoes, my faves were a pair of Skechers costing twice as much.  But these babies just blow me away!  First, they are supremely comfortable; they almost feel like a second skin on your feet. They're also breathable, lightweight, and easy to put on and take off.  Second, I love the way they look; I got them in the khaki color, and they're very fashionable with jeans or slacks.  I can't say how durable these shoes will prove, but right out of the box (or plastic bag, in this case) these are my new favorite shoes...  Two big toes up!",
Outdoors Guy,"Comfortable, cool in warm weather, could use thicker insole",https://www.amazon.com/gp/customer-reviews/R3CONJTCKB017O/ref=cm_cr_getr_d_rvw_ttl?ie=UTF8&ASIN=B0CSSK3TGT,"4.0 "," the United States "," March 1, 2024",,,"These slip on shoes are great. I like to wear simple slip on shoes like this for slippers or “house shoes”. They breathe nicely to keep my feet cool, are waterproof in the event I go to the mailbox in the morning and the dew is in the ground, and they truly are “slip on”. No need to bed over to put them on. I can’t give these 5 stars because the padding on the insoles isn’t very thick. They’re comfortable, but they could be softer. Aside from that, I really like these and have no regrets with having ordered them. I may even order a second pair to keep at the lake house.",
Kevin,"Great construction quality! Length good, however width too narrow. Even barefoot.",https://www.amazon.com/gp/customer-reviews/R3IX8JA567O044/ref=cm_cr_getr_d_rvw_ttl?ie=UTF8&ASIN=B0CSSK3TGT,"4.0 "," the United States "," February 29, 2024",,,"Let me say I've a 12 to 13 us men's size foot. Ordered a 13.5. Received EU 47 which according to chart from famous footwear website equates to US 13. All seemed good? But if I had been trying these on in person? I would have asked to try next size up due to width across top of foot being constrictively narrow on me. The length is fine, plenty of toe room. But the constrictive width caused some difficulty to put shoe on by stepping into it. Now after wearing for a couple hours, the fit became more comfortable. So there may be a ""breaking in"" period. I was also able to step into the shoe as described at that point, but not at first. Quality of construction seems top notch as does the ample length and toe room. However I cannot give more than 4 stars because of the tight width and initial difficulty to put on.",2
David M. Tuckey,Wet shoes,https://www.amazon.com/gp/customer-reviews/RUD3244LGL4OC/ref=cm_cr_getr_d_rvw_ttl?ie=UTF8&ASIN=B0CSSK3TGT,"5.0 "," the United States "," February 28, 2024",,,These are the most comfortable and wide shoes that I’ve had in a long while. Certainly a big improvement over the water shoes from long ago. I recommend these for casual wear and athletes.,4
Faisal Al qusair,,https://www.amazon.com/hz/reviews-render/report-review?ie=UTF8&ref=cm_cr_getr_d_rvw_hlp&csrfT=hDoau%2BR1tSomKOS7g0eqvXOhIOiRY%2BFfX1HPelFp67npAAAAAGeW%2FNQAAAAB&reviewId=R1JJGKXKLOT6L0,"1.0 "," Saudi Arabia "," October 27, 2024",,Verified Purchase,المنتج وصلني مغلف ببلاستيك وبدون صندوق .. جربته نص ساعة مشي وكانت التجربة ليست مثالية .. لا يحمي من الصدمة التي تسببها خطواتك على البلاط وتشعر بها في العظم وهذا غير مثالي لمن يعاني من وزن زائد .  الحذاء خفيف صحيح لكنه غير صحي في المشي,
