﻿评论用户,评论概述,评论链接,星级评分,评论地点,评论时间,类型,是否购买,评论详情,觉得该评论有帮助的人数
Darcy,Noisy but good fit,https://www.amazon.com/gp/customer-reviews/R2DM7D8IH7H7LV/ref=cm_cr_getr_d_rvw_ttl?ie=UTF8&ASIN=B0DL5RB2DP,"4.0 "," the United States "," January 23, 2025",Size: 8 Wide ToddlerColor: Pink,Verified Purchase,"They seem like a good fit for my toddler. Love the price point for the quality, and so far are nicely water resistant. Only complaint is that they make a lot of noise - not squeaking really but like the faux leather rubbing together sound. Surprisingly loud. Otherwise, good shoe.",
Charles H.,Ok Shoes For Toddlers,https://www.amazon.com/gp/customer-reviews/R10ZL5C5F8K618/ref=cm_cr_getr_d_rvw_ttl?ie=UTF8&ASIN=B0DL5RB2DP,"4.0 "," the United States "," January 18, 2025",Size: 13 Wide Little KidColor: Dark Gray,,"These shoes are a little odd. They are quite wide (which they advertise, so I'm not holding that against them).  I've never actually seen a child with feet that wide before.  They are easy to put on and they do look kind of cool.  With that said, as they are barefoot shoes, they don't provide much support, and the material is kind of odd.  I don't really have anything concretely negative to say about them. They are just odd in multiple ways and while I can see them being good for kids running around outside with their friends, I'd never send my kid to school in them or really take them anywhere away from home wearing them.",
Amy,My little one loves these,https://www.amazon.com/gp/customer-reviews/R310YMKH9BCY64/ref=cm_cr_getr_d_rvw_ttl?ie=UTF8&ASIN=B0DL5RB2DP,"5.0 "," the United States "," January 2, 2025",Size: 5 Wide ToddlerColor: Dark Brown,Verified Purchase,These are perfect to style with anything,
Jonathan,Way too bulky,https://www.amazon.com/gp/customer-reviews/R8H1THNW0RT04/ref=cm_cr_getr_d_rvw_ttl?ie=UTF8&ASIN=B0DL5RB2DP,"3.0 "," the United States "," December 16, 2024",Size: 6 Wide ToddlerColor: White,,"These shoes are cute, but I put them on my toddler and they just look way too bulky and unattractive on her. She seemed to have a harder time picking up her feet and walking with them than other shoes we have tried so they are a no go for us.",
Jstn,Decent,https://www.amazon.com/gp/customer-reviews/R1F2LSYVTVM06O/ref=cm_cr_getr_d_rvw_ttl?ie=UTF8&ASIN=B0DL5RB2DP,"5.0 "," the United States "," December 9, 2024",Size: 11 Wide Little KidColor: Black,,"Decently made. Good fit, comfortable.",
Rob Sold,Good basic indoor walking shoe for new walkers,https://www.amazon.com/gp/customer-reviews/R1V1S0N6DR0LV7/ref=cm_cr_getr_d_rvw_ttl?ie=UTF8&ASIN=B0DL5RB2DP,"4.0 "," the United States "," December 6, 2024",Size: 6 Wide ToddlerColor: Pink,,I liked the wide fit for my daughter who is just learning to walk. They seem comfortable for her to walk indoors but I don’t know that they’d stand up to our outdoor adventures. They aren’t ugly but they aren’t particularly stylish either.,
Tosha,Disappointed,https://www.amazon.com/gp/customer-reviews/R4V6DMRJNSEY0/ref=cm_cr_getr_d_rvw_ttl?ie=UTF8&ASIN=B0DL5RB2DP,"1.0 "," the United States "," December 2, 2024",Size: 7 Wide ToddlerColor: Dark Brown,Verified Purchase,Shoes were soft but not thrilled with the way they look. The Velcro shows and looks so bad. I shipped the shoes to my grandson. No way to return them.  Now I’m buying a second pair of shoes. Waste of money on these.,
snowspiderakmi,Cute and available in wide size,https://www.amazon.com/gp/customer-reviews/RI2I6ZCM97HFC/ref=cm_cr_getr_d_rvw_ttl?ie=UTF8&ASIN=B0DL5RB2DP,"5.0 "," the United States "," November 22, 2024",Size: 11.5 Wide Little KidColor: Dark Brown,,"These are cute dress up/down shoes. I got these for the 4-year-old to wear on picture day. They had the option for a wide fit, which can be hard to find. They were also easy for him to get on and walk around in. I like the versatility of the brown to dress up with khaki pants or to dress down with some jeans. The Velcro strap allows him to take them on and off by himself. Regular width shoe included for comparison.",2
TeamBushman,Cute and solid,https://www.amazon.com/gp/customer-reviews/RYL3PTH6D88DB/ref=cm_cr_getr_d_rvw_ttl?ie=UTF8&ASIN=B0DL5RB2DP,"4.0 "," the United States "," November 17, 2024",Size: 6 Wide ToddlerColor: Pink,,"These shoes are super cute and solid. They hold baby's feet really well.  The velcro is a bonus because anyone with a baby knows they wiggle!  These are great little starter shoes for babes who are just learning to master walking because they are nice and flat with solid little soles, so baby's feet feel secure, especially with the nonslip soles. Overall a decent first shoe.",
Pamela N Brown,Perfect first walking shoe. He loves them.  Great fit for his little fat thick wide foot.,https://www.amazon.com/gp/customer-reviews/R18GAKZWS5CLJL/ref=cm_cr_getr_d_rvw_ttl?ie=UTF8&ASIN=B0DL5RB2DP,"5.0 "," the United States "," November 14, 2024",Size: 8 Wide ToddlerColor: Dark Brown,Verified Purchase,These shoes are very well made. Flexible. Easy on and off. The wide toe box was exactly what he needed. They are very lightweight also.,
Alvaro Garcia,Toddler boot,https://www.amazon.com/gp/customer-reviews/R28FFP6JGONYIC/ref=cm_cr_getr_d_rvw_ttl?ie=UTF8&ASIN=B0DL5RB2DP,"5.0 "," the United States "," November 14, 2024",Size: 8 Wide ToddlerColor: Dark Gray,,This is toddler boot was so stinking cute! As I find myself in a rush I tend to gear away from shoe laces until my kiddos get older and velcro is the way to go. There are so easy to slide on and take off. The boots are super wide with plenty of room around the toe area. I wouldn't size up or down unless your kid is in-between sizes. The dark gray is so in style and I simply couldn't be more happy!,
Ashleigh,Amazing wide shoes,https://www.amazon.com/gp/customer-reviews/R29PNUQFGV3TXJ/ref=cm_cr_getr_d_rvw_ttl?ie=UTF8&ASIN=B0DL5RB2DP,"5.0 "," the United States "," November 13, 2024",Size: 6 Wide ToddlerColor: Dark Brown,Verified Purchase,"My daughter has a chunky wide foot and I typically wear only buy stride rite for her . I found these and decided to give a try . They are easy to put on, she loves to keep them On so I’m assuming she thinks they are comfy ( she’s just starting to talk ) and they are cute . They seem durable and pretty high quality for what I was wanting .",
Karen,Adorable,https://www.amazon.com/gp/customer-reviews/R2KU3MKT14N00J/ref=cm_cr_getr_d_rvw_ttl?ie=UTF8&ASIN=B0DL5RB2DP,"5.0 "," the United States "," November 11, 2024",Size: 11 Wide Little KidColor: White,,"My daughter loves these shoes. I was worried they would be too bulky for her, but she says they’re really comfortable. They are easy for her to put on and take off on her own. I love the rainbow strap.",
JH,Nicely Made for Wider Little Feet,https://www.amazon.com/gp/customer-reviews/RC4EZK65SV4GV/ref=cm_cr_getr_d_rvw_ttl?ie=UTF8&ASIN=B0DL5RB2DP,"5.0 "," the United States "," November 7, 2024",Size: 11.5 Wide Little KidColor: Dark Gray,,"I got these shoes for my 4 1/2-year-old son, and they're just as described. These shoes definitely have a wider footbed than most other shoes out there, and my son's been really liking them. He says they're super comfortable to wear, and I appreciate that they have Velcro closures that make them easy to put on and take off himself. As for sizing, he's got wider than average feet, and these accommodate his foot shape nicely. They do seem to run a bit big, though, but I mean he'll grow into them. These shoes seem to be made well, too, and look good on. The dark gray goes with most anything, and I know he'll be getting a lot of wear out of them. Nice shoes!",
TheSilentTrend,Well made,https://www.amazon.com/gp/customer-reviews/RYHJB76RED13X/ref=cm_cr_getr_d_rvw_ttl?ie=UTF8&ASIN=B0DL5RB2DP,"5.0 "," the United States "," October 31, 2024",Size: 10 Wide ToddlerColor: Pink,,"I'm excited for my littles to wear these. They are well made and soft. The velcro straps mean my littles can put them on without help. Which is great for me because we are in the ""I do it"" phase.",
Erica,Not brown,https://www.amazon.com/gp/customer-reviews/R1WQYWYPSY5W59/ref=cm_cr_getr_d_rvw_ttl?ie=UTF8&ASIN=B0DL5RB2DP,"3.0 "," the United States "," October 29, 2024",Size: 12.5 Wide Little KidColor: Dark Brown,Verified Purchase,Fit is great. Perfect for what we need. The color is completely off. These are orange.,
Mary Pierce,Adorable,https://www.amazon.com/gp/customer-reviews/R3R8BWF9G47OG7/ref=cm_cr_getr_d_rvw_ttl?ie=UTF8&ASIN=B0DL5RB2DP,"5.0 "," the United States "," October 29, 2024",Size: 10 Wide ToddlerColor: Black,,"These are so adorable. They are fairly flexible, which helps get them on. They fit true to size. At first my son said that the top bothered him because it was so high, but then ran around saying he was super fast. Haha. I think that they will feel better the more he wears them and they break in.",
Jkmonsterman,Cute,https://www.amazon.com/gp/customer-reviews/RJUAOL6LBVO7Y/ref=cm_cr_getr_d_rvw_ttl?ie=UTF8&ASIN=B0DL5RB2DP,"4.0 "," the United States "," October 29, 2024",Size: 5 Wide ToddlerColor: Dark Gray,,I love the color first off it’s beautiful shade. The material is soft and the sole of the shoe is so flexible.. I’m impressed with it. The double Velcro with hold the little feet in and help with future fine motor/independent skills.,
Kallie Hutcheson,Toddler Little Kids Wide Barefoot Shoes Boys Girls Winter High Top,https://www.amazon.com/gp/customer-reviews/R16AEJ2BAU8CJ9/ref=cm_cr_getr_d_rvw_ttl?ie=UTF8&ASIN=B0DL5RB2DP,"5.0 "," the United States "," October 23, 2024",Size: 11.5 Wide Little KidColor: White,,Amazing quality shoes for kids.  These high tops are super cute durable and quality made fit my daughter true to size and easy to put on for her,
pchung20,Stylish and Cozy Footwear for Little Feet,https://www.amazon.com/gp/customer-reviews/R1GJKKXNZNQFCJ/ref=cm_cr_getr_d_rvw_ttl?ie=UTF8&ASIN=B0DL5RB2DP,"5.0 "," the United States "," October 23, 2024",Size: 11.5 Wide Little KidColor: White,,"The WateLves toddler wide barefoot shoes are a great choice for keeping kids comfortable during winter. With a high-top design and faux fur lining, these minimalist sneakers provide warmth and support while allowing for natural foot movement. Whether for playdates or dressier occasions, these leather boots offer a stylish yet practical option for boys and girls alike!",
Jules,"Runs large, but good shoes!",https://www.amazon.com/gp/customer-reviews/R30A2QZIE2Q0DM/ref=cm_cr_getr_d_rvw_ttl?ie=UTF8&ASIN=B0DL5RB2DP,"5.0 "," the United States "," October 22, 2024",Size: 10 Wide ToddlerColor: Pink,,"Sadly these are too big and we’ll have to wait a while for my daughter to start wearing them. But they are well made  and soft shoes, with lots of toe space. We’ve been trying to get all else toed shoes for our kids so they can have maximum comfort and development. These shoes are very nice.",
Britta Blackham,"True to size, good traction",https://www.amazon.com/gp/customer-reviews/R2C2W5D8MSM7G7/ref=cm_cr_getr_d_rvw_ttl?ie=UTF8&ASIN=B0DL5RB2DP,"5.0 "," the United States "," October 21, 2024",Size: 6 Wide ToddlerColor: Black,,"These snow boots are warm, easy to get on, and have good traction - a win all around! My little one took some time getting used to them since they are a bit heavier than normal shoes. But they are nicely flexible in the sole, which helps! True to size, and great for winter fun!",
Ms. Jones,Cute and Sturdy,https://www.amazon.com/gp/customer-reviews/R1RTGJ34OSC4OZ/ref=cm_cr_getr_d_rvw_ttl?ie=UTF8&ASIN=B0DL5RB2DP,"4.0 "," the United States "," October 18, 2024",Size: 5 Wide ToddlerColor: Pink,,"These shoes are very well constructed and really cute. They are a bit stiffer and thicker than I expected, but the soles do have flex to them. The insoles provide a good surface feel for the little walker, and yet still have support and some cushion. The bottoms are grippy and will prevent slipping and sliding. These are going to be a great little winter boot.",
Dylan,Perfect for High Instep/arch kiddos!,https://www.amazon.com/gp/customer-reviews/R25XMA0VFULW8N/ref=cm_cr_getr_d_rvw_ttl?ie=UTF8&ASIN=B0DL5RB2DP,"5.0 "," the United States "," October 17, 2024",Size: 11 Wide Little KidColor: Pink,Verified Purchase,It is SO hard to find shoes for my daughter because she has a high instep (the top of her foot in chunky) but not a long or wide foot. Perfectly average foot other than a high instep. So trying to find a shoe that the top of her foot fits into but isn’t too big or wide for her feels impossible. These shoes however are PERFECT. I did order a shoe that’s slightly bigger just to be on the safe side but it fits perfect in every way! And they’re cute too!!,3
Joshua Vittachi,Lovee,https://www.amazon.com/gp/customer-reviews/R26QWMW2E07818/ref=cm_cr_getr_d_rvw_ttl?ie=UTF8&ASIN=B0DL5RB2DP,"5.0 "," the United States "," October 16, 2024",Size: 8 Wide ToddlerColor: Dark Gray,,"These barefoot shoes are perfect for toddlers, v cute, made well, easy for them to walk in and run in, with plenty of toe space. They are lightweight yet secure. Def recommend. I did size up one since our 2 yr olds feet are quickly growing, but I’m glad I did cause the bigger size was actually perfect.",
Diana Gil,"Excellent quality, great ankle support",https://www.amazon.com/gp/customer-reviews/R1TZ8NOOMTQ0PO/ref=cm_cr_getr_d_rvw_ttl?ie=UTF8&ASIN=B0DL5RB2DP,"5.0 "," the United States "," October 16, 2024",Size: 6 Wide ToddlerColor: Dark Gray,,"I absolutely love these shoes. As soon as I opened the box, I was impressed by the high quality of these shoes. They are well made with high quality materials and they appear to be durable. They are easy to put on and off, and the velcro is very sturdy. My son is 15 months old, and he tends to loose his balance and fall often, but these shoes offer great ankle support that help him maintain his balance. They also appear to be comfortable. They are true to size and a good fit.  Overall, I am extremely happy with the quality and performance of these shoes, I actually already ordered a second pair. I most definitely recommend them.",
Boaz S.,Very pleased,https://www.amazon.com/gp/customer-reviews/R3U7WWRCJZ0I3O/ref=cm_cr_getr_d_rvw_ttl?ie=UTF8&ASIN=B0DL5RB2DP,"5.0 "," the United States "," October 15, 2024",Size: 9 Wide ToddlerColor: Pink,,These are indeed wide and well made. True to size and roomy. She likes them and was able to run and play. I can see that the barefoot approach at this age makes sense. The movement looks more natural and graceful compared to harder boots. The materials all seem high quality and the color matches the photos.  I certainly recommend. No issues.,
Jamie Dudek,Truly a wide/barefoot style,https://www.amazon.com/gp/customer-reviews/R8QZY8U7B8LVS/ref=cm_cr_getr_d_rvw_ttl?ie=UTF8&ASIN=B0DL5RB2DP,"5.0 "," the United States "," October 14, 2024",Size: 9 Wide ToddlerColor: Pink,,"These are great to give your toddler space in the toebox of their show. They fit true to size. They look just like the stock photos. They are not quite as flexible as you want in a more natural based shoe though. However, they do support the ankle being high tops. Not a bad choice but I'm still searching for more flexibility.",
danielle k,Runs large,https://www.amazon.com/gp/customer-reviews/R29QP45AB0EJUN/ref=cm_cr_getr_d_rvw_ttl?ie=UTF8&ASIN=B0DL5RB2DP,"5.0 "," the United States "," October 12, 2024",Size: 8 Wide ToddlerColor: Black,,"I got this shoe for my almost 2 year old. He currently wears a 6, 6.5 shoe so I decided to go with the size 7 for the winter with thick socks. The width of the shoe makes it very easy to slip on his foot and seem comfortable. Unfortunately he's not used to the higher top sneaker and did not want it on. Although I did order a half size up, it seemed to be WAY bigger than I thought. Overall, I like this wide width high top shoe for my son.",3
Amazon Customer,Perfect for chunky feet!,https://www.amazon.com/gp/customer-reviews/R20BK40C5OOBOY/ref=cm_cr_getr_d_rvw_ttl?ie=UTF8&ASIN=B0DL5RB2DP,"5.0 "," the United States "," October 12, 2024",Size: 5 Wide ToddlerColor: Pink,,I ordered the pink boots for my 16 month old who has wide and chunky feet. These are the first shoes I have found that fit her. She gets excited to put them on. They are adorable and good quality. I recommend for chunky baby feet!,
Adam W.,really cute boots!,https://www.amazon.com/gp/customer-reviews/RW9L1G6Z5S3G7/ref=cm_cr_getr_d_rvw_ttl?ie=UTF8&ASIN=B0DL5RB2DP,"5.0 "," the United States "," October 10, 2024",Size: 13 Wide Little KidColor: Pink,,I was searching for some fall/winger boots for my daughter. she's 6 years old and I wanted to get ready for the fall and winter season. I saw these really cute boots that I thought she'd like.  she wears a size 11 in kids and she fits this one just fine. it's a little bit big for her but that's good it gives her time to grow into it. it has enough room in the front and it's wide for her big old wide feet lol. she says it's really comfortable and I look super cute with a lot of outfits,
JaneOPks,"If you know, you know!",https://www.amazon.com/gp/customer-reviews/R2HLRJXJFD1IA4/ref=cm_cr_getr_d_rvw_ttl?ie=UTF8&ASIN=B0DL5RB2DP,"5.0 "," the United States "," October 10, 2024",Size: 8 Wide ToddlerColor: Black,,"My great nephew is two and he has the widest and tallest (yes, tallest) chonky feet I've ever seen! He had to go shoeless for so long because his feet are so different than the average toddler feet. I was really excited to come across a shoe that was made for these special little people! First off, I will admit these shoes are not the most attractive shoes ever, but when you are in our situation, you really are excited to finally find a shoe that fits and is comfortable for your little person.  These boots have real leather uppers and are soft and flexible. I love the hook and loop straps. Having this kind of strap makes getting the boots on and off a breeze! This type of strap also gives you the ability to tighten the shoe to a comfortable level. I will say to be aware that I ordered a 7, but when they came they were a lot bigger than all his other size 7's. We are going to keep them though, as our guy just turned two and is in a growth spurt. Most likely by the time he needs these boots this winter they will be close to fitting. I would just say they run pretty big.  All in all his Mom was very happy with the versatility and quality of these boots. Perfect for our wonderful little person with extra special feet!",6
