﻿评论用户,评论概述,评论链接,星级评分,评论地点,评论时间,类型,是否购买,评论详情,觉得该评论有帮助的人数
Shavon,NA,https://www.amazon.com/gp/customer-reviews/R1POQFOD97660V/ref=cm_cr_getr_d_rvw_ttl?ie=UTF8&ASIN=B01M6WSYXV,"5.0 "," the United States "," January 24, 2025",Color: Green,Verified Purchase,NA,
bmonte,Nicely made,https://www.amazon.com/gp/customer-reviews/R3LVNZVN13XYVZ/ref=cm_cr_getr_d_rvw_ttl?ie=UTF8&ASIN=B01M6WSYXV,"5.0 "," the United States "," January 23, 2025",Color: Nude,Verified Purchase,"Purchased to match a pair of shoes, it well made, has enough room for your needs.",
Ellen B.,I get compliments everyday with this cute bag!,https://www.amazon.com/gp/customer-reviews/R3EU1IU3PRC5GG/ref=cm_cr_getr_d_rvw_ttl?ie=UTF8&ASIN=B01M6WSYXV,"5.0 "," the United States "," January 22, 2025",Color: -Brown,Verified Purchase,This is such a cute bag! Everyone compliments me and I tell them where I got it. Holds just enough; goes with everything! Snaps in the right places to hold shape. I love it!,
karen d jenkins,Beautiful color,https://www.amazon.com/gp/customer-reviews/R3ISG6YXZ7TDFH/ref=cm_cr_getr_d_rvw_ttl?ie=UTF8&ASIN=B01M6WSYXV,"5.0 "," the United States "," January 21, 2025",Color: Hot Pink,Verified Purchase,Nice size and weight bag. Well made but I wish the hole for handle was bigger to wear on shoulder. Great color.,
Donna C.,Cute bag,https://www.amazon.com/gp/customer-reviews/R2XT1Y0Y4KFG3B/ref=cm_cr_getr_d_rvw_ttl?ie=UTF8&ASIN=B01M6WSYXV,"5.0 "," the United States "," January 7, 2025",Color: Green,Verified Purchase,Great for travel as it is completely flat when empty. Vibrant green color. Functional and stylish. Strong magnets,
Amazon Customer,Cute stylish bag,https://www.amazon.com/gp/customer-reviews/R3CD3FYST9PN55/ref=cm_cr_getr_d_rvw_ttl?ie=UTF8&ASIN=B01M6WSYXV,"5.0 "," the United States "," January 5, 2025",Color: -Brown,Verified Purchase,Bought this for my daughter. She loves how stylish it looks and it’s so soft. Great value. No bad smell.,
heather,Perfect size for all your essentials,https://www.amazon.com/gp/customer-reviews/R2MD36H9ZIV1U0/ref=cm_cr_getr_d_rvw_ttl?ie=UTF8&ASIN=B01M6WSYXV,"5.0 "," the United States "," January 1, 2025",Color: -Brown,Verified Purchase,Good quality and I have the tan and red. Would definitely recommend.,
Sewn so poorly and with white thread instead of green... Awful,Don't waste your money,https://www.amazon.com/gp/customer-reviews/R3JJSB5WNOY8J3/ref=cm_cr_getr_d_rvw_ttl?ie=UTF8&ASIN=B01M6WSYXV,"1.0 "," the United States "," January 1, 2025",Color: Green,Verified Purchase,Sewn so poorly.. and with white thread instead of green.. I took it all apart and used my sewing machine with green thread just to use it for what I intended..,
Amazon Customer,Catch all,https://www.amazon.com/gp/customer-reviews/R2DEO4GB2JY7M7/ref=cm_cr_getr_d_rvw_ttl?ie=UTF8&ASIN=B01M6WSYXV,"5.0 "," the United States "," December 30, 2024",Color: Black,Verified Purchase,Love this bag. It is kinda a catch all bag but very wide opening when u unbutton the sides. I love it for a toss stuff in and go purse so cute and unique,
virtue,Not worth it,https://www.amazon.com/gp/customer-reviews/R3434ASFGBMFFU/ref=cm_cr_getr_d_rvw_ttl?ie=UTF8&ASIN=B01M6WSYXV,"2.0 "," the United States "," December 22, 2024",Color: -Brown,Verified Purchase,"The bag looks like the picture online, but it's not functional and the make shift handles start looking stretched while carrying and this is after I toted it once. You can't put much in it without it feeling heavy.",
Asia,Cute,https://www.amazon.com/gp/customer-reviews/R3C8I3S0QSADNS/ref=cm_cr_getr_d_rvw_ttl?ie=UTF8&ASIN=B01M6WSYXV,"5.0 "," the United States "," December 20, 2024",Color: Hot Pink,Verified Purchase,Loved it,
Kiva francis,Brown hand bag,https://www.amazon.com/gp/customer-reviews/R2OIOJT31NPI0Y/ref=cm_cr_getr_d_rvw_ttl?ie=UTF8&ASIN=B01M6WSYXV,"5.0 "," the United States "," December 12, 2024",Color: -Brown,Verified Purchase,"Great quality, great price, 10/10 would recommend",
L Clarke,Looks cheap,https://www.amazon.com/gp/customer-reviews/R8VAU886DIYK8/ref=cm_cr_getr_d_rvw_ttl?ie=UTF8&ASIN=B01M6WSYXV,"2.0 "," the United States "," December 10, 2024",Color: Nude,Verified Purchase,Not really a fan of this bag it’s very cheap looking and flimsy,
Brandy,Very nice little bag,https://www.amazon.com/gp/customer-reviews/R197E0P2VJLSOM/ref=cm_cr_getr_d_rvw_ttl?ie=UTF8&ASIN=B01M6WSYXV,"5.0 "," the United States "," December 5, 2024",Color: Yellow,Verified Purchase,"I have no idea how long this little bag will last, but it’s perfect for going out to the club when you need a light carry, and the colors are great, I got the green and yellow. For this price, I could wear it four times then toss it.",
Marilynb,Lovely hand bag,https://www.amazon.com/gp/customer-reviews/RRN79F71CPZI0/ref=cm_cr_getr_d_rvw_ttl?ie=UTF8&ASIN=B01M6WSYXV,"3.0 "," the United States "," November 27, 2024",Color: Yellow,Verified Purchase,How it match the shoe I bought to wear proudly representing my island Jamaica,
CL,It was ok!,https://www.amazon.com/gp/customer-reviews/R1HRFP5JUTWOVY/ref=cm_cr_getr_d_rvw_ttl?ie=UTF8&ASIN=B01M6WSYXV,"3.0 "," the United States "," November 26, 2024",Color: Burgundy,Verified Purchase,"Cost effective Cute but very light. If u have keys, sanitizer and lip gloss ..proceed with caution ⚠️",
Wilson,Cheap material,https://www.amazon.com/gp/customer-reviews/RP2SWW13Y5K28/ref=cm_cr_getr_d_rvw_ttl?ie=UTF8&ASIN=B01M6WSYXV,"1.0 "," the United States "," November 24, 2024",,Verified Purchase,Carried it twice now the purse is tearing up. Handle has separated. Definitely cheat material.,
kathy matthews-barbour,In The Pink,https://www.amazon.com/gp/customer-reviews/R1PP38NV3Z1HKR/ref=cm_cr_getr_d_rvw_ttl?ie=UTF8&ASIN=B01M6WSYXV,"5.0 "," the United States "," November 23, 2024",Color: Hot Pink,Verified Purchase,So Mamy Completely Satisfied Great Quality,
DJ Thompson,Great Buy,https://www.amazon.com/gp/customer-reviews/R3HFP53ZMI7AX2/ref=cm_cr_getr_d_rvw_ttl?ie=UTF8&ASIN=B01M6WSYXV,"5.0 "," the United States "," November 22, 2024",Color: Yellow,,I can’t wait to wear this purse 🤩💁🏽‍♀️,
Tbelle,Super cute,https://www.amazon.com/gp/customer-reviews/R1EL0TJKJW309K/ref=cm_cr_getr_d_rvw_ttl?ie=UTF8&ASIN=B01M6WSYXV,"3.0 "," the United States "," November 22, 2024",Color: Pink,Verified Purchase,I get a ton of compliments on this purse. However it cannot have any weight in it or the circle gets small slits in it and they show 😟,
Sarah,"Nice, but not what i expected",https://www.amazon.com/gp/customer-reviews/R13V6UZ99QW7RG/ref=cm_cr_getr_d_rvw_ttl?ie=UTF8&ASIN=B01M6WSYXV,"4.0 "," the United States "," November 20, 2024",Color: Light Grey,Verified Purchase,"Just arrived today - here’s my first impression…nice size, cute design, thought it was smooth leather but it is pebbly texture, i ordered light grey and it is closer to off-white or khaki (more tan/yellowish tones). The color is the most questionable for me - i have another bag this color and while it is “neutral”, it was not what i expected and im not too excited about it. I will see how it looks with some outfits - it will probably work fine colorwise. Also, the insert is removable - you can keep it in to make a large flat base or take it out to have more of an envelope style. All in all, its a fun, different design at a good price!",
It’s Her,Cheaply made,https://www.amazon.com/gp/customer-reviews/R3O29P1MDSO5ZA/ref=cm_cr_getr_d_rvw_ttl?ie=UTF8&ASIN=B01M6WSYXV,"2.0 "," the United States "," November 18, 2024",Color: Olive,Verified Purchase,It’s cheaply made and looks cheap. I don’t like it. Looks like something made in an arts and crafts class for beginners.,
Iysha Jones,Cute bag!,https://www.amazon.com/gp/customer-reviews/RL2FWUJOQPSWR/ref=cm_cr_getr_d_rvw_ttl?ie=UTF8&ASIN=B01M6WSYXV,"4.0 "," the United States "," November 17, 2024",Color: -Brown,Verified Purchase,This is a great light weight bag with plenty of room. The material is thin so it’s not meant for heavy use.,
Ms. Womack,Elegant clutch,https://www.amazon.com/gp/customer-reviews/RW3SAAJF6T2IB/ref=cm_cr_getr_d_rvw_ttl?ie=UTF8&ASIN=B01M6WSYXV,"5.0 "," the United States "," November 16, 2024",Color: Black,Verified Purchase,This can be carried daily or for a special occasion.,
Lola,The color of the season,https://www.amazon.com/gp/customer-reviews/RXST0HUACY5UC/ref=cm_cr_getr_d_rvw_ttl?ie=UTF8&ASIN=B01M6WSYXV,"5.0 "," the United States "," October 28, 2024",Color: Burgundy,Verified Purchase,"Great little bag. Perfect, I love it!!",
Kisha Coston,Perfect match,https://www.amazon.com/gp/customer-reviews/R2VWD64UX0O0B2/ref=cm_cr_getr_d_rvw_ttl?ie=UTF8&ASIN=B01M6WSYXV,"5.0 "," the United States "," October 26, 2024",Color: Yellow,Verified Purchase,"This purse matched perfectly with my sandles. It's soft eventho it's not real leather. It doesn't stink,and it's really cute",
May,Purse order,https://www.amazon.com/gp/customer-reviews/R10BF3J2Q51M17/ref=cm_cr_getr_d_rvw_ttl?ie=UTF8&ASIN=B01M6WSYXV,"5.0 "," the United States "," October 15, 2024",Color: Green,Verified Purchase,My purses were just what I expected! I love them,
Amazon Customer,Nice color,https://www.amazon.com/gp/customer-reviews/R1E63D748NU478/ref=cm_cr_getr_d_rvw_ttl?ie=UTF8&ASIN=B01M6WSYXV,"5.0 "," the United States "," October 14, 2024",Color: Sea Blue,Verified Purchase,Love it,
Nicole,Super Cute,https://www.amazon.com/gp/customer-reviews/R1YV22U7NLWN1X/ref=cm_cr_getr_d_rvw_ttl?ie=UTF8&ASIN=B01M6WSYXV,"5.0 "," the United States "," October 12, 2024",Color: Yellow,Verified Purchase,This bag is super cute and larger than I thought it would be. It fit everything that I normally carry AND it even had room for my flats! The yellow color is vibrant and the material doesn’t feel cheap. Its shape also gets noticed. I was complimented several times.,3
Teepee,Love,https://www.amazon.com/gp/customer-reviews/R3G68UJM2B717B/ref=cm_cr_getr_d_rvw_ttl?ie=UTF8&ASIN=B01M6WSYXV,"5.0 "," the United States "," October 12, 2024",Color: Yellow,Verified Purchase,Great bag. I've ordered in three colors so far. Quality craftsmanship. Perfect size for everyday or when traveling. Easy style for any wardrobe & good for all seasons. I get compliments whenever I wear them.,2
Isabel Elizondo,Perfect and cute!,https://www.amazon.com/gp/customer-reviews/R3JALEEXQW32RA/ref=cm_cr_getr_d_rvw_ttl?ie=UTF8&ASIN=B01M6WSYXV,"5.0 "," the United States "," October 8, 2024",Color: Nude,Verified Purchase,"Used it for a wedding, the nude tone allowed it to match perfectly with my multi-colored dress and nude color heels.  It's small but spacy enough to fit my flats down at the bottom while still fitting my phone and lipstick.  Had space for more but didn't want to carry more.",
Angela Matthews,Great Quality,https://www.amazon.com/gp/customer-reviews/R2PAG9ESA1GGND/ref=cm_cr_getr_d_rvw_ttl?ie=UTF8&ASIN=B01M6WSYXV,"5.0 "," the United States "," October 5, 2024",Color: Yellow,Verified Purchase,I love this purchase,
Judith E.,Cute,https://www.amazon.com/gp/customer-reviews/R32C7IPACAF3K8/ref=cm_cr_getr_d_rvw_ttl?ie=UTF8&ASIN=B01M6WSYXV,"5.0 "," the United States "," October 4, 2024",Color: Yellow,Verified Purchase,"This bag was so cute, I ordered more in other colors. I received many compliments on this bag.",
Val T,Black purse...faux alligator skin,https://www.amazon.com/gp/customer-reviews/RJX25J12G41S/ref=cm_cr_getr_d_rvw_ttl?ie=UTF8&ASIN=B01M6WSYXV,"3.0 "," the United States "," October 3, 2024",,Verified Purchase,Product was nice. Cheaply made. Purse was not sturdy. Handle feels like it could tear with too many items inside.,
Tara,Pop of color,https://www.amazon.com/gp/customer-reviews/R17Q4DGYL9CQ2M/ref=cm_cr_getr_d_rvw_ttl?ie=UTF8&ASIN=B01M6WSYXV,"5.0 "," the United States "," October 2, 2024",Color: Yellow,Verified Purchase,This bag is perfect for a pop of color or a bag that you would need to carry much,5
Michelle L,Fun minimalist,https://www.amazon.com/gp/customer-reviews/R1RV2K1GUTT6WN/ref=cm_cr_getr_d_rvw_ttl?ie=UTF8&ASIN=B01M6WSYXV,"5.0 "," the United States "," October 1, 2024",Color: Burgundy,Verified Purchase,The quality seems to be on par and that it will hold up with use.,
saaz,Quality,https://www.amazon.com/gp/customer-reviews/R16YGT2M6NUWQI/ref=cm_cr_getr_d_rvw_ttl?ie=UTF8&ASIN=B01M6WSYXV,"5.0 "," the United States "," September 23, 2024",Color: -Brown,Verified Purchase,Vey high end and elegant looking!,
Cheyenne,Cute...But it's not burgundy,https://www.amazon.com/gp/customer-reviews/RR2BRS6ABEIO4/ref=cm_cr_getr_d_rvw_ttl?ie=UTF8&ASIN=B01M6WSYXV,"3.0 "," the United States "," September 20, 2024",Color: Burgundy,Verified Purchase,Cute purse. Love the pebble texture but the color is more of a deep red and definitely not burgundy as described.,
Nay,Love this bag!!,https://www.amazon.com/gp/customer-reviews/RYY9YR1MVGP2V/ref=cm_cr_getr_d_rvw_ttl?ie=UTF8&ASIN=B01M6WSYXV,"5.0 "," the United States "," September 17, 2024",Color: Dark Blue,Verified Purchase,This bag was exactly what I expected. I Got plenty of compliments on it !!,
Karen Ann Mainquist,Great handbag,https://www.amazon.com/gp/customer-reviews/R37SPDDCQHS3FJ/ref=cm_cr_getr_d_rvw_ttl?ie=UTF8&ASIN=B01M6WSYXV,"5.0 "," the United States "," September 16, 2024",Color: Nude,Verified Purchase,This purse is so different and so cute!  Lots of room without being too big.  And so many colors available!,
Mary,Cute,https://www.amazon.com/gp/customer-reviews/RYOAI5ERT9O1W/ref=cm_cr_getr_d_rvw_ttl?ie=UTF8&ASIN=B01M6WSYXV,"4.0 "," the United States "," September 16, 2024",Color: Dark Blue,Verified Purchase,"Está muy cute la bolsa de mano pero si le pones un poquito de peso se deforma. Es solo para llevar las llaves, el wallet y el cel.",
Rhonda L. Smart,So stylish- beautifully made great quality,https://www.amazon.com/gp/customer-reviews/R29YRTDXX3X2ZL/ref=cm_cr_getr_d_rvw_ttl?ie=UTF8&ASIN=B01M6WSYXV,"5.0 "," the United States "," September 13, 2024",Color: Nude,Verified Purchase,Beautiful!,
Jjtm324,G g a t l,https://www.amazon.com/gp/customer-reviews/RNIP6T07V2NPW/ref=cm_cr_getr_d_rvw_ttl?ie=UTF8&ASIN=B01M6WSYXV,"5.0 "," the United States "," September 7, 2024",Color: Nude,Verified Purchase,"There was nothing that I didn't like about the bag. I like the color the style made me feel good, caring it and I got lots of compliments",
Amazon Customer,Very spacey comfortable cute n chic,https://www.amazon.com/gp/customer-reviews/R1PW3CC1CVE34M/ref=cm_cr_getr_d_rvw_ttl?ie=UTF8&ASIN=B01M6WSYXV,"5.0 "," the United States "," September 6, 2024",Color: Nude,Verified Purchase,I loved it exactly like pictures online good quality n same color,
Luis Castillo,Awesome,https://www.amazon.com/gp/customer-reviews/R1UO8J6B65GHJU/ref=cm_cr_getr_d_rvw_ttl?ie=UTF8&ASIN=B01M6WSYXV,"5.0 "," the United States "," September 4, 2024",Color: Nude,Verified Purchase,Beautiful,
Phibulous,Roomy Elegant Bag,https://www.amazon.com/gp/customer-reviews/R182BUE5VUEALS/ref=cm_cr_getr_d_rvw_ttl?ie=UTF8&ASIN=B01M6WSYXV,"5.0 "," the United States "," August 27, 2024",,Verified Purchase,"This is a roomy crocodile embossed bag. I was able to fit a large cell phone, key, personal mini-fan, ricolas, tissue, a pen, and gloss. There is a flat piece which covers the bottom to support the ba in maintaining it's shape. You can't go wrong with this one.",
CGrey,"Nice Bag, Fits a Lot!",https://www.amazon.com/gp/customer-reviews/R2F2NC9158TCMX/ref=cm_cr_getr_d_rvw_ttl?ie=UTF8&ASIN=B01M6WSYXV,"5.0 "," the United States "," August 25, 2024",Color: Burgundy,Verified Purchase,This is a great bag that fits quite a bit of stuff. I've gotten a lot of compliments on it!,13
Ro,Omg!!,https://www.amazon.com/gp/customer-reviews/R2UTW71H3VZVSW/ref=cm_cr_getr_d_rvw_ttl?ie=UTF8&ASIN=B01M6WSYXV,"5.0 "," the United States "," August 22, 2024",Color: Olive,Verified Purchase,"This purse is everything! Great quality. I love the unique style, perfect small size but large enough to hold all of your essentials. I will be ordering more colors.",
paige edwards,Too cute,https://www.amazon.com/gp/customer-reviews/RO3U40HRRGSFS/ref=cm_cr_getr_d_rvw_ttl?ie=UTF8&ASIN=B01M6WSYXV,"5.0 "," the United States "," August 19, 2024",Color: Burgundy,Verified Purchase,"This purse is too cute. I read the reviews and was a little hesitant to purchase it, but I decided to take a chance. Yes, things do disappear into the bottom of the purse, but that's no different than a lot of purses. The style is cute and I've received a lot of compliments. The material, while not being real leather, looks and feels like real leather, so I'm happy. I intend to buy another one in a different color.",
Michelle Vaughan,Cost and Color,https://www.amazon.com/gp/customer-reviews/R1IUPPJ5IGG7PQ/ref=cm_cr_getr_d_rvw_ttl?ie=UTF8&ASIN=B01M6WSYXV,"5.0 "," the United States "," August 15, 2024",Color: Yellow,Verified Purchase,Color was spot on just the right size for the occasion.,
Amazon Customer,Attention getter,https://www.amazon.com/gp/customer-reviews/R1HXY379XIZBF/ref=cm_cr_getr_d_rvw_ttl?ie=UTF8&ASIN=B01M6WSYXV,"5.0 "," the United States "," August 11, 2024",Color: Yellow,Verified Purchase,This little bag is adorable. Everywhere I go. Someone comments on it. Highly recommend.,
F Will,Great color selection for casual bag,https://www.amazon.com/gp/customer-reviews/R3MQ9MCDN0NRU8/ref=cm_cr_getr_d_rvw_ttl?ie=UTF8&ASIN=B01M6WSYXV,"4.0 "," the United States "," July 31, 2024",Color: Green,Verified Purchase,"I ordered this bright green bag primarily for the color = gorgeous green!  So one might call it an impulsive purchase.  I like the size, the way it fits on my lower arm and the simplicity of it.  If you are looking for a forever bag, possibly not, but for a side and fun  choice, yes!",
Bubulilly,So different,https://www.amazon.com/gp/customer-reviews/RIFGUFDU1UHKI/ref=cm_cr_getr_d_rvw_ttl?ie=UTF8&ASIN=B01M6WSYXV,"5.0 "," the United States "," July 31, 2024",Color: Olive,Verified Purchase,"I purchased 2, one for me and a friend. Going on a cruise and know we'll be cute. It's not real leather but is nice and the perfect size.",
Ernestine Moore,Looks exactly like picture.,https://www.amazon.com/gp/customer-reviews/R2AP2POPI358E5/ref=cm_cr_getr_d_rvw_ttl?ie=UTF8&ASIN=B01M6WSYXV,"5.0 "," the United States "," July 29, 2024",Color: Yellow,Verified Purchase,My purse matched my shoes perfectly! It’s very roomy too. Very cute and stylish.,
SEWA F.,What a nice and lovely bag!!!,https://www.amazon.com/gp/customer-reviews/R3CEKX4OJAWOYF/ref=cm_cr_getr_d_rvw_ttl?ie=UTF8&ASIN=B01M6WSYXV,"5.0 "," the United States "," July 27, 2024",Color: Yellow,Verified Purchase,"First, my orders are gifts for my family and friends, and I'm in awe for the cut and the beauty of these bags. Besides, the prices are affordable. My chosen colors and the smoothness of the material said it all. Very classy bags for gifts. I love it.",
Carolyne ngugi,Simply Gorgeous,https://www.amazon.com/gp/customer-reviews/R11H95MITZK65L/ref=cm_cr_getr_d_rvw_ttl?ie=UTF8&ASIN=B01M6WSYXV,"5.0 "," the United States "," July 25, 2024",Color: -Brown,Verified Purchase,I love the quality of my bag . It is lightweight and the color is vibrant and stunning . It’s quite a good size for what I needed it for . No smell and no straps,
Hat,Beautiful Hot Pink bag!!!💕💕💕,https://www.amazon.com/gp/customer-reviews/R10SQ6WOZR0EB0/ref=cm_cr_getr_d_rvw_ttl?ie=UTF8&ASIN=B01M6WSYXV,"4.0 "," the United States "," July 25, 2024",Color: Hot Pink,Verified Purchase,Just the right size and color but needs reinforcement around the handle area.,
Shannen,Love this bag!,https://www.amazon.com/gp/customer-reviews/RAX8NVM4TIF2/ref=cm_cr_getr_d_rvw_ttl?ie=UTF8&ASIN=B01M6WSYXV,"5.0 "," the United States "," July 22, 2024",,Verified Purchase,"This bag is perfect! The quality is good, it doesn’t feel cheap, and the color looks like real leather! I fit so many things in the bag but it’s still not a big bag. It has a comfortable feel on the handle. The material is soft but the bag I would say is sturdy enough to stay the shape when placed on a surface.",
Tracy chase,It's different,https://www.amazon.com/gp/customer-reviews/R1APIHJW906BG4/ref=cm_cr_getr_d_rvw_ttl?ie=UTF8&ASIN=B01M6WSYXV,"5.0 "," the United States "," July 17, 2024",Color: Pink,Verified Purchase,I like the design of this handbag. I will order more in a different color.,
Jen,Quality,https://www.amazon.com/gp/customer-reviews/R2PDIP2JAT4IT4/ref=cm_cr_getr_d_rvw_ttl?ie=UTF8&ASIN=B01M6WSYXV,"2.0 "," the United States "," July 16, 2024",,Verified Purchase,Material not sturdy around handle. Material ripped after carrying only a couple of times.,
Melanie Gloster,Cute purse but not meant for carrying much,https://www.amazon.com/gp/customer-reviews/R1ACTOAXVUTHAU/ref=cm_cr_getr_d_rvw_ttl?ie=UTF8&ASIN=B01M6WSYXV,"3.0 "," the United States "," July 15, 2024",Color: Yellow,Verified Purchase,"Loved this purse and received many compliments on it every time I carried it. After about a month, the handle ripped. I think this would be better suited for occasional use instead of every day carry and with a few lightweight items inside. I will probably reorder and save for special events.",4
Muffin,Nice but kinda flimsy,https://www.amazon.com/gp/customer-reviews/RUOLJBD3SVGLU/ref=cm_cr_getr_d_rvw_ttl?ie=UTF8&ASIN=B01M6WSYXV,"2.0 "," the United States "," July 14, 2024",Color: Light Grey,Verified Purchase,"I got alot of compliments, however,  the handle feels like its gonna break or peel and that's with my wallet and phone in it.",
Maggie Howard,Not nude,https://www.amazon.com/gp/customer-reviews/R1CUKHV276YWFG/ref=cm_cr_getr_d_rvw_ttl?ie=UTF8&ASIN=B01M6WSYXV,"4.0 "," the United States "," July 10, 2024",Color: Nude,Verified Purchase,"This purse is adorable, and collapses flat for travel. I purchased it in green and in this color that is listed as nude; however, it is actually camel colored. Im keeping it because I have camel shoes that match it, but it doesnt match the outfit it was intended for.",
Sharon Edmond,Vibrant color,https://www.amazon.com/gp/customer-reviews/R2Z3TV8136EU54/ref=cm_cr_getr_d_rvw_ttl?ie=UTF8&ASIN=B01M6WSYXV,"5.0 "," the United States "," July 10, 2024",Color: Green,Verified Purchase,I totally love the color. I have shoes that will compliment the purse very well. Also. I like the rounded handle that you can carry with your hand or arm.,
Dr. Aquanetta Copeland,Cute bag!,https://www.amazon.com/gp/customer-reviews/R3V8BQZ8ETZ2QZ/ref=cm_cr_getr_d_rvw_ttl?ie=UTF8&ASIN=B01M6WSYXV,"5.0 "," the United States "," July 6, 2024",,Verified Purchase,"Nothing that I didn't like. To close it though you can't have too much in it for those who need a lot.  I only carry to church and carry essentials, so this is perfect.",
Kelz,"Not quite what I was expecting, but I like it",https://www.amazon.com/gp/customer-reviews/RI74LATG9C6TB/ref=cm_cr_getr_d_rvw_ttl?ie=UTF8&ASIN=B01M6WSYXV,"5.0 "," the United States "," June 28, 2024",Color: Yellow,Verified Purchase,"So I really thought it was gonna be a bit bigger. I don’t know from the photos. I imagined it having more room but the style and the look is cute. It seems to be made well and I wouldn’t mind having another color. I still give it a 5 star because it does live up to its description. However, I would like it a little bigger.",
Carla Manuel,Cute,https://www.amazon.com/gp/customer-reviews/R2ZU3T91N53BO1/ref=cm_cr_getr_d_rvw_ttl?ie=UTF8&ASIN=B01M6WSYXV,"5.0 "," the United States "," June 17, 2024",Color: -Brown,Verified Purchase,I love this little bag. It’s perfect for outings and services. I will be purchasing additional colors.,
SK,Pretty color,https://www.amazon.com/gp/customer-reviews/RA9MV8S8RFWVT/ref=cm_cr_getr_d_rvw_ttl?ie=UTF8&ASIN=B01M6WSYXV,"4.0 "," the United States "," June 16, 2024",Color: Sea Blue,Verified Purchase,The handbag will be fine to compliment a few outfits but definitely not an everyday thing,
Lasso Of Truth,"INSERT PIECE NOT INCLUDED, SAD.",https://www.amazon.com/gp/customer-reviews/R4CDHRW4PZSF1/ref=cm_cr_getr_d_rvw_ttl?ie=UTF8&ASIN=B01M6WSYXV,"1.0 "," the United States "," June 14, 2024",Color: Yellow,Verified Purchase,"The purse is beautiful, but it has no structure as they neglected to send the flat piece that sits on the bottom of the purse which causes it to lay flat on a table or desk.  So disappointed.  The purse collapses without that insert piece.",
Lisa H.,Perfect Purse,https://www.amazon.com/gp/customer-reviews/R33X2NCYB03ZBB/ref=cm_cr_getr_d_rvw_ttl?ie=UTF8&ASIN=B01M6WSYXV,"5.0 "," the United States "," June 14, 2024",Color: Dark Blue,Verified Purchase,So adorable and I’ve had tons of compliments!,
Anne Kelly,Adorable,https://www.amazon.com/gp/customer-reviews/RHN5YVZU6NMCA/ref=cm_cr_getr_d_rvw_ttl?ie=UTF8&ASIN=B01M6WSYXV,"5.0 "," the United States "," June 12, 2024",Color: Nude,Verified Purchase,Great bag that holds a lot more than i expected. Good quality & fun style,
Tika V. Shelton,You get what you pay for!,https://www.amazon.com/gp/customer-reviews/R2VVK85FDKWBPV/ref=cm_cr_getr_d_rvw_ttl?ie=UTF8&ASIN=B01M6WSYXV,"2.0 "," the United States "," June 2, 2024",Color: Burgundy,Verified Purchase,When the handbag arrived the merchant did not even bother to package it.  It came in a clear plastic bag and it was as flat as an envelope.  Looks cheap.,
Mahogany Centric,Stylish Purse,https://www.amazon.com/gp/customer-reviews/RYV85F8SOYMJK/ref=cm_cr_getr_d_rvw_ttl?ie=UTF8&ASIN=B01M6WSYXV,"5.0 "," the United States "," May 30, 2024",Color: Nude,Verified Purchase,This purse is sleek and very stylish. Can be used for formal or business casual. Great purchase. Thank you!,
Regina,Vintage and Chic!,https://www.amazon.com/gp/customer-reviews/RL6A04LUDNWXZ/ref=cm_cr_getr_d_rvw_ttl?ie=UTF8&ASIN=B01M6WSYXV,"5.0 "," the United States "," May 28, 2024",Color: Yellow,Verified Purchase,"I fell in love with this purse the moment I saw it and ordered it in 3 colors.  The yellow one arrived yesterday and I couldn't be happier.  It's stylish and sturdy, holds a lot, but won't be my everyday purse of course.  I got a nice variety of colors so I could match them with different outfits.  I love the vintage style of this bag.  It's well made and affordable as it has no frills.  No extra pockets to mess with.  It has snaps in the corners and the middle to keep your items secure and help the bag hold its shape.  Highly recommend!",2
shatonga pegram,The cuttiest bag,https://www.amazon.com/gp/customer-reviews/R2BOVL9JZQDVSL/ref=cm_cr_getr_d_rvw_ttl?ie=UTF8&ASIN=B01M6WSYXV,"5.0 "," the United States "," May 27, 2024",Color: Sea Blue,,This bag is beautiful in person will be purchasing 4 more soon,
Michelle Ballard,Very cute,https://www.amazon.com/gp/customer-reviews/R3N8DQRTI0MAH5/ref=cm_cr_getr_d_rvw_ttl?ie=UTF8&ASIN=B01M6WSYXV,"5.0 "," the United States "," May 27, 2024",Color: Dark Blue,Verified Purchase,It is a no brainer! So cute and colors are great. Love it!,
Diana Buchanan,Perfect size,https://www.amazon.com/gp/customer-reviews/R2E3T5XW2ZKIP0/ref=cm_cr_getr_d_rvw_ttl?ie=UTF8&ASIN=B01M6WSYXV,"5.0 "," the United States "," May 24, 2024",Color: -Brown,Verified Purchase,"Very cute and the perfect size, fits wallet, phone and other item you may need for a night out.",
esbee3911,So cute!,https://www.amazon.com/gp/customer-reviews/R2BDEVDRCY3FHO/ref=cm_cr_getr_d_rvw_ttl?ie=UTF8&ASIN=B01M6WSYXV,"5.0 "," the United States "," May 21, 2024",Color: Yellow,Verified Purchase,"I have purses that cost $$$$ but I get the most compliments on this one. Roomy enough for phone, small makeup bag and wallet. Snaps inside and on the sides. Super cute!",
Sunflower,Perfect,https://www.amazon.com/gp/customer-reviews/R16JXR2AHVBFTZ/ref=cm_cr_getr_d_rvw_ttl?ie=UTF8&ASIN=B01M6WSYXV,"4.0 "," the United States "," May 18, 2024",Color: -Brown,Verified Purchase,"To be honest, only needed to square off with this jumper. It became a conversation piece at an event. Needless to say, went to the next event and the woman that inquired about it, had one but another color.",18
Woodeline Joseph,Very good,https://www.amazon.com/gp/customer-reviews/RDQ7K42PXI0WV/ref=cm_cr_getr_d_rvw_ttl?ie=UTF8&ASIN=B01M6WSYXV,"5.0 "," the United States "," May 17, 2024",Color: Hot Pink,Verified Purchase,10/10 very good love it great material,
Lynn E Maylone,Great bag!,https://www.amazon.com/gp/customer-reviews/R2XYG7TAICN834/ref=cm_cr_getr_d_rvw_ttl?ie=UTF8&ASIN=B01M6WSYXV,"5.0 "," the United States "," May 14, 2024",Color: Nude,Verified Purchase,"This is a great bag! It’s not huge, but holds enough. I prefer a shoulder strap, but for certain occasions this is a stylish accessory. I have received many compliments.",2
Amazon Customer,Es súper elegante y cómodo,https://www.amazon.com/gp/customer-reviews/RFDVDY6P2JILD/ref=cm_cr_getr_d_rvw_ttl?ie=UTF8&ASIN=B01M6WSYXV,"5.0 "," the United States "," May 14, 2024",,Verified Purchase,Lo amoo.,
Ericka B,Purse,https://www.amazon.com/gp/customer-reviews/R20UYKGX4RKGBC/ref=cm_cr_getr_d_rvw_ttl?ie=UTF8&ASIN=B01M6WSYXV,"3.0 "," the United States "," May 13, 2024",Color: Green,Verified Purchase,Cute but very thin and not so well made.,
Crystal,Such a fun purse,https://www.amazon.com/gp/customer-reviews/R1BHI8VH60HAJP/ref=cm_cr_getr_d_rvw_ttl?ie=UTF8&ASIN=B01M6WSYXV,"5.0 "," the United States "," May 13, 2024",Color: Yellow,Verified Purchase,"Bought this for a photo shoot because it was the exact color I needed. The leather is smooth, the closure is secure, the bottom is sturdy because of the insert, very roomy, the stitching is consistent, and the handles are the perfect height. And there is NO strange smell to it, I guess people are worried about that for some reason lol",9
Anita Williams,Love Love this Purse 👛,https://www.amazon.com/gp/customer-reviews/RA14B13B2WT6C/ref=cm_cr_getr_d_rvw_ttl?ie=UTF8&ASIN=B01M6WSYXV,"5.0 "," the United States "," May 10, 2024",Color: Yellow,Verified Purchase,This purse can be paired with church or causal attire. It’s a soft material with a the flexibility of open it up wide or folding it to be slim. The Yellow went will with my entire look for a Women Conference. Very elegant. Most have in your wardrobe.,
vb,Unique and stylish,https://www.amazon.com/gp/customer-reviews/R576RQQQZ2NOT/ref=cm_cr_getr_d_rvw_ttl?ie=UTF8&ASIN=B01M6WSYXV,"4.0 "," the United States "," May 10, 2024",Color: Dark Blue,Verified Purchase,"I love this bag!  It’s got such an edgy look and it fits all the necessary items. And it was so cheap!!  I got the navy and I think the dark color helps it look a bit more elevated.  The square edges are a nice touch and the magnetic closure stayed put.  I wore it to a wedding and then wound up using it as my purse the rest of the weekend.  It held up fine- but I was a little aware to be gentle on the wrist opening.  It’s just a raw “leather” edge and I wondered if it would rip around the circle- so far so good, but I was trying to be careful.  All in all, it was a gamble that paid off when I was looking for something classy but out of the ordinary.",3
nancy berger,Lovely bag perfect size,https://www.amazon.com/gp/customer-reviews/R3SFL8FYQ74I9B/ref=cm_cr_getr_d_rvw_ttl?ie=UTF8&ASIN=B01M6WSYXV,"5.0 "," the United States "," May 8, 2024",Color: Yellow,Verified Purchase,Perfect size,
Stacy75,So cute!,https://www.amazon.com/gp/customer-reviews/R37KSP3BQDHI62/ref=cm_cr_getr_d_rvw_ttl?ie=UTF8&ASIN=B01M6WSYXV,"5.0 "," the United States "," May 7, 2024",Color: Yellow,Verified Purchase,I got the yellow and it’s simple… and I love it! It has snaps on the sides and one for the middle at the bottom of the handle. There is also a piece to lay at the bottom to keep it open. Love it! It’s happy yellow and everyone should have one!,
Doomsday Cafe,My wife's happy with it...,https://www.amazon.com/gp/customer-reviews/R2TT004BK8RUHO/ref=cm_cr_getr_d_rvw_ttl?ie=UTF8&ASIN=B01M6WSYXV,"5.0 "," the United States "," May 1, 2024",Color: Black,Verified Purchase,... and that's all that matters.,
Kabrelle Anderson,Love it,https://www.amazon.com/gp/customer-reviews/R39UVF6K7UVNLY/ref=cm_cr_getr_d_rvw_ttl?ie=UTF8&ASIN=B01M6WSYXV,"5.0 "," the United States "," May 1, 2024",Color: Yellow,Verified Purchase,Not too big not too small .. very much space inside. Love the color!,13
Kathleen Mason,Love it,https://www.amazon.com/gp/customer-reviews/R2MJ6TO0HF14UP/ref=cm_cr_getr_d_rvw_ttl?ie=UTF8&ASIN=B01M6WSYXV,"5.0 "," the United States "," April 26, 2024",Color: Dark Blue,Verified Purchase,Color is amazing. So cute.,
Akemi Hanashiro,Too small,https://www.amazon.com/gp/customer-reviews/R36FFBTY0WW40K/ref=cm_cr_getr_d_rvw_ttl?ie=UTF8&ASIN=B01M6WSYXV,"1.0 "," the United States "," April 26, 2024",Color: Hot Pink,Verified Purchase,Returned it due to the size,
Calandra Wilson,Super cute...,https://www.amazon.com/gp/customer-reviews/R1KM9HIJI1BOCU/ref=cm_cr_getr_d_rvw_ttl?ie=UTF8&ASIN=B01M6WSYXV,"5.0 "," the United States "," April 22, 2024",Color: -Brown,Verified Purchase,But don't fill it up with heavy things. The handle will misshapen.,2
Kathy G.,I Love this Bag!,https://www.amazon.com/gp/customer-reviews/R2650TRXN8PW26/ref=cm_cr_getr_d_rvw_ttl?ie=UTF8&ASIN=B01M6WSYXV,"4.0 "," the United States "," April 20, 2024",Color: Green,,"For the past two summers, I've bought this bag; once in light blue and once in yellow. This year it will be green. I always get compliments.  I'm pretty sure all of the girls working at Anthropologie own one now! With daily use, after the summer, I toss it. The top of the circle tends to crack but I use it all the time and sometimes carry random bottles of champagne so the bag gets used. I love this bag. It's a statement and wonderfully functional. You won't be disappointed. Get all the colors!",
Brownie,Just ok,https://www.amazon.com/gp/customer-reviews/R16EFY87EX62RT/ref=cm_cr_getr_d_rvw_ttl?ie=UTF8&ASIN=B01M6WSYXV,"5.0 "," the United States "," April 16, 2024",Color: Yellow,Verified Purchase,"After a couple of wares, the handle does not last",
Eunice Pope,Nice bag.,https://www.amazon.com/gp/customer-reviews/R28ZG3M80P0P4E/ref=cm_cr_getr_d_rvw_ttl?ie=UTF8&ASIN=B01M6WSYXV,"4.0 "," the United States "," April 16, 2024",Color: Olive,Verified Purchase,Liked the shape. Will be somewhat different from other handbags I own. Needed the green to match a summer outfit. Will work very well,
Amazon Customer,Handle stretches out quickly,https://www.amazon.com/gp/customer-reviews/R1L3QMS9FT19KL/ref=cm_cr_getr_d_rvw_ttl?ie=UTF8&ASIN=B01M6WSYXV,"1.0 "," the United States "," April 15, 2024",Color: Nude,Verified Purchase,"This was a super, cute, unusual purse when I first got it. Within 2 weeks, the handle stretched out and it looked ridiculous when I carried the bag. The shape doesn't hold up. I wish it did because I would have ordered additional colors. I only carried this purse a few times a week so it didn't take long for this to happen",4
Amazon Customer,Beautiful bag!,https://www.amazon.com/gp/customer-reviews/R2VT40LY1FDQO0/ref=cm_cr_getr_d_rvw_ttl?ie=UTF8&ASIN=B01M6WSYXV,"5.0 "," the United States "," April 15, 2024",Color: Nude,Verified Purchase,"Loved the color, the texture and everything about it. Very cost effective too. Everyday use or evening attire. Love it!!!",
Sakina Hasan,White thread,https://www.amazon.com/gp/customer-reviews/RS00E36XDVHN8/ref=cm_cr_getr_d_rvw_ttl?ie=UTF8&ASIN=B01M6WSYXV,"3.0 "," the United States "," April 14, 2024",Color: Hot Pink,Verified Purchase,The purse is cute but the seller doesn’t show the white thread stitching in picture. The white thread gives it a very casual daytime look.,
April,Did not like the quality,https://www.amazon.com/gp/customer-reviews/R34LG86JG0UVWA/ref=cm_cr_getr_d_rvw_ttl?ie=UTF8&ASIN=B01M6WSYXV,"3.0 "," the United States "," April 14, 2024",Color: Yellow,Verified Purchase,I did not like this purse. I gave it away as a gift.,
