﻿评论用户,评论概述,评论链接,星级评分,评论地点,评论时间,类型,是否购买,评论详情,觉得该评论有帮助的人数
Amazon Customer,Quit working,https://www.amazon.com/gp/customer-reviews/R3M6BLDU5FH8P6/ref=cm_cr_getr_d_rvw_ttl?ie=UTF8&ASIN=B08GSH6YZ8,"1.0 "," the United States "," September 19, 2022",,Verified Purchase,Quit working----not a good purchase,
Steve A. Horvath,Cheap band,https://www.amazon.com/gp/customer-reviews/R6FM84SE7FSCQ/ref=cm_cr_getr_d_rvw_ttl?ie=UTF8&ASIN=B08GSH6YZ8,"2.0 "," the United States "," April 26, 2022",,Verified Purchase,Band is bad. Clasp barely works.  Watch constantly falls off.  I don’t recommend buying these watches,
Paul L. McGill,Stem comes out often stopping watch,https://www.amazon.com/gp/customer-reviews/RECI4Z1ZS6695/ref=cm_cr_getr_d_rvw_ttl?ie=UTF8&ASIN=B08GSH6YZ8,"2.0 "," the United States "," January 11, 2022",,Verified Purchase,"Loved watch, but sometimes stem moves out and watch stops",
Trever Shirin,"Cheap, but not the good kind",https://www.amazon.com/gp/customer-reviews/R2QQUXJWLEPET7/ref=cm_cr_getr_d_rvw_ttl?ie=UTF8&ASIN=B08GSH6YZ8,"1.0 "," the United States "," October 14, 2021",,Verified Purchase,Water damage after light use and the dial kept coming loose after only a few months.,
Tucker 2th cleaner,The minute and hour hands got out of sync. Won’t show correct time,https://www.amazon.com/gp/customer-reviews/RDPRPPC1S8ENS/ref=cm_cr_getr_d_rvw_ttl?ie=UTF8&ASIN=B08GSH6YZ8,"1.0 "," the United States "," September 8, 2021",,Verified Purchase,Looked an ran great for the first few months now it won’t tell the time correctly. The hands are off and you can’t tell the time.,
Amazon Customer,Look nice,https://www.amazon.com/gp/customer-reviews/R1B2I3EIT6EDCD/ref=cm_cr_getr_d_rvw_ttl?ie=UTF8&ASIN=B08GSH6YZ8,"5.0 "," the United States "," April 28, 2021",,Verified Purchase,"Love, the style, and great value for the $$",
Richard Patlan,"In this case, for me, this is where less is more.",https://www.amazon.com/gp/customer-reviews/R15MF7VUI70B2C/ref=cm_cr_getr_d_rvw_ttl?ie=UTF8&ASIN=B08GSH6YZ8,"5.0 "," the United States "," March 28, 2021",,Verified Purchase,"Over all I did like the watch, just a few options for the band would have been better. I'm more into the leather and non metal mesh bands. Again, overall I did like this watch and it sure is value for the money.",
FRK,Very Nice,https://www.amazon.com/gp/customer-reviews/R22K28RR7BSEPH/ref=cm_cr_getr_d_rvw_ttl?ie=UTF8&ASIN=B08GSH6YZ8,"5.0 "," the United States "," February 24, 2021",,Verified Purchase,Very nice and affordable.  I have had it for several months now and it is maintaining time fine.  It is very low profile and wears well  Great watch.,6
Sim,WASN’T NEW!! ARRIVED DAMAGED!!,https://www.amazon.com/gp/customer-reviews/RM9ZUU86TWBTV/ref=cm_cr_getr_d_rvw_ttl?ie=UTF8&ASIN=B08GSH6YZ8,"1.0 "," the United States "," February 23, 2021",,Verified Purchase,"Terrible, absolutely terrible. The packaging was ripped and the back of the watched was scratched like a cat was filling its nails on it. DON’T BUY IT!",
antonio,good watch for low price,https://www.amazon.com/gp/customer-reviews/R1OF6AVE9A36GW/ref=cm_cr_getr_d_rvw_ttl?ie=UTF8&ASIN=B08GSH6YZ8,"4.0 "," the United States "," November 23, 2020",,Verified Purchase,very good watch comfortable good price I like it!!,
Mart,Watch date can’t be changed,https://www.amazon.com/gp/customer-reviews/R1EVHHMKTFN4GQ/ref=cm_cr_getr_d_rvw_ttl?ie=UTF8&ASIN=B08GSH6YZ8,"1.0 "," the United States "," November 1, 2020",,Verified Purchase,"I ordered this watch for it’s slim design and because it had a window display of the date. Upon my initial attempt to set the date window the entire stem pulled out of the watch.  The instructions said to pull the stem out to the first stop to set the time and this worked, but the stem would not pull out to a second position as shown in the instructions, to set the date.  When I increased pressure to achieve the 2nd position the entire stem came out of the watch.",8
Todd D. Oesterreich,"Good looking watch, excellent value, slim LOOKING",https://www.amazon.com/gp/customer-reviews/R99QNOBHYROIP/ref=cm_cr_getr_d_rvw_ttl?ie=UTF8&ASIN=B08GSH6YZ8,"4.0 "," the United States "," October 20, 2020",,Verified Purchase,"I docked it one star because the watch is not actually slim, it actually appears slim because the back plate is tapered inward, so you only notice the thin top plate unless you are looking REAL close. In summary, it is not a slim watch as claimed, but it does APPEAR to be slim. Edit: It quit working after a little more than 2 years. Rplaced the battery after about 1 year, then replaced it again after about another year. The watch quit working 2 months after the second battery change, figured maybe a bad battery, replaced the battery a third time, the watch still didn't work. NOT taking a star away from the rating for that, for $30 what do you expect.",3
DeWitt Brooks,Love the watch,https://www.amazon.com/gp/customer-reviews/RGVYCIH19MBQO/ref=cm_cr_getr_d_rvw_ttl?ie=UTF8&ASIN=B08GSH6YZ8,"5.0 "," the United States "," September 27, 2020",,Verified Purchase,Very sleek and clean design.  Love the blue face and bright time numbers.  Looks really good,
