﻿评论用户,评论概述,评论链接,星级评分,评论地点,评论时间,类型,是否购买,评论详情,觉得该评论有帮助的人数
Jaycee @ Discover Trendy Finds,They run small,https://www.amazon.com/gp/customer-reviews/R3P5QPK3EXQIMH/ref=cm_cr_getr_d_rvw_ttl?ie=UTF8&ASIN=B0CJ6LH74K,"4.0 "," the United States "," January 25, 2025",Size: 8.5 WideColor: A All Black,Verified Purchase,I like the quality of the shoe. It feels good. It has the support for my feet for a great price. I'm a size 8 in women but for me these ran small and I struggled to get them on. But they were definitely comfortable and I wish they had a size 9 .,
Kindle Customer,That's it safe,https://www.amazon.com/gp/customer-reviews/R2ODQ0D23UK7L6/ref=cm_cr_getr_d_rvw_ttl?ie=UTF8&ASIN=B0CJ6LH74K,"5.0 "," the United States "," January 24, 2025",Size: 8 WideColor: A All Black,Verified Purchase,Nice shoes,
Sue A,Barefoot shoes!,https://www.amazon.com/gp/customer-reviews/RQIK5MY9KT5D6/ref=cm_cr_getr_d_rvw_ttl?ie=UTF8&ASIN=B0CJ6LH74K,"3.0 "," the United States "," January 22, 2025",Size: 9.5 WideColor: A All Black,,"These are sturdy and comfortable. Reason for the lower star rating is two-fold. The heel is very stiff which makes them hard to get on. The laces are long and don’t stay tied very well. However, I have flexibility issues in my knees and can’t bend down to put these on and keep them tied. So if you are more “bendy” than I am, you might love these. I’m keeping them in my car for extra shoes in case my regular ones are out of commission.",
Iris Israel,If you have a wide foot the opening is to small to get foot into shoe.,https://www.amazon.com/gp/customer-reviews/R3T001UOAG2PBO/ref=cm_cr_getr_d_rvw_ttl?ie=UTF8&ASIN=B0CJ6LH74K,"2.0 "," the United States "," January 21, 2025",Size: 8.5 WideColor: A All Black,Verified Purchase,"It was not wide enough to get foot in through the top. Width was fine after struggling to get my foot in. But can not ware with out cutting where tough should be. So opening was to small, I would not recommend it to a person with a wide foot.",
ralphh909,Could wear them all day.,https://www.amazon.com/gp/customer-reviews/R2GYY895B182KG/ref=cm_cr_getr_d_rvw_ttl?ie=UTF8&ASIN=B0CJ6LH74K,"5.0 "," the United States "," January 21, 2025",,,"When wife first tried these shoes on she thought the soles were too thin. But after leaving them on for a while they seemed comfortable. Now she wears them for as long as she wants, sometimes all day. They are comfortable for her and she likes them. She is also happy that she found a size 5 shoe that fit her, because her feet are wide.",
Sally M.,"Wow, I'm impressed",https://www.amazon.com/gp/customer-reviews/R1YFUO5D9C195/ref=cm_cr_getr_d_rvw_ttl?ie=UTF8&ASIN=B0CJ6LH74K,"5.0 "," the United States "," January 15, 2025",,,"I had a knee repair surgery two years ago and have really struggled to learn to walk again. I was on crutches for two months between the injury and surgery and then non-weight bearing for another two months. I forgot how to walk, y'all. I mean, my muscles were in a state of total amnesia. I used to wear high heels, cowboy boots and all kinds of fun shoes. I had one pair of slip-on tennis shoes that I could wear that would support my feet and not cause me to trip, as I learned to walk again. I am pretty much recovered and have few issues with walking. But there are days that my knee hurts a bit. I swim several times a week and do strength training, and on those days, my knee hurts a bit. I was advised by trainer to try barefoot shoes. I did research and, when I saw the chance to get these, I was excited. I am so glad I did. These are so easy to walk in. I don't feel the strain inside my knee when walking a lot, as I did before. I also feel less burden when I lift my feet while walking. I have heavier shoes because these were the ones that I could slip on and also had really great non-skid bottoms. I felt safer in them. And I could put them on, lol. So, moving to other shoes was scary. But I am so glad I got these. They really are easy to walk in. The soles are non-skid. And they are not so heavy. I mean, I held one of my other shoes in one hand and one of these in the other and it was so obviously different. Both of these shoes weigh less than the one shoe I usually wear. I have found less fatigue on my knees at the end of a day, and less strain on the arch. It's like walking barefoot, which really is my most comfortable way to walk. These are really awesome shoes and at more than half the price of others I looked at. I also love that I can wash them - just toss in washer and dryer and they are good to go. Love them.",
Allison,So comfy!!,https://www.amazon.com/gp/customer-reviews/R2VJ5MOQ0FH3RT/ref=cm_cr_getr_d_rvw_ttl?ie=UTF8&ASIN=B0CJ6LH74K,"4.0 "," the United States "," January 13, 2025",Size: 8 WideColor: B White,Verified Purchase,"These shoes are incredibly light and wide. They’re ridiculously comfy. I’m a staff nurse on an IMCU so I have up to 6 patients that require some pretty constant care so clock 15k steps at work a day usually and my hips/feet still feel amazing at the end of the day. They do look a bit like the wide toe toddler shoes but you can’t beat the functionality. They seem to be great quality also, so I think they’ll last a while",
Caddy,TRUE TO SIZE HIGHLY RECOMMEND!!!,https://www.amazon.com/gp/customer-reviews/R37KUZN2Z7T0DS/ref=cm_cr_getr_d_rvw_ttl?ie=UTF8&ASIN=B0CJ6LH74K,"5.0 "," the United States "," January 4, 2025",,,"I wear a size 6.5-7 depending on the shoe style & ordered these in a 6.5 due to fact that they are “barefoot” shoes & they are a perfect fit! All of the fabric on the shoe including the tongue of the shoe are one single piece so you never have a twisted tongue or it slipping inside the shoe when your trying to put them on or any of those other factors. They fabric is breathable & the insoles are soft. I don’t have any foot issues but I can say that these would be perfect for people who have feet problems such as ingrown toenails or bunions because there’s no constricting areas inside the shoe & they are quite roomy. They are really comfortable & because how they are made in one single piece of fabric., you don’t have to tie the laces & could tuck them inside the shoe if you prefer. They are easy to slip on & off your feet but are also secured perfectly to your feet when walking. I’m quite impressed with not only the design of these but also the quality & comfort. I HIGHLY RECOMMEND!!!",
Irene Grimes,Very pleased!,https://www.amazon.com/gp/customer-reviews/RVQ6J3O8ZXQJ1/ref=cm_cr_getr_d_rvw_ttl?ie=UTF8&ASIN=B0CJ6LH74K,"5.0 "," the United States "," January 4, 2025",,,"I am very happy with these - I have wide feet and it is sometimes hard to feel comfortable in sporty shoes. These are true to my size, yet wide enough for my feet. They feel extremely light and are very comfortable to walk in - would definitely order again!",
Casey R.,Super impressed,https://www.amazon.com/gp/customer-reviews/R116YTIU6TVJH0/ref=cm_cr_getr_d_rvw_ttl?ie=UTF8&ASIN=B0CJ6LH74K,"5.0 "," the United States "," January 2, 2025",,,"I haven't had good luck with off brand tennis shoes in the past, so I usually avoid ordering them. Well, I've wanted to try the barefoot type shoes, so I figured, why not? I waited quite some time for these to arrive, and they were worth the wait! They are SO comfortable. They have a deep footbed, so I left the thick insole they came with and I inserted my own custom insole on top of that (2 layers) and that made them extra comfortable. The deep footbed is a little too deep for my comfort without the extra insole, but that is personal preference. The toebed is decently wide, and my toes do not feel squished. Lengthwise, I think the sizing is dead on. I ordered a 37. Usually my foot is right at the end of a 37 and these are no exception. My toes reach right to the end. They are a perfect fit for me! I have a narrow to normal foot and the toebed is comfortable. As I mentioned, the length is just right. If I had a wide foot, I'm not sure if these would work, but I think that is also due to the fact that I have a double layered insole in the shoe. Without two insoles, I do think the width would be more accommodating to someone with a wider foot. These shoes are seriously more comfortable than another much more expensive brand I have tried. Anyway, I'm impressed with the comfort of these, and the look is sleek and subtle as well. Can't wait to try these out for sports like lifting and running and see how they do. After giving these shoes even more of a test run, I think I will come back and order more colors! Can't go wrong with the price.",
Paul,Comfy,https://www.amazon.com/gp/customer-reviews/R1I8O7ADZ800NY/ref=cm_cr_getr_d_rvw_ttl?ie=UTF8&ASIN=B0CJ6LH74K,"5.0 "," the United States "," January 2, 2025",Size: 10 WideColor: A All Black,Verified Purchase,I forget I am wearing them half the time. I like them.,
Sandra Nicoll,Shoe strings,https://www.amazon.com/gp/customer-reviews/R22XCW1S4Z8EL7/ref=cm_cr_getr_d_rvw_ttl?ie=UTF8&ASIN=B0CJ6LH74K,"5.0 "," the United States "," January 2, 2025",Size: 9.5 WideColor: A All Black,Verified Purchase,"Great shoes, comfortable. Only problem I see is the shoe laces wont stay tied.",
Marcie,Runs small,https://www.amazon.com/gp/customer-reviews/R2HE4UF7FWR6ZF/ref=cm_cr_getr_d_rvw_ttl?ie=UTF8&ASIN=B0CJ6LH74K,"3.0 "," the United States "," January 2, 2025",Size: 5.5 WideColor: B White,,"I normally wear a 5.5 shoe size. I got a six but it was still small. Nice shoe though - but  size up, especially if you have a high in step.",2
Josefa Hernandez,Great material,https://www.amazon.com/gp/customer-reviews/R1SQSLHOP2KH4A/ref=cm_cr_getr_d_rvw_ttl?ie=UTF8&ASIN=B0CJ6LH74K,"5.0 "," the United States "," December 21, 2024",Size: 8.5 WideColor: A All Black,Verified Purchase,This is a great pair of shoes. Beautiful and comfy but not for me because I have a high arch and can’t be open at the top. Anybody with normal arch can enjoy because they’re really comfortable.,
julia82,Not bad at all,https://www.amazon.com/gp/customer-reviews/R1RGMI2RWF5EE2/ref=cm_cr_getr_d_rvw_ttl?ie=UTF8&ASIN=B0CJ6LH74K,"4.0 "," the United States "," December 11, 2024",Size: 7 WideColor: A All Black,,"Roomy toe box, and wider mid foot made them more comfortable for me  and the style/design were cute. I did have to change the insoles as I needed something a bit more supportive.",
susan,Not as wide as they claim,https://www.amazon.com/gp/customer-reviews/R3EW4AU8CJFC6E/ref=cm_cr_getr_d_rvw_ttl?ie=UTF8&ASIN=B0CJ6LH74K,"1.0 "," the United States "," December 4, 2024",Size: 7 WideColor: A All Black,Verified Purchase,They are super comfortable they really make my back and my legs feel better but they are not a 4E that's what I wear I am 101 lb 4 ft 11 they are tight on my left foot I can't wear a thick socks so I have to wear a thin socks but I absolutely love them but I want to make sure someone with wide feet knows they're just a regular wide width nothing extra nothing spectacular but they are great shoe I think the left shoe is smaller than my right shoe very disappointed about that I can't hardly get it on my left foot so FYI if you have wide feet they're not as wide as they claim them to be I am only 4 ft 11 and 101 lb and it is extremely hard to get on my left foot you cannot widen the shoe to put it on either it has no stretch,
Laverne Rodriguez,Great for wide feet,https://www.amazon.com/gp/customer-reviews/R3F08T2B5CMO0O/ref=cm_cr_getr_d_rvw_ttl?ie=UTF8&ASIN=B0CJ6LH74K,"5.0 "," the United States "," December 2, 2024",Size: 8 WideColor: B White,,I have so much difficulty with buying shoes wide enough for my feet. These are roomy and look great on. No more painful feet after wearing them all day. A+,
Shaaren I. Zimmerman,I have just received these shoes.,https://www.amazon.com/gp/customer-reviews/R2TDAV1RGLL0XB/ref=cm_cr_getr_d_rvw_ttl?ie=UTF8&ASIN=B0CJ6LH74K,"4.0 "," the United States "," November 26, 2024",Size: 8.5 WideColor: A All Black,Verified Purchase,"This order came quickly. These shoes are very comfortable and easy to slip on and off. I love the wide toe box.  Also they have decent tread on sole, should be non slip,. Very light and flexable shoe..",
amber rosado,Most comfortable shoe ever.,https://www.amazon.com/gp/customer-reviews/R1CCAYGJV57JTW/ref=cm_cr_getr_d_rvw_ttl?ie=UTF8&ASIN=B0CJ6LH74K,"4.0 "," the United States "," November 8, 2024",Size: 8 WideColor: A All Black,Verified Purchase,I like the way these feel on my feet. True to size and flexible. The only thing I don't like is that they look a bit awkward but I got mine in black so it's not really noticeable.,2
NK,Great buy,https://www.amazon.com/gp/customer-reviews/R1TWW6BGRQT7HN/ref=cm_cr_getr_d_rvw_ttl?ie=UTF8&ASIN=B0CJ6LH74K,"5.0 "," the United States "," October 25, 2024",Size: 6.5 WideColor: A All Black,Verified Purchase,These are extremely comfortable. They’re lightweight. The fit feels true to size. I like that these look like “regular” sneakers so they pair well with whatever I wear.,
donatta wolf,Barefoot  shoes,https://www.amazon.com/gp/customer-reviews/R1WTKBETC6V57J/ref=cm_cr_getr_d_rvw_ttl?ie=UTF8&ASIN=B0CJ6LH74K,"5.0 "," the United States "," October 22, 2024",Size: 8.5 WideColor: A All Black,Verified Purchase,"Great in comfort a little snug getting it on since it's slide in with a shoelace to tighten it up. Wide and comfortable for my toes ..a bit too large going to order next size down Feels like walking in slippers. Good price quality for money , style goes with everything.",
#1shopper,Tight fit,https://www.amazon.com/gp/customer-reviews/R2NU9A5CZ7PUC3/ref=cm_cr_getr_d_rvw_ttl?ie=UTF8&ASIN=B0CJ6LH74K,"3.0 "," the United States "," September 19, 2024",Size: 9.5 WideColor: A All Black,,This shoe was very tight at the top of my foot. It did not stretch and was hard to get on.,4
Samantha C.,Comfy and cheap!,https://www.amazon.com/gp/customer-reviews/R1DXUO3OZ1X2MD/ref=cm_cr_getr_d_rvw_ttl?ie=UTF8&ASIN=B0CJ6LH74K,"5.0 "," the United States "," September 13, 2024",Size: 8 WideColor: A All Black,Verified Purchase,"These shoes are super comfortable and a great fit and stylish.  I have a high arch and get sore easily with uncomfortable shoes. These are breathable, and great quality. They have a wide toe box. The price was amazing and definitely better than paying hundreds of dollars for a barefoot shoe.",
Amazon Customer S. R.  Dollison,Comfortable Shoes!!!,https://www.amazon.com/gp/customer-reviews/R2UHVU6318G2PI/ref=cm_cr_getr_d_rvw_ttl?ie=UTF8&ASIN=B0CJ6LH74K,"5.0 "," the United States "," September 12, 2024",Size: 10 WideColor: A All Black,Verified Purchase,I like the way they feel on my feet!!!  There is plenty of room inside and I feel like I am walking on air.,
Tracy R,So comfy,https://www.amazon.com/gp/customer-reviews/R2O48GM2241GXY/ref=cm_cr_getr_d_rvw_ttl?ie=UTF8&ASIN=B0CJ6LH74K,"5.0 "," the United States "," September 11, 2024",Size: 7 WideColor: A All Black,,"For those of you with wider feet, these have lots of room and still cute. You might want some different inserts, but I do in every shoe. Cute and comfy!",
RWS,Very comfortable and true to size,https://www.amazon.com/gp/customer-reviews/R1KQIF2AYPYFA4/ref=cm_cr_getr_d_rvw_ttl?ie=UTF8&ASIN=B0CJ6LH74K,"5.0 "," the United States "," August 28, 2024",Size: 7 WideColor: A All Black,,"When I first got the shoes, I thought they looked too small. I was pleasantly surprised that, not only did they fit well, they allowed my feet to breathe and feel free. They're cute, too!",3
Paige Lawson,Comfy,https://www.amazon.com/gp/customer-reviews/RMAZI4EZUYRJ9/ref=cm_cr_getr_d_rvw_ttl?ie=UTF8&ASIN=B0CJ6LH74K,"5.0 "," the United States "," March 6, 2024",,,Comfy and love,
SDFan,"Comfortable, Versatile Shoes with Great Traction",https://www.amazon.com/gp/customer-reviews/R2SSV8NQ0O7XTZ/ref=cm_cr_getr_d_rvw_ttl?ie=UTF8&ASIN=B0CJ6LH74K,"5.0 "," the United States "," February 5, 2024",,,"These shoes impressed me with their comfort and versatility. They have a naturally wider fit, which accommodated my feet perfectly even though I sized up half a size. Despite their relaxed look, they offer good protection and surprisingly grippy soles, making them suitable for various terrains.  Here's what I liked: - Comfy and roomy: The wider fit provided excellent comfort without sacrificing stability, even for my slightly larger feet. - Versatile style: The unassuming design complemented different outfits, making them suitable for casual and even semi-formal occasions. - Great traction: Despite the flat soles, I was surprised by the excellent grip on various surfaces, offering confident wear.  Things to consider: - Size up: While comfortable, they run slightly small. Ordering half a size bigger is recommended for a perfect fit.  Overall, these shoes are a great choice for those seeking comfort, versatility, and good traction.",4
Gina Casella,Perfect for bartending,https://www.amazon.com/gp/customer-reviews/R33KMF9SOYOI3S/ref=cm_cr_getr_d_rvw_ttl?ie=UTF8&ASIN=B0CJ6LH74K,"5.0 "," the United States "," November 29, 2023",,,Very comfortable. They are non slip and look nice. I’m on my feet for hours and these are perfect for me.,
dominique,I like the shoe it came as shown but not as comfortable as I thought it would be .,https://www.amazon.com/gp/customer-reviews/RSVO2JYCMR6GJ/ref=cm_cr_getr_d_rvw_ttl?ie=UTF8&ASIN=B0CJ6LH74K,"3.0 "," the United States "," November 23, 2023",,,I like the shoe but I thought the shoes would be more comfortable and they are not .,
IamKMarie,Comfort overload!!,https://www.amazon.com/gp/customer-reviews/RYHN37V8AKEV6/ref=cm_cr_getr_d_rvw_ttl?ie=UTF8&ASIN=B0CJ6LH74K,"5.0 "," the United States "," November 4, 2023",,,"Comfortable gym shoes. Runs kinda big but I don’t mind that; it just makes it a perfect fit for when I’m wearing my thick gym socks. This is a very lightweight, soft and flexible shoe. Great for walking and running because the shoe moves with your every move.",
Sha,Runs big. Get half a size down. Worth it for the price.,https://www.amazon.com/gp/customer-reviews/R1SSWKA50RNWP3/ref=cm_cr_getr_d_rvw_ttl?ie=UTF8&ASIN=B0CJ6LH74K,"5.0 "," the United States "," November 2, 2023",,,Runs big.,
Misha Jane,Very comfy,https://www.amazon.com/gp/customer-reviews/R2PX791F2BJQ28/ref=cm_cr_getr_d_rvw_ttl?ie=UTF8&ASIN=B0CJ6LH74K,"5.0 "," the United States "," October 17, 2023",,,"These are really nice shoes. The material is great! They slide on easily, and the weight is wonderfully light. Really comfortable. They can get dirty easily because of them being so white but they clean up nice and they look great.",
Luke Morris,lightweight and super comfortable,https://www.amazon.com/gp/customer-reviews/R1P77AZK1TCUNH/ref=cm_cr_getr_d_rvw_ttl?ie=UTF8&ASIN=B0CJ6LH74K,"5.0 "," the United States "," October 9, 2023",,,These tennis shoes are suer lightweight and very comfortable.  I can wear them all day with no foot discomfort at all.  They are very cushiony but provide great support.  It is easy to slip them on and off with the design of the back of the shoe.,
matt,very nice work shoes,https://www.amazon.com/gp/customer-reviews/RE0E6K3SAVGKS/ref=cm_cr_getr_d_rvw_ttl?ie=UTF8&ASIN=B0CJ6LH74K,"5.0 "," the United States "," September 17, 2023",,,"Unassuming, well protected, and they go with any outfit. they run just a hair small, just a hair though but if you can order a half sized up, I would recommend it. Once you do get them on, they feel great, the soles are flat and I was a bit leery about traction, but to my surprise they are very grippy on all surfaces and they look great too.",2
shea2017,feels breathable,https://www.amazon.com/gp/customer-reviews/R2FKVPV8I5F1VL/ref=cm_cr_getr_d_rvw_ttl?ie=UTF8&ASIN=B0CJ6LH74K,"5.0 "," the United States "," August 26, 2023",,,very comfy gym shoes,
Tommy Two Times,"Fit great, breathable and comfy!",https://www.amazon.com/gp/customer-reviews/RIF817QLVXGD8/ref=cm_cr_getr_d_rvw_ttl?ie=UTF8&ASIN=B0CJ6LH74K,"5.0 "," the United States "," August 20, 2023",,,"These shoes are pretty great, they are really comfortable and very breathable. They are good for long walks and working in, they are easy to clean.",
Diamond NailzIt,Sleek,https://www.amazon.com/gp/customer-reviews/R13BUQERDLG5J7/ref=cm_cr_getr_d_rvw_ttl?ie=UTF8&ASIN=B0CJ6LH74K,"5.0 "," the United States "," August 9, 2023",,,Thick nice weight tennis shoes. Sleek look. Arch support. Great for exercise.,
Jolene Casey,Cloud 9 shoes,https://www.amazon.com/gp/customer-reviews/RE5C2TYIHZL89/ref=cm_cr_getr_d_rvw_ttl?ie=UTF8&ASIN=B0CJ6LH74K,"5.0 "," the United States "," August 8, 2023",,,I really feel like im walking on a cloud. Price is good too.,
Cathy M.,Women’s tennis shoes,https://www.amazon.com/gp/customer-reviews/R12N95H3CAGUSV/ref=cm_cr_getr_d_rvw_ttl?ie=UTF8&ASIN=B0CJ6LH74K,"4.0 "," the United States "," August 7, 2023",,,Arrived taped together not in box. Sneakers are lightweight that can be pulled on or laced up. Wide heel that is thick rubber. Cushioned sole with brand tag on the back of sneakers heel. Tennis shoes don’t look like quality and are made of fabric. But I’m not a name brand person as long as comfortable. Suggest get normal size.,2
Kelly F.,Nice shoes,https://www.amazon.com/gp/customer-reviews/R1H8HQZXB6W2OE/ref=cm_cr_getr_d_rvw_ttl?ie=UTF8&ASIN=B0CJ6LH74K,"5.0 "," the United States "," August 4, 2023",,,My daughter really likes these shoes. They are comfortable and look good. Easy recommendation.,
Emily Hamer,So cute,https://www.amazon.com/gp/customer-reviews/R3UU3PZL02ISOC/ref=cm_cr_getr_d_rvw_ttl?ie=UTF8&ASIN=B0CJ6LH74K,"5.0 "," the United States "," August 4, 2023",,,So comfortable. Really good quality,
Damon S.,These are comfy!,https://www.amazon.com/gp/customer-reviews/R1KZ4G5TDE6TBK/ref=cm_cr_getr_d_rvw_ttl?ie=UTF8&ASIN=B0CJ6LH74K,"4.0 "," the United States "," July 25, 2023",,,"The price of everything is getting ridiculous, so the wife and I are getting more frugal with our money.  In the past, we wouldn't be caught dead in some generic shoes.  I'd rather be seen in some generic shoes, then be seen in a name brand tent on the side of the road trying to keep up with the crowd of people faking like they have money to spend on $200 tennis shoes.  These shoes seem to be just as well made as the top manufacture's.  What people don't realize is that most of the name brand stuff comes from the same manufacturing facilities as brands like Adidas and Nike.  If they make a good product, the big brands will use them to make products under their brand.  That's the economy we live in.  China makes it and we buy it hand over fist.  The only thing we make in the USA are rules and movies.  These shoes are very comfy and the wife loves them.  Why spend more money on a name to get the same quality?  People better start wising up to what's going on.  These companies want to compete in this new economy and those more pricey options are going to start looking less and less appealing when you have to decide between fashion and nutrition.",9
