﻿评论用户,评论概述,评论链接,星级评分,评论地点,评论时间,类型,是否购买,评论详情,觉得该评论有帮助的人数
Ed,Quality Concerns,https://www.amazon.com/gp/customer-reviews/R11I76AK3ZNP7O/ref=cm_cr_getr_d_rvw_ttl?ie=UTF8&ASIN=B0C887P5SC,"1.0 "," the United States "," January 25, 2025",Color: Money Clip-Deep BlackStyle: Money Clip,Verified Purchase,Immediately broke.,
Super cute and my husband love’s it,Safe holding all your cards,https://www.amazon.com/gp/customer-reviews/R26A1JZCAZZL05/ref=cm_cr_getr_d_rvw_ttl?ie=UTF8&ASIN=B0C887P5SC,"5.0 "," the United States "," January 24, 2025",Color: Carbon Fiber BlackStyle: Cash Strap,Verified Purchase,Husband gift and he loves it ❤️,
Terry A,Theft protection wallet,https://www.amazon.com/gp/customer-reviews/RQVP33XUJRGZ9/ref=cm_cr_getr_d_rvw_ttl?ie=UTF8&ASIN=B0C887P5SC,"4.0 "," the United States "," January 19, 2025",Color: Carbon Fiber BlackStyle: Cash Strap,Verified Purchase,"Nice size,easy to use, sufficient CC space.  Wish the bill holder set up was better",
Tammy,Gift,https://www.amazon.com/gp/customer-reviews/R31PQ6NPKLPZ0Y/ref=cm_cr_getr_d_rvw_ttl?ie=UTF8&ASIN=B0C887P5SC,"5.0 "," the United States "," January 16, 2025",Color: Money Clip-Vintage BrownStyle: Money Clip,Verified Purchase,My husband likes this wallet!,
Monica Candice Ramirez,Must Have!,https://www.amazon.com/gp/customer-reviews/RR0J0EE5M73QG/ref=cm_cr_getr_d_rvw_ttl?ie=UTF8&ASIN=B0C887P5SC,"5.0 "," the United States "," January 8, 2025",Color: Carbon Fiber BlackStyle: Cash Strap,Verified Purchase,"I purchased this for my fiancé, he was tired of carrying around a bulky wallet. He loves this thing. It’s so sleek and compact, makes a great gift.",
Tristain Bowling,Gift,https://www.amazon.com/gp/customer-reviews/R2MW9MLW9F7AX7/ref=cm_cr_getr_d_rvw_ttl?ie=UTF8&ASIN=B0C887P5SC,"5.0 "," the United States "," January 8, 2025",Color: Money Clip-Deep BlackStyle: Money Clip,Verified Purchase,"I got as a Christmas gift for my spouse and he absolutely loves it. He had something similar that was falling apart, but he said he likes this one better due to pockets on the outside and a money clip.",
Getachew Tesfaye,Not what expected,https://www.amazon.com/gp/customer-reviews/R2UVTW0MHSRXAD/ref=cm_cr_getr_d_rvw_ttl?ie=UTF8&ASIN=B0C887P5SC,"2.0 "," the United States "," January 7, 2025",Color: Carbon Fiber BlackStyle: Cash Strap,Verified Purchase,The part that opens a bit Flimsy. Put my ID on the clear part and it would not come out. Below average for my taste.,
edzworld,Perfectly Slim Wallet,https://www.amazon.com/gp/customer-reviews/RAOTYE4K94E8J/ref=cm_cr_getr_d_rvw_ttl?ie=UTF8&ASIN=B0C887P5SC,"4.0 "," the United States "," December 31, 2024",Color: Carbon Fiber BlackStyle: Cash Strap,Verified Purchase,"This is for the elastic band money “clip”, not the metal clip version. Great, slim wallet for those who don’t carry much cash. Paired with an Apple- compatible FindMy credit card-looking tracker it’s nearly perfect.  Pros: - holds a fair amount of cards - carbon fiber design is very nice looking - well constructed - push-button pop-up works well to access cards - pockets for outer cards makes your most used cards easily accessible - elastic band is slimmer than the metal clip version  Cons: - no bill fold; must use the elastic band to hold minimal amount of cash - magnet holding the flap down could be a bit stronger; it’s just ok  Bottom line: get it!",
Hughes,Wallet,https://www.amazon.com/gp/customer-reviews/R4VNNKV6Y0BJ6/ref=cm_cr_getr_d_rvw_ttl?ie=UTF8&ASIN=B0C887P5SC,"4.0 "," the United States "," December 30, 2024",Color: Money Clip-Carbon FiberStyle: Money Clip,Verified Purchase,Make sure when you are putting cards in put more than one card in before trying the push up as it will get stuck cause the card fits behind the pusher. Once I figured that out it works great. Magnet strength could be stronger. Card capacity it’s great. I love the carbon fiber look to it. Not very stretchy as you can only put one thing in the id slot or it will be to tight for the two cards that can go on the outside of the wallet.,
Vanessa Leverentz,Exactly as pictured,https://www.amazon.com/gp/customer-reviews/RILSNR8YE6HUI/ref=cm_cr_getr_d_rvw_ttl?ie=UTF8&ASIN=B0C887P5SC,"5.0 "," the United States "," December 29, 2024",Color: Carbon Fiber BlackStyle: Cash Strap,Verified Purchase,Bought this for my brother in law for Christmas and he loves it! Very durable and exactly as pictured,
Teresa Pradhan,Defective product,https://www.amazon.com/gp/customer-reviews/R2V73JIPCKBDA6/ref=cm_cr_getr_d_rvw_ttl?ie=UTF8&ASIN=B0C887P5SC,"1.0 "," the United States "," December 26, 2024",Color: Money Clip-Carbon FiberStyle: Money Clip,Verified Purchase,Card slot is too small and I think it was a defective product,
Kathryn McCloskey,Hubby loves it,https://www.amazon.com/gp/customer-reviews/RZIXA2RGC1RVT/ref=cm_cr_getr_d_rvw_ttl?ie=UTF8&ASIN=B0C887P5SC,"5.0 "," the United States "," December 23, 2024",Color: Money Clip-Deep BlackStyle: Money Clip,Verified Purchase,He asked for it for Christmas.,
RonBud,too small for cards,https://www.amazon.com/gp/customer-reviews/R1UE7NCWHUUX08/ref=cm_cr_getr_d_rvw_ttl?ie=UTF8&ASIN=B0C887P5SC,"2.0 "," the United States "," December 19, 2024",Color: Money Clip-Carbon FiberStyle: Money Clip,Verified Purchase,"thought I would like the design, but it turns out that it is very awkward to use. The popup card slots are too tight and hard to eject. The vinyl card pockets are too small for standard credit cards. I broke some getting them in and out.",
Bruce Kohl,Just what I was looking for,https://www.amazon.com/gp/customer-reviews/R9W99MKAW0XWA/ref=cm_cr_getr_d_rvw_ttl?ie=UTF8&ASIN=B0C887P5SC,"5.0 "," the United States "," December 11, 2024",Color: Carbon Fiber BlackStyle: Cash Strap,Verified Purchase,I have been looking for quite some time and finally found this. Love it. Fits my needs perfectly.,
Reyad Sadeb,Good fit,https://www.amazon.com/gp/customer-reviews/R3GM9IP3EUZ9HH/ref=cm_cr_getr_d_rvw_ttl?ie=UTF8&ASIN=B0C887P5SC,"4.0 "," the United States "," December 3, 2024",Color: Money Clip-Carbon FiberStyle: Money Clip,Verified Purchase,I like it how it looks and function the only thing I don’t like about it is where you put id is kinda tied to get it out but over all is good wallet,
Egret*,The best wallet I've ever used,https://www.amazon.com/gp/customer-reviews/R1SUCTQLQ39D2C/ref=cm_cr_getr_d_rvw_ttl?ie=UTF8&ASIN=B0C887P5SC,"5.0 "," the United States "," November 12, 2024",Color: Carbon Fiber BlackStyle: Cash Strap,Verified Purchase,"This is by far the best I've ever used even better than the one that looks very similar to it that cost a little bit more. This is priced at a really good price and I purchased two of them so I could give them as gifts. I think now that I'm talking about it, I might order a couple extra just to always have them available if I ever need another as a back up. Very well-made and sturdy. The mechanism for the credit cards works very well and the money clip is very sturdy.",
Belinda Spoone,Did not last,https://www.amazon.com/gp/customer-reviews/R29F6T1KQ8IQCM/ref=cm_cr_getr_d_rvw_ttl?ie=UTF8&ASIN=B0C887P5SC,"2.0 "," the United States "," November 1, 2024",Color: Carbon Fiber BlackStyle: Cash Strap,Verified Purchase,I don’t expect the wallet to last forever… this one didn’t last 6 months! Not worth trying.,
Wayne Simmons,It’s not what I expected.,https://www.amazon.com/gp/customer-reviews/R3BII3G27XDCPW/ref=cm_cr_getr_d_rvw_ttl?ie=UTF8&ASIN=B0C887P5SC,"1.0 "," the United States "," October 15, 2024",Color: Carbon Fiber BlackStyle: Cash Strap,Verified Purchase,I don’t have place for my cash inside.,
Angel Morales,Real person,https://www.amazon.com/gp/customer-reviews/R35N3AZ8NUTN0J/ref=cm_cr_getr_d_rvw_ttl?ie=UTF8&ASIN=B0C887P5SC,"5.0 "," the United States "," October 2, 2024",Color: Carbon Fiber BlackStyle: Cash Strap,Verified Purchase,This product is pretty good considering the cost it can fit up to 4 to 5 cards inside without trouble with 2 in the outside,
Victor S.,Not large enough,https://www.amazon.com/gp/customer-reviews/R29PGP0ZHKL5DO/ref=cm_cr_getr_d_rvw_ttl?ie=UTF8&ASIN=B0C887P5SC,"3.0 "," the United States "," August 26, 2024",Color: Cash Strap-Vintage BrownStyle: Cash Strap,Verified Purchase,The wallet is nice however to small for my cards.,
Andrew C.,Perfect wallet,https://www.amazon.com/gp/customer-reviews/R31OTHPJJ0HW/ref=cm_cr_getr_d_rvw_ttl?ie=UTF8&ASIN=B0C887P5SC,"5.0 "," the United States "," August 25, 2024",Color: Money Clip-Vintage BrownStyle: Money Clip,Verified Purchase,It does everything I need it to.. I can honestly say I use it everyday.,
Danielle W.,Great Quality,https://www.amazon.com/gp/customer-reviews/R1XX03L9ADYHPA/ref=cm_cr_getr_d_rvw_ttl?ie=UTF8&ASIN=B0C887P5SC,"5.0 "," the United States "," August 21, 2024",Color: Carbon Fiber BlackStyle: Cash Strap,Verified Purchase,My Husband loves this wallet. It fits in all of his pockets but isn't too bulky to where it bothers him at work.,
JoeBass,Impressive Design,https://www.amazon.com/gp/customer-reviews/RHWHMURNV01AY/ref=cm_cr_getr_d_rvw_ttl?ie=UTF8&ASIN=B0C887P5SC,"5.0 "," the United States "," August 7, 2024",Color: Carbon Fiber BlackStyle: Cash Strap,Verified Purchase,"Complementing the impressive design of this wallet is its' functionality and ease of use.  I bought this as a gift for a friend and they absolutely loved it.  You'll be ordering more than one, for sure!!!",
"Scott, Janet & Oliver Gudbjartson/McDougall",Love it.,https://www.amazon.com/gp/customer-reviews/R11BTUX8LQ382Y/ref=cm_cr_getr_d_rvw_ttl?ie=UTF8&ASIN=B0C887P5SC,"5.0 "," the United States "," August 5, 2024",Color: Carbon Fiber BlackStyle: Cash Strap,Verified Purchase,Very easy to use and able to store many cards.,
Agatha Jane,Compact,https://www.amazon.com/gp/customer-reviews/RMMJDL1Y196NG/ref=cm_cr_getr_d_rvw_ttl?ie=UTF8&ASIN=B0C887P5SC,"5.0 "," the United States "," August 1, 2024",Color: Carbon Fiber BlackStyle: Cash Strap,Verified Purchase,This wallet is nice and compact. The only reason I gave it 4 stars because there’s not enough space for money and can’t fit everything from my wallet.,
Phil Hiller,Nice product,https://www.amazon.com/gp/customer-reviews/RV6HQIU8A1UH2/ref=cm_cr_getr_d_rvw_ttl?ie=UTF8&ASIN=B0C887P5SC,"5.0 "," the United States "," July 31, 2024",Color: Carbon Fiber BlackStyle: Cash Strap,Verified Purchase,Good product I like that the driver’s license has a window on it,
Hope it works package was in pieces,Simple,https://www.amazon.com/gp/customer-reviews/R2ID4H8KE9RN3A/ref=cm_cr_getr_d_rvw_ttl?ie=UTF8&ASIN=B0C887P5SC,"5.0 "," the United States "," July 30, 2024",Color: Carbon Fiber BlackStyle: Cash Strap,Verified Purchase,I like the compact wallet,
iceman,good deal,https://www.amazon.com/gp/customer-reviews/R2OEPMKE53AA2/ref=cm_cr_getr_d_rvw_ttl?ie=UTF8&ASIN=B0C887P5SC,"5.0 "," the United States "," July 28, 2024",Color: Money Clip-Carbon FiberStyle: Money Clip,Verified Purchase,works for now I read the reviews and they said that the button that brings up the cards but for the price im willing to try it out seems to be built good we will see,
Byrdie Dee,Gift was a hit,https://www.amazon.com/gp/customer-reviews/R3111NB75U8A1I/ref=cm_cr_getr_d_rvw_ttl?ie=UTF8&ASIN=B0C887P5SC,"5.0 "," the United States "," July 25, 2024",Color: Money Clip-Vintage BrownStyle: Money Clip,Verified Purchase,"I purchased this for my husband and once he got the hang of how to slide his cards in, he really loves it.  The outside clip is very convenient.  It is much slimmer than his old bulky wallet, so it is easier to access.  This makes a nice gift and I would purchase it again.",
GUY KEATTS,Wow,https://www.amazon.com/gp/customer-reviews/R3V83OB6ON820S/ref=cm_cr_getr_d_rvw_ttl?ie=UTF8&ASIN=B0C887P5SC,"5.0 "," the United States "," July 20, 2024",Color: Carbon Fiber BlackStyle: Cash Strap,Verified Purchase,"Works as advertised,  Love the compact size and it looks great",
Tony,Good for travel,https://www.amazon.com/gp/customer-reviews/R3LIJXP4VFUCDP/ref=cm_cr_getr_d_rvw_ttl?ie=UTF8&ASIN=B0C887P5SC,"5.0 "," the United States "," July 8, 2024",Color: Carbon Fiber BlackStyle: Cash Strap,Verified Purchase,Great for front pocket travel. Made out of good materials,
K.G,Nice wallet,https://www.amazon.com/gp/customer-reviews/RNNL41G30JMOF/ref=cm_cr_getr_d_rvw_ttl?ie=UTF8&ASIN=B0C887P5SC,"5.0 "," the United States "," July 4, 2024",Color: Carbon Fiber BlackStyle: Cash Strap,Verified Purchase,"Good wallet , can’t hold a lot of currency in it, but that’s good, because I normally only carry maybe $60 with me!!! The more money you carry, the thicker the wallet becomes!!",
Steve,Awesome minimalist wallet,https://www.amazon.com/gp/customer-reviews/R28184AMY25R1G/ref=cm_cr_getr_d_rvw_ttl?ie=UTF8&ASIN=B0C887P5SC,"5.0 "," the United States "," June 30, 2024",Color: Money Clip-Vintage BrownStyle: Money Clip,Verified Purchase,This wallet holds the cards secured in place. The feel is good and very sturdy.,
Suzie Gonzalez,Great Wallet,https://www.amazon.com/gp/customer-reviews/R1ONH5NNUE5S5W/ref=cm_cr_getr_d_rvw_ttl?ie=UTF8&ASIN=B0C887P5SC,"5.0 "," the United States "," June 23, 2024",Color: Money Clip-Vintage BrownStyle: Money Clip,Verified Purchase,"Gift for my son. He said he really likes it. Hold everything it needs to hold. He like how the cards spring out when needed, but you must have more than one card.",
Jessica h./jason,Sturdy and safe,https://www.amazon.com/gp/customer-reviews/R39DS23N2BDG1E/ref=cm_cr_getr_d_rvw_ttl?ie=UTF8&ASIN=B0C887P5SC,"5.0 "," the United States "," June 22, 2024",Color: Carbon Fiber BlackStyle: Cash Strap,Verified Purchase,Great wallet. Very durable. Very sturdy and looks amazing.,
Dominic,Horrible,https://www.amazon.com/gp/customer-reviews/R3CIBKMZBNPTTH/ref=cm_cr_getr_d_rvw_ttl?ie=UTF8&ASIN=B0C887P5SC,"1.0 "," the United States "," June 22, 2024",Color: Money Clip-Vintage BrownStyle: Money Clip,Verified Purchase,"Doesn’t work the wallet itself is sticky from the faux leather so your cards are difficult to take in and out. Also the quick ejector swallowed my debit card and I cannot get it out, I’ve tried tweezers and anything I can find but it’s still stuck. Horrible product, very disappointing.",
Danny Moreno,Multi unit battery charger,https://www.amazon.com/gp/customer-reviews/R1AMYX1AGFZQR/ref=cm_cr_getr_d_rvw_ttl?ie=UTF8&ASIN=B0C887P5SC,"5.0 "," the United States "," June 20, 2024",Color: Carbon Fiber BlackStyle: Cash Strap,Verified Purchase,Love this product. I bought two for a Disneyland trip and worked wonderfully. Would and have recommended this product to family and friends.,
George Wilbanks,Decent product,https://www.amazon.com/gp/customer-reviews/R1RS4HV65Y41VM/ref=cm_cr_getr_d_rvw_ttl?ie=UTF8&ASIN=B0C887P5SC,"4.0 "," the United States "," June 13, 2024",Color: Money Clip-Carbon FiberStyle: Money Clip,Verified Purchase,"The only thing I dislike about this wallet is that occasionally, the spring loaded pocket for credit cards doesn't pop out the card like it should and it is a pain to dig the card out.  Most of the time, it works fine, but when it doesn't, it is very annoying.  Small gripe.",
Some Guy,Waste of money,https://www.amazon.com/gp/customer-reviews/R1H6YXDJCBDEI/ref=cm_cr_getr_d_rvw_ttl?ie=UTF8&ASIN=B0C887P5SC,"1.0 "," the United States "," June 12, 2024",Color: Money Clip-Carbon FiberStyle: Money Clip,Verified Purchase,Cheaply made. A poor excuse of a ridge wallet.,
Daniel Friedel,Purchase at your own risk...,https://www.amazon.com/gp/customer-reviews/R3KUT06VWIQWFZ/ref=cm_cr_getr_d_rvw_ttl?ie=UTF8&ASIN=B0C887P5SC,"1.0 "," the United States "," June 12, 2024",Color: Money Clip-Vintage BrownStyle: Money Clip,Verified Purchase,The flip out piece is very flimsy. The allowance for credit cards in the pop up case is too tight. They get stuck inside. I had to use needle nose pliers to get 2 out.,
R. P. Dedic,Excellent travel front pocket wallet,https://www.amazon.com/gp/customer-reviews/RXSBESZO29M21/ref=cm_cr_getr_d_rvw_ttl?ie=UTF8&ASIN=B0C887P5SC,"5.0 "," the United States "," June 8, 2024",Color: Carbon Fiber BlackStyle: Cash Strap,Verified Purchase,"Compactly stores all my credit cards and ID. Easily accessible and safe. I tend to store money and cards separately, Many times taking only one card and a couple of bills on a safe wallet while storing the majority of my valuables at home or in a hotel safe. If I get picked or robbed what have I lost? A couple of bills and a low limit credit card which is easily cancelled, This wallet facilitates that.",
Lee P.,Ease of use,https://www.amazon.com/gp/customer-reviews/R175KAOV14XUU5/ref=cm_cr_getr_d_rvw_ttl?ie=UTF8&ASIN=B0C887P5SC,"5.0 "," the United States "," June 1, 2024",Color: Money Clip-Deep BlackStyle: Money Clip,Verified Purchase,Works great.  Love it!,
Amazon Customer,Not what it advertises,https://www.amazon.com/gp/customer-reviews/R3J7KO9JNFYNKF/ref=cm_cr_getr_d_rvw_ttl?ie=UTF8&ASIN=B0C887P5SC,"1.0 "," the United States "," May 29, 2024",Color: Carbon Fiber BlackStyle: Cash Strap,Verified Purchase,"This is a poor attempt at a minimalist wallet.  Does not have a location for currency, even though it shows currency in the ad.  Also, magnet is very week.  I would not recommend.",
Marck,Great wallet,https://www.amazon.com/gp/customer-reviews/R28UKZ95M7023H/ref=cm_cr_getr_d_rvw_ttl?ie=UTF8&ASIN=B0C887P5SC,"5.0 "," the United States "," May 28, 2024",Color: Carbon Fiber BlackStyle: Cash Strap,Verified Purchase,Love it,
Deevi Davis,Looks just like what was ordered,https://www.amazon.com/gp/customer-reviews/RC4YIU1JHB6P7/ref=cm_cr_getr_d_rvw_ttl?ie=UTF8&ASIN=B0C887P5SC,"4.0 "," the United States "," May 21, 2024",Color: Carbon Fiber BlackStyle: Cash Strap,Verified Purchase,Nicely packaged! It' already comes gift ready! Price was a little hight.,
Carlos,Awesome,https://www.amazon.com/gp/customer-reviews/R2ZY28GOET5ZKZ/ref=cm_cr_getr_d_rvw_ttl?ie=UTF8&ASIN=B0C887P5SC,"5.0 "," the United States "," May 21, 2024",Color: Cash Strap-Wade BlackStyle: Cash Strap,Verified Purchase,Great minimalist wallet. Magnet is strong to keep it closed. Card holder works great and easy to get the cards out. Only thing is if you need to take your ID out it can be a little hard. Other then that awesome wallet.,
Elena Altaweel,Love it,https://www.amazon.com/gp/customer-reviews/R15PAJBETF7GCJ/ref=cm_cr_getr_d_rvw_ttl?ie=UTF8&ASIN=B0C887P5SC,"5.0 "," the United States "," May 19, 2024",Color: Carbon Fiber BlackStyle: Cash Strap,Verified Purchase,The clip got broken but I would say perfect and I will buy another one,
Tyler,My favorite wallet!,https://www.amazon.com/gp/customer-reviews/R1EXOEOEBGAOC1/ref=cm_cr_getr_d_rvw_ttl?ie=UTF8&ASIN=B0C887P5SC,"5.0 "," the United States "," April 22, 2024",Color: Carbon Fiber BlackStyle: Cash Strap,Verified Purchase,It’s fairly slim. I really enjoy it. My favorite wallet ive ever had. Def get this one,
Chris White,Great buy,https://www.amazon.com/gp/customer-reviews/R81GRHWXG494D/ref=cm_cr_getr_d_rvw_ttl?ie=UTF8&ASIN=B0C887P5SC,"5.0 "," the United States "," April 19, 2024",Color: Carbon Fiber BlackStyle: Cash Strap,Verified Purchase,Loving this Wallet. Hold all my cards and money clip. It's very well put together.,
Richard Farrell,Built cheap,https://www.amazon.com/gp/customer-reviews/R277ZNOT5ZK32O/ref=cm_cr_getr_d_rvw_ttl?ie=UTF8&ASIN=B0C887P5SC,"1.0 "," the United States "," April 18, 2024",Color: Carbon Fiber BlackStyle: Cash Strap,Verified Purchase,"Doesn't really hold much, switch on the side broke off trying to get my cards out. Wasted money to replace my try-fold wallet! False advertisement on hope many cards it can hold.",
Kirk Sperling,Handy for quick trips,https://www.amazon.com/gp/customer-reviews/R13SBJFVCS2E49/ref=cm_cr_getr_d_rvw_ttl?ie=UTF8&ASIN=B0C887P5SC,"4.0 "," the United States "," April 16, 2024",Color: Carbon Fiber BlackStyle: Cash Strap,Verified Purchase,"A few cards, and fit some cash, enough room for a night out,  or shopping day. Secure card blocking technology.",
BK,Great wallet,https://www.amazon.com/gp/customer-reviews/RL4M79LT5IAKP/ref=cm_cr_getr_d_rvw_ttl?ie=UTF8&ASIN=B0C887P5SC,"5.0 "," the United States "," April 15, 2024",Color: Carbon Fiber BlackStyle: Cash Strap,,Has held up for months. I like the staircase push button card retrieval and really like having the ID pocket. Best use with non embossed cards as you can get more in there.  I put the embossed one in the outer pocket. Also a band to hold small amounts of cash.,
Jonathan Lozano,Doesn’t fit 13 cards,https://www.amazon.com/gp/customer-reviews/R7YFEHFHE39QI/ref=cm_cr_getr_d_rvw_ttl?ie=UTF8&ASIN=B0C887P5SC,"2.0 "," the United States "," April 9, 2024",Color: Carbon Fiber BlackStyle: Cash Strap,Verified Purchase,Not what I expected doesn’t hold as much as it say,
Timothy Hyer,Great Wallet,https://www.amazon.com/gp/customer-reviews/R17RKLJCN118F8/ref=cm_cr_getr_d_rvw_ttl?ie=UTF8&ASIN=B0C887P5SC,"5.0 "," the United States "," April 9, 2024",Color: Carbon Fiber BlackStyle: Cash Strap,Verified Purchase,I have had this wallet for about a month and am very happy with it so far.  Holds all my cards securely as well as my cash under the belt clip.  Easily fits in my jacket inside pocket or my front pocket of my Jeans/pants.,
Casey Hagon,Absolutely love it!,https://www.amazon.com/gp/customer-reviews/R1EOF84DUXPHRE/ref=cm_cr_getr_d_rvw_ttl?ie=UTF8&ASIN=B0C887P5SC,"5.0 "," the United States "," April 8, 2024",Color: Carbon Fiber BlackStyle: Cash Strap,Verified Purchase,,
GPaMac1959,Tuff wallet!,https://www.amazon.com/gp/customer-reviews/R1TI4RRTJ71JZE/ref=cm_cr_getr_d_rvw_ttl?ie=UTF8&ASIN=B0C887P5SC,"4.0 "," the United States "," April 4, 2024",Color: Carbon Fiber BlackStyle: Cash Strap,Verified Purchase,"Card holders works great, no issues, stands up to heavy use. Reasonably priced.",
Javier,Good wallet,https://www.amazon.com/gp/customer-reviews/R2RFZFX3I9007Z/ref=cm_cr_getr_d_rvw_ttl?ie=UTF8&ASIN=B0C887P5SC,"4.0 "," the United States "," March 30, 2024",Color: Carbon Fiber BlackStyle: Cash Strap,Verified Purchase,"Im taking the time for say so far so good. I recommend this wallet, the $90 dollar Ekster wallet is not worth it.",
Richard K Dzedzej,Comfortable,https://www.amazon.com/gp/customer-reviews/R1T5BLS7M4O6GR/ref=cm_cr_getr_d_rvw_ttl?ie=UTF8&ASIN=B0C887P5SC,"5.0 "," the United States "," March 26, 2024",Color: Carbon Fiber BlackStyle: Cash Strap,Verified Purchase,"Thought I would not get use to it, I was wrong....was comfortable from day 1",
Traci Henderson,For my son,https://www.amazon.com/gp/customer-reviews/R2S5DT8NWRF987/ref=cm_cr_getr_d_rvw_ttl?ie=UTF8&ASIN=B0C887P5SC,"5.0 "," the United States "," March 22, 2024",Color: Carbon Fiber BlackStyle: Cash Strap,Verified Purchase,He loves it!!! Got it for my son and he loves it!!,
Ben L.,Fits my needs,https://www.amazon.com/gp/customer-reviews/R2IM96CDNV3YR0/ref=cm_cr_getr_d_rvw_ttl?ie=UTF8&ASIN=B0C887P5SC,"5.0 "," the United States "," March 16, 2024",Color: Carbon Fiber BlackStyle: Cash Strap,Verified Purchase,"This slim wallet fits all my cards, IDs, and cash. Wish I would have purchased sooner. Couldn't be more happy about this product.",
Louis Ramirez,Compact size is great!,https://www.amazon.com/gp/customer-reviews/R3DR29PNI24XB/ref=cm_cr_getr_d_rvw_ttl?ie=UTF8&ASIN=B0C887P5SC,"5.0 "," the United States "," March 16, 2024",Color: Carbon Fiber BlackStyle: Cash Strap,Verified Purchase,A great compact size wallet! Several extra slots for more cards! The pop up card feature is easy to use and allows you to pick your card! A window feature slot for your drivers license. The compact size fits in your pant or shirt pocket!,
Rob,What I wanted,https://www.amazon.com/gp/customer-reviews/R25EJIRN77QWLZ/ref=cm_cr_getr_d_rvw_ttl?ie=UTF8&ASIN=B0C887P5SC,"5.0 "," the United States "," March 14, 2024",Color: Carbon Fiber BlackStyle: Cash Strap,Verified Purchase,I have been using it for several weeks now and find it to be exactly what I needed. If you need a durable wallet that is slim this one works good.,
Luis Alirio Otalora,excelente producto,https://www.amazon.com/gp/customer-reviews/REP6OWNAP3U27/ref=cm_cr_getr_d_rvw_ttl?ie=UTF8&ASIN=B0C887P5SC,"5.0 "," the United States "," March 13, 2024",Color: Carbon Fiber BlackStyle: Cash Strap,Verified Purchase,Tal como lo necsitaba,
Scott Vongpradith,Everything you need in a slim wallet,https://www.amazon.com/gp/customer-reviews/R24NSPX7KBH22O/ref=cm_cr_getr_d_rvw_ttl?ie=UTF8&ASIN=B0C887P5SC,"4.0 "," the United States "," March 12, 2024",Color: Carbon Fiber BlackStyle: Cash Strap,Verified Purchase,"At first look the first thing I noticed was the weight. It's sturdier than most wallets I've owned. Especially for a slim wallet. At first I didn't like it because it was heavy. But now after really looking at it. I like the price for what you get. I think I'll grow into it. But it holds about 12 cards total. And there's a clip for cash. Your cards can be protected by the case (I'm guessing the RFID). In my opinion, it does everything I want it to for $39. It looks good with the carbon fiber fabric, it's made well with what seems to be good quality. I like the plastic money clip, but I thought I was getting the small pocket for cash. I don't like the idea of having my cash ""secured"" by a plastic piece. That's just me.",
Stewart A Eichler,My new favorite wallet,https://www.amazon.com/gp/customer-reviews/R215W5XKGZE935/ref=cm_cr_getr_d_rvw_ttl?ie=UTF8&ASIN=B0C887P5SC,"5.0 "," the United States "," March 11, 2024",Color: Carbon Fiber BlackStyle: Cash Strap,Verified Purchase,I love this wallet it’s amazing. It holds all my cards and ID. It fits in my pocket comfortably I love this thing I’ll be buying it for birthday presents and Christmas presents this year for my friends and family worth the purchase.,
Jeffery B Cox,Convenient,https://www.amazon.com/gp/customer-reviews/RIMYQCSA732CA/ref=cm_cr_getr_d_rvw_ttl?ie=UTF8&ASIN=B0C887P5SC,"5.0 "," the United States "," March 10, 2024",Color: Carbon Fiber BlackStyle: Cash Strap,Verified Purchase,Love it 😎,
James,Money clip,https://www.amazon.com/gp/customer-reviews/R2YXFOJH7U09C7/ref=cm_cr_getr_d_rvw_ttl?ie=UTF8&ASIN=B0C887P5SC,"2.0 "," the United States "," March 10, 2024",Color: Carbon Fiber BlackStyle: Cash Strap,Verified Purchase,Would like to see better improvements for the money clip,
I C U,Surprised,https://www.amazon.com/gp/customer-reviews/R3NVBMC32YQ4E0/ref=cm_cr_getr_d_rvw_ttl?ie=UTF8&ASIN=B0C887P5SC,"5.0 "," the United States "," March 9, 2024",Color: Carbon Fiber BlackStyle: Cash Strap,Verified Purchase,"I had it for a while. Still going. I didn't think it was worth the money, but had a change of mind. ITS STILL STANDING",
James Combs,Great wallet,https://www.amazon.com/gp/customer-reviews/RFUHPN6H9FSSC/ref=cm_cr_getr_d_rvw_ttl?ie=UTF8&ASIN=B0C887P5SC,"5.0 "," the United States "," March 8, 2024",Color: Carbon Fiber BlackStyle: Cash Strap,Verified Purchase,This wallet holds everything that my other wallet does and is much lighter and a lot less bulky. I recommend this wallet.,
Jody,Love this wallet.,https://www.amazon.com/gp/customer-reviews/R21JGH9S5LDRA6/ref=cm_cr_getr_d_rvw_ttl?ie=UTF8&ASIN=B0C887P5SC,"5.0 "," the United States "," March 4, 2024",Color: Carbon Fiber BlackStyle: Cash Strap,Verified Purchase,"This wallet works great. Slim design, card switch to pop up. I love the ease of use and light weight.",
kevin tate,Metal clip breaks off easy,https://www.amazon.com/gp/customer-reviews/R1F43C2L5OWEOI/ref=cm_cr_getr_d_rvw_ttl?ie=UTF8&ASIN=B0C887P5SC,"1.0 "," the United States "," March 1, 2024",Color: Carbon Fiber BlackStyle: Cash Strap,Verified Purchase,"Gave it to my husband for Christmas, the metal clip for money broke off last week. Too late to return it",
gdot81,Mixed,https://www.amazon.com/gp/customer-reviews/R35ITV4Z54CY7X/ref=cm_cr_getr_d_rvw_ttl?ie=UTF8&ASIN=B0C887P5SC,"2.0 "," the United States "," February 29, 2024",Color: Cash Strap-Wade BlackStyle: Cash Strap,Verified Purchase,"I'm torn on this one. I bought this for hubby for Christmas. He loves that it's more compact but, yesterday the money clip came off. It's only been in use for two months. So durability isn't good. I waited to review after he used it a while and I'm glad I did!",
tornadotony,works as advertised,https://www.amazon.com/gp/customer-reviews/R1RPRI9LTATVEJ/ref=cm_cr_getr_d_rvw_ttl?ie=UTF8&ASIN=B0C887P5SC,"5.0 "," the United States "," February 18, 2024",Color: Carbon Fiber BlackStyle: Cash Strap,Verified Purchase,glad i purchased this item it holds what I need it to great product.,
TREVOR STEWART,Easy access,https://www.amazon.com/gp/customer-reviews/R361KJLLRFG5O7/ref=cm_cr_getr_d_rvw_ttl?ie=UTF8&ASIN=B0C887P5SC,"5.0 "," the United States "," February 18, 2024",Color: Carbon Fiber BlackStyle: Cash Strap,Verified Purchase,"The best wallet I've ever used,  easy to access all my cards.",
GioBigEZ,Very poor quality,https://www.amazon.com/gp/customer-reviews/R2M1HKRV96AA4A/ref=cm_cr_getr_d_rvw_ttl?ie=UTF8&ASIN=B0C887P5SC,"1.0 "," the United States "," February 8, 2024",Color: Cash Strap-Wade BlackStyle: Cash Strap,Verified Purchase,Color started rubbing off after one hour of use. Incredibly poor quality. Material was red under black allegedly leather finish. Do not buy.,
Javier Pavia,Nice,https://www.amazon.com/gp/customer-reviews/R3QUOFYY6MVYQI/ref=cm_cr_getr_d_rvw_ttl?ie=UTF8&ASIN=B0C887P5SC,"5.0 "," the United States "," February 8, 2024",Color: Carbon Fiber BlackStyle: Cash Strap,Verified Purchase,Compact and strong,
RON,"Love the functionality,,wish the quality was a little better.",https://www.amazon.com/gp/customer-reviews/R3OSKJLIGUDXGX/ref=cm_cr_getr_d_rvw_ttl?ie=UTF8&ASIN=B0C887P5SC,"4.0 "," the United States "," February 5, 2024",Color: Carbon Fiber BlackStyle: Cash Strap,Verified Purchase,It's not a bad wallet for the money. But lacking that high-end quality. Check out the video.,4
SteveRRRR,Inexpensive alternative,https://www.amazon.com/gp/customer-reviews/R1CT4F0Y7UKW3P/ref=cm_cr_getr_d_rvw_ttl?ie=UTF8&ASIN=B0C887P5SC,"5.0 "," the United States "," February 4, 2024",Color: Cash Strap-Wade BlackStyle: Cash Strap,Verified Purchase,"Inexpensive alternative to some of the top brands. Half the price. Fits well in my front pocket. I assume that the ID pocket will get easier to use as it breaks in. I’ve been using it for a couple of weeks now, and LOVE not sitting on my wallet. Couple of things to mention - The description alternates between talking about a money clip or an elastic strap to hold cash and receipts. I was hoping it would be a money clip, but I got the band. After using it, I think that the money clip would have been kind of a pain getting in and out of my pocket, so glad it worked out, BUT, if you really want the clip, you may want to look for something that’s a bit more specific. The other thing is that I ordered black, but I got brown. Didn’t really care enough to exchange it, but again, just be aware.",
DANIEL HARRELSON,Junk,https://www.amazon.com/gp/customer-reviews/R1CNEFXD2H5ERB/ref=cm_cr_getr_d_rvw_ttl?ie=UTF8&ASIN=B0C887P5SC,"2.0 "," the United States "," February 3, 2024",Color: Carbon Fiber BlackStyle: Cash Strap,Verified Purchase,Cheap garbage for price,
George night.,Very handy,https://www.amazon.com/gp/customer-reviews/R3MIQ0ZUJI8VZ/ref=cm_cr_getr_d_rvw_ttl?ie=UTF8&ASIN=B0C887P5SC,"5.0 "," the United States "," February 2, 2024",Color: Carbon Fiber BlackStyle: Cash Strap,Verified Purchase,I just love the size and the convenience of it,
Stephen Sprik,Money clip,https://www.amazon.com/gp/customer-reviews/RGV9HKZ360JF9/ref=cm_cr_getr_d_rvw_ttl?ie=UTF8&ASIN=B0C887P5SC,"1.0 "," the United States "," January 30, 2024",Color: Cash Strap-Vintage BrownStyle: Cash Strap,Verified Purchase,"First this wallet was recommended by a friend. Really nice and fit in front pocket. I ordered one after watching video. The video show a metal money clip. Amazon delivered the next day. Great wallet, however it came with elastic band instead of a money clip. Cash slides out of it. I sent back same day and ordered another one, just different color. Video shows money clip. It arrived this morning as Amazon said it would. Same thing elastic band instead of money clip as showed in video. ( This one was cost more.) I looked trying to find where to verify that I would get a money clip. No where did I have a choice. I'm not taking chance on the other color they had. So as much as I like it. The lack of money clip kills the deal for me. Other than that it's perfect. Depends on what you want.",6
Jeffrey Hysons,Wallet,https://www.amazon.com/gp/customer-reviews/R31OLL1LQOX6YC/ref=cm_cr_getr_d_rvw_ttl?ie=UTF8&ASIN=B0C887P5SC,"5.0 "," the United States "," January 30, 2024",Color: Cash Strap-Wade BlackStyle: Cash Strap,Verified Purchase,"The wallet came on time and love the design, the material is on part",
LaShonda Bates,Husband Loves It!,https://www.amazon.com/gp/customer-reviews/R2WGJ29H5URVE2/ref=cm_cr_getr_d_rvw_ttl?ie=UTF8&ASIN=B0C887P5SC,"5.0 "," the United States "," January 28, 2024",Color: Carbon Fiber BlackStyle: Cash Strap,Verified Purchase,Purchased this wallet for my husband who has too many cards. It was perfect for downsizing and he can actually easily access his driver’s license with this set up. Definitely recommend!,
Michael Roberts,Quality product,https://www.amazon.com/gp/customer-reviews/R3FMWYQUATDP4M/ref=cm_cr_getr_d_rvw_ttl?ie=UTF8&ASIN=B0C887P5SC,"4.0 "," the United States "," January 28, 2024",Color: Carbon Fiber BlackStyle: Cash Strap,Verified Purchase,I love the size and comfort in my pocket it fits well!!! Knowing all of my information on my cards will be shielded from would be theft!!,
Ssherman5,Great,https://www.amazon.com/gp/customer-reviews/R2S9VLQHXTJOBV/ref=cm_cr_getr_d_rvw_ttl?ie=UTF8&ASIN=B0C887P5SC,"4.0 "," the United States "," January 19, 2024",Color: Carbon Fiber BlackStyle: Cash Strap,Verified Purchase,My husband loves it. Fits all his cards and doesn't bother him when he is sitting. He is a truck driver so being comfortable in his back pocket was very important.,
Amazon Customer,A la medida buena calidad,https://www.amazon.com/gp/customer-reviews/RQMK5B81V0YUO/ref=cm_cr_getr_d_rvw_ttl?ie=UTF8&ASIN=B0C887P5SC,"4.0 "," the United States "," January 16, 2024",Color: Carbon Fiber BlackStyle: Cash Strap,Verified Purchase,Realmente en el compartimiento de las tarjetas caben 5 de manera que no se deterioren,
Robert Russell,The handle that pops up the cards broke and had to take my pocket knife to get them out.,https://www.amazon.com/gp/customer-reviews/R2WHIYPRRUBJXV/ref=cm_cr_getr_d_rvw_ttl?ie=UTF8&ASIN=B0C887P5SC,"1.0 "," the United States "," January 14, 2024",Color: Carbon Fiber BlackStyle: Cash Strap,Verified Purchase,I liked the sturdiness of the wallet but didn't have enough room for the number of cards that I had.  The plastic plunger on the side broke and I had to take my pocketknife to get them out.,
Matt,Basic model,https://www.amazon.com/gp/customer-reviews/R38ZR65ZIL9W00/ref=cm_cr_getr_d_rvw_ttl?ie=UTF8&ASIN=B0C887P5SC,"4.0 "," the United States "," January 13, 2024",Color: Carbon Fiber BlackStyle: Cash Strap,Verified Purchase,Read the description clearly. The absence of a money clip behind the card slots is a significant oversight compared to similar models.,
Louis Praino,Wallet,https://www.amazon.com/gp/customer-reviews/R1QWS74DGHZSUU/ref=cm_cr_getr_d_rvw_ttl?ie=UTF8&ASIN=B0C887P5SC,"5.0 "," the United States "," January 13, 2024",Color: Carbon Fiber BlackStyle: Cash Strap,Verified Purchase,Made my son happy for his birthday,
Mrs B,Great wallet,https://www.amazon.com/gp/customer-reviews/R37D7XXSCAGWY4/ref=cm_cr_getr_d_rvw_ttl?ie=UTF8&ASIN=B0C887P5SC,"5.0 "," the United States "," January 12, 2024",Color: Carbon Fiber BlackStyle: Cash Strap,Verified Purchase,"Would buy again. Only wish the material on the flip portion was a bit sturdier. But again, would buy this exact wallet again with no second thoughts",
Michael Rogers,Money clip not sturdy,https://www.amazon.com/gp/customer-reviews/R270K6TXXT585A/ref=cm_cr_getr_d_rvw_ttl?ie=UTF8&ASIN=B0C887P5SC,"1.0 "," the United States "," January 10, 2024",Color: Carbon Fiber BlackStyle: Cash Strap,Verified Purchase,Money clip broke off in 3 months.,
Deejay,Save your money!!!!,https://www.amazon.com/gp/customer-reviews/R6ALZLWPQH0WN/ref=cm_cr_getr_d_rvw_ttl?ie=UTF8&ASIN=B0C887P5SC,"1.0 "," the United States "," January 10, 2024",Color: Carbon Fiber BlackStyle: Cash Strap,Verified Purchase,"This is a piece of junk, when you pop the cards up they don’t separate if you want the card and back you have to take all three cards out, and that’s all that will fit in the pop-up is three cards. The other Card pouches aren’t big enough to put cards in it’s almost impossible to get them in and out. Metal money clip on the outside will poke you in your ass if you put it in your pocket facing that way and if you turn it the other way the clip snags on chairs when you sit down.",2
PazPaz,Very Versitle,https://www.amazon.com/gp/customer-reviews/RBC8OJBPDQ0T6/ref=cm_cr_getr_d_rvw_ttl?ie=UTF8&ASIN=B0C887P5SC,"5.0 "," the United States "," January 6, 2024",Color: Carbon Fiber BlackStyle: Cash Strap,Verified Purchase,Plenty of room for cards. Easy to use and sleek. Very sturdy and great look.,
Susan E DuPuis,"cool pop up card holder, but overall design not good",https://www.amazon.com/gp/customer-reviews/RCYY7D8Z3BZDS/ref=cm_cr_getr_d_rvw_ttl?ie=UTF8&ASIN=B0C887P5SC,"2.0 "," the United States "," January 6, 2024",Color: Carbon Fiber BlackStyle: Cash Strap,Verified Purchase,"Seems like a great design with the pop up card holder, but the money clip is on the outside of the wallet which seems like it would be easy to lose bills when taking out of a pocket.  We returned the item",
Mary Lee Dodson,It’s ok!,https://www.amazon.com/gp/customer-reviews/R12N3ISQ4SAVE7/ref=cm_cr_getr_d_rvw_ttl?ie=UTF8&ASIN=B0C887P5SC,"3.0 "," the United States "," December 29, 2023",Color: Carbon Fiber BlackStyle: Cash Strap,Verified Purchase,Dollar placement questionable!,
Amber Atzert,Broke after 2 months,https://www.amazon.com/gp/customer-reviews/R1M0CGG99E02YW/ref=cm_cr_getr_d_rvw_ttl?ie=UTF8&ASIN=B0C887P5SC,"1.0 "," the United States "," December 28, 2023",Color: Carbon Fiber BlackStyle: Cash Strap,Verified Purchase,Husband loved this wallet-very compact and easy to use but clip broke after 2 months and seller won’t contact me to help.,
scott,Not big enough,https://www.amazon.com/gp/customer-reviews/R1VQTEF54DQW4/ref=cm_cr_getr_d_rvw_ttl?ie=UTF8&ASIN=B0C887P5SC,"1.0 "," the United States "," December 28, 2023",Color: Carbon Fiber BlackStyle: Cash Strap,Verified Purchase,"Card do not fit in the slots of the wallet and are very hard to get out. Even pop feature is a bit stiff to get, returned immediately",
LadyRider78,Love it!,https://www.amazon.com/gp/customer-reviews/R1OOHGIPCMN5RG/ref=cm_cr_getr_d_rvw_ttl?ie=UTF8&ASIN=B0C887P5SC,"5.0 "," the United States "," December 22, 2023",Color: Carbon Fiber BlackStyle: Cash Strap,Verified Purchase,Holds everything that I need and is small enough to fit into my front pocket as well!!!,
Amazon Customer,Good quality,https://www.amazon.com/gp/customer-reviews/R1I854CF0FIN8O/ref=cm_cr_getr_d_rvw_ttl?ie=UTF8&ASIN=B0C887P5SC,"4.0 "," the United States "," December 20, 2023",Color: Carbon Fiber BlackStyle: Cash Strap,Verified Purchase,Works nice I would recommend 👌,
Robert G,Just what i wanted!,https://www.amazon.com/gp/customer-reviews/R2WWK8NQ0A0X4J/ref=cm_cr_getr_d_rvw_ttl?ie=UTF8&ASIN=B0C887P5SC,"5.0 "," the United States "," December 15, 2023",Color: Carbon Fiber BlackStyle: Cash Strap,Verified Purchase,"I was in need of a new wallet and wanted something that would give me just the right amount of storage of cards and minimal cash. I like the size and construction of the item. I usually only carry a few credit cards and small amounts of cash. This wallet is perfect. As with most new wallets like this at first it can be hard to get the cards in and out of the slots, but i have found over the past month of use it has become easier to get them in and out of the outside slots, without feeling loose or not secure in the slots. Very happy.",
