﻿评论用户,评论概述,评论链接,星级评分,评论地点,评论时间,类型,是否购买,评论详情,觉得该评论有帮助的人数
Sleek but the pockets for cards were tight.,Not comfortable,https://www.amazon.com/gp/customer-reviews/R3FC9EIMJGCDR0/ref=cm_cr_getr_d_rvw_ttl?ie=UTF8&ASIN=B0CCDJHVNV,"2.0 "," the United States "," January 21, 2025",Color: Classic Black,,It looks great but the pockets to keep the cards are very tight.,
Victor Munguia,Slim and durable,https://www.amazon.com/gp/customer-reviews/R2CZVQNFUJ9RPF/ref=cm_cr_getr_d_rvw_ttl?ie=UTF8&ASIN=B0CCDJHVNV,"5.0 "," the United States "," January 19, 2025",Color: Elephant Grey,,Holds several cards and the money clip stays tight,
CajunDragon,Meh.,https://www.amazon.com/gp/customer-reviews/RW0WZWBK6J6BA/ref=cm_cr_getr_d_rvw_ttl?ie=UTF8&ASIN=B0CCDJHVNV,"3.0 "," the United States "," January 18, 2025",Color: Classic Black & Orange,Verified Purchase,"Thin. Durable. Sleek. But I’m just okay with it. Not sure why, it serves its purpose, but I can’t shake the constant prying things out with much effort out the inability to use the chip window. The wallet will not work with the card chip exposed. But that’s okay, not a breaking point for me. The black and orange is awesome, love it, and its thin real estate is great. But something is missing and I can’t put my finger on it.",
Aris Star,Great quality,https://www.amazon.com/gp/customer-reviews/R1LTX0XCTSX5WZ/ref=cm_cr_getr_d_rvw_ttl?ie=UTF8&ASIN=B0CCDJHVNV,"5.0 "," the United States "," January 12, 2025",Color: Classic Black & Orange,Verified Purchase,"The design of the wallet is slim, could fit the tightest pocket. The outside is a soft leather which adds to its cool design while keeping the quality durable. It's more so for those who use mostly cards as you can't fit no more than a few bills without it bulging or barely closing.",
Kindle Customer,Pretty but,https://www.amazon.com/gp/customer-reviews/R2JGF8NWPN7SOZ/ref=cm_cr_getr_d_rvw_ttl?ie=UTF8&ASIN=B0CCDJHVNV,"2.0 "," the United States "," January 9, 2025",Color: Carbon Black & Blue,Verified Purchase,It’s pretty but it’s bigger then it appears and it’s super hard to get he cards out.,
mb,Classy wallet,https://www.amazon.com/gp/customer-reviews/RMK2BOYF3RGTG/ref=cm_cr_getr_d_rvw_ttl?ie=UTF8&ASIN=B0CCDJHVNV,"5.0 "," the United States "," January 5, 2025",Color: Carbon Black,Verified Purchase,This is a well-designed wallet.,
Ricardo. W,Best wallet I’ve gotten,https://www.amazon.com/gp/customer-reviews/R2FHSF7GAH9ZFC/ref=cm_cr_getr_d_rvw_ttl?ie=UTF8&ASIN=B0CCDJHVNV,"5.0 "," the United States "," January 3, 2025",Color: Crazy Horse Brown,Verified Purchase,Love this product,
Stoked-On-Spokes,Wsy too tight.,https://www.amazon.com/gp/customer-reviews/R5ASJIHDPIKQV/ref=cm_cr_getr_d_rvw_ttl?ie=UTF8&ASIN=B0CCDJHVNV,"2.0 "," the United States "," December 29, 2024",Color: Carbon Black,,"I've been using for over a month and hate this thing. Bought it on sale for $7.  The money clip will scratch up your credit card opposite it. Money clip is really hard to flex. The rest of the wallet is stitched super tight. You can put cards inside, all over the place but it's really hard removing them. The outside pocket is your best best for most used card because there's an opening to push card out.  The wallet looks cool but doesn't conform to your hip/pocket. Build quality is good and it looks cool. It's just not functional.",
Erik Marshall,My new wallet,https://www.amazon.com/gp/customer-reviews/R29I4DF3UIQVFI/ref=cm_cr_getr_d_rvw_ttl?ie=UTF8&ASIN=B0CCDJHVNV,"5.0 "," the United States "," December 28, 2024",Color: Carbon Black,Verified Purchase,"This little number strikes a nice balance between minimalist and functional, the way that the credit cards are stored inside of the wallet makes retrieving them a breeze, even your ID is easy to get out of the wallet when you need it. Perhaps the one downside I can say about the wallet is that there is only a money clip to hold your bills, making it so that any time you need to pay with cash you have to take everything out of the money clip to manage that. But will how infrequently I even carry cash this isn't much of a problem.",
Mike Sommer III,Nice and easy,https://www.amazon.com/gp/customer-reviews/R2N3M28ZCOXSJZ/ref=cm_cr_getr_d_rvw_ttl?ie=UTF8&ASIN=B0CCDJHVNV,"4.0 "," the United States "," December 12, 2024",Color: Classic Black,,"Obviously most of these if you overload them, they aren't slim. I'd say same goes here. Easy to get to the cards and cash you want. It looks good as well.",
Sharaz H.,Perfect,https://www.amazon.com/gp/customer-reviews/R13T1ADBN2B7KB/ref=cm_cr_getr_d_rvw_ttl?ie=UTF8&ASIN=B0CCDJHVNV,"5.0 "," the United States "," December 10, 2024",Color: Carbon Black & Red,,Very good quality,
Claudia,Está muy duro,https://www.amazon.com/gp/customer-reviews/R2B98PPD646C37/ref=cm_cr_getr_d_rvw_ttl?ie=UTF8&ASIN=B0CCDJHVNV,"1.0 "," the United States "," December 9, 2024",Color: Carbon Black,,Está muy duro,
aee73,NO REAL LEATHER!,https://www.amazon.com/gp/customer-reviews/R15JY90M2NY3O3/ref=cm_cr_getr_d_rvw_ttl?ie=UTF8&ASIN=B0CCDJHVNV,"1.0 "," the United States "," December 7, 2024",Color: Carbon Black,,"First, this wallet is OK, the money clip on the inside is love it or hate it. What I have a BIG ISSUE is sellers using the term ""LEATHER"" very misleadingly. JUST SAY THIS IS "" PU LEATHER "". The Seller even claims ""Premium Leather"" in the description! THERE IS NOTHING PREMIUM ABOUT PU LEATHER! Get your facts straight. I bought two of these and it's going BACK TO AMAZON!",
Fahim Baig,Great product,https://www.amazon.com/gp/customer-reviews/R3C3RAGTJT658D/ref=cm_cr_getr_d_rvw_ttl?ie=UTF8&ASIN=B0CCDJHVNV,"5.0 "," the United States "," November 22, 2024",Color: Modern Black,,I found the product to be of high quality. And of course delivered within the said timeline,
GadgetGuy,They  are so  convienet,https://www.amazon.com/gp/customer-reviews/R3016PE6JUHGVY/ref=cm_cr_getr_d_rvw_ttl?ie=UTF8&ASIN=B0CCDJHVNV,"5.0 "," the United States "," November 8, 2024",Color: Modern Black,Verified Purchase,product nicely packaged!,
FJEspinoza21,Nope,https://www.amazon.com/gp/customer-reviews/R1WZMIWS1A0Y0Z/ref=cm_cr_getr_d_rvw_ttl?ie=UTF8&ASIN=B0CCDJHVNV,"1.0 "," the United States "," October 26, 2024",Color: Classic Black,Verified Purchase,Money clip is to tight. And can only fit a couple of dollars. Bought it as a gift to my husband. He didn't like it.,
Y. O. G.,Gifted,https://www.amazon.com/gp/customer-reviews/R1VERZ1TR24279/ref=cm_cr_getr_d_rvw_ttl?ie=UTF8&ASIN=B0CCDJHVNV,"5.0 "," the United States "," September 6, 2024",Color: Carbon Black & Orange,Verified Purchase,He loves it,
Malisha,Husband loves it!,https://www.amazon.com/gp/customer-reviews/R36PPRSSN412A7/ref=cm_cr_getr_d_rvw_ttl?ie=UTF8&ASIN=B0CCDJHVNV,"5.0 "," the United States "," August 30, 2024",Color: Carbon Black,Verified Purchase,He’s been using his for a few months and no complaints!,
Amazon Customer,Love it!,https://www.amazon.com/gp/customer-reviews/R3C1DS5S481K5S/ref=cm_cr_getr_d_rvw_ttl?ie=UTF8&ASIN=B0CCDJHVNV,"5.0 "," the United States "," July 31, 2024",Color: Carbon Black & Blue,Verified Purchase,"The wallet is sturdy, looks exactly like the photo, and very stylish. My husband loves it.",
Raul,Great quality wallet,https://www.amazon.com/gp/customer-reviews/R1XCA8AADTMBNJ/ref=cm_cr_getr_d_rvw_ttl?ie=UTF8&ASIN=B0CCDJHVNV,"5.0 "," the United States "," July 20, 2024",Color: Crazy Horse Brown,,"the wallet is thin and great to the touch, ive had this wallet for 4 mths and it still looks like new, the leahter that it has is great soft and with a great finish. slim card that does not feel bulky . just a great wallet.",
Manuel G.,Encontré tal cuál lo descrito,https://www.amazon.com/gp/customer-reviews/RKDAK09YGOZ9I/ref=cm_cr_getr_d_rvw_ttl?ie=UTF8&ASIN=B0CCDJHVNV,"4.0 "," the United States "," June 26, 2024",Color: Carbon Black & Red,,Cartera sencilla y económica con muy buen acabado y materiales de calidad media . Sin embargo por la relación precio valor es muy buena compra .,
jan,Just what I was looking for,https://www.amazon.com/gp/customer-reviews/R19SYXO7I9IZWK/ref=cm_cr_getr_d_rvw_ttl?ie=UTF8&ASIN=B0CCDJHVNV,"5.0 "," the United States "," June 25, 2024",Color: Classic Black & Orange,Verified Purchase,Good value and loved how slim and though the money clip wasn’t as strong as I expected it still does the trick. Overall I really like it,
Juan Mariano Bello,Excelent product,https://www.amazon.com/gp/customer-reviews/R25RS3IU3FHG19/ref=cm_cr_getr_d_rvw_ttl?ie=UTF8&ASIN=B0CCDJHVNV,"5.0 "," the United States "," June 11, 2024",Color: Carbon Black & Blue,,Excelent,
Scott Safford,Nice compact wallet that is more focused on holding cards not cash,https://www.amazon.com/gp/customer-reviews/R2GI3FBHMQ3TWK/ref=cm_cr_getr_d_rvw_ttl?ie=UTF8&ASIN=B0CCDJHVNV,"5.0 "," the United States "," June 9, 2024",Color: Carbon Black,,"Well built, compact wallet. If you are looking for a nice wallet that will hold your credit cards and id's, this will do the job.  Pros:  Compact Well made Nice design  Cons:  No pocket for cash (has a cash clip) Cash Clip is not removable (may ad bulk to wallet if used Material is stiff but may loosen up with use",
Susie Culbertson,Good,https://www.amazon.com/gp/customer-reviews/RW327DW3YDBF1/ref=cm_cr_getr_d_rvw_ttl?ie=UTF8&ASIN=B0CCDJHVNV,"5.0 "," the United States "," June 3, 2024",Color: Classic Black,Verified Purchase,Good,
Craig C.,Nice looking wallet,https://www.amazon.com/gp/customer-reviews/RUKM84IN3MOJK/ref=cm_cr_getr_d_rvw_ttl?ie=UTF8&ASIN=B0CCDJHVNV,"4.0 "," the United States "," May 24, 2024",Color: Carbon Black & Red,,The wallet looks really cool. I replaced my old wallet with this. This one is definitely nicer looking. It doesn’t hold as many cards but that is the point with this one. Small and sleek. Sometimes it can be hard to get a card out but overall happy with this wallet.,
The Philyaw Gang,Nice wallet...,https://www.amazon.com/gp/customer-reviews/R39XU9S81Q6UBD/ref=cm_cr_getr_d_rvw_ttl?ie=UTF8&ASIN=B0CCDJHVNV,"4.0 "," the United States "," May 20, 2024",Color: Sapphire Blue,,"This is a nice wallet, just not what he was looking for.  Nice storage area for cards, fits in pocket well without feeling thick.  Great buy...",
TrainmanDoug,Did not like  the way the cards fit,https://www.amazon.com/gp/customer-reviews/R1I2IPUCXSG0AZ/ref=cm_cr_getr_d_rvw_ttl?ie=UTF8&ASIN=B0CCDJHVNV,"1.0 "," the United States "," March 29, 2024",Color: Carbon Black,Verified Purchase,The cards fit loose,
Joshua Martin,Functionality,https://www.amazon.com/gp/customer-reviews/RBWI73PILYFP0/ref=cm_cr_getr_d_rvw_ttl?ie=UTF8&ASIN=B0CCDJHVNV,"3.0 "," the United States "," March 17, 2024",Color: Crazy Horse Brown,Verified Purchase,It's a great wallet and well built. Make sure you don't use cash to carry. There is no where to put cash. Otherwise it's perfect,
Miss Q Anon,Husband loves it. Very slim,https://www.amazon.com/gp/customer-reviews/R7I23EBQVYX4Z/ref=cm_cr_getr_d_rvw_ttl?ie=UTF8&ASIN=B0CCDJHVNV,"5.0 "," the United States "," March 10, 2024",Color: Cognac Brown,Verified Purchase,"Not a paid review. My husband kept complaining about his wallet being too thick so I got him this one. Honestly, I didn't think he'd like it, I thought it may be too thin and small but he much prefers it. I'm so glad too, it's not good for your spine to sit on a wallet. And it's easier to get out of his pocket too.",
Gary Burnside,Good,https://www.amazon.com/gp/customer-reviews/R30WU1EINWNE1U/ref=cm_cr_getr_d_rvw_ttl?ie=UTF8&ASIN=B0CCDJHVNV,"5.0 "," the United States "," March 9, 2024",Color: Carbon Black,Verified Purchase,Good,
J. C. Schillo,Don't buy,https://www.amazon.com/gp/customer-reviews/R289VGTQOJG7TH/ref=cm_cr_getr_d_rvw_ttl?ie=UTF8&ASIN=B0CCDJHVNV,"2.0 "," the United States "," March 1, 2024",Color: Cognac Brown,Verified Purchase,The wallet is nice looking but once you put credit cards or license in it you can not get them out. Just way to tight and I finally had to go back to my old wallet.,
A.T,Was a stocking stuffer,https://www.amazon.com/gp/customer-reviews/R24B4ZAHUCPSXW/ref=cm_cr_getr_d_rvw_ttl?ie=UTF8&ASIN=B0CCDJHVNV,"2.0 "," the United States "," February 21, 2024",Color: Carbon Black & Blue,Verified Purchase,My husband loved the design. But was very cheaply made. The money clip was so stiff could barely get a few bills in it. And the material has already started cracking and have only had it since Christmas,
Theresa,Ripped in day 1,https://www.amazon.com/gp/customer-reviews/R22TIC1NRBAUE0/ref=cm_cr_getr_d_rvw_ttl?ie=UTF8&ASIN=B0CCDJHVNV,"1.0 "," the United States "," February 21, 2024",Color: California Desert,Verified Purchase,"While putting my ID in this wallet, it ripped. The durability is poor. Had to return.",
Terry Patton,Very nice looking wallet,https://www.amazon.com/gp/customer-reviews/RDB6BSCPKABBM/ref=cm_cr_getr_d_rvw_ttl?ie=UTF8&ASIN=B0CCDJHVNV,"5.0 "," the United States "," February 6, 2024",Color: Crazy Horse Brown,Verified Purchase,I liked everything about this wallet. It’s slim and has plenty room.,
Robin,Hard to hold cash,https://www.amazon.com/gp/customer-reviews/R2NW1MKUFN846P/ref=cm_cr_getr_d_rvw_ttl?ie=UTF8&ASIN=B0CCDJHVNV,"5.0 "," the United States "," February 5, 2024",Color: Classic Black,Verified Purchase,"Everything's fits in nicely. However, it really doesn't have an easy way to hold cash. There is a money clip but you feel like your cash is exposed. It fit nicely in my son's pocket, he likes the style.",
Vincent P. Solazzo,Sleek and Good Looking,https://www.amazon.com/gp/customer-reviews/R3AKCU55FQGOUD/ref=cm_cr_getr_d_rvw_ttl?ie=UTF8&ASIN=B0CCDJHVNV,"4.0 "," the United States "," February 3, 2024",Color: Crazy Horse Brown,,I was pleasantly surprised when this wallet arrived. It was well built and perfect for a lighter carry wallet. I gifted it to my son and he uses it daily. It was sturdy and had just the right amount of card slots.. I would buy again.,
MadxChess,Good buy,https://www.amazon.com/gp/customer-reviews/R3E0HUR3KXJBUZ/ref=cm_cr_getr_d_rvw_ttl?ie=UTF8&ASIN=B0CCDJHVNV,"4.0 "," the United States "," January 14, 2024",Color: Carbon Black,Verified Purchase,Wish the money clip was removable but over all its good quality for the price,
Gretell Susana Rodriguez Arbella,Fue un regalo y fue de mucho agrado,https://www.amazon.com/gp/customer-reviews/R37QQ13WDXRPOA/ref=cm_cr_getr_d_rvw_ttl?ie=UTF8&ASIN=B0CCDJHVNV,"5.0 "," the United States "," January 10, 2024",Color: Classic Black,Verified Purchase,Esta billetera esta comoda y muy bonita y comprobe que tiene perfecto bloqueo para las tarjetas,
Kylie,Easy access,https://www.amazon.com/gp/customer-reviews/R3PI3XDL0QTXOF/ref=cm_cr_getr_d_rvw_ttl?ie=UTF8&ASIN=B0CCDJHVNV,"5.0 "," the United States "," January 6, 2024",Color: Carbon Black,Verified Purchase,I bought this for my husband as a Christmas gift and we really like that it allows for easy access to his most used card. It adds extra convenience,
Armando Saenz Fernandez,Regular,https://www.amazon.com/gp/customer-reviews/R22JZGMNDGF4XE/ref=cm_cr_getr_d_rvw_ttl?ie=UTF8&ASIN=B0CCDJHVNV,"3.0 "," the United States "," January 5, 2024",Color: Carbon Black,Verified Purchase,No cumplió con las expectativas,
Linda Z.,Not as much space as I thought,https://www.amazon.com/gp/customer-reviews/R32W2NBA88JNPH/ref=cm_cr_getr_d_rvw_ttl?ie=UTF8&ASIN=B0CCDJHVNV,"3.0 "," the United States "," January 3, 2024",Color: Cognac Brown,Verified Purchase,"I returned this, the money clip was way too intrusive.",
M,Ok,https://www.amazon.com/gp/customer-reviews/R2GRTFW4YJVNQH/ref=cm_cr_getr_d_rvw_ttl?ie=UTF8&ASIN=B0CCDJHVNV,"3.0 "," the United States "," January 3, 2024",Color: Carbon Black,Verified Purchase,The money clip was a disappointment. Purchased for the money clip but not bad expected.,
CardsMovement,VOOTAI Slim Wallet for Men,https://www.amazon.com/gp/customer-reviews/RX8QQKTVU7QSD/ref=cm_cr_getr_d_rvw_ttl?ie=UTF8&ASIN=B0CCDJHVNV,"5.0 "," the United States "," December 31, 2023",Color: Charcoal Black,,"This wallet is great quality and I love the slimness of it. Most men's wallets are clunky with many layers and feel very large in your pockets, this is much easier to have in any pocket because of the slim design. It holds enough cards and gives me space to ass cash which I like. This product would make a great gift for any man who carries a wallet.",
H. Ellis,Nice leather flat wallets,https://www.amazon.com/gp/customer-reviews/R2PWFKIVGSFD1Z/ref=cm_cr_getr_d_rvw_ttl?ie=UTF8&ASIN=B0CCDJHVNV,"4.0 "," the United States "," December 31, 2023",Color: Crazy Horse Brown,Verified Purchase,"young men gifts received the flat wallets and seemed pleased especially when we also added  at ten dollar bill to the money clip. They seemed to be slow to get the flat idea, remember they are young men with less stuff",
Joshua C.,Awesome,https://www.amazon.com/gp/customer-reviews/R2DHX6P4KV85C3/ref=cm_cr_getr_d_rvw_ttl?ie=UTF8&ASIN=B0CCDJHVNV,"5.0 "," the United States "," December 29, 2023",Color: Cognac Brown,Verified Purchase,Great wallet . Slim and modern feel . Still very useful with enough slots for cards and nice holder for cash !,
Redhead,Good wallet,https://www.amazon.com/gp/customer-reviews/R9AIZO6GJD39P/ref=cm_cr_getr_d_rvw_ttl?ie=UTF8&ASIN=B0CCDJHVNV,"5.0 "," the United States "," December 29, 2023",Color: Charcoal Black,Verified Purchase,I liked that there were plenty of slots for cards and money holder.,
Misty Scherm,Good,https://www.amazon.com/gp/customer-reviews/R32QPOTGEHL73J/ref=cm_cr_getr_d_rvw_ttl?ie=UTF8&ASIN=B0CCDJHVNV,"5.0 "," the United States "," December 27, 2023",Color: Carbon Black & Blue,Verified Purchase,My husband loves it.,
Brooke,Great!,https://www.amazon.com/gp/customer-reviews/RXDJO2WZE5NKP/ref=cm_cr_getr_d_rvw_ttl?ie=UTF8&ASIN=B0CCDJHVNV,"5.0 "," the United States "," December 22, 2023",Color: Carbon Black,,I got this for my husband because his other wallet was falling apart from washing it by accident. So far he loves it & I am glad to have found it! I’d recommend it!,
Michael H.,Very well made,https://www.amazon.com/gp/customer-reviews/R346WCJGABFC5Z/ref=cm_cr_getr_d_rvw_ttl?ie=UTF8&ASIN=B0CCDJHVNV,"5.0 "," the United States "," December 20, 2023",Color: Carbon Black & Red,,"I got this as a gift for my wife. She was able to fit everything that was in her previous wallet in there without much trouble. The design maximizes it's use of space, making for a very clean, compact, and functional design.",
very happy,As was advertised,https://www.amazon.com/gp/customer-reviews/R2139EBL0VIWPM/ref=cm_cr_getr_d_rvw_ttl?ie=UTF8&ASIN=B0CCDJHVNV,"5.0 "," the United States "," December 18, 2023",Color: California Desert,Verified Purchase,NA,
MsSushiQ1,Great wallet,https://www.amazon.com/gp/customer-reviews/R66PNI51JCSBI/ref=cm_cr_getr_d_rvw_ttl?ie=UTF8&ASIN=B0CCDJHVNV,"5.0 "," the United States "," December 4, 2023",Color: Cognac Brown,,The wallet is the perfect size for jeans pocket. Fits 4-8 cards in 4 seperate pockets. Has 2 slide pockets for quick release atm for r other cards that are used to often. Has a license folder. The material is a soft leather like material that is soft and sturdy. Been carrying the wallet for 4 months and it shows no wear.  I really like the outside slip pocket. I keep my work key card in the outside slip- I just hold the wallet up to reader without removing. I’ve used the outside slip for subway card as well,
Mauricio Correa,Very cool style,https://www.amazon.com/gp/customer-reviews/R13DAV5WN7UUJ/ref=cm_cr_getr_d_rvw_ttl?ie=UTF8&ASIN=B0CCDJHVNV,"4.0 "," the United States "," December 3, 2023",Color: Cognac Brown,Verified Purchase,"Awesome style and apparently very good quality, good price for a good article",
Amazon Customer,Nice but not everyday,https://www.amazon.com/gp/customer-reviews/R3S5ZI4KS6KM3A/ref=cm_cr_getr_d_rvw_ttl?ie=UTF8&ASIN=B0CCDJHVNV,"4.0 "," the United States "," December 2, 2023",Color: Classic Black,,"I think this wallet is really nice. It has a great concept and sleek design. I will say that this wallet seems more suited for travel and not every day use. What I do like about it, is it is giftable. If you're like me and have the hardest time finding gifts for the men in your life, this wallet is a great option when you don't have any.",
angelam.,First cyber Monday sale,https://www.amazon.com/gp/customer-reviews/R1G5CH2UVIU9YN/ref=cm_cr_getr_d_rvw_ttl?ie=UTF8&ASIN=B0CCDJHVNV,"5.0 "," the United States "," December 1, 2023",Color: Carbon Black,Verified Purchase,Surprise Christmas gift for my hubby. Exactly as advertised and as thin as it looked but durable. I love the design and hopefully he will too. Would order from seller again. Looked the sale and Exactly as advertised!,
Amazon Customer,"Bought for a gift and while he didn't like it, it does seem well-made",https://www.amazon.com/gp/customer-reviews/R1K5TECYO1Z2A1/ref=cm_cr_getr_d_rvw_ttl?ie=UTF8&ASIN=B0CCDJHVNV,"4.0 "," the United States "," November 29, 2023",Color: Carbon Black & Blue,,"I bought this for my partner for our anniversary since he had been complaining that he wanted a money clip that didn't stick to everything in his pocket due to the magnets.  I thought this might do the trick but he did not like it.  Overall it is well-made and seems like it will successfully do the job.  I've looked at it and put some cards in it to possibly use for travel, but haven't really taken it out much more than that.  The quality is good and it would be a decent gift (if you or the giftee is less picky than my partner).",
De'Andre Ralston,The perfect wallet for day to day use and travel.,https://www.amazon.com/gp/customer-reviews/R303DMYAVTWGRI/ref=cm_cr_getr_d_rvw_ttl?ie=UTF8&ASIN=B0CCDJHVNV,"5.0 "," the United States "," November 22, 2023",Color: California Desert,Verified Purchase,I've had the same walled for 20+ years. My wife forced me to get a new one finally when my credit cards were slipping out of my torn up wallet. I'm just glad she got me this one.,
Kristen Jones,Not very high quality,https://www.amazon.com/gp/customer-reviews/R3US4YCGA3TM5W/ref=cm_cr_getr_d_rvw_ttl?ie=UTF8&ASIN=B0CCDJHVNV,"2.0 "," the United States "," November 18, 2023",Color: Modern Black,,This wallet is not very high quality. It is not durable but it looks nice.,
lauXren for Vine,"Good wallet, definitely minimalist.",https://www.amazon.com/gp/customer-reviews/R1ZQGDJCN1BE8Y/ref=cm_cr_getr_d_rvw_ttl?ie=UTF8&ASIN=B0CCDJHVNV,"4.0 "," the United States "," November 13, 2023",Color: Carbon Black & Red,,"This wallet is pretty much what you expect to get. I got this for my boyfriend to use because he was in the market for a new wallet. It doesnt feel like the best quality material, however it holds together nicely. My boyfriend used it for a while but ended up going with a different wallet because he has a lot of cards and this one is made to keep everything to a minimum (which he doesnt do. i tried lol). we both like the money clip feature, and that was probably our favorite thing about this wallet. If you know someone who doesnt like to carry a lot of cash or cards this is a good wallet to pick. However if you are someone who prefers cash or has a lot of cards (insurance cards, debit/credit cards/loyalty cards etc) you might want to get something with more room. If you are trying to downsize to help from carrying so much, go ahead and give this wallet a try. There were no loose threads or snags and the design is nice and modern. The red also gives it a nice touch.",
Bryce,Slim and Sturdy,https://www.amazon.com/gp/customer-reviews/RP1168FBK4L0D/ref=cm_cr_getr_d_rvw_ttl?ie=UTF8&ASIN=B0CCDJHVNV,"5.0 "," the United States "," November 11, 2023",Color: Sapphire Blue,,I’ve been looking for a simple and slim wallet and this one is it. It has a ton of slots for cards and I really like the outside slot for my main debit card. I don’t have to open it all the time. It fits everything snug and tight. The money clip is also great because it keeps me from stuffing my wallet with a bunch of receipts. I like it.,
Jessica Graber,got this for someone who hates using wallets,https://www.amazon.com/gp/customer-reviews/R2W3017PEP8P35/ref=cm_cr_getr_d_rvw_ttl?ie=UTF8&ASIN=B0CCDJHVNV,"5.0 "," the United States "," November 10, 2023",Color: Carbon Black & Blue,,got this for my BF who hates using a wallet but is also constantly losing $ or his ID because he just shoves it all in his pockets and things fall out. I got this hoping it would be small enough that it would convince him to use a wallet and so far its working out well.,
Kenneth Davis,Kind of bulky,https://www.amazon.com/gp/customer-reviews/RBSNO9F8IQLF7/ref=cm_cr_getr_d_rvw_ttl?ie=UTF8&ASIN=B0CCDJHVNV,"3.0 "," the United States "," November 7, 2023",Color: Elephant Grey,,"I got this to replace my current wallet but I honestly wasn't too satisfied. This wallet compared to my other wallet is super thick and uncomfortable to sit on. I may be biased because I had a fairly thing wallet before this but I upgraded to this for more space. I love that there are so many spaces for cards. It really is great.  Honestly...I switched back to my previous wallet because it was too big. Again, this may be me being biased but it was just too thick for me.",
Mochaminx,Durable wallet,https://www.amazon.com/gp/customer-reviews/RQYT0Q6L49CD2/ref=cm_cr_getr_d_rvw_ttl?ie=UTF8&ASIN=B0CCDJHVNV,"4.0 "," the United States "," November 5, 2023",Color: Modern Black,,Lasted over 3 months. Holds just enough cards for a day trip without making a huge pocket bulge.,
Atseicah,Not bad. Stylish though.,https://www.amazon.com/gp/customer-reviews/R3SIXNY6DPMFJK/ref=cm_cr_getr_d_rvw_ttl?ie=UTF8&ASIN=B0CCDJHVNV,"4.0 "," the United States "," November 5, 2023",Color: Crazy Horse Brown,,"Looks pretty good for a cheap wallet. I got this because sometimes I occasionally like to change up my wallet. I don't care much cash these days, just cards, and it's got enough pockets for all my cards, although it does get a little bulky. As someone else stated, I do wish the clip was removable. So far I like it, and I'll use it for probably a while.",
Katdlove,"Nice, sleek wallet",https://www.amazon.com/gp/customer-reviews/R1AAO1NU8ZJJ3E/ref=cm_cr_getr_d_rvw_ttl?ie=UTF8&ASIN=B0CCDJHVNV,"4.0 "," the United States "," November 4, 2023",Color: Carbon Black & Blue,,The colors work well together and the wallet looks very nice. It has enough space for what is needed and is still slim and easily fits into a pocket. My brother really liked this and the fact that it is slim. It also has RFID blocking and comes in a nice box for easy gifting.,
Jasmine🌸,Well made,https://www.amazon.com/gp/customer-reviews/R2FJ4LXDXCHDGH/ref=cm_cr_getr_d_rvw_ttl?ie=UTF8&ASIN=B0CCDJHVNV,"5.0 "," the United States "," November 3, 2023",Color: Charcoal Black,,"Great wallet, made well, can store several cards without being bulky. Made a great gift.",
Gabby L.,My son loves this wallet,https://www.amazon.com/gp/customer-reviews/R2CFHBJU7QLKUK/ref=cm_cr_getr_d_rvw_ttl?ie=UTF8&ASIN=B0CCDJHVNV,"5.0 "," the United States "," November 1, 2023",Color: Carbon Black & Red,,My son is a working teenager and wanted this wallet rather than the traditional style. He likes having quick access to his debit card and he also like the money clip. It's so stylish and the colors are nice too. Perfect for a non bulky fit for having in your pocket without it being noticeable.  Very durable and sleek. He likes it.,
Gio,Nice!,https://www.amazon.com/gp/customer-reviews/R2QR65BRQI72ZH/ref=cm_cr_getr_d_rvw_ttl?ie=UTF8&ASIN=B0CCDJHVNV,"5.0 "," the United States "," October 30, 2023",Color: Charcoal Black,,I love this size of the slim wallet - it literally fits all of my cards and money perfectly and allows me to walk around feeling secure with my money because of the construction.,
Tori Craighead,I love the wallet,https://www.amazon.com/gp/customer-reviews/R2SNEKBIVWEIND/ref=cm_cr_getr_d_rvw_ttl?ie=UTF8&ASIN=B0CCDJHVNV,"4.0 "," the United States "," October 29, 2023",Color: Elephant Grey,,"The wallet is great overall. The only real issue I have is that, unless I am somehow using it wrong, the money clip inside is too difficult to use. I've almost ripped cash on multiple occasions. It's a great wallet for everyday use, though. I don't have a ton of different cards. Mostly just carry my couple of debit cards, a credit card, my IDs, and insurance. So, for me, it is perfect. For someone who has a ton of different cards, then it may be a bit too small.",
Amazon Customer,Nice wallet for carrying cards!!,https://www.amazon.com/gp/customer-reviews/R1TLRJU8UEPO42/ref=cm_cr_getr_d_rvw_ttl?ie=UTF8&ASIN=B0CCDJHVNV,"4.0 "," the United States "," October 29, 2023",Color: Carbon Black & Red,,"This slim wallet is really  made well and looks very stylish.  I love all the different color options.  I went with back and red and I really love it.  There is plenty of space for cards and a place for your ID/driver's license, but the more cards you put in, the bulkier the wallet is going to get.  Also, if you put in too many cards and it gets bulkier, you cannot keep a lot of bills in the money clip because it will be hard to the get the bills out.  I think this wallet is nice for someone who doesn't carry or need to carry a lot of cash and has a few main credit cards they use.  It is definitely not for someone who has a lot of cards and carries a lot of cash. You could put a lot of cards and cash in here, but it just won't be ""slim"" anymore and it won't be as easy to get the cards and cash out.",
Moody,Perfect for teens,https://www.amazon.com/gp/customer-reviews/RYJK18VO5QPF0/ref=cm_cr_getr_d_rvw_ttl?ie=UTF8&ASIN=B0CCDJHVNV,"4.0 "," the United States "," October 29, 2023",Color: California Desert,,"I got this slim wallet for my little brother, and he's loving it! It's perfect for his everyday needs, and, most importantly, it's super lightweight and compact, which is exactly what he wanted. Its got 11 card slots and an ID window, which is more than enough for him, and the external notches make it easy to access his cards. The metal money clip is great; he can keep a few bills without it getting bulky. It's not just practical; it looks sleek and stylish, and the packaging makes it an awesome gift.",
styler,Great stocking stuffer!!,https://www.amazon.com/gp/customer-reviews/R2C5YFRKDZ13BM/ref=cm_cr_getr_d_rvw_ttl?ie=UTF8&ASIN=B0CCDJHVNV,"4.0 "," the United States "," October 28, 2023",Color: Carbon Black & Blue,,"This is a great little wallet for anyone! It is sturdy without being uncomfortably rigid and it has multiple card holders. I wish it was genuine leather instead, but that is not an option in this style.",
K Arrowood,Good little wallet,https://www.amazon.com/gp/customer-reviews/R11SZ2UA3JXJZ7/ref=cm_cr_getr_d_rvw_ttl?ie=UTF8&ASIN=B0CCDJHVNV,"5.0 "," the United States "," October 27, 2023",Color: Crazy Horse Brown,,"Ordered this for my husband to replace an aging wallet. He was very pleased with the quality and this wallet had plenty of room for his cards/ money, etc. while still being compact. Would definitely recommend to anyone.",
Libby,No cash fold,https://www.amazon.com/gp/customer-reviews/R1DLY1R70I56IJ/ref=cm_cr_getr_d_rvw_ttl?ie=UTF8&ASIN=B0CCDJHVNV,"3.0 "," the United States "," October 25, 2023",Color: Carbon Black & Red,,"it was a quality product but it was too thick for my liking. If you are looking for something sleek, this isn't the best choice. It's thin, but also has minimal space for actual usage. Looks cool though. Could be a good gift for dad. It opens out like a normal wallet would but there's not a space for cash and that wasn't cool for me.",
Troy,Great wallet.,https://www.amazon.com/gp/customer-reviews/R96BHPVTP539R/ref=cm_cr_getr_d_rvw_ttl?ie=UTF8&ASIN=B0CCDJHVNV,"5.0 "," the United States "," October 24, 2023",Color: Sapphire Blue,,"The Perfect Wallet UpgradeI recently treated myself to the VOOTAI Slim Wallet, and it has truly elevated my everyday carry experience. This wallet is a winning combination of style and functionality.The RFID blocking technology adds an extra layer of security, which gives me peace of mind when it comes to my card information. The leather material feels premium and robust. The minimalist design and money clip are exactly what I was looking for. It's slim and fits comfortably in my pocket without any bulk.I also appreciate the elegant gift box it comes in. It's like a gift to myself every time I take it out. I've been using this wallet daily, and it continues to impress. It's a long-lasting investment that combines practicality with aesthetics.In summary, the VOOTAI Slim Wallet is the ideal choice if you're seeking a top-notch wallet upgrade. Whether it's for yourself or as a gift, you won't be disappointed. Highly recommended for those who appreciate both style and security in their accessories.",
Perlyn,A Slim and Stylish Wallet,https://www.amazon.com/gp/customer-reviews/RJD70PVDWYVCG/ref=cm_cr_getr_d_rvw_ttl?ie=UTF8&ASIN=B0CCDJHVNV,"5.0 "," the United States "," October 20, 2023",Color: Sapphire Blue,,"I purchased this slim minimalist wallet for one of my 18 year old twin boys, who was searching for a sleek, non-bulky wallet. He wanted something that matched his style, and this wallet was the perfect fit!  5-stars for this slim and stylish wallet. It's exactly what he was looking for, and he absolutely loves it. An excellent addition to his daily essentials!",
Marcie,"Lots of pockets, but extremely tight and kinda bulky with the cash clip",https://www.amazon.com/gp/customer-reviews/R1L3R74C429NPN/ref=cm_cr_getr_d_rvw_ttl?ie=UTF8&ASIN=B0CCDJHVNV,"3.0 "," the United States "," October 20, 2023",Color: Elephant Grey,,"This wallet is alright, overall. I like that it has lots of different pockets. From the easy front pockets, to a windowed pocket, to top pockets, to side pockets, I can store each of my different credit cards, ID badges, membership IDs, and key cards in very specific places. As a college student, I ESPECIALLY like the easy-access card slot on the front, so I don’t even have to open my wallet to get out my college ID.  However, the overall stitching of this wallet is VERY tight, presumably to keep it thin. However, my old, more “traditional” wallet wasn’t as tight, but was the same thickness. I have a difficult time removing my key card from the side pocket behind the cash clip.  The cash clip is not good. It adds lots of bulk to this wallet. Additionally, to try to make the wallet more loose, I bent it back slightly when I received this. However, now it’s too lose, and single bills slip right out from the clip! I can’t bend it tighter, either.",
Chris Blankenship,A nice slim wallet,https://www.amazon.com/gp/customer-reviews/R3DA68HF1KYIV0/ref=cm_cr_getr_d_rvw_ttl?ie=UTF8&ASIN=B0CCDJHVNV,"4.0 "," the United States "," October 18, 2023",Color: Carbon Black & Blue,,"This review is for the Vootai Slim Wallet:  This is definitely the kind of wallet that I would give to a relative for the holidays or that I wish I had in multiple colors for myself (I like to switch things up every so often and a different color now and then seems nice). The material seems to be really durable, I've not had any tears or stitches falling apart. I think I have at least 1 card in every slot in the wallet, and 2-3 in at least a couple different slots. Even the design on the front of the wallet is actually 2 card slots, which is super useful. I think the biggest detriment is when I first got it, I almost couldn't use it because I was struggling to get any cards into any slot on one side of it; it was so rigid. I found out that it was because of how the money clip was inserted into the wallet. Once I removed the money clip, I had no issues with anything. I rarely carry cash, so this wasn't an issue for me, and even if I did have cash, there are more than enough slots to hold it. Great wallet, and definitely a great gift idea.",
Stanley,Beautiful and thin,https://www.amazon.com/gp/customer-reviews/R305QFKMXC7PV1/ref=cm_cr_getr_d_rvw_ttl?ie=UTF8&ASIN=B0CCDJHVNV,"4.0 "," the United States "," October 18, 2023",Color: Crazy Horse Brown,,Very good looking classy wallet.  It's thin but still get to fit everything I need in it.  The only drawback is that the clip is incredibly tight.,
Rose ♥,Not what I was expecting at all.,https://www.amazon.com/gp/customer-reviews/R2WFZDKJQ5NRJR/ref=cm_cr_getr_d_rvw_ttl?ie=UTF8&ASIN=B0CCDJHVNV,"1.0 "," the United States "," October 18, 2023",Color: California Desert,,"This wallet is not what I was expecting. The color is off, which isn't that big of a deal. The biggest problem is that this wallet isn't that ""slim"", once you start putting dollar bills and cards in here the clip gets in the way. The clip on my wallet actually broke off because there was too much inside there. Huge problem that should be fixed! There needs to be an ability to take the clip out to stop the wallet from breaking.",
Amy,Slim and Minimalistic,https://www.amazon.com/gp/customer-reviews/R1JRDNE1I0UCFD/ref=cm_cr_getr_d_rvw_ttl?ie=UTF8&ASIN=B0CCDJHVNV,"5.0 "," the United States "," October 16, 2023",Color: Modern Black,,"I like this wallet a lot. You have room for 5-7 cards, drivers license and a bit of cash and thats it. My old wallet was an inch or two thick and i couldn't sit on it ever. This wallet keeps everything tight and small. I don't notice it in my back pocket and i hardly feel it when i'm sitting on it. The money clip is tight so you won't lose your cash. I've have wallets in the past that the clips didn't work because they were to loose, maybe i just didn't have enough cash for the clips......... hahaha :/",
wrecreation,sleek wallet for the minimalist,https://www.amazon.com/gp/customer-reviews/RI4SOJ3QR1BAS/ref=cm_cr_getr_d_rvw_ttl?ie=UTF8&ASIN=B0CCDJHVNV,"5.0 "," the United States "," October 13, 2023",Color: Classic Black & Orange,,"if you carry every credit card and are old school with keeping those loyalty cards, etc, then you're not going to like this (or any wallet design of this type).  but if you're looking to simplify, whether for an evening out or just in general, this design is great.  it's got plenty of room for the basics and a money clip for any cash.  the clip can be removed without damaging the wallet if you don't like it (can be cumbersome for cards you keep on that side).  the leather is a bit stiff - as you would expect with a new product - but should soften over time.  it's a sleek classic look with a fun modern edge from the orange interior.  the best part is it will not protrude from your front pocket or a jacket pocket.  RFID blocking is a must these days, so i highly recommend considering this or another RFID blocking option.",
Kathryn,Durable RFID wallet,https://www.amazon.com/gp/customer-reviews/RAWZSP7NHJDLO/ref=cm_cr_getr_d_rvw_ttl?ie=UTF8&ASIN=B0CCDJHVNV,"5.0 "," the United States "," October 13, 2023",Color: Crazy Horse Brown,,"My husband's credit card info got stolen a couple times without him even using it, so he decided he wanted to try an RFID-blocking wallet. This one seems to be working because since using it, he hasn't had any weird charges on any of his accounts. It is made well and quite durable, has many card slots and cash storage with a money clip. It is slim so it fits in his back pocket without being too obvious. A great buy and a stylish wallet.",
Vince of the Midwest,Really nice wallet with a money clip,https://www.amazon.com/gp/customer-reviews/R37DBGTB404PR4/ref=cm_cr_getr_d_rvw_ttl?ie=UTF8&ASIN=B0CCDJHVNV,"4.0 "," the United States "," October 13, 2023",Color: Classic Black,,"What it is: Black leather 11 slot bifold wallet with a clear ID slot, built in stainless money clip, RFID blocking. Packaged in a gift box.  Why I like it: This is a quality wallet with some excellent features—the pockets allow you to store and organize up to 11 cards (1 pocket is clear for IDs). Packing 11 cards into it will bulk it up a bit, and the money clip is a nice feature—but it can’t be removed. The stitching is uniform and is the strength of any leather wallet—we’ll see how well it holds up. Overall, a stylish bifold wallet with a high card capacity, RFID blocking, and a money clip when needed!",
Finding Guppy,Nice wallet for teens,https://www.amazon.com/gp/customer-reviews/RTJBFO8TBOVGO/ref=cm_cr_getr_d_rvw_ttl?ie=UTF8&ASIN=B0CCDJHVNV,"3.0 "," the United States "," October 12, 2023",Color: Crazy Horse Brown,,"My teenaged son was gifted his late grandfather's wallet but because it has great sentimental value, I wanted to get him a wallet to use while he got used to having one so he didn't lose Grandpa's. For that purpose, it has worked well. However, my son has learned he is not a fan of the slim wallet design.  When using the money clip for cash, you need to have several bills to make sure they stay in well. If you only have a few bills, they are not held securely. The leather has a nice feel and look to it, but the stitching doesn't seem like it would hold up for a really long time. The different slots are fairly easy to place and remove cards from.",
Robert Daniels,Neat wallet with lots of pockets,https://www.amazon.com/gp/customer-reviews/ROHNKZXBDVEIT/ref=cm_cr_getr_d_rvw_ttl?ie=UTF8&ASIN=B0CCDJHVNV,"4.0 "," the United States "," October 12, 2023",Color: Carbon Black & Blue,,"This wallet is a different style than I'm used to as I used to have one where the bills just slide in without needing to fold them. This wallet has a clip so I have to remove the entire pile to get just one bill out and fold it back on the clip. While this is a bit of an inconvenience, I like that this has multiple pockets for cards because I carry more than a dozen. It's easy to put everything in its own place instead of just all together like my old wallet.",
Shane Coblentz,"Not super slim, but excellent quality",https://www.amazon.com/gp/customer-reviews/R335T4H75JPLBC/ref=cm_cr_getr_d_rvw_ttl?ie=UTF8&ASIN=B0CCDJHVNV,"4.0 "," the United States "," October 11, 2023",Color: Carbon Black & Blue,,"This thing looks great, the blue against the carbon fiber is very nice. The materials are some kind of faux leather, and feel stout. I have used this for a few months now and it still looks almost new. There are spaces for 7 cards plus a drivers license and a clip for cash/receipts. This would be great to get for yourself or get it for a gift for somebody else.",
Chue Yee Xiong,I really like this wallet.,https://www.amazon.com/gp/customer-reviews/R34A6RTIY0YDHY/ref=cm_cr_getr_d_rvw_ttl?ie=UTF8&ASIN=B0CCDJHVNV,"5.0 "," the United States "," October 10, 2023",Color: Crazy Horse Brown,,"This isn’t the wallet you get to stuff cash or cards in, but that’s kind of what I appreciate about it though. It’s a nice compact modern wallet. It fits comfortably 10 cards max, but I’m not running around with that many. Just the essentials and a Tile card tracker. I really appreciate the pockets on the outside. If i know I’m about to do a lot of shopping I just keep the debit card on the outer pocket for easy access.  I would definitely recommend this wallet, if you’re someone looking for a modern-ish look but still want that leathery feel and vibe.",
G. Hartley,"Full grain leather, lots of pockets, slim, and splendid quality",https://www.amazon.com/gp/customer-reviews/R2DD039YH3VRWD/ref=cm_cr_getr_d_rvw_ttl?ie=UTF8&ASIN=B0CCDJHVNV,"5.0 "," the United States "," October 9, 2023",Color: California Desert,,"I prefer these slim wallets meant for the front of your pocket. I recently purchased one that had a clever ribbon that pulled your credit card out of a magical hidden place, but the ribbon has ripped. So that didn't work. I also like a money clip inside the wallet for security reasons.  This wallet has a similar design as my current one. There's no ribbon to break though. Instead it has a notch in the leather that lets you just push on the card to eject it. Maybe not as clever or secretive, but it definitely won't break.  It also has a money clip, but this is where I deduct a point for craftsmanship. Instead of a nice locking hinged clip, it's just a folded piece of metal. It'll work, I suppose, but doesn't feel as luxe.  The body itself is stitched, full grain leather. A must for any daily carry. Should last for years.",
Deane Delli-Bovi,A bit smaller than my current wallet,https://www.amazon.com/gp/customer-reviews/R3D2L80M4O600H/ref=cm_cr_getr_d_rvw_ttl?ie=UTF8&ASIN=B0CCDJHVNV,"4.0 "," the United States "," October 8, 2023",Color: Carbon Black & Red,,Not bad. I’ll use it. My leather wallet is a little wider. The slight width difference does help with this new one. Sometimes I use a shirt pocket so there’s some advantage. It’s new and the cards are very tight in the slots so they should stay that way over time. Overall I think it’s pretty decent. Nice appearance as well.,
R. Bee,Nice slim wallet,https://www.amazon.com/gp/customer-reviews/R1XWRQBBLJMIOW/ref=cm_cr_getr_d_rvw_ttl?ie=UTF8&ASIN=B0CCDJHVNV,"4.0 "," the United States "," October 7, 2023",Color: Elephant Grey,,"I selected this wallet for my son since his old one was falling apart. He doesn't like thick wallets, so this one works for him. It has space for his credit cards and a money clip for his bills. The leather still looks nice after being used for a while. It is nice to know that it blocks his information from being scanned and stolen.",
Carol,Nice!,https://www.amazon.com/gp/customer-reviews/R2IB7MVSNFXAJO/ref=cm_cr_getr_d_rvw_ttl?ie=UTF8&ASIN=B0CCDJHVNV,"5.0 "," the United States "," October 6, 2023",Color: Sapphire Blue,,This wallet is what my son was looking for .  It is slim and it seems well made.  The stitching is strong and the craftsmanship is very good.  It looks great and has all the style that young men are looking for .  It would be a great gift for the men in your life that need a wallet but no longer want big leather ones.  This slim style is very popular and I think you will find it is just what they are looking for.  I recommend it.,
NikaWr,Slim wallet,https://www.amazon.com/gp/customer-reviews/R11MU0DKFHBTXI/ref=cm_cr_getr_d_rvw_ttl?ie=UTF8&ASIN=B0CCDJHVNV,"5.0 "," the United States "," October 4, 2023",Color: Carbon Black & Red,,Nice slim wallet. It isn't as thick as I thought it would be in your pocket because it holds so many cards and money. The money Clip doesn't seem to come off unless u break it off maybe? Love the colors black on the outside and bright red on the inside. Also came in a nice gift box. It isn't a struggle taking the cards out except certain spots under the money clip so don't put your most frequently used cards under it.,
D. Singh,Nice slim wallet,https://www.amazon.com/gp/customer-reviews/R2C05BDCARF2A3/ref=cm_cr_getr_d_rvw_ttl?ie=UTF8&ASIN=B0CCDJHVNV,"4.0 "," the United States "," October 3, 2023",Color: Cognac Brown,,"This is a nice slim wallet that has space to hold all of the important cards, ID, and cash. This wallet would make a nice gift because of its nice design and look.",
Elite,Slim and Functional,https://www.amazon.com/gp/customer-reviews/R2OM6281X3GP55/ref=cm_cr_getr_d_rvw_ttl?ie=UTF8&ASIN=B0CCDJHVNV,"4.0 "," the United States "," October 3, 2023",Color: Crazy Horse Brown,,The wallet arrives as described. It makes a perfect gift. It is slim and sturdy feeling. I don’t foresee this giving me any issues.,
BargainHuntress,Great Gift For Men!,https://www.amazon.com/gp/customer-reviews/R1LJYJ0T7ETVR5/ref=cm_cr_getr_d_rvw_ttl?ie=UTF8&ASIN=B0CCDJHVNV,"4.0 "," the United States "," October 3, 2023",Color: Elephant Grey,,"This is a great slim RFID-blocking wallet with the capacity to hold 11 credit or debit cards. I rated it a 4 instead of a 5 because my husband wasn't happy with the money clip on it and prefers to have a slot to put the money in instead. He feels like the money won't be as secure using the clip. I would definitely gift this wallet to other friends and family members, as well.",
Michael Lynch,The RFID blocking really works.,https://www.amazon.com/gp/customer-reviews/R337PO9247TJ8X/ref=cm_cr_getr_d_rvw_ttl?ie=UTF8&ASIN=B0CCDJHVNV,"4.0 "," the United States "," October 1, 2023",Color: Sapphire Blue,,"All of my pants and shorts have large pockets, so wallet size isn't really a big issue for me, however wallet thickness is. My existing wallet is BIG at 5.25 x 4.5 inches, however is very thin at no more than 1/4 inch at the thickest point. The nice thing about its size is that it spreads the load over my haunch and doesn't cause any indentations. This new wallet, is a lot smaller, so if that is your deal that will be good. It is 4.5 x 3 inches and it is just a little thicker than my wallet at 3/8 inch. I did test the wallet with a single chip Credit Card in it on a couple of different sales points and none of them were able to read my card, so the wallet does indeed seem to block RFID.  The wallet has some nice points about it, it has slots for 2 credit cards or what have you on the outside of the wallet for easy access, however, I think only 1 card is really easily accessible there. On the inside of the wallet there is a slot for your ID card and 6 more slots for whatever cards you need. However, on the downside, the money clip does not seem to be removable to either make the wallet thinner or to allow better access to the cards. One of the card slots I almost got my card complete stuck, so basically that one is completely unusable. Another one makes it difficult to get things in and out of, so if I could, I would avoid using that one.  I am still debating if I want to use this as my daily wallet due to the lack of a money area (not the money clip) and how some of the card slots are difficult to use. I also haven't tried to put multiple cards in one area, so I don't know how that works, some of the areas are pretty tight so I am not holding my breathe.  If you only run with a couple of card type items and an ID this might be the perfect wallet for you. For me, between cards and medical and misc I have about 10 items I keep in my wallet and so this make the migration concept a bit hard for me. I want to use it, but I am not sure its a daily driver for me. As I have gotten used to large wallets for quite some time, the idea of a small wallet feels like it might dig in a bit, so that has me a little concerned. Again, if you are used to a smaller wallet this is likely not an issue or if you prefer a front pocket wallet this is still a good choice.",
Zach Payne,"Good quality, money clip a little too strong",https://www.amazon.com/gp/customer-reviews/R2SDHPSP7DNKW1/ref=cm_cr_getr_d_rvw_ttl?ie=UTF8&ASIN=B0CCDJHVNV,"4.0 "," the United States "," September 30, 2023",Color: Elephant Grey,,"Wallet is a good slim size but a little too big to use in front pockets for me.  Good quality and cards fit snugly and don't seem like they'll come out accidentally.  Money clip is nice but is extremely stiff, to the point where I couldn't even get more than a couple bills without really wrenching on it. Feel like I could easily rip a bill if I wasnt paying too much attention.",
Mark Y.,Very nice minimalist wallet,https://www.amazon.com/gp/customer-reviews/R2IP0Q4ULBAX76/ref=cm_cr_getr_d_rvw_ttl?ie=UTF8&ASIN=B0CCDJHVNV,"4.0 "," the United States "," September 29, 2023",Color: Carbon Black & Red,,"Very nice looking slim wallet.  Majority of the minimalist wallets on the market does not have a good solution for holding cash. This VOOTAI wallet actually does somewhat of a decent job with cash. The metal money clip is able to hold a few changes and won’t get in the way.  No matter how much you want to pretend you don’t need cash, you still going to need it from time to time. I don’t mean to carrying around lots of dollar bills, but at least a reasonable amount. The ability to properly carry some cash should still be a consideration when picking a wallet.  RFID blocking is also a good feature. The protection also includes the two external card slots, which is pretty nice.  Overall a quality built wallet, highly recommend.",
Adam Watkins,Great wallet!,https://www.amazon.com/gp/customer-reviews/RXED3Y840JGKW/ref=cm_cr_getr_d_rvw_ttl?ie=UTF8&ASIN=B0CCDJHVNV,"5.0 "," the United States "," September 29, 2023",Color: Crazy Horse Brown,,"This wallet is really great, and I've been using it, but it's going to work out to be just a little too big for me. It's great all around, though, and I'd definitely recommend.",
