﻿评论用户,评论概述,评论链接,星级评分,评论地点,评论时间,类型,是否购买,评论详情,觉得该评论有帮助的人数
Amazon Customer,Dainty and Beautiful,https://www.amazon.com/gp/customer-reviews/R1Y62NDDFO5DJB/ref=cm_cr_getr_d_rvw_ttl?ie=UTF8&ASIN=B0BBB2R8BD,"5.0 "," the United States "," January 17, 2025",Material Type: Sterling SilverStyle: Layered chain CZ,Verified Purchase,Oh wow.! I was so pleasantly surprised when this arrived. It was packaged so well to start. I even kept the packaging to store other necklaces in when I'm not wearing this one. The necklace itself is beautiful. It's simple elegance is perfect for daily wear and for an evening out. I am so glad I purchased this. It's the second time I've bought from this seller and I really think they are wonderful. Good value for your money and good quality jewelery.,
violet,Not a good choice,https://www.amazon.com/gp/customer-reviews/R2B84S6EWT6ZQM/ref=cm_cr_getr_d_rvw_ttl?ie=UTF8&ASIN=B0BBB2R8BD,"5.0 "," the United States "," January 15, 2025",Material Type: Silver PlatedStyle: Layered chain CZ,Verified Purchase,Not strong,
Rylynn Clark,Great necklace,https://www.amazon.com/gp/customer-reviews/R3NBVU9RIDSZIM/ref=cm_cr_getr_d_rvw_ttl?ie=UTF8&ASIN=B0BBB2R8BD,"4.0 "," the United States "," January 8, 2025",Material Type: Silver PlatedStyle: Layered chain CZ,Verified Purchase,I would be giving this five stars but the packaging was beat up and the necklace was wrinkled up in this square. The necklaces are not attached but are two separate ones. They are very shiny and silver. The clasp is sturdier which I like and the necklaces are thin. This was a great buy and I would recommend this to a friend.,
Wanaka,Very pretty,https://www.amazon.com/gp/customer-reviews/RTWPN06XOA42A/ref=cm_cr_getr_d_rvw_ttl?ie=UTF8&ASIN=B0BBB2R8BD,"4.0 "," the United States "," January 6, 2025",Material Type: Silver PlatedStyle: Layered chain CZ,Verified Purchase,"I gifted this to my daughter for her birthday. So dainty and pretty, she liked it very much. Minus one star as the gem (central part of the necklace!) was smaller than I expected.",
Kt,Breaks easy,https://www.amazon.com/gp/customer-reviews/R2I16WZRPPBBZH/ref=cm_cr_getr_d_rvw_ttl?ie=UTF8&ASIN=B0BBB2R8BD,"1.0 "," the United States "," December 30, 2024",Material Type: Silver PlatedStyle: Layered chain CZ,Verified Purchase,"This is super cute, but the quality is no good. It literally snapped day one very disappointed.",
Harold Moronta,Buen material,https://www.amazon.com/gp/customer-reviews/R3C23TI3NRB6LZ/ref=cm_cr_getr_d_rvw_ttl?ie=UTF8&ASIN=B0BBB2R8BD,"5.0 "," the United States "," December 24, 2024",Material Type: Silver PlatedStyle: Layered chain CZ,Verified Purchase,Son de buen material lucen como en las fotos. Solo un detalle es que la caja llegó quebrada,
Heather Hargraves,Perfect for teen,https://www.amazon.com/gp/customer-reviews/RG45M81RZ0WMY/ref=cm_cr_getr_d_rvw_ttl?ie=UTF8&ASIN=B0BBB2R8BD,"5.0 "," the United States "," December 21, 2024",Material Type: Silver PlatedStyle: Layered chain CZ,Verified Purchase,My daughter absolutely loved this necklace She wore it for homecoming but it also works as a daily use necklace as well.,
Xuan Dinh,cute,https://www.amazon.com/gp/customer-reviews/R1S6L2YIJYRESO/ref=cm_cr_getr_d_rvw_ttl?ie=UTF8&ASIN=B0BBB2R8BD,"4.0 "," the United States "," December 20, 2024",Material Type: Silver PlatedStyle: Layered chain CZ,Verified Purchase,got it as a christmas gift for my friend ! looks cute isn’t the best quality but its ok,
Libro usado que parece nuevo👍. Excelente!!,Cadena pequeña,https://www.amazon.com/gp/customer-reviews/R3ENTOY90RKN5P/ref=cm_cr_getr_d_rvw_ttl?ie=UTF8&ASIN=B0BBB2R8BD,"3.0 "," the United States "," December 13, 2024",Material Type: Silver PlatedStyle: Layered chain CZ,Verified Purchase,Es muy bonita y de material duradero. Vino en un empaque muy lindo. Lo único que al tener el cuello un poco ancho me queda al justo 😕,
Karen Driskell,Necklace,https://www.amazon.com/gp/customer-reviews/RGOP6GJ4OCXT/ref=cm_cr_getr_d_rvw_ttl?ie=UTF8&ASIN=B0BBB2R8BD,"5.0 "," the United States "," December 10, 2024",Material Type: Silver PlatedStyle: Layered chain CZ,Verified Purchase,Beautiful,
The Riddler,Wife thinks I spent $$$ hundreds!,https://www.amazon.com/gp/customer-reviews/R1P8I2NYXBUPLY/ref=cm_cr_getr_d_rvw_ttl?ie=UTF8&ASIN=B0BBB2R8BD,"5.0 "," the United States "," December 4, 2024",Material Type: Silver PlatedStyle: Layered chain CZ,Verified Purchase,"To keep things simple my wife thinks I spent a lot of money on these necklaces lmaooo anyways I got luck last night, thanks!",
Melissa fiallos,Beautiful!,https://www.amazon.com/gp/customer-reviews/R25AEBM4WD4NOI/ref=cm_cr_getr_d_rvw_ttl?ie=UTF8&ASIN=B0BBB2R8BD,"5.0 "," the United States "," October 28, 2024",Material Type: Silver PlatedStyle: Layered chain CZ,Verified Purchase,"Absolutely loved it! So easy to put on, elegant looking and definitely worth the price",
cheryl hebert,It's nicer then the picture,https://www.amazon.com/gp/customer-reviews/R264NYGS1SLOL6/ref=cm_cr_getr_d_rvw_ttl?ie=UTF8&ASIN=B0BBB2R8BD,"5.0 "," the United States "," October 27, 2024",Material Type: Silver PlatedStyle: Layered chain CZ,Verified Purchase,Love it!!!!,
Maddie,Cute and classy,https://www.amazon.com/gp/customer-reviews/RFO4FB3I5UM2Z/ref=cm_cr_getr_d_rvw_ttl?ie=UTF8&ASIN=B0BBB2R8BD,"5.0 "," the United States "," October 22, 2024",Material Type: Silver PlatedStyle: Layered chain CZ,Verified Purchase,Wore this for my hoco dance and it was very cute and light.,
jen,Love it!,https://www.amazon.com/gp/customer-reviews/R1OI8PA8W3E3PP/ref=cm_cr_getr_d_rvw_ttl?ie=UTF8&ASIN=B0BBB2R8BD,"5.0 "," the United States "," October 19, 2024",Material Type: Silver PlatedStyle: Layered chain CZ,Verified Purchase,"Easy to put on, easy to take off.  Sparkles and shines so bright!  Love it!",
Jessica,Was broken in packaging,https://www.amazon.com/gp/customer-reviews/R2Z0NTUB51Q256/ref=cm_cr_getr_d_rvw_ttl?ie=UTF8&ASIN=B0BBB2R8BD,"1.0 "," the United States "," October 1, 2024",Material Type: Silver PlatedStyle: Layered chain CZ,Verified Purchase,Very cheap material- the chain was already broken when I opened the packaging,
V,Gorgeous,https://www.amazon.com/gp/customer-reviews/RVOSVKXEEFQQJ/ref=cm_cr_getr_d_rvw_ttl?ie=UTF8&ASIN=B0BBB2R8BD,"5.0 "," the United States "," September 27, 2024",Material Type: Silver PlatedStyle: Layered chain CZ,Verified Purchase,"great quality, good for sensitive skin",
Shane Bradbury,Broke from one hour of gf wearing it,https://www.amazon.com/gp/customer-reviews/RYRJ44YDSMRWY/ref=cm_cr_getr_d_rvw_ttl?ie=UTF8&ASIN=B0BBB2R8BD,"1.0 "," the United States "," September 26, 2024",Material Type: Silver PlatedStyle: Layered chain CZ,Verified Purchase,Do not recommend,
Elicia Ashley,Cute & Girly! 🎀,https://www.amazon.com/gp/customer-reviews/R3LBWSKFJY5AZF/ref=cm_cr_getr_d_rvw_ttl?ie=UTF8&ASIN=B0BBB2R8BD,"5.0 "," the United States "," September 25, 2024",Material Type: Silver PlatedStyle: Layered chain CZ,Verified Purchase,"Great quality, doesn’t irritate my skin and can be worn with any you feel like wearing it with. I’ve had mine for almost a year now and it still looks brand new!",4
Billy G Hitt,Nice gift,https://www.amazon.com/gp/customer-reviews/R273J664MHENN0/ref=cm_cr_getr_d_rvw_ttl?ie=UTF8&ASIN=B0BBB2R8BD,"5.0 "," the United States "," September 11, 2024",Material Type: Silver PlatedStyle: Layered chain CZ,Verified Purchase,Good value,
Summar,Cute,https://www.amazon.com/gp/customer-reviews/R5B6UBGC8U368/ref=cm_cr_getr_d_rvw_ttl?ie=UTF8&ASIN=B0BBB2R8BD,"5.0 "," the United States "," September 5, 2024",Material Type: Silver PlatedStyle: Layered chain CZ,Verified Purchase,Very cute! Pulls my hair as you can see by the hair stuck on the necklace but I’m happy with this purchase!,
Leora Oliver,The material,https://www.amazon.com/gp/customer-reviews/R1S8ZE8P2O2JO5/ref=cm_cr_getr_d_rvw_ttl?ie=UTF8&ASIN=B0BBB2R8BD,"5.0 "," the United States "," September 1, 2024",Material Type: Silver PlatedStyle: Layered chain CZ,Verified Purchase,This piece is timeless. It can accommodate any outfit and occasion. The price is sweet and it brings!,
Sabine Barghini,Love this necklace perfect,https://www.amazon.com/gp/customer-reviews/R13TWQEKIKX7WJ/ref=cm_cr_getr_d_rvw_ttl?ie=UTF8&ASIN=B0BBB2R8BD,"5.0 "," the United States "," August 31, 2024",Material Type: Silver PlatedStyle: Layered chain CZ,Verified Purchase,Loved his necklace perfect,
JayJay,Love it!!,https://www.amazon.com/gp/customer-reviews/R1AR0I8BX7RPJ1/ref=cm_cr_getr_d_rvw_ttl?ie=UTF8&ASIN=B0BBB2R8BD,"5.0 "," the United States "," August 30, 2024",Material Type: Silver PlatedStyle: Layered chain CZ,Verified Purchase,Love how it sparkel's! Just beautiful!!,
Elle Wilson,Better than I thought,https://www.amazon.com/gp/customer-reviews/R2QOEAHGKCMGHE/ref=cm_cr_getr_d_rvw_ttl?ie=UTF8&ASIN=B0BBB2R8BD,"5.0 "," the United States "," August 30, 2024",Material Type: Silver PlatedStyle: Layered chain CZ,Verified Purchase,"Turns out the necklaces are nice, I'm happy with them",
Dupsydd,That's not a pendant!,https://www.amazon.com/gp/customer-reviews/RRLADEV8FFLJ/ref=cm_cr_getr_d_rvw_ttl?ie=UTF8&ASIN=B0BBB2R8BD,"3.0 "," the United States "," August 27, 2024",Material Type: Silver PlatedStyle: Layered chain CZ,Verified Purchase,Not bad but it so tiny,
Kylie,Beautiful but turns skin green,https://www.amazon.com/gp/customer-reviews/R3I6Q8OC9M2E5O/ref=cm_cr_getr_d_rvw_ttl?ie=UTF8&ASIN=B0BBB2R8BD,"2.0 "," the United States "," August 25, 2024",Material Type: Silver PlatedStyle: Layered chain CZ,Verified Purchase,"It’s the perfect length and is a nice and simple, yet beautiful necklace. It does always turn and tangle, which is kind of annoying. And I woke up this morning and my neck was green from it. I’ve worn it every day for about a month and never had an issue until now.",
Mary,Cheap,https://www.amazon.com/gp/customer-reviews/R17PMQ754NEWVW/ref=cm_cr_getr_d_rvw_ttl?ie=UTF8&ASIN=B0BBB2R8BD,"1.0 "," the United States "," August 16, 2024",Material Type: Silver PlatedStyle: Layered chain CZ,Verified Purchase,I knew this wasn’t going to be a great quality necklace based on the price but I only wanted it to wear with a bridesmaid dress on wedding day. One of the necklaces broke immediately. I didn’t even get a chance to try it on before it broke. Don’t bother purchasing.,2
madi,Has not tarnished,https://www.amazon.com/gp/customer-reviews/R40FBCWJ6CVT/ref=cm_cr_getr_d_rvw_ttl?ie=UTF8&ASIN=B0BBB2R8BD,"5.0 "," the United States "," August 15, 2024",Material Type: Silver PlatedStyle: Layered chain CZ,Verified Purchase,"I have been wearing these necklaces for a couple days now and they have not tarnished or turned my neck green! This is something I am always worried about and want to double check before purchasing jewelry items. They do tangle at times, but so does every other necklace when you wear multiple at a time.",4
Kmarie,Very Classy,https://www.amazon.com/gp/customer-reviews/R86DL0WM3V9ZF/ref=cm_cr_getr_d_rvw_ttl?ie=UTF8&ASIN=B0BBB2R8BD,"5.0 "," the United States "," August 15, 2024",Material Type: Silver PlatedStyle: Bezel Diamond,Verified Purchase,This necklace is simple & lovely.  It is just what I was looking for.  It goes with everything.,
Just Me,Extremely Beautiful,https://www.amazon.com/gp/customer-reviews/R1DDVK6LQGIBXP/ref=cm_cr_getr_d_rvw_ttl?ie=UTF8&ASIN=B0BBB2R8BD,"5.0 "," the United States "," August 11, 2024",Material Type: Silver PlatedStyle: Layered chain CZ,Verified Purchase,"Very dainty and beautiful and I have gotten many compliments. Have worn daily, no tarnish or turning color, looks much more expensive. A great purchase.",2
Disney42856,Broken,https://www.amazon.com/gp/customer-reviews/R15L90OHPOG81G/ref=cm_cr_getr_d_rvw_ttl?ie=UTF8&ASIN=B0BBB2R8BD,"1.0 "," the United States "," August 10, 2024",Material Type: Silver PlatedStyle: Layered chain CZ,Verified Purchase,Broke after one wear,
Ms.,Very Pretty,https://www.amazon.com/gp/customer-reviews/R3HL4Z6RIA9OJZ/ref=cm_cr_getr_d_rvw_ttl?ie=UTF8&ASIN=B0BBB2R8BD,"5.0 "," the United States "," August 9, 2024",Material Type: Silver PlatedStyle: Bezel Diamond,Verified Purchase,"I like the quality, and style. I do wear it at different lengths. No issues with tarnishing.i recommended adding it to your jewelry collection!!",
Pinky,Didn’t come on time,https://www.amazon.com/gp/customer-reviews/R3BWV775H89JKX/ref=cm_cr_getr_d_rvw_ttl?ie=UTF8&ASIN=B0BBB2R8BD,"1.0 "," the United States "," August 7, 2024",Material Type: Silver PlatedStyle: Layered chain CZ,Verified Purchase,Too thin had to return and didn’t come in time,
Samantha,The perfect dainty necklaces,https://www.amazon.com/gp/customer-reviews/R10YV2KO6JN8QM/ref=cm_cr_getr_d_rvw_ttl?ie=UTF8&ASIN=B0BBB2R8BD,"5.0 "," the United States "," July 30, 2024",Material Type: Silver PlatedStyle: Layered chain CZ,Verified Purchase,Can be worn together or separate. Love this for the silver girlies!,
Amazon Customer,Necklace,https://www.amazon.com/gp/customer-reviews/R1V35EH2VA319X/ref=cm_cr_getr_d_rvw_ttl?ie=UTF8&ASIN=B0BBB2R8BD,"5.0 "," the United States "," July 29, 2024",Material Type: Silver PlatedStyle: Layered chain CZ,Verified Purchase,"The necklace is beautiful, it’s classy, material is well made and love how it fits closer to my neck.",
Karon,As described,https://www.amazon.com/gp/customer-reviews/RUZYRSLDZ9OBE/ref=cm_cr_getr_d_rvw_ttl?ie=UTF8&ASIN=B0BBB2R8BD,"5.0 "," the United States "," July 27, 2024",Material Type: Silver PlatedStyle: Layered chain CZ,Verified Purchase,Great transaction. Speedy delivery.,
Mi cintura es 69 y cadera 97 mido 157 el short talla 6 me quedo grande el talla 4 sería mejor. Me confíe en la tabla de medidas y no es exacta,Joyería hermosa,https://www.amazon.com/gp/customer-reviews/R377TRC9QT2QPD/ref=cm_cr_getr_d_rvw_ttl?ie=UTF8&ASIN=B0BBB2R8BD,"5.0 "," the United States "," July 25, 2024",Material Type: Silver PlatedStyle: Layered chain CZ,Verified Purchase,"Me encanto es de plata y la piedra tiene un brillo bellísimo, queda como gargantilla,  muy elegante sobrio .",4
Ninibeth,Lindos,https://www.amazon.com/gp/customer-reviews/R30NDLC5B0GCFN/ref=cm_cr_getr_d_rvw_ttl?ie=UTF8&ASIN=B0BBB2R8BD,"5.0 "," the United States "," July 22, 2024",Material Type: Silver PlatedStyle: Layered chain CZ,Verified Purchase,"Me encanta, son dos diferentes, pensé que era una sola pero así es mucho mejor, la de la perla la uso en el cuello y la otro en la mano, cuando las junto en el cuello se enredan al pasar el tiempo.",
Danielle Ewing,Cute,https://www.amazon.com/gp/customer-reviews/R1X7OAHOC9LB3X/ref=cm_cr_getr_d_rvw_ttl?ie=UTF8&ASIN=B0BBB2R8BD,"5.0 "," the United States "," July 21, 2024",Material Type: Silver PlatedStyle: Layered chain CZ,Verified Purchase,I got it as a birthday gift for my friend and she absolutely loved it and so did my other 2 sisters!,
Rebecca Streit,Pretty,https://www.amazon.com/gp/customer-reviews/R7TRC65H70IAS/ref=cm_cr_getr_d_rvw_ttl?ie=UTF8&ASIN=B0BBB2R8BD,"4.0 "," the United States "," July 14, 2024",Material Type: Silver PlatedStyle: Layered chain CZ,Verified Purchase,Goes well with everything I wear,
TREASIERY,Broken when arrived!!!,https://www.amazon.com/gp/customer-reviews/R3IYWZ2U74081J/ref=cm_cr_getr_d_rvw_ttl?ie=UTF8&ASIN=B0BBB2R8BD,"1.0 "," the United States "," July 14, 2024",Material Type: Silver PlatedStyle: Layered chain CZ,Verified Purchase,Necklace was already broken when I pulled it out of the box. The clasp is broken on product.,
Amazon Customer,Too bright silver- looks cheap,https://www.amazon.com/gp/customer-reviews/R3QM4J7MFDGS6E/ref=cm_cr_getr_d_rvw_ttl?ie=UTF8&ASIN=B0BBB2R8BD,"3.0 "," the United States "," July 7, 2024",Material Type: Silver PlatedStyle: Layered chain CZ,Verified Purchase,"These are cute and I think most would enjoy them however, the silver is very bright and they look cheap to me. You get what you pay for!",
fama,Good buy,https://www.amazon.com/gp/customer-reviews/R2PCIPDSSVDR8F/ref=cm_cr_getr_d_rvw_ttl?ie=UTF8&ASIN=B0BBB2R8BD,"5.0 "," the United States "," July 1, 2024",Material Type: Silver PlatedStyle: Layered chain CZ,Verified Purchase,My husband got this for me and i like it,
Jen B,Delicate,https://www.amazon.com/gp/customer-reviews/R331K80XPZBNC2/ref=cm_cr_getr_d_rvw_ttl?ie=UTF8&ASIN=B0BBB2R8BD,"5.0 "," the United States "," July 1, 2024",Material Type: Silver PlatedStyle: Layered chain CZ,Verified Purchase,Very pretty and dainty.,
Col,Cute and dainty!,https://www.amazon.com/gp/customer-reviews/R34C3N0Q8L3FSS/ref=cm_cr_getr_d_rvw_ttl?ie=UTF8&ASIN=B0BBB2R8BD,"5.0 "," the United States "," June 27, 2024",Material Type: Silver PlatedStyle: Layered chain CZ,Verified Purchase,,3
Daniel,Broken,https://www.amazon.com/gp/customer-reviews/R1H4ZH54VGJHSR/ref=cm_cr_getr_d_rvw_ttl?ie=UTF8&ASIN=B0BBB2R8BD,"3.0 "," the United States "," June 24, 2024",Material Type: Silver PlatedStyle: Layered chain CZ,Verified Purchase,One was broken,
Laura G,looks nice,https://www.amazon.com/gp/customer-reviews/R9QFY31NLPOD8/ref=cm_cr_getr_d_rvw_ttl?ie=UTF8&ASIN=B0BBB2R8BD,"5.0 "," the United States "," June 20, 2024",Material Type: Silver PlatedStyle: Layered chain CZ,Verified Purchase,Really cute - nice difference in lengths to wear together,
Placeholder,Gift worthy,https://www.amazon.com/gp/customer-reviews/R31VYC2WQA0RB6/ref=cm_cr_getr_d_rvw_ttl?ie=UTF8&ASIN=B0BBB2R8BD,"5.0 "," the United States "," June 14, 2024",Material Type: Silver PlatedStyle: Layered chain CZ,Verified Purchase,It must have been a gift….I don’t have it.,
Jada,CUTE,https://www.amazon.com/gp/customer-reviews/R28YBI95UU74JO/ref=cm_cr_getr_d_rvw_ttl?ie=UTF8&ASIN=B0BBB2R8BD,"5.0 "," the United States "," June 7, 2024",Material Type: Silver PlatedStyle: Layered chain CZ,Verified Purchase,Very cute!,
cindy,Beautiful,https://www.amazon.com/gp/customer-reviews/R154M9LDWEG5HE/ref=cm_cr_getr_d_rvw_ttl?ie=UTF8&ASIN=B0BBB2R8BD,"5.0 "," the United States "," June 7, 2024",Material Type: Silver PlatedStyle: Layered chain CZ,Verified Purchase,Pretty and dainty,
Amazon Customer,Gorgeous!,https://www.amazon.com/gp/customer-reviews/R3AGEXPC0BX9H6/ref=cm_cr_getr_d_rvw_ttl?ie=UTF8&ASIN=B0BBB2R8BD,"5.0 "," the United States "," June 6, 2024",Material Type: Silver PlatedStyle: Layered chain CZ,Verified Purchase,I bought this to wear to a formal party and it looked amazing with my dress. I’m able to dress it up and bake it fancy or I can dress it down and wear to work great price But doesn’t look cheap,
Amanda Cole-Brown,Shorter than expected,https://www.amazon.com/gp/customer-reviews/R2ONCO6M77TF1R/ref=cm_cr_getr_d_rvw_ttl?ie=UTF8&ASIN=B0BBB2R8BD,"3.0 "," the United States "," June 4, 2024",Material Type: Silver PlatedStyle: Layered chain CZ,Verified Purchase,The length of the necklace was too short,
jgree,Beautiful 2 necklaces - very classy!,https://www.amazon.com/gp/customer-reviews/R2KLOTI6ITT9KM/ref=cm_cr_getr_d_rvw_ttl?ie=UTF8&ASIN=B0BBB2R8BD,"4.0 "," the United States "," May 30, 2024",Material Type: Silver PlatedStyle: Layered chain CZ,Verified Purchase,This is a great value - perfect 2 piece necklace that is very beautiful!,
L,Cute and simple,https://www.amazon.com/gp/customer-reviews/RNCQ281Y97HOZ/ref=cm_cr_getr_d_rvw_ttl?ie=UTF8&ASIN=B0BBB2R8BD,"5.0 "," the United States "," May 29, 2024",Material Type: Silver PlatedStyle: Layered chain CZ,Verified Purchase,"Cute and simple daily necklace, looks a little fake but so far it has lasted and doesnt turn green so i cant complain.",
Linda Shambaugh,Double necklace,https://www.amazon.com/gp/customer-reviews/R167N6C3ACAF9Z/ref=cm_cr_getr_d_rvw_ttl?ie=UTF8&ASIN=B0BBB2R8BD,"5.0 "," the United States "," May 28, 2024",Material Type: Silver PlatedStyle: Layered chain CZ,Verified Purchase,Exactly as shown. Nice weight,
Corinne,Super simple and cute!,https://www.amazon.com/gp/customer-reviews/R2RCZBP1L7IKZZ/ref=cm_cr_getr_d_rvw_ttl?ie=UTF8&ASIN=B0BBB2R8BD,"5.0 "," the United States "," May 21, 2024",Material Type: Silver PlatedStyle: Layered chain CZ,Verified Purchase,I have been wearing this necklace for about two weeks now and so far there has been no color change to the necklace or my skin. I’m sure over time it will fade but for the price I am happy with it.,
Paula Hale,Not gift wrapped,https://www.amazon.com/gp/customer-reviews/R3TURK0QYNBKMQ/ref=cm_cr_getr_d_rvw_ttl?ie=UTF8&ASIN=B0BBB2R8BD,"3.0 "," the United States "," May 21, 2024",Material Type: Silver PlatedStyle: Layered chain CZ,,"Great item.  I paid for gift wrapping but you neglected to wrap.  The first time I have ever used this service, but a service I will never again use.  Please credit me for your error with gift wrapping.",
Avery Townsend,LOVE!,https://www.amazon.com/gp/customer-reviews/R37LI7XL48882V/ref=cm_cr_getr_d_rvw_ttl?ie=UTF8&ASIN=B0BBB2R8BD,"5.0 "," the United States "," May 15, 2024",Material Type: Silver PlatedStyle: Layered chain CZ,Verified Purchase,I love this necklace!,
Kinsley,Stunning,https://www.amazon.com/gp/customer-reviews/R3R2CPI4WD7B2V/ref=cm_cr_getr_d_rvw_ttl?ie=UTF8&ASIN=B0BBB2R8BD,"5.0 "," the United States "," May 5, 2024",Material Type: Silver PlatedStyle: Layered chain CZ,Verified Purchase,I ordered these for my prom night and they are amazing quality and looked so stunning and chic the night of prom and I haven’t taken them off since and they have held up really nicely,
Ron Nelson,Very pretty,https://www.amazon.com/gp/customer-reviews/RMC1MC4SC2BPZ/ref=cm_cr_getr_d_rvw_ttl?ie=UTF8&ASIN=B0BBB2R8BD,"5.0 "," the United States "," May 2, 2024",Material Type: Silver PlatedStyle: Layered chain CZ,Verified Purchase,Bought for a gift,
Kim,pretty,https://www.amazon.com/gp/customer-reviews/R1FPGODK2P2UIW/ref=cm_cr_getr_d_rvw_ttl?ie=UTF8&ASIN=B0BBB2R8BD,"5.0 "," the United States "," May 2, 2024",Material Type: Silver PlatedStyle: Layered chain CZ,Verified Purchase,great for personal or gift,
Kathy Maddox,Beautiful,https://www.amazon.com/gp/customer-reviews/R2UO5IK6N6MF3O/ref=cm_cr_getr_d_rvw_ttl?ie=UTF8&ASIN=B0BBB2R8BD,"5.0 "," the United States "," May 1, 2024",Material Type: Silver PlatedStyle: Layered chain CZ,Verified Purchase,This is a very pretty piece of jewelry.,
Shopaholic,Necklace,https://www.amazon.com/gp/customer-reviews/R1PO9YCQ4NRWZT/ref=cm_cr_getr_d_rvw_ttl?ie=UTF8&ASIN=B0BBB2R8BD,"5.0 "," the United States "," April 28, 2024",Material Type: Silver PlatedStyle: Layered chain CZ,Verified Purchase,I love it for everyday use. I wear my expensive necklace when appropriate .,
Mary B.,So Sparkly,https://www.amazon.com/gp/customer-reviews/R11O91QOGM9LY1/ref=cm_cr_getr_d_rvw_ttl?ie=UTF8&ASIN=B0BBB2R8BD,"5.0 "," the United States "," April 24, 2024",Material Type: Silver PlatedStyle: Layered chain CZ,Verified Purchase,Love this delicate necklace! I gifted it and she loved it! Wears it all the time😊,
Bert,very satisfied,https://www.amazon.com/gp/customer-reviews/R2Q75HJSABYLJN/ref=cm_cr_getr_d_rvw_ttl?ie=UTF8&ASIN=B0BBB2R8BD,"5.0 "," the United States "," April 21, 2024",Material Type: Silver PlatedStyle: Layered chain CZ,Verified Purchase,I was very satisfied with my purchase items.,
Jacolyn Duggins,Necklace,https://www.amazon.com/gp/customer-reviews/R19K27SUV05RJ4/ref=cm_cr_getr_d_rvw_ttl?ie=UTF8&ASIN=B0BBB2R8BD,"5.0 "," the United States "," March 30, 2024",Material Type: Silver PlatedStyle: Bezel Diamond,Verified Purchase,"I love the necklace, but the chain was a bit too long for what I wanted to use it for . But very nice for the price.",
Jasmine,Cute!,https://www.amazon.com/gp/customer-reviews/R1AULWYPJR5B3C/ref=cm_cr_getr_d_rvw_ttl?ie=UTF8&ASIN=B0BBB2R8BD,"5.0 "," the United States "," March 25, 2024",Material Type: Silver PlatedStyle: Layered chain CZ,Verified Purchase,Wore this at my wedding it was so cute,
"I really like this little rolling shelves, very convenient. I am pleased with it.",Necklace,https://www.amazon.com/gp/customer-reviews/RKN69TXP5VG5X/ref=cm_cr_getr_d_rvw_ttl?ie=UTF8&ASIN=B0BBB2R8BD,"5.0 "," the United States "," March 23, 2024",Material Type: Silver PlatedStyle: Layered chain CZ,Verified Purchase,"At first, it itched me so bad. After wearing it through the shower a couple times, it no longer itches. It looks very nice. Even with the itching I would buy it again. I did buy my daughter one for her birthday. She liked it as well.",3
Redlin,Not bad quality,https://www.amazon.com/gp/customer-reviews/R1DEPZSURL9T03/ref=cm_cr_getr_d_rvw_ttl?ie=UTF8&ASIN=B0BBB2R8BD,"4.0 "," the United States "," March 17, 2024",Material Type: Silver PlatedStyle: Layered chain CZ,Verified Purchase,This was given as a gift and the recipient loved it. The quality is quality pretty good. Would purchase again.,
Mari,Great!! And Affordable!,https://www.amazon.com/gp/customer-reviews/R2FCA0OQBO946N/ref=cm_cr_getr_d_rvw_ttl?ie=UTF8&ASIN=B0BBB2R8BD,"5.0 "," the United States "," March 4, 2024",Material Type: Silver PlatedStyle: Layered chain CZ,Verified Purchase,"My only complaint is that it is miserable attempting to put it on by yourself, it's just so small. But I don't buy much jewelry so for all I know that's common. Overall great buy!",
DofNaples,Small touch of sparkle,https://www.amazon.com/gp/customer-reviews/R3JDX0ET43T0GO/ref=cm_cr_getr_d_rvw_ttl?ie=UTF8&ASIN=B0BBB2R8BD,"5.0 "," the United States "," February 29, 2024",Material Type: Silver PlatedStyle: Layered chain CZ,Verified Purchase,Just enough sparkle,
Rachel,Won Her Attention,https://www.amazon.com/gp/customer-reviews/R3PR3UMYRIE9A1/ref=cm_cr_getr_d_rvw_ttl?ie=UTF8&ASIN=B0BBB2R8BD,"5.0 "," the United States "," February 28, 2024",Material Type: Silver PlatedStyle: Layered chain CZ,Verified Purchase,"Nicely conceived, just the right amount of sparkle.",
S Lee,Poor quality,https://www.amazon.com/gp/customer-reviews/RMNPSMJU3FENZ/ref=cm_cr_getr_d_rvw_ttl?ie=UTF8&ASIN=B0BBB2R8BD,"2.0 "," the United States "," February 27, 2024",Material Type: Silver PlatedStyle: Bezel Diamond,Verified Purchase,Don’t look anything like the photo. Very poor quality.,
hilla,Luv it,https://www.amazon.com/gp/customer-reviews/R1ZYS7QBEOPPQ4/ref=cm_cr_getr_d_rvw_ttl?ie=UTF8&ASIN=B0BBB2R8BD,"5.0 "," the United States "," February 24, 2024",Material Type: Silver PlatedStyle: Layered chain CZ,Verified Purchase,Fits good nice sparkle…,
Haley,Very cute and simple,https://www.amazon.com/gp/customer-reviews/R3GXO84YDT0CP5/ref=cm_cr_getr_d_rvw_ttl?ie=UTF8&ASIN=B0BBB2R8BD,"5.0 "," the United States "," February 11, 2024",Material Type: Silver PlatedStyle: Layered chain CZ,Verified Purchase,"I love it, it is a super cute pairing.",
Stephanie,Danty Necklace!,https://www.amazon.com/gp/customer-reviews/R2U30X5E6BUHIR/ref=cm_cr_getr_d_rvw_ttl?ie=UTF8&ASIN=B0BBB2R8BD,"5.0 "," the United States "," February 5, 2024",Material Type: Silver PlatedStyle: Layered chain CZ,Verified Purchase,"Just what I was looking for, something small and danty! I prefer the 16"" chains over anything else since they dont hang so low - This is perfect. Will be getting more!",
JGN,Cute,https://www.amazon.com/gp/customer-reviews/R2UE37QPU4A514/ref=cm_cr_getr_d_rvw_ttl?ie=UTF8&ASIN=B0BBB2R8BD,"4.0 "," the United States "," February 4, 2024",Material Type: Silver PlatedStyle: Layered chain CZ,Verified Purchase,Cute but I wish they were connected into one necklace because they get pretty twisted up and catch my hair.,
Alisha K.,Felt cheap,https://www.amazon.com/gp/customer-reviews/R2HNXMBLREJU7C/ref=cm_cr_getr_d_rvw_ttl?ie=UTF8&ASIN=B0BBB2R8BD,"1.0 "," the United States "," January 26, 2024",Material Type: Silver PlatedStyle: Layered chain CZ,Verified Purchase,Necklace felt very cheap and was way smaller on e you put it on.,
Gianna Figueiredo,Can't believe how great they look.,https://www.amazon.com/gp/customer-reviews/R16JG92CV9R8WN/ref=cm_cr_getr_d_rvw_ttl?ie=UTF8&ASIN=B0BBB2R8BD,"5.0 "," the United States "," January 20, 2024",Material Type: Silver PlatedStyle: Layered chain CZ,Verified Purchase,Will start buying my jewelry here.,
Amazon Customer,Tarnished - feels cheap,https://www.amazon.com/gp/customer-reviews/RRA7SSOIKO1OT/ref=cm_cr_getr_d_rvw_ttl?ie=UTF8&ASIN=B0BBB2R8BD,"2.0 "," the United States "," January 20, 2024",Material Type: Silver PlatedStyle: Layered chain CZ,Verified Purchase,"I first noticed how cheap this necklace felt. It’s extremely light, hardly has any weight to it at all. I may have made the mistake of wearing it everyday, but it tarnished within a few months. Theres hardly any “silver plating” left on the chain. It’s a good price I guess for what you get, pretty design but if you are looking for a piece to hold up and last… maybe look elsewhere.",
C. Friedman,Lovely,https://www.amazon.com/gp/customer-reviews/R1HZ7AQD1ANS1T/ref=cm_cr_getr_d_rvw_ttl?ie=UTF8&ASIN=B0BBB2R8BD,"5.0 "," the United States "," January 14, 2024",Material Type: Silver PlatedStyle: Layered chain CZ,Verified Purchase,"Great value for money, lovely necklace",
Shelby Tillotson,Necklace,https://www.amazon.com/gp/customer-reviews/R2S211ZQR9EGFM/ref=cm_cr_getr_d_rvw_ttl?ie=UTF8&ASIN=B0BBB2R8BD,"2.0 "," the United States "," January 6, 2024",Material Type: Silver PlatedStyle: Layered chain CZ,Verified Purchase,I love these necklaces and but they get tangled together too easily which caused me to stop wearing them.,
RKM270,VERY CUTE NECKLACE,https://www.amazon.com/gp/customer-reviews/RMY06VZWIK8BU/ref=cm_cr_getr_d_rvw_ttl?ie=UTF8&ASIN=B0BBB2R8BD,"5.0 "," the United States "," December 30, 2023",Material Type: Silver PlatedStyle: Bezel Diamond,Verified Purchase,I wear gold but need silver sometimes. This is really cute and the chain is very pretty. I ordered my daughter one too and she loved it. Great purchase.,
Erich Curtis,Wrong size and too late to exchange,https://www.amazon.com/gp/customer-reviews/R2I6W8DUBJH7R8/ref=cm_cr_getr_d_rvw_ttl?ie=UTF8&ASIN=B0BBB2R8BD,"2.0 "," the United States "," December 27, 2023",Material Type: Silver PlatedStyle: Layered chain CZ,Verified Purchase,Got the kids size. Not as described in the photos. I measured it and both necklaces were 4 inches short. Luckily my wife has a small neck and it fits. But it’s not what I bought. It’s cute. It looks good. Just short.,
Susan,Lovely gift for the money.,https://www.amazon.com/gp/customer-reviews/R27CUB1828YBU1/ref=cm_cr_getr_d_rvw_ttl?ie=UTF8&ASIN=B0BBB2R8BD,"5.0 "," the United States "," December 25, 2023",Material Type: Silver PlatedStyle: Layered chain CZ,Verified Purchase,I gave it as a Christmas gift to my granddaughter,
Kelly Arnold,Beautiful necklace,https://www.amazon.com/gp/customer-reviews/RIN1JI9FS4GFK/ref=cm_cr_getr_d_rvw_ttl?ie=UTF8&ASIN=B0BBB2R8BD,"3.0 "," the United States "," December 20, 2023",Material Type: Silver PlatedStyle: Layered chain CZ,Verified Purchase,They are very pretty but they are both very fine chains and two separate ones. They keep getting tangled and I wore my set once and one of them broke,3
adapena3010,NECKLACES,https://www.amazon.com/gp/customer-reviews/R244A9OZYUTHUZ/ref=cm_cr_getr_d_rvw_ttl?ie=UTF8&ASIN=B0BBB2R8BD,"5.0 "," the United States "," December 16, 2023",Material Type: Silver PlatedStyle: Layered chain CZ,Verified Purchase,"PERFECT SIZES AND SUPER DELICATE AD YOU CAN USED FOR ANY OCCASION, DAY OR NIGHT",
Samantha Price,Cute,https://www.amazon.com/gp/customer-reviews/R3LUH2Z4LRHIDR/ref=cm_cr_getr_d_rvw_ttl?ie=UTF8&ASIN=B0BBB2R8BD,"5.0 "," the United States "," December 8, 2023",Material Type: Silver PlatedStyle: Layered chain CZ,Verified Purchase,cute necklace I wear it daily,
Rebecca,Cute,https://www.amazon.com/gp/customer-reviews/RQRVECXMCHVJN/ref=cm_cr_getr_d_rvw_ttl?ie=UTF8&ASIN=B0BBB2R8BD,"5.0 "," the United States "," December 2, 2023",Material Type: Silver PlatedStyle: Layered chain CZ,Verified Purchase,Been wearing for months never had a problem,
Aranai,!!!,https://www.amazon.com/gp/customer-reviews/R3L0FY4TK7225C/ref=cm_cr_getr_d_rvw_ttl?ie=UTF8&ASIN=B0BBB2R8BD,"5.0 "," the United States "," November 23, 2023",Material Type: Silver PlatedStyle: Layered chain CZ,Verified Purchase,"IT looks gorgeous but at the same time looks fake, overall I love it, hasn't changed color",
Sheila,Beautiful and not cheap looking. I recommend as a gift.,https://www.amazon.com/gp/customer-reviews/R7D8H53M7FGO2/ref=cm_cr_getr_d_rvw_ttl?ie=UTF8&ASIN=B0BBB2R8BD,"5.0 "," the United States "," November 19, 2023",Material Type: Silver PlatedStyle: Layered chain CZ,Verified Purchase,I enjoy wearing the necklaces,
Sandals,Very pretty.,https://www.amazon.com/gp/customer-reviews/R36HVIJ1EER7H0/ref=cm_cr_getr_d_rvw_ttl?ie=UTF8&ASIN=B0BBB2R8BD,"5.0 "," the United States "," November 18, 2023",Material Type: Silver PlatedStyle: Layered chain CZ,Verified Purchase,This product is very nice for the price and look so good on.,
Shelby Rafferty,Pretty but cheap,https://www.amazon.com/gp/customer-reviews/RN6F2855IC4FF/ref=cm_cr_getr_d_rvw_ttl?ie=UTF8&ASIN=B0BBB2R8BD,"2.0 "," the United States "," November 15, 2023",Material Type: Silver PlatedStyle: Layered chain CZ,Verified Purchase,"Put on both necklaces for the first time today and within 5 hours of wearing, the smaller of the two already broke. Caution when purchasing.",
JB,Nice necklace,https://www.amazon.com/gp/customer-reviews/RIJSWR0JWSZKG/ref=cm_cr_getr_d_rvw_ttl?ie=UTF8&ASIN=B0BBB2R8BD,"5.0 "," the United States "," October 18, 2023",Material Type: Silver PlatedStyle: Bezel Diamond,Verified Purchase,Great necklace for the price! Just what I was looking for. Light weight and length can be adjusted.,
Jenna Williams,Broken,https://www.amazon.com/gp/customer-reviews/R1CV1XJYQBY4MZ/ref=cm_cr_getr_d_rvw_ttl?ie=UTF8&ASIN=B0BBB2R8BD,"3.0 "," the United States "," October 17, 2023",Material Type: Silver PlatedStyle: Layered chain CZ,Verified Purchase,It was very pretty but it broke the first time i wore it,
liv,So cute !!,https://www.amazon.com/gp/customer-reviews/RWKXIUDP95H95/ref=cm_cr_getr_d_rvw_ttl?ie=UTF8&ASIN=B0BBB2R8BD,"5.0 "," the United States "," October 9, 2023",Material Type: Silver PlatedStyle: Layered chain CZ,Verified Purchase,"These are adorable! They have not yet tarnished and I’ve had them for over a month, even got them wet and still look good as new! They don’t seem to tangle easy at all, the quality is really good and they’re super lightweight, you stop noticing they’re there after a bit. The quality is amazing for the price. They fit super well and are easily adjustable, overall love them. 100% recommend",4
DLP,Nice,https://www.amazon.com/gp/customer-reviews/R14T92WZPLKJ7D/ref=cm_cr_getr_d_rvw_ttl?ie=UTF8&ASIN=B0BBB2R8BD,"5.0 "," the United States "," October 4, 2023",Material Type: Silver PlatedStyle: Layered chain CZ,Verified Purchase,Dainty and cute! I wear these all the time and they’ve held up great!!,
Star,Mixed metals,https://www.amazon.com/gp/customer-reviews/R3UKIIU4IMLZ4T/ref=cm_cr_getr_d_rvw_ttl?ie=UTF8&ASIN=B0BBB2R8BD,"1.0 "," the United States "," September 18, 2023",Material Type: Silver PlatedStyle: Layered chain CZ,Verified Purchase,Made my neck itch like crazy. Is not 100% sterling silver,
Jen,Perfect everyday necklace!,https://www.amazon.com/gp/customer-reviews/R2MOZFR8YTJT16/ref=cm_cr_getr_d_rvw_ttl?ie=UTF8&ASIN=B0BBB2R8BD,"5.0 "," the United States "," September 12, 2023",Material Type: Silver PlatedStyle: Bezel Diamond,Verified Purchase,"Love this necklace and wear it every day. Goes with everything, and doesn’t tarnish or anything! :)",
