﻿评论用户,评论概述,评论链接,星级评分,评论地点,评论时间,类型,是否购买,评论详情,觉得该评论有帮助的人数
Jhonattan Fernández,Nice,https://www.amazon.com/gp/customer-reviews/R1PQTWO75QG97F/ref=cm_cr_getr_d_rvw_ttl?ie=UTF8&ASIN=B0D4DS7M7G,"5.0 "," the United States "," January 25, 2025",Size: 11 WideColor: W81 All White,Verified Purchase,Excelent And comfortable,
Jorge Torres,Perfect shoes for adults or kids,https://www.amazon.com/gp/customer-reviews/RLWP5E9NS1UDU/ref=cm_cr_getr_d_rvw_ttl?ie=UTF8&ASIN=B0D4DS7M7G,"5.0 "," the United States "," January 22, 2025",Size: 10 WideColor: All Black,Verified Purchase,,
Charlie T,Great and comfy,https://www.amazon.com/gp/customer-reviews/R2WVYOLTGA1T1R/ref=cm_cr_getr_d_rvw_ttl?ie=UTF8&ASIN=B0D4DS7M7G,"5.0 "," the United States "," January 21, 2025",Size: 11 WideColor: W81 Black Gum,Verified Purchase,Great shoes if you have wide feet.,
PST,Great…usually wear 10W bought a 9,https://www.amazon.com/gp/customer-reviews/R1MK91R14PK1Q0/ref=cm_cr_getr_d_rvw_ttl?ie=UTF8&ASIN=B0D4DS7M7G,"5.0 "," the United States "," January 19, 2025",Size: 9 WideColor: W81 Dark Blue Gum,Verified Purchase,I don’t normally write reviews…. But I love these shoes. I have very wide feet and have a difficult time finding shoes that fit with out hurting. They are lightweight and flexible. Have a small arch support in them. Not sure how they would hold up for a runner but for every day walking they are great for me. Didn’t want a heavy stiff shoe and these are the opposite. Love them…. Bought 2 colors. They run big so I bought 1 size smaller.,
Duncan R.,Great Product,https://www.amazon.com/gp/customer-reviews/R1B6WDVV7XAGB7/ref=cm_cr_getr_d_rvw_ttl?ie=UTF8&ASIN=B0D4DS7M7G,"5.0 "," the United States "," January 19, 2025",Size: 10 WideColor: W81 All White,Verified Purchase,Shoes fit great and have plenty of room in the toe box. They are minimal enough for me to feel the ground but have the support I need as well.,
Andymendy,Super solid,https://www.amazon.com/gp/customer-reviews/R1GR4PUA0DVFYT/ref=cm_cr_getr_d_rvw_ttl?ie=UTF8&ASIN=B0D4DS7M7G,"5.0 "," the United States "," January 18, 2025",Size: 10 WideColor: All Black,Verified Purchase,"A very comfortable lounge around, chill I'm public, fashionable shoes. Wouldn't use for exercise. But do use them to keep your feet in a comfortable barefoot position.",
A. Nemeth,"Better than Xero, I’m not kidding",https://www.amazon.com/gp/customer-reviews/R1LG7BQIWLE7DC/ref=cm_cr_getr_d_rvw_ttl?ie=UTF8&ASIN=B0D4DS7M7G,"5.0 "," the United States "," January 18, 2025",Size: 11 WideColor: All Black,Verified Purchase,"I tried these out as a low cost introduction to barefoot shoes, and boy did they not disappoint! They’ve become my everyday shoe for a few months now (I was even gifted a pair of Xeros for Christmas and I’ll still prefer these over them). The flexibility allows me to feel the ground which has changed the way I walk, I feel like I practically glide. They seem to be holding up super well, no issues with the sole coming unglued which is typical for cheaper shoes. The only downside is that the laces are EXTREMELY long, so I recommend swapping them for shorter ones or elastic laces. Other than that they are amazing!",
LW,Great shoe,https://www.amazon.com/gp/customer-reviews/R14VH3JHNR6NR1/ref=cm_cr_getr_d_rvw_ttl?ie=UTF8&ASIN=B0D4DS7M7G,"5.0 "," the United States "," January 18, 2025",Size: 12.5 WideColor: W81 Light Brown Gum,Verified Purchase,"It takes a while to get used to the width, but give them a try! Your toes and feet will feel great. My ""regular"" shoes feel so confining now.  These are ""barefoot"" shoes, so the soles are comparatively thin. That is a deliberate design, as it is said that one's feet need to feel the irregularities of the surface. This does take even more time to adjust, so to begin, chose your steps carefully.  Considering the price, give them a try, but take is slow to start. You will be glad, and surprised. I was!",
DasIndian,Comfortable and surprisingly durable,https://www.amazon.com/gp/customer-reviews/RE6JGXYVUQPT0/ref=cm_cr_getr_d_rvw_ttl?ie=UTF8&ASIN=B0D4DS7M7G,"5.0 "," the United States "," January 14, 2025",Size: 11 WideColor: Grey Gum,Verified Purchase,"Shoe has lasted almost 2 full years now, which is much longer than I thought it would. Comfortable, breathes well, and will buy another pair!",
Robert  Wilson,So far so good,https://www.amazon.com/gp/customer-reviews/R1HXVRUHKCKZJG/ref=cm_cr_getr_d_rvw_ttl?ie=UTF8&ASIN=B0D4DS7M7G,"5.0 "," the United States "," January 14, 2025",Size: 11 WideColor: W81 Black Gum,Verified Purchase,I got these for weight lifting. And they work well. I also have plantar fasciitis and I've been trying to build strength in my feet. They're surprisingly comfortable. But I do have to switch to orthopedic shoes after a couple hours,
Ken Zemach,"Fantastic.  Looks great, minimalist, durable.",https://www.amazon.com/gp/customer-reviews/R30WT56HNY07TV/ref=cm_cr_getr_d_rvw_ttl?ie=UTF8&ASIN=B0D4DS7M7G,"5.0 "," the United States "," January 13, 2025",Size: 10 WideColor: W81 Brown,,"Had these for a year (or more???).  Like them so much I bought some all black ones for a more formal look on occasion.  I removed the foot beds to get a more minimalist feel.  If doing so you MIGHT want to consider going down half a size, but not bad to size with the footbed out in your regular size.When I wear through the sole completely (I'm getting close), will absolutely replace with the exact same thing.  Not even going to bother looking at other options.  Price is great, quality is great, looks are great, feel is great.",
abetaev,the most comfortable shoes,https://www.amazon.com/gp/customer-reviews/R3OTBW33VS2VGY/ref=cm_cr_getr_d_rvw_ttl?ie=UTF8&ASIN=B0D4DS7M7G,"5.0 "," the United States "," January 12, 2025",Size: 10 WideColor: W81 Brown,Verified Purchase,and quality is quite impressive for the price,
Jacob,They're alright for the price,https://www.amazon.com/gp/customer-reviews/R3M3YPEVB0HQBZ/ref=cm_cr_getr_d_rvw_ttl?ie=UTF8&ASIN=B0D4DS7M7G,"3.0 "," the United States "," January 12, 2025",Size: 10 WideColor: All Black,Verified Purchase,"Been using them almost two years now, other than some strands of fabric coming off they're still holding up although I only use them as house shoes.",
Charlie McInroe,Good fit - very comfy and good quality,https://www.amazon.com/gp/customer-reviews/RSKE4952GJCZY/ref=cm_cr_getr_d_rvw_ttl?ie=UTF8&ASIN=B0D4DS7M7G,"5.0 "," the United States "," January 11, 2025",Size: 10 WideColor: W81 Black Gum,Verified Purchase,Good fit - very comfy and good quality,
Dr.Jones,Wide feet,https://www.amazon.com/gp/customer-reviews/R1AXOB9MMSR5LI/ref=cm_cr_getr_d_rvw_ttl?ie=UTF8&ASIN=B0D4DS7M7G,"5.0 "," the United States "," January 11, 2025",Size: 13 WideColor: W81 Black Gum,Verified Purchase,Love em Basic shoes....great 👍 Bought 2 more pairs,
Lesley Tzimenatos,The most comfortable shoes I own,https://www.amazon.com/gp/customer-reviews/R1000NEVYSGM6I/ref=cm_cr_getr_d_rvw_ttl?ie=UTF8&ASIN=B0D4DS7M7G,"5.0 "," the United States "," January 10, 2025",Size: 7 WideColor: W81 Black Gum,Verified Purchase,Love the wide toe box and barefoot feel. 10/10,
Yeti,My favorite shoes. 8 months of daily wear. Inner liner is the weakest link.,https://www.amazon.com/gp/customer-reviews/R2RQBY5FKJDSEL/ref=cm_cr_getr_d_rvw_ttl?ie=UTF8&ASIN=B0D4DS7M7G,"5.0 "," the United States "," January 9, 2025",Size: 13 WideColor: Grey Gum,Verified Purchase,"Ive been wearing barefoot/minimalist shoes for roughly 15 years. I have been through all the big brands in the space, and some of the little ones. Merrell, Vivobarefoot, Lems, Xero, Softstar, and Vibram to name a few.  For sports/fitness, I prefer 5 Fingers, but I don't want to wear those to work and just around. Ive been through so many other casual shoe types. They are very expensive, and you don't get more for your money. Merrell used to be my fav, but their designs and durability have gone away. Vivobarefoot is ok, but they are expensive as heck. Lems are too padded, softstars are made of leather and can be decent, but they look a little silly too. I always want to like xero shoes, but they just are never quite comfortable, and spendy.  Enter Whitin... I discovered these a few years ago. Not all the styles work for me. Some are too narrow, and some of the styles are a bit dopey. But these are just shoes. Not too thick, not too thin. Exterior is extremely durable and sheds dirt and stuff kindof magically and automatically. I haven't washed the shoes in the pictures for 8 months, and i just went dumpster diving yesterday and got them all dusty... they still look reasonable. I've NEVER had a sole delaminate from a whitin shoe. The other style i had before these was a bit better in overall durability, but was a bit narrow and flared up by bunion issue. Those ones lasted till the sole wore through.  These ones do have a couple downsides. They wont last forever. The weak link in this style is the inner liner. It wore through wear the sole pushes in while my foot pushes out. This let tiny rocks work their way into the layers of the liner behind my heel, and i cant get them out, so im calling this pair dead after 8 months. I have already ordered another. 40$ for 8 months of daily wear and abuse works for me.",
Bou Baker,solid pair of shoes!,https://www.amazon.com/gp/customer-reviews/RRQXKJFNTOQNR/ref=cm_cr_getr_d_rvw_ttl?ie=UTF8&ASIN=B0D4DS7M7G,"5.0 "," the United States "," January 8, 2025",Size: 11 WideColor: Grey Gum,Verified Purchase,"3 months of almost every day wear and wish a quick wash they look like new.  I’ve actually washed these a few times - they’re holding up really well.  *I did replace the insoles with my preferred ones when I got them. Being able to easily replace them with my Good Feet Store insoles was actually a factor for choosing these.  The lining of these shoes feel like a thick t-shirt - very soft.  I kinda love these… and will get another pair when these wear out!  * I feel confident that I’ll get 6 months of use, at least.",
Amazon Customer,Soles lasted for 1.5 years as daily drivers,https://www.amazon.com/gp/customer-reviews/R2FKJJCCWKHLCI/ref=cm_cr_getr_d_rvw_ttl?ie=UTF8&ASIN=B0D4DS7M7G,"4.0 "," the United States "," January 4, 2025",Size: 7 WideColor: Grey Gum,Verified Purchase,"Generally a great shoe! The sole wore out but the rest of the fabric is still in good condition. I'd say if you weren't wearing these for everything they might last you a bit longer.  I purchased them for $20 back in July 2023 but for todays price I'd want them to last longer than that. The sole has a hole on the ball of my left foot, which is a good sign because you're supposed to walk on the ball of your feet and that area gets the most impact.  I'm going to try to repair them with shoe goo to make them last to the summer and when I replace them I'll probably look around for a harder sole to last a bit longer.",
Amazon Customer,Good Gym Shoe for Squats and Deadlifts,https://www.amazon.com/gp/customer-reviews/R32PGFVRCARLKI/ref=cm_cr_getr_d_rvw_ttl?ie=UTF8&ASIN=B0D4DS7M7G,"5.0 "," the United States "," December 29, 2024",Size: 13 WideColor: W81 Black Gum,Verified Purchase,I wouldn't run with these but they are great for small walks on even pavement.,
Alex,Game changer!,https://www.amazon.com/gp/customer-reviews/R1GNDNYT4ZGE0L/ref=cm_cr_getr_d_rvw_ttl?ie=UTF8&ASIN=B0D4DS7M7G,"5.0 "," the United States "," December 27, 2024",Size: 11 WideColor: All Black,Verified Purchase,"These shoes look a little wide at first but they are very comfortable. They don’t get in the way of driving, I haven’t gotten any blisters, and they come on and off super easily without falling off during wearing. When water gets in, the shoes dry out very fast.",
Hannah Bledsoe,Love these,https://www.amazon.com/gp/customer-reviews/R1SCCPCS9QXUIS/ref=cm_cr_getr_d_rvw_ttl?ie=UTF8&ASIN=B0D4DS7M7G,"5.0 "," the United States "," December 23, 2024",Size: 7 WideColor: All Black,Verified Purchase,"I’ve been trying to find wide foot shoes due to most shoes being too narrow for my feet, these are fantastic and I feel like I have more balance now.",
Alan D. Reynoldson,Real Barefoot Feel,https://www.amazon.com/gp/customer-reviews/RTQKYMCLH6SWD/ref=cm_cr_getr_d_rvw_ttl?ie=UTF8&ASIN=B0D4DS7M7G,"5.0 "," the United States "," December 23, 2024",Size: 12.5 WideColor: W81 All White,Verified Purchase,"Back in the late 60's and early 70s, there was lots of competition, a brand named Barefoot Gear was competing with the likes of Nike, Adidas, Tiger and others. I had a pair, and I loved them. Unfortunately, they went out of business when it came time to replace them.  These have the exact same feeling.",
Adam Lambert,Great value,https://www.amazon.com/gp/customer-reviews/R2AZF4DGXR8V0M/ref=cm_cr_getr_d_rvw_ttl?ie=UTF8&ASIN=B0D4DS7M7G,"4.0 "," the United States "," December 23, 2024",Size: 12.5 WideColor: W81 Dark Grey,Verified Purchase,Can’t beat these for the money,
Brooke,Best Transition,https://www.amazon.com/gp/customer-reviews/R1L24H6PUSJ3XN/ref=cm_cr_getr_d_rvw_ttl?ie=UTF8&ASIN=B0D4DS7M7G,"5.0 "," the United States "," December 21, 2024",Size: 10 WideColor: All Black,Verified Purchase,Takes some getting used to. Back pain has minimized and foot pain is almost completely gone. My feet hurt 95% less than they ever did with other shoes. They also hold up very well for their price.,
K. Hankins,"Breaks apart in 2-3 weeks, two pairs tested",https://www.amazon.com/gp/customer-reviews/RHN3271MZMTQ/ref=cm_cr_getr_d_rvw_ttl?ie=UTF8&ASIN=B0D4DS7M7G,"2.0 "," the United States "," December 19, 2024",Size: 12.5 WideColor: Grey Gum,Verified Purchase,After the first pair began to disintegrate into little bits of white plastic filler I returned thinking they were defective. The 2nd pair did the same thing around the three week mark. Otherwise decent price and comfortable (until you start getting stabbed by the bits of plastic).,
Art Iverson,Good quality light weight shoe,https://www.amazon.com/gp/customer-reviews/RQ2L38DKGR24Z/ref=cm_cr_getr_d_rvw_ttl?ie=UTF8&ASIN=B0D4DS7M7G,"5.0 "," the United States "," December 19, 2024",Size: 13 WideColor: All Black,Verified Purchase,Love these for everything but heavy (bad) weather.  Great kicking around walking shoe for inside or fair weather.  Definitely going to get another pair of these.,
Cole Carlson,Awesome shoes,https://www.amazon.com/gp/customer-reviews/RO5UFTRA2VTO1/ref=cm_cr_getr_d_rvw_ttl?ie=UTF8&ASIN=B0D4DS7M7G,"5.0 "," the United States "," December 19, 2024",Size: 8 WideColor: W81 Black Gum,Verified Purchase,I bought myself and my son a pair. After a few months they still look brand new!,
Ehhh,"Could be great, mine had issies",https://www.amazon.com/gp/customer-reviews/R2RVWJK9GPFXJF/ref=cm_cr_getr_d_rvw_ttl?ie=UTF8&ASIN=B0D4DS7M7G,"3.0 "," the United States "," December 15, 2024",Size: 9 WideColor: W81 Black Gum,Verified Purchase,"I have to send them back… the left shoe has extra material or something on the tongue and doesn’t fit well.  They are every light, I find the insole to be very slippery, not a fan of the upper material (it just feels cheap and like it won’t last).  When you put them on, it feels like the soles are very light/thin. I’m not sure if that’s good or bad as I didn’t get to use them. Looking at them from the outside, they look good and like they will last.  Overall? They are worth giving them a chance at the price range.",
K,Haven't been paid don't work for them,https://www.amazon.com/gp/customer-reviews/RJD6M6HRREQB1/ref=cm_cr_getr_d_rvw_ttl?ie=UTF8&ASIN=B0D4DS7M7G,"5.0 "," the United States "," December 15, 2024",Size: 13 WideColor: W81 Brown,Verified Purchase,So so I just got these on Saturday through the mail I've just worn them a few times so far so if there's any problems I'll update this but as of right now I really like them they're light they're bendy you can feel the ground underneath the pad and I weigh about 450 doesn't hurt my feet or anything else like that it's actually a very quite pleasant I'm actually planning on ordering another pair with these need to be replaced definitely would recommend,
Mamabear91599,Love love love these,https://www.amazon.com/gp/customer-reviews/R25YKRYPO0EIVA/ref=cm_cr_getr_d_rvw_ttl?ie=UTF8&ASIN=B0D4DS7M7G,"5.0 "," the United States "," December 15, 2024",Size: 10 WideColor: W81 Dark Grey,Verified Purchase,"So, I have insanely wide feet, and can never find shoes that don’t feel like they’re smooshing my toes and the front of my foot. These shoes are AMAZING. I measured my foot, and went by their chart and they fit according to the size chart (they run a tad small for US sizing) they’re durable, I’ve wore them every day for 3 months and they still look brand new. The material is breathable and light, and my feet don’t feel like they’re suffocating in them. Superior functionality as they allow my feet to flex the way they’re designed to. The first couple days my feet were sore at the end of the day; but that’s just par for the course when you first start out in barefoot shoes. They are not warm, and definitely not waterproof, but they do dry out relatively quickly when wearing them. Overall, love these and will for sure be buying more whenever these wear out!",
Vanguard,Very comfortable!,https://www.amazon.com/gp/customer-reviews/R31HHMMVWK6XYD/ref=cm_cr_getr_d_rvw_ttl?ie=UTF8&ASIN=B0D4DS7M7G,"5.0 "," the United States "," December 14, 2024",Size: 14 WideColor: Grey Gum,Verified Purchase,"They fit to size. They feel strange at first if you've never worn this kind of ""barefoot"" wide toe box shoe. But once you're used to them, I could wear these all the time.",
Gordon Odendahl,Not a fan,https://www.amazon.com/gp/customer-reviews/RVENL640ZIHB9/ref=cm_cr_getr_d_rvw_ttl?ie=UTF8&ASIN=B0D4DS7M7G,"1.0 "," the United States "," December 14, 2024",Size: 12 WideColor: Grey Gum,Verified Purchase,"I started having problems with pain in my hips after wearing these shoes for several months.  After I quit wearing the shoes, my hip problems went away.",
RG,Good value,https://www.amazon.com/gp/customer-reviews/RXL13N2JO9Z5N/ref=cm_cr_getr_d_rvw_ttl?ie=UTF8&ASIN=B0D4DS7M7G,"5.0 "," the United States "," December 14, 2024",Size: 10 WideColor: Grey Gum,Verified Purchase,"I really like these shoes. They are nice looking and seem like they will be durable enough. They feel like a moccasin, so be advised that they have very little padding and no arch support, which I personally don't mind. They're pretty grippy too.",
Trustin,I love these shoes!,https://www.amazon.com/gp/customer-reviews/RM0ZRS2181N9P/ref=cm_cr_getr_d_rvw_ttl?ie=UTF8&ASIN=B0D4DS7M7G,"5.0 "," the United States "," December 13, 2024",Size: 12 WideColor: All Black,Verified Purchase,"I have had these for atleast 4 months I wear them everyday. Comfy, minimalistic, they look great(imo). I work with the deceased family so I have to look professional, I stopped wearing my dress shoes. These look good enough to pass. No rips or tares yet, they breath very well. They fit me and true to size. Wide toe box is awesome! Can wear and walk in them all day with no issue. They have decent grip(nothing real aggressive). I was wanting xero or hobi minimal shoes but why pay $80+ for minimal and simple shoes? Kinda annoying to think about how less goes into primal type shoes yet they try to charge more. I WILL KEEP BUYING THESE UNTIL THY CHANGE OR STOP MAKING THEM, LIKE A BORING GRANDMA.",7
Quentin Seger,Good for a few months,https://www.amazon.com/gp/customer-reviews/R29YJQ5BEE7TR6/ref=cm_cr_getr_d_rvw_ttl?ie=UTF8&ASIN=B0D4DS7M7G,"4.0 "," the United States "," December 9, 2024",Size: 11 WideColor: W81 Black Gum,Verified Purchase,Good and very comfortable for a few months and eventually the soles on the inside wear down fast and the fit eventually becomes loose and doesn’t feel “stable” but it did look very nice and these were amazing the first few months. No pain whatsoever,3
enzo,Super comfy,https://www.amazon.com/gp/customer-reviews/R196GGUJTMD22R/ref=cm_cr_getr_d_rvw_ttl?ie=UTF8&ASIN=B0D4DS7M7G,"5.0 "," the United States "," December 8, 2024",Size: 11 WideColor: W81 All White,Verified Purchase,If you are a 1/2 size go up 1 size and you'll be walking in no time,
mike,wide toe shoe,https://www.amazon.com/gp/customer-reviews/RJWM1AJ3ACHJO/ref=cm_cr_getr_d_rvw_ttl?ie=UTF8&ASIN=B0D4DS7M7G,"5.0 "," the United States "," December 7, 2024",Size: 9 WideColor: All Black,Verified Purchase,very comfortable but slippery on wet concrete.,
LiamP,"Comfortable, roomy, and unobtrusive.",https://www.amazon.com/gp/customer-reviews/R1CWJ2J83BKKXW/ref=cm_cr_getr_d_rvw_ttl?ie=UTF8&ASIN=B0D4DS7M7G,"5.0 "," the United States "," December 6, 2024",Size: 10 WideColor: All Black,Verified Purchase,"These sneakers are exactly what they advertise. The black canvass sneaker looks like any other sneaker at quick glance making them perfect for wearing them at work and not drawing attention to them. If this is your first foray into the ""barefoot"" market, just know you are supposed to be able to feel the ground beneath your feet more, you will feel rocks, sticks, etc...",
jimzartman,Barefoot shoes… Start here.,https://www.amazon.com/gp/customer-reviews/R33341MI7C3IYS/ref=cm_cr_getr_d_rvw_ttl?ie=UTF8&ASIN=B0D4DS7M7G,"5.0 "," the United States "," December 5, 2024",Size: 10 WideColor: Grey Gum,Verified Purchase,"This is the best place to start to get a feeling for what it’s like to wear a barefoot shoe. You don’t need to spend more money to get an idea of what it’s like because these give you what you need. Zero drop, wide toe box, and a thin soul for that ground feedback. I have since bought a pair of Xero shoes, and although the construction is obviously superior, it is a lot more of a shoe and it’s not actually as wide as this. This is perfect as just a casual shoe for what is currently a great price.",
Alex Wilde,Very comfortable,https://www.amazon.com/gp/customer-reviews/R35U66X3DW8LCV/ref=cm_cr_getr_d_rvw_ttl?ie=UTF8&ASIN=B0D4DS7M7G,"5.0 "," the United States "," December 3, 2024",Size: 12 WideColor: W81 Dark Grey,Verified Purchase,Very comfortable! Will buy again in other colors,
Lauren,Good quality for good price,https://www.amazon.com/gp/customer-reviews/R3I11Q1WUDA9CZ/ref=cm_cr_getr_d_rvw_ttl?ie=UTF8&ASIN=B0D4DS7M7G,"5.0 "," the United States "," December 3, 2024",Size: 8 WideColor: W81 Black Gum,Verified Purchase,"I am new to wide toe box and barefoot shoes. These are reasonably priced and have been working out fine so far. A great starter shoe for those not wanting to spend a lot having never tried a barefoot shoe. Not water resistant with the canvas, be sure to avoid puddles at all costs as these are zero drop with no cushion, so you will get wet in rainy conditions if you’re not careful. Seems to fit true to size",
Kyle,A 10 wide is a 10.5,https://www.amazon.com/gp/customer-reviews/R372GB9Y1N2NKY/ref=cm_cr_getr_d_rvw_ttl?ie=UTF8&ASIN=B0D4DS7M7G,"5.0 "," the United States "," December 2, 2024",Size: 10 WideColor: W81 Dark Blue Gum,Verified Purchase,"Got what I purchased. I ordered an 11 wide based off of their sizing, but the 10 wide fit way better",
A Customer111,Loud,https://www.amazon.com/gp/customer-reviews/R15989RN1GRTUO/ref=cm_cr_getr_d_rvw_ttl?ie=UTF8&ASIN=B0D4DS7M7G,"3.0 "," the United States "," November 29, 2024",Size: 11 WideColor: Grey Gum,Verified Purchase,Nice shoe. Good style but loud plastic sound from sole stricking tile or stone floors.,
Amazon Customer,Awesome!,https://www.amazon.com/gp/customer-reviews/R31A3Q0W37KWRX/ref=cm_cr_getr_d_rvw_ttl?ie=UTF8&ASIN=B0D4DS7M7G,"5.0 "," the United States "," November 27, 2024",Size: 13 WideColor: All Black,Verified Purchase,Durable and last a while! I use them for everything including pickleball. Great shoe!,
dayton,Great shoes,https://www.amazon.com/gp/customer-reviews/RR5R7HK4K8I5Z/ref=cm_cr_getr_d_rvw_ttl?ie=UTF8&ASIN=B0D4DS7M7G,"5.0 "," the United States "," November 27, 2024",Size: 9 WideColor: All Black,Verified Purchase,I use them for pickleball and love them. Worn out after a year and a half so I bought some more.,
Emily Dahl,Nice and wide!,https://www.amazon.com/gp/customer-reviews/R3M1AQCYOYECUM/ref=cm_cr_getr_d_rvw_ttl?ie=UTF8&ASIN=B0D4DS7M7G,"5.0 "," the United States "," November 27, 2024",Size: 9 WideColor: W81 Black Gum,Verified Purchase,"I love these shoes for both my kids and my husband. They both have very wide feet and these shoes are excellent. The cushion in them is perfect, not too much of an arch and they are easy to clean. They are fairly durable as they are all active people.",
Massoud Vaziri,"good price, poor fit",https://www.amazon.com/gp/customer-reviews/R17JUIFXGVRSVO/ref=cm_cr_getr_d_rvw_ttl?ie=UTF8&ASIN=B0D4DS7M7G,"2.0 "," the United States "," November 26, 2024",Size: 11 WideColor: Grey Gum,Verified Purchase,"I ordered 2 different sizes, neither one worked for me. very poor fit, and no padding, so your feet get tired very quickly. I will donate it, and don't recommend them.",
Phillip Partridge,Larger than sized,https://www.amazon.com/gp/customer-reviews/R1OH0U857AH1QV/ref=cm_cr_getr_d_rvw_ttl?ie=UTF8&ASIN=B0D4DS7M7G,"5.0 "," the United States "," November 26, 2024",Size: 9 WideColor: W81 Black Gum,Verified Purchase,"Shoe is solid, esp for the price point. Returned a size 9 as it was half a size too big. Shop accordingly, boys.",
CloudMan19,Great,https://www.amazon.com/gp/customer-reviews/R3ADFN5L20VM3/ref=cm_cr_getr_d_rvw_ttl?ie=UTF8&ASIN=B0D4DS7M7G,"4.0 "," the United States "," November 25, 2024",Size: 8 WideColor: W81 Black Gum,Verified Purchase,"Bought these as a workout Shoe, I have worn them out a few times to run errands as well and they are extremely comfortable. I’ve had them for about two months now and they’re holding up to Exercise use for sure!",
David S,Good value for money.,https://www.amazon.com/gp/customer-reviews/R25CHYRRYR706E/ref=cm_cr_getr_d_rvw_ttl?ie=UTF8&ASIN=B0D4DS7M7G,"5.0 "," the United States "," November 24, 2024",Size: 12.5 WideColor: All Black,Verified Purchase,Very happy with shoes.  Like the wide toe box and overall comfort.,
AReviewer1,Function > Form,https://www.amazon.com/gp/customer-reviews/RJHM06LZ1S2U7/ref=cm_cr_getr_d_rvw_ttl?ie=UTF8&ASIN=B0D4DS7M7G,"5.0 "," the United States "," November 23, 2024",Size: 13 WideColor: All Black,Verified Purchase,"This is my first pair of Whitin shoes and also my first pair of wide toe box shoes.  They also just happen to be the most comfortable pair of shoes I've ever owned.  There is no break-in period.  They were amazing from the first time I put them on.  With that said, they are also probably the goofiest looking pair of shoes I've ever owned.  I wear a size 13 so I jokingly refer to these as my clown shoes.  However, I'm at the age where I'm not concerned with the look of my shoes as much as the comfort.I bought a couple pairs of Brooks shoes recently and had to go to a size 14 to allow for sufficient space for my toes.  As a result it feels like I'm wearing skis, which is especially annoying when I'm driving my manual transmission car.  They work great for my running routine and for when I'm going to be on my feet all day, but that's about it.  The Whitin shoes with the wide toe box allow me to buy a size 13 which fits much better and allows me to feel the peddles in my MT much more.I highly recommend these shoes and I'm sure this will be my first pair of many!",4
Eleazar T Castillo,looks great,https://www.amazon.com/gp/customer-reviews/R1B0SPRZBEA1N/ref=cm_cr_getr_d_rvw_ttl?ie=UTF8&ASIN=B0D4DS7M7G,"3.0 "," the United States "," November 21, 2024",Size: 8 WideColor: All Black,Verified Purchase,looks durable but the sole need better thicker esp on the back,
Baddie Zaddie,Held up well; great ground-feel; super wide,https://www.amazon.com/gp/customer-reviews/R1RNSQSXGK3220/ref=cm_cr_getr_d_rvw_ttl?ie=UTF8&ASIN=B0D4DS7M7G,"5.0 "," the United States "," November 18, 2024",Size: 10 WideColor: All Black,Verified Purchase,"I have wildly wide feet and these are super comfortable. For reference, I got Lems' widest shoe, even went up 1/2 size, and it was TOO NARROW.  On the flip side, these Whitins fit super well. SIf your feet are dummy thiqq (wide), these are for you. I hike in them, go to the gym, and wear them just about everywhere every day. Had them for over a year now without any tears or failures. Super impressed. Wish they made a winter boot with better traction! These are horrifying in the snow/ice, though -- incredibly slippery.",
Mike,fit my extra wide feet like a glove,https://www.amazon.com/gp/customer-reviews/R1G1ODAL6N25VJ/ref=cm_cr_getr_d_rvw_ttl?ie=UTF8&ASIN=B0D4DS7M7G,"5.0 "," the United States "," November 17, 2024",Size: 14 WideColor: All Black,Verified Purchase,Love them use them as my lifting shoes,
Jeremy P.,Favorite,https://www.amazon.com/gp/customer-reviews/R1SKOP7RUFHIJP/ref=cm_cr_getr_d_rvw_ttl?ie=UTF8&ASIN=B0D4DS7M7G,"5.0 "," the United States "," November 17, 2024",Size: 8 WideColor: W81 Black Gum,Verified Purchase,This is probably my all time favorite shoe. Good fit and comfortable,
Stanley Meier,I love them.,https://www.amazon.com/gp/customer-reviews/R3PI4OK4W2NXW2/ref=cm_cr_getr_d_rvw_ttl?ie=UTF8&ASIN=B0D4DS7M7G,"5.0 "," the United States "," November 15, 2024",Size: 12 WideColor: W81 Red Beige,Verified Purchase,"Bought these and immediately went on a trip where I’m averaging 13,000 steps a day. These are my first pair of barefoot style shoes. Feet get a little tired at the end of the day but honestly, any pair of shoes would probably do the same. I love how light they are. They look nice as well. Probably going to buy them in different colors. I haven’t experienced any real pain from walking in these shoes. Would definitely recommend to anyone curious about barefoot shoes.",
S. Armitage,My second pair,https://www.amazon.com/gp/customer-reviews/RY72MMU50LKXZ/ref=cm_cr_getr_d_rvw_ttl?ie=UTF8&ASIN=B0D4DS7M7G,"4.0 "," the United States "," November 15, 2024",Size: 11 WideColor: W81 Dark Blue Gum,Verified Purchase,I’ve bought my second pair of these shoes I really enjoy the fit and style. My first pair didn’t wear out they didn’t smell good any more; tmi? The only reason I didn’t give 5 stars; after wearing my first pair for a while I needed to buy a better insole to really enjoy my shoes. So with my new pair I immediately bought better insoles.,
Micky,Comfortable fit,https://www.amazon.com/gp/customer-reviews/R2HQ8YLD900LNK/ref=cm_cr_getr_d_rvw_ttl?ie=UTF8&ASIN=B0D4DS7M7G,"5.0 "," the United States "," November 11, 2024",Size: 10 WideColor: All Black,Verified Purchase,I followed the sizing instructions when ordering these shoes.  What I received was a good fit.  They were more comfortable without the supplied insoles.  I am definitely going to purchase more shoes from Whiten.,
Sarood Hasan,Do their job,https://www.amazon.com/gp/customer-reviews/R3UYA7WOWPNP1I/ref=cm_cr_getr_d_rvw_ttl?ie=UTF8&ASIN=B0D4DS7M7G,"5.0 "," the United States "," November 11, 2024",Size: 7 WideColor: All Black,Verified Purchase,"They do their job perfectly well, just not what I needed. Thought they’d be useful for everyday life but they’re not. Get them if you actually think you’re gonna use them frequently.",
adelaida silva,Comfortable for all day casual wear,https://www.amazon.com/gp/customer-reviews/R37L9N0NSQ13B0/ref=cm_cr_getr_d_rvw_ttl?ie=UTF8&ASIN=B0D4DS7M7G,"4.0 "," the United States "," November 9, 2024",Size: 9 WideColor: Grey Gum,Verified Purchase,"Really like the foot and comfort! They are a casual wear, look great with jeans and docker style pants. For the price, highly recommend! I’ve been wearing Whittins and Xero shoes for over three years. I am planning to buy same shoe in different colors.",
DaveB,Comfort,https://www.amazon.com/gp/customer-reviews/R15LWQ27UPA0LE/ref=cm_cr_getr_d_rvw_ttl?ie=UTF8&ASIN=B0D4DS7M7G,"5.0 "," the United States "," November 5, 2024",Size: 12 WideColor: All Black,Verified Purchase,Comfortable shoe to wear everyday. Going to try them for pickelball.,
Matthew Anderson,Takes getting used to,https://www.amazon.com/gp/customer-reviews/R2XSTOFHPFTF2G/ref=cm_cr_getr_d_rvw_ttl?ie=UTF8&ASIN=B0D4DS7M7G,"5.0 "," the United States "," November 2, 2024",Size: 11 WideColor: W81 Red Beige,Verified Purchase,"You would think that having no cushion or support would cause pain, but its actually quite the opposite. I work in a hospital, 12 hour shifts and these have been the most comfortable shoe for me by far.",
J.P.,Comfortable footwear,https://www.amazon.com/gp/customer-reviews/R1ZZ90ANGUFYFU/ref=cm_cr_getr_d_rvw_ttl?ie=UTF8&ASIN=B0D4DS7M7G,"5.0 "," the United States "," November 2, 2024",Size: 12 WideColor: All Black,Verified Purchase,Well fitting footwear with a good grip.,
Norm C.,Comfortable minimalist shoes.,https://www.amazon.com/gp/customer-reviews/RUDKP368X7YLM/ref=cm_cr_getr_d_rvw_ttl?ie=UTF8&ASIN=B0D4DS7M7G,"5.0 "," the United States "," November 1, 2024",Size: 11 WideColor: Grey Gum,Verified Purchase,Nice and simple minimalist shoes. Looks good and fits good. Great Value.,
Amy Saulnier,Fiance loves them,https://www.amazon.com/gp/customer-reviews/R36IZ7P9N0MSMI/ref=cm_cr_getr_d_rvw_ttl?ie=UTF8&ASIN=B0D4DS7M7G,"5.0 "," the United States "," October 31, 2024",Size: 12 WideColor: All Black,Verified Purchase,We were recommended these by a friend and I am so glad! My fiance has wide feet and struggles with comfortable shoes. I bought these before a music festival for him and he did not even have to break them in -- instant comfort! He liked the all black option. We love these and will definitely be buying more. Highly recommend!,
Shop,Comfortable,https://www.amazon.com/gp/customer-reviews/R12TWGU5TR0KBN/ref=cm_cr_getr_d_rvw_ttl?ie=UTF8&ASIN=B0D4DS7M7G,"5.0 "," the United States "," October 31, 2024",Size: 12 WideColor: Grey Gum,Verified Purchase,I’m not too sure about long term reliability because I rotate my shoes often but they’re very comfortable.,
Hung Likeable,"Minimal, lightweight, good value.",https://www.amazon.com/gp/customer-reviews/RXG732UIBS9D0/ref=cm_cr_getr_d_rvw_ttl?ie=UTF8&ASIN=B0D4DS7M7G,"5.0 "," the United States "," October 31, 2024",Size: 12.5 WideColor: All Black,Verified Purchase,Similar to neo prio. I like them.,
Will,Great bargain,https://www.amazon.com/gp/customer-reviews/R153OLWKTSFNXV/ref=cm_cr_getr_d_rvw_ttl?ie=UTF8&ASIN=B0D4DS7M7G,"5.0 "," the United States "," October 30, 2024",Size: 12 WideColor: W81 Light Brown Gum,Verified Purchase,I have a wide foot so these were a great addition to my closet.,
Teagan Moffatt,Solid starter shoes for people interested in trying barefoot,https://www.amazon.com/gp/customer-reviews/R3VFEPN5QY38VI/ref=cm_cr_getr_d_rvw_ttl?ie=UTF8&ASIN=B0D4DS7M7G,"4.0 "," the United States "," October 29, 2024",Size: 10 WideColor: W81 Dark Blue Gum,Verified Purchase,"The fit accurately for me, there's no arch support because they are flat shoes. The functioned well and I enjoyed being able to feel the ground more but not to the point that little rocks hurt like when your actually barefoot. It's been a few months now and constantly wearing them and they are holding up well.",
Anthony,Very comfortable.,https://www.amazon.com/gp/customer-reviews/R2C7LGYIB9YYHD/ref=cm_cr_getr_d_rvw_ttl?ie=UTF8&ASIN=B0D4DS7M7G,"5.0 "," the United States "," October 28, 2024",Size: 13 WideColor: W81 Black Gum,Verified Purchase,Very comfortable.,
Carlos Orellana,Fantastic all around shoe,https://www.amazon.com/gp/customer-reviews/R3AV2YKLSHJOLN/ref=cm_cr_getr_d_rvw_ttl?ie=UTF8&ASIN=B0D4DS7M7G,"5.0 "," the United States "," October 28, 2024",Size: 9 WideColor: W81 White Gum,Verified Purchase,"I bought these mainly to replace my Chuck Taylor’s for working out. I never had shoes that empathized the wide toe box so this was a first for me and all I can say is they are fantastic. I wear them whenever I can. Again main use is for working out (lifting/running) and they have been great. I feel like the wide toe box and barefoot type soles have strengthened my feet overall as well. I currently buy wide toe box shoes for my little ones and have moved to buy these shoes as well for them. Great purchase!  Also, super easy to clean!",
Gareth Hobbs,Great Zero Drop Shoe,https://www.amazon.com/gp/customer-reviews/RJ1CR2VXOO37J/ref=cm_cr_getr_d_rvw_ttl?ie=UTF8&ASIN=B0D4DS7M7G,"5.0 "," the United States "," October 27, 2024",Size: 10 WideColor: W81 Black Gum,Verified Purchase,Great and Stylish Wide Zero Drop Shoe! Have got compliments on it.,
Sean Delonas,I like this sneaker.,https://www.amazon.com/gp/customer-reviews/R1J720FHQHTKB1/ref=cm_cr_getr_d_rvw_ttl?ie=UTF8&ASIN=B0D4DS7M7G,"5.0 "," the United States "," October 26, 2024",Size: 13 WideColor: W81 Light Brown Gum,Verified Purchase,Bought this sneaker because I have neuropathy and susceptible to wounds. I wear it on long walks and it's very comfortable.,
Andrew K.,Fit excellent - color blinding,https://www.amazon.com/gp/customer-reviews/R22MG36DNDWR19/ref=cm_cr_getr_d_rvw_ttl?ie=UTF8&ASIN=B0D4DS7M7G,"4.0 "," the United States "," October 26, 2024",Size: 13 WideColor: W81 All White,Verified Purchase,"Great shoes, if you like relatively minimal shoes with a wide toe box these are ideal. Had an old pair that were more light grey than white, but chose the white option this time as they seem to have gotten rid of the lighter grey color. Only issue is that the white is snow blind white, or Hollywood smile white. Thought a couple of uses may tone is it done but it’s not to be. Would be ideal if they chose a different white pallet as these are way too white",
Truthseeker,Wide shoes for wide feet,https://www.amazon.com/gp/customer-reviews/RK8CP9OKVI70V/ref=cm_cr_getr_d_rvw_ttl?ie=UTF8&ASIN=B0D4DS7M7G,"5.0 "," the United States "," October 24, 2024",Size: 10 WideColor: W81 Red Beige,Verified Purchase,If you're searching for a wider more comfortable shoe brand this is it. I bought two pairs. great selection of colors.,
Melissa,For the price they are ok,https://www.amazon.com/gp/customer-reviews/R2DN4B9P1T7LQ1/ref=cm_cr_getr_d_rvw_ttl?ie=UTF8&ASIN=B0D4DS7M7G,"3.0 "," the United States "," October 23, 2024",Size: 10 WideColor: W81 Black Gum,Verified Purchase,"Not the most stylish but for the price, it what u get",
Seal LaCanth,Beyond comfortable,https://www.amazon.com/gp/customer-reviews/R3MCH5PG2HS3U5/ref=cm_cr_getr_d_rvw_ttl?ie=UTF8&ASIN=B0D4DS7M7G,"5.0 "," the United States "," October 23, 2024",Size: 12 WideColor: W81 Brown,Verified Purchase,"I'm in my 40s, so I've worn a few pairs of shoes in my life. I cannot get over how comfortable these are. My feet hurt all the time, from the moment I wake up until I'm falling asleep but they feel the best wearing these shoes. Better than barefoot around the house; better than work boots with fancy inserts; better than off my feet on the couch. I have no idea why this is the case, I sincerely wish I did because it might shed some light on the overall problem but, for now, I'll enjoy the unexplainable. I haven't had these long, so no testimonial on the durability and longevity yet but they're proving to be a good deal for the price paid. They fit great, according to standard sizing. I'm not mountain climbing in these, mostly my days-off-from-work shoes, but I've had no complaints their performance running errands, taking the dog on walks etc.",6
dansmith859,Size is small,https://www.amazon.com/gp/customer-reviews/R1QIKZKLBJQN9E/ref=cm_cr_getr_d_rvw_ttl?ie=UTF8&ASIN=B0D4DS7M7G,"1.0 "," the United States "," October 23, 2024",Size: 14 WideColor: W81 Dark Grey,Verified Purchase,14 wide is not a 14 wide,
dB1,Great shoes,https://www.amazon.com/gp/customer-reviews/R3LJ8NPRSDBTTE/ref=cm_cr_getr_d_rvw_ttl?ie=UTF8&ASIN=B0D4DS7M7G,"5.0 "," the United States "," October 23, 2024",Size: 11 WideColor: All Black,Verified Purchase,"Light weight, comfortable, and good looking shoes",
Thatotherguy,Really comfortable,https://www.amazon.com/gp/customer-reviews/R1SJOCE3AWG54D/ref=cm_cr_getr_d_rvw_ttl?ie=UTF8&ASIN=B0D4DS7M7G,"5.0 "," the United States "," October 22, 2024",Size: 12 WideColor: W81 Red Beige,Verified Purchase,"I can not express how much I like these shoes, worth it.",
William,The shoes I never knew I needed.,https://www.amazon.com/gp/customer-reviews/R1G9K3TKQ07RFL/ref=cm_cr_getr_d_rvw_ttl?ie=UTF8&ASIN=B0D4DS7M7G,"5.0 "," the United States "," October 15, 2024",Size: 11 WideColor: W81 Dark Grey,Verified Purchase,"They might look like clown shoes but that notion quickly fades when your foot pains go away. These are the shoes I never knew I needed. They took a bit of getting used to since I came from normal narrow shoes but once I got used to them, they are the only pair I wear. My feet are much happier now.",
Kimani Mitchell,Comfortable,https://www.amazon.com/gp/customer-reviews/R13SULNJ9ENLYJ/ref=cm_cr_getr_d_rvw_ttl?ie=UTF8&ASIN=B0D4DS7M7G,"5.0 "," the United States "," October 14, 2024",Size: 10 WideColor: All Black,Verified Purchase,I’ve only worn them for about a week but they are very comfortable and fit great. They seem durable so hopefully they hold up to wear.,
Ethan Levy,Great barefoot shoes,https://www.amazon.com/gp/customer-reviews/RFSMQBDS2WXYA/ref=cm_cr_getr_d_rvw_ttl?ie=UTF8&ASIN=B0D4DS7M7G,"5.0 "," the United States "," October 13, 2024",Size: 10 WideColor: W81 Black Gum,Verified Purchase,"You can really feel it all. it may be uncomfortable at the start, but you will get used to it. Padding is good and shoe laces are great.",
CB,Very comfortable,https://www.amazon.com/gp/customer-reviews/R3RMJLXD5ZSS5O/ref=cm_cr_getr_d_rvw_ttl?ie=UTF8&ASIN=B0D4DS7M7G,"5.0 "," the United States "," October 13, 2024",Size: 11 WideColor: All Black,Verified Purchase,These shoes are nice for every day . comfortable would buy again,
FatboiTrcker,Everyday shoes,https://www.amazon.com/gp/customer-reviews/R19NW1F1CYRTLV/ref=cm_cr_getr_d_rvw_ttl?ie=UTF8&ASIN=B0D4DS7M7G,"5.0 "," the United States "," October 12, 2024",Size: 11 WideColor: W81 Black Gum,Verified Purchase,"I have the worlds widest feet and shoes are impossible to find that are comfortable these are my everything shoes I work, workout, run, and am on my feet all day have them for about six months or so holding up strong. I know what I bought but I wish y’all made ones that also have more padding I know I bought bare foot but would be awesome",
Amazon Customer,They fall apart,https://www.amazon.com/gp/customer-reviews/R1FJ03OXO9AETW/ref=cm_cr_getr_d_rvw_ttl?ie=UTF8&ASIN=B0D4DS7M7G,"1.0 "," the United States "," October 11, 2024",Size: 11 WideColor: Grey Gum,Verified Purchase,"I loved the look and fit, but they quickly came unglued from the soles, and the eyelets became rusted, making the shoelaces dirty.",2
Deb,COMFORTABLE AND WELL PRICED,https://www.amazon.com/gp/customer-reviews/RQYOQ1HYOF6QB/ref=cm_cr_getr_d_rvw_ttl?ie=UTF8&ASIN=B0D4DS7M7G,"5.0 "," the United States "," October 8, 2024",Size: 11 WideColor: W81 Light Brown Gum,Verified Purchase,Got two pair.,
R. Ballantyne,I was surprised by how nice they are,https://www.amazon.com/gp/customer-reviews/R3QO8OLKSKQUFU/ref=cm_cr_getr_d_rvw_ttl?ie=UTF8&ASIN=B0D4DS7M7G,"5.0 "," the United States "," October 8, 2024",Size: 12 WideColor: W81 Dark Blue Gum,Verified Purchase,I'm not a barefoot shoe person but I do need a very wide toebox. These fit great and look really nice. I bought a different pair of Whitin shoes soon after I got these because I was so impressed.,
ginger,Husband didn’t like the feel too soft,https://www.amazon.com/gp/customer-reviews/R175ZAG7TMXC57/ref=cm_cr_getr_d_rvw_ttl?ie=UTF8&ASIN=B0D4DS7M7G,"3.0 "," the United States "," October 8, 2024",Size: 10 WideColor: All Black,Verified Purchase,Husband didn’t like the lack of support he was used to wearing,
Anthony,I’ll keep buying,https://www.amazon.com/gp/customer-reviews/R3HAONCMMKMHT2/ref=cm_cr_getr_d_rvw_ttl?ie=UTF8&ASIN=B0D4DS7M7G,"5.0 "," the United States "," October 8, 2024",Size: 11 WideColor: All Black,Verified Purchase,"Third pair, very durable.",
Amazon Customer,Wide is no joke,https://www.amazon.com/gp/customer-reviews/RZTL2MS8GBOZ6/ref=cm_cr_getr_d_rvw_ttl?ie=UTF8&ASIN=B0D4DS7M7G,"4.0 "," the United States "," October 6, 2024",Size: 9 WideColor: Grey Gum,Verified Purchase,"Good for my use case. Thin, flat sole for weightlifting. Comfortable enough. Has a very wide toe box. Probably good for foot health, but not super fashionable.",
Amazon Customer,Husband loves,https://www.amazon.com/gp/customer-reviews/R2NYV7SV6J3AK8/ref=cm_cr_getr_d_rvw_ttl?ie=UTF8&ASIN=B0D4DS7M7G,"5.0 "," the United States "," October 6, 2024",Size: 10 WideColor: W81 Light Brown Gum,Verified Purchase,"He wears them daily, no complaints. Purchased other styles/colors from company after his first pair",
Daniel Teo,Uncomfortable,https://www.amazon.com/gp/customer-reviews/RBITUQKRHHJ3Y/ref=cm_cr_getr_d_rvw_ttl?ie=UTF8&ASIN=B0D4DS7M7G,"1.0 "," the United States "," October 5, 2024",Size: 8 WideColor: W81 All White,Verified Purchase,"I Iike to wear barefore shoes. The shoe design is much better than the pervious but at the cost of comfort. The interior flaps of the shoe rubs against the top and sides of my little toes. I can imagine long run, it is going to grow blisters. Bring back the old design. The dent on the area of the shoes should tells you where the friction is going to be.",3
Gaylord,I have flat feet,https://www.amazon.com/gp/customer-reviews/R2DMSDKMYWWUUQ/ref=cm_cr_getr_d_rvw_ttl?ie=UTF8&ASIN=B0D4DS7M7G,"5.0 "," the United States "," October 4, 2024",Size: 12.5 WideColor: All Black,Verified Purchase,"No arch, flat feet. I’ve searched all my life for shoes that don’t have an arch as the preformed arch makes my feet hurt. I love this shoe.",
Kathy,not attractive,https://www.amazon.com/gp/customer-reviews/R1J8Q10CV0QSDY/ref=cm_cr_getr_d_rvw_ttl?ie=UTF8&ASIN=B0D4DS7M7G,"1.0 "," the United States "," October 3, 2024",Size: 9 WideColor: All Black,Verified Purchase,A wide was not wide enough in the toes or the arch area.  Foot shape might not be for me.,2
Judy Stewart,as ordered,https://www.amazon.com/gp/customer-reviews/R365NTRMOIXF8Y/ref=cm_cr_getr_d_rvw_ttl?ie=UTF8&ASIN=B0D4DS7M7G,"4.0 "," the United States "," October 3, 2024",Size: 11 WideColor: All Black,Verified Purchase,"Wide enough for a change.  Quite comfortable.  The toe box looks a little odd, kind of like a birkenstock.  Have worn them frequently",
Shannon,Great for your Sole!,https://www.amazon.com/gp/customer-reviews/RT7XWMSZL0L2J/ref=cm_cr_getr_d_rvw_ttl?ie=UTF8&ASIN=B0D4DS7M7G,"5.0 "," the United States "," October 2, 2024",Size: 10 WideColor: Grey Gum,Verified Purchase,"You'll feel it in your soul and your sole!  These are the 3rd pair I've bought from this brand with daily wear casually, at the gym, and at work. They lasted roughly a year before the grip went smooth! The wide toe box keeps your feet feeling natural instead of squished. They are durable enough for just about any day to day activity. The price point is perfect too!",
Magne,too small,https://www.amazon.com/gp/customer-reviews/RX77HWJ4HP8FO/ref=cm_cr_getr_d_rvw_ttl?ie=UTF8&ASIN=B0D4DS7M7G,"3.0 "," the United States "," October 1, 2024",Size: 10 WideColor: All Black,Verified Purchase,should have sized up,
matt rav,Great shoes,https://www.amazon.com/gp/customer-reviews/R2APOT7J9KEJF8/ref=cm_cr_getr_d_rvw_ttl?ie=UTF8&ASIN=B0D4DS7M7G,"5.0 "," the United States "," September 30, 2024",Size: 11 WideColor: W81 Dark Blue Gum,Verified Purchase,"The sole is thin, but they are actually extremely comfortable!",
