﻿评论用户,评论概述,评论链接,星级评分,评论地点,评论时间,类型,是否购买,评论详情,觉得该评论有帮助的人数
Jorge & Carolina M,The open back detail adds a trendy and feminine touch to these tops,https://www.amazon.com/gp/customer-reviews/R2TA8X7IH1I9CM/ref=cm_cr_arp_d_rvw_ttl?ie=UTF8&ASIN=B088WGWKC7,"5.0 "," the United States "," February 19, 2024",Size: SmallColor: Black,Verified Purchase,"As a fitness enthusiast who values both style and functionality in my workout wardrobe, I recently tried out the Women's Open Back Workout Tops Cropped Loose Fit Ribbed Yoga Tank Tops, and I have to say, they have quickly become my new favorite go-to tops for working out.  Let's start with the design. The open back detail adds a trendy and feminine touch to these tops, elevating them from basic workout wear to stylish activewear essentials. The cropped length is flattering and on-trend, offering just the right amount of coverage while still allowing for freedom of movement during my workouts. Whether I'm hitting the gym, attending a yoga class, or going for a run outdoors, these tank tops make me feel confident and stylish every step of the way.  Now, let's talk about comfort. The ribbed fabric is soft, stretchy, and breathable, providing a comfortable and supportive fit that moves with my body during even the most intense workouts. The loose fit allows for ample airflow, keeping me cool and comfortable from warm-up to cool-down. The open back design not only adds a stylish flair but also enhances ventilation, preventing overheating and ensuring that I stay comfortable and dry throughout my workout.  In terms of performance, these tank tops exceed expectations. The moisture-wicking fabric keeps sweat at bay, helping me stay dry and focused during even the toughest workouts. The cropped length is not only flattering but also practical, allowing for easy layering over sports bras or high-waisted leggings for added coverage and support.  Overall, I couldn't be happier with my purchase of the Women's Open Back Workout Tops Cropped Loose Fit Ribbed Yoga Tank Tops. They offer the perfect combination of style, comfort, and performance for all my workout needs. Whether you're hitting the gym, practicing yoga, or simply running errands, these tank tops are sure to become a staple in your activewear rotation. Trust me, you won't be disappointed!",4
Ashley Truex,Ok,https://www.amazon.com/gp/customer-reviews/R348B1DE7TC1EU/ref=cm_cr_arp_d_rvw_ttl?ie=UTF8&ASIN=B088WGWKC7,"4.0 "," the United States "," July 20, 2020",,Verified Purchase,Did not realize that the matieral was ribbed (not my favorite) but the sizing is true to form and the cut is very cute.,6
Rachel Lingle,Love these,https://www.amazon.com/gp/customer-reviews/R2P1JFIYF2W6F8/ref=cm_cr_arp_d_rvw_ttl?ie=UTF8&ASIN=B088WGWKC7,"5.0 "," the United States "," November 8, 2024",Size: MediumColor: Black,Verified Purchase,"Super sexy. They are very comfortable, I love them for the gym. They’re just absolutely the best workout shirts I’ve ever had. They were a little tricky for me to figure out how to put them on. Lol but once you get the hang of it, it’s easy. I’ve ended up buying numerous colors. The first one I got was the black one, and they are all true to size",3
Dare,It’s cute,https://www.amazon.com/gp/customer-reviews/R3FFHCPF8Y59TE/ref=cm_cr_arp_d_rvw_ttl?ie=UTF8&ASIN=B088WGWKC7,"4.0 "," the United States "," July 25, 2024",Size: LargeColor: Brown,Verified Purchase,The colour is not as flattering but it’s comfortable and the back is cute!,
Amazon Customer,Cute!,https://www.amazon.com/gp/customer-reviews/R18NYHVKW4Z7D3/ref=cm_cr_arp_d_rvw_ttl?ie=UTF8&ASIN=B088WGWKC7,"5.0 "," the United States "," December 10, 2024",Size: SmallColor: Light Apricot,Verified Purchase,"Washed well, doesn’t shrink or stretch out. Loose fit, good for Pilates",
Sandra Z,Nice shirt,https://www.amazon.com/gp/customer-reviews/R26165HHEIQXU3/ref=cm_cr_arp_d_rvw_ttl?ie=UTF8&ASIN=B088WGWKC7,"3.0 "," the United States "," September 6, 2024",Size: LargeColor: Light Blue,Verified Purchase,Bought this shirt because I love the style however do not recommend it if you sweat too much. Does not perform well in high impact workouts.  Fabric not sweat friendly.,3
GLORIA B FLOREZ,Style very nice..,https://www.amazon.com/gp/customer-reviews/R1JNCSTJI4VIIW/ref=cm_cr_arp_d_rvw_ttl?ie=UTF8&ASIN=B088WGWKC7,"5.0 "," the United States "," January 12, 2025",Size: MediumColor: Yellow,Verified Purchase,"Really , it is value for money",
Leon Nutt,good fit,https://www.amazon.com/gp/customer-reviews/R1M2F762TN9TMW/ref=cm_cr_arp_d_rvw_ttl?ie=UTF8&ASIN=B088WGWKC7,"5.0 "," the United States "," December 15, 2024",Size: SmallColor: Light Apricot,Verified Purchase,"Love this top. I always get compliments at the gym when I wear it. The fit is good, and the quality is great.",
Kalin,Not very well made!,https://www.amazon.com/gp/customer-reviews/RCP4JWGZCJ2WF/ref=cm_cr_arp_d_rvw_ttl?ie=UTF8&ASIN=B088WGWKC7,"1.0 "," the United States "," November 20, 2024",Size: MediumColor: Yellow,Verified Purchase,"My wife wore this one time. We washed it, and it started unraveling at the seam.  Color is great, but it's unwearable now.",
Courtney,Love these! Can be fussy to put on correctly.,https://www.amazon.com/gp/customer-reviews/R1XCVJZR7DI3AH/ref=cm_cr_arp_d_rvw_ttl?ie=UTF8&ASIN=B088WGWKC7,"5.0 "," the United States "," November 18, 2024",Size: SmallColor: Wine Red,Verified Purchase,Absolutely love this top - once I get it on. Can be weird to finagle into as the material flops easily while pulling on. But these are perfect for intense cardio like spinning. Nice and airy.,
Melja,Comfortable and light fabric,https://www.amazon.com/gp/customer-reviews/R7IIZ7SAWUAOG/ref=cm_cr_getr_d_rvw_ttl?ie=UTF8&ASIN=B088WGWKC7,"4.0 "," the United States "," July 29, 2024",Size: SmallColor: Gray Green,Verified Purchase,"There is a little more fabric in the back than showed in the picture, but it is pretty close. Also the fabric has a slight ribbing to it, so it is not a flat cotton, it doesn't bother me, but just a small note. It seems a little thin on the fabric but not horrible, but I think just a little care when washing, as usually those thin fabrics break down over time a little quicker.",
Shril,It's okay,https://www.amazon.com/gp/customer-reviews/R25II5MGJYU4DF/ref=cm_cr_getr_d_rvw_ttl?ie=UTF8&ASIN=B088WGWKC7,"3.0 "," the United States "," November 19, 2024",Size: LargeColor: Deep Green,Verified Purchase,"It's soft, the sizes run a little small. I over estimated how comfortable I would be wearing this shirt the open back part is no joke, and I will probably donate it to a local thrift shop for someone else to fall in love with it.",
Bev,Red workout cover-up,https://www.amazon.com/gp/customer-reviews/R2F7LCTTTKO3TS/ref=cm_cr_getr_d_rvw_ttl?ie=UTF8&ASIN=B088WGWKC7,"4.0 "," the United States "," July 24, 2024",Size: SmallColor: Red,Verified Purchase,The fabric is thin but works great as a workout cover-up. True to size. Took me a minute to figure out how to put it on but I like it,2
Joe Mc,Super cute and barely there,https://www.amazon.com/gp/customer-reviews/R3EPLIOQ70DXEC/ref=cm_cr_getr_d_rvw_ttl?ie=UTF8&ASIN=B088WGWKC7,"5.0 "," the United States "," October 12, 2024",Size: SmallColor: Light Blue,Verified Purchase,"Looks great.  It's barely a shirt, which is exactly what I wanted!  I sweat a TON at the gym and hate to feel wet fabric laying on me.  This exposes so much skin but still lets me feel covered.  I love it.",
JRH,Good Workout Top,https://www.amazon.com/gp/customer-reviews/R32WQAOV295TJ9/ref=cm_cr_getr_d_rvw_ttl?ie=UTF8&ASIN=B088WGWKC7,"4.0 "," the United States "," July 9, 2024",Size: SmallColor: Black,Verified Purchase,Good top to wear when working out. Only note ill make is if you are bending down a lot this may not be good - it slides off your shoulders since it is so open,
Sharon K Borth,Fav new comfy top,https://www.amazon.com/gp/customer-reviews/RRTOSY0T2UB1X/ref=cm_cr_getr_d_rvw_ttl?ie=UTF8&ASIN=B088WGWKC7,"5.0 "," the United States "," November 14, 2024",Size: LargeColor: Red,Verified Purchase,Comfy x3!,
Amanda,LOVE,https://www.amazon.com/gp/customer-reviews/R2FYRG5MYJ64F8/ref=cm_cr_getr_d_rvw_ttl?ie=UTF8&ASIN=B088WGWKC7,"5.0 "," the United States "," October 16, 2024",Size: MediumColor: Black,Verified Purchase,It's lightweight and perfect for leg day. I always get complimented.,
QueenBCynthia,Cute but sideboob,https://www.amazon.com/gp/customer-reviews/R168B7STPIPU5P/ref=cm_cr_getr_d_rvw_ttl?ie=UTF8&ASIN=B088WGWKC7,"4.0 "," the United States "," April 1, 2024",Size: LargeColor: Deep Green,Verified Purchase,"Got this because it'll show off my back tattoo. Definitely requires a bra, though, as otherwise I'd have a lot of sideboob. Take that as you will, but that's what strapless bras are for!",
chelsea,Love it,https://www.amazon.com/gp/customer-reviews/RQSIADMHI2LBR/ref=cm_cr_getr_d_rvw_ttl?ie=UTF8&ASIN=B088WGWKC7,"5.0 "," the United States "," September 6, 2024",Size: LargeColor: Orange,Verified Purchase,"I love a good open backed shirt. This is cute, lightweight and flattering. It’s been a great addition to my normal rotation.",
Aurora,Very comfy,https://www.amazon.com/gp/customer-reviews/RV1G1RXDD3SW8/ref=cm_cr_getr_d_rvw_ttl?ie=UTF8&ASIN=B088WGWKC7,"5.0 "," the United States "," August 18, 2024",Size: X-LargeColor: Black,Verified Purchase,Wear these a loooot. They’re thin but that’s actually part of what I like. Super easy to throw on over a sports bra. Soft material. Held up through a wash and air dry.,
M. Trout,FINALLY a flattering workout top!,https://www.amazon.com/gp/customer-reviews/R193UWW7AJ53VL/ref=cm_cr_getr_d_rvw_ttl?ie=UTF8&ASIN=B088WGWKC7,"5.0 "," the United States "," February 22, 2023",Size: MediumColor: Black,Verified Purchase,"I think I’ve bought one of almost all workout tips on Amazon and while some have been really cute they just never flatter my body.. problem is I have a really short torso. So most crops have this awkward length under the boob but not quite long enough and it’s always just all wrong of a fit. But I love open side/back shirts. When I saw these I had very little hope but it looked so cute. Bought black and dark green. Wore them both and oh my gosh… literally perfect! Short but comes to the top of my leggings, the sides are open but I don’t have to wear a sports bra, just a sticky bra and it doesn’t flash side boob! The cross back is so adorable, it flows and moves but never reveals the ladies if you know what I mean! I felt SO good wearing this today! Getting a few more colors now!",4
Jennifer L,"Cute, Fun, comfortable Gym shirt",https://www.amazon.com/gp/customer-reviews/RWQL2VN8VHP4V/ref=cm_cr_getr_d_rvw_ttl?ie=UTF8&ASIN=B088WGWKC7,"5.0 "," the United States "," June 7, 2024",Size: MediumColor: Red,Verified Purchase,I have 2 of these now and plan on adding more! Very comfortable and cute for gym and doesn’t restrict movement.  I even like the ribs!  When running the front does swing a little which I’m not a fan of but I just tuck in for those 20 min 🤪,7
Anna D*,Not what I expected,https://www.amazon.com/gp/customer-reviews/R1OBPPA91TZ12L/ref=cm_cr_getr_d_rvw_ttl?ie=UTF8&ASIN=B088WGWKC7,"3.0 "," the United States "," June 28, 2024",Size: SmallColor: Light Blue,Verified Purchase,"It looks nicer in the pictures. I got one in light blue and it fit a little looser for me, I am normally size xs but S often fits well in items where it is the smallest. Plus light blue arrived with a some lighter stains or discoloration:(",
CourtneyLynn,Keeping it comfortable but still let's you feel sexy,https://www.amazon.com/gp/customer-reviews/R12ESLYWX9633Q/ref=cm_cr_getr_d_rvw_ttl?ie=UTF8&ASIN=B088WGWKC7,"5.0 "," the United States "," May 29, 2024",Size: X-LargeColor: Wine Red,Verified Purchase,"Comfortable to wear in the gym or walking out in the neighborhood or out on a hike in the woods yet still looks give you the ""hot sexy look"" when that is the vibe you want to give off.  Bought this in 2 different colors and love them both.",
Jeanine Hema,Cute & Fun Top,https://www.amazon.com/gp/customer-reviews/RGEC8OTAZR28I/ref=cm_cr_getr_d_rvw_ttl?ie=UTF8&ASIN=B088WGWKC7,"5.0 "," the United States "," August 20, 2024",Size: SmallColor: Brown,Verified Purchase,Cute little staple to add to your workout clothes. Fabric is soft.,
Laura Burch,Love this top,https://www.amazon.com/gp/customer-reviews/RO79C5JU7B05Q/ref=cm_cr_getr_d_rvw_ttl?ie=UTF8&ASIN=B088WGWKC7,"5.0 "," the United States "," July 14, 2024",Size: SmallColor: White,Verified Purchase,"These have become my go to summer tops. Good for casual wear and workouts. Cool in these hot days! Great quality and fit, true to size",
squrl33,"Great shirt, horrible material",https://www.amazon.com/gp/customer-reviews/R1DICQLDJABG30/ref=cm_cr_getr_d_rvw_ttl?ie=UTF8&ASIN=B088WGWKC7,"2.0 "," the United States "," October 2, 2024",Size: SmallColor: Pink,Verified Purchase,"The shirt itself is really cute and made well and the color is accurate to the picture. But I hate the material. It’s cheap and wrinkles sooo easily. I got the wrinkles out, hung it up and wore it later and within 20 minutes it was just as wrinkly as the pic. Will not be buying any more.",
GreenThumb,Unique top - light and airy,https://www.amazon.com/gp/customer-reviews/RRY05RSSOP5EU/ref=cm_cr_getr_d_rvw_ttl?ie=UTF8&ASIN=B088WGWKC7,"5.0 "," the United States "," January 28, 2024",Size: SmallColor: Deep Gray,Verified Purchase,"Love this workout top, it is very lightweight and the back gives some coverage but will also allow your sports bras with interesting back detail to be seen. The trend in my gym is the sports bra only but I'm a little too old to be comfortable with that. The top washed well and was nice and cool while working out. I bought a small and have 34DD bust (5'4"" - 118lbs).",6
Liz Q.,Worth it,https://www.amazon.com/gp/customer-reviews/R7ONDM0NMM3SI/ref=cm_cr_getr_d_rvw_ttl?ie=UTF8&ASIN=B088WGWKC7,"5.0 "," the United States "," July 5, 2024",Size: MediumColor: Light Apricot,Verified Purchase,Material and fit makes it cozy and comfortable. Swing back open makes it extra special. Not too short.  Love this top.,
Mirriam Pace,I stand out that night.  My husband and my friends love it.,https://www.amazon.com/gp/customer-reviews/R1GLN4TJU1XCW6/ref=cm_cr_getr_d_rvw_ttl?ie=UTF8&ASIN=B088WGWKC7,"5.0 "," the United States "," September 14, 2024",Size: SmallColor: Wine Red,Verified Purchase,I love it,
J.R. King,Show it off!,https://www.amazon.com/gp/customer-reviews/R1N2PHSB63HJNW/ref=cm_cr_getr_d_rvw_ttl?ie=UTF8&ASIN=B088WGWKC7,"4.0 "," the United States "," September 13, 2023",Size: LargeColor: Deep Green,Verified Purchase,"I love this top! It highlights all of your hard work from the back. I had so many compliments about this top. My only complaint, is that it loses it shape. Still cute and worth the money just would give it 5 stars if it held its shape.",9
Rhonda Starr,So darn cute!,https://www.amazon.com/gp/customer-reviews/R2HWT7WVFI5AU0/ref=cm_cr_getr_d_rvw_ttl?ie=UTF8&ASIN=B088WGWKC7,"5.0 "," the United States "," May 15, 2023",Size: SmallColor: Orange,Verified Purchase,"I have like 6 of these! Now, I do wear them in the gym or out and about. I do not wear them if I know I am doing a ton of bending in my workout due to the way it opens. It doesn't over expose, it's just distracting to have it flop around too much. I do CrossFit style workouts and love these. The price is good and there are lots of cute colors to choose from. I am 5'2 and about 130-135#. I bought size small for all 6 colors. Fit's perfectly. In fact, I'm wearing a white one right now. :)",3
Faith Van Drunen,Order the top - big fan,https://www.amazon.com/gp/customer-reviews/R1XKKMZ9OXDC5D/ref=cm_cr_getr_d_rvw_ttl?ie=UTF8&ASIN=B088WGWKC7,"5.0 "," the United States "," February 10, 2022",Size: LargeColor: Deep Green,Verified Purchase,"Context: I've been lifting for years. I've got a big chest, back, and shoulders from lifting weights. I'm 5'9.5'' and 188 lbs of muscle.  I love this top. Holy cow. I have such a hard time finding cute tops that flatter me and also allow me to actually work out at the gym. The open back of this top means a space heater like me gets a chance to stay cool during my workout. It also stays in place due to the strap on the back of your neck. Have I mentioned how flattering it is yet? And how soft and flowy the material is? I'm a huge fan, I've already ordered more in different colors. I will say, the light gray top was a different fabric texture than the dark green and dark gray versions, but I still like it.",14
Stacey McElhone,The fit is soo cute!,https://www.amazon.com/gp/customer-reviews/R30STL1ZFHUHG6/ref=cm_cr_getr_d_rvw_ttl?ie=UTF8&ASIN=B088WGWKC7,"5.0 "," the United States "," May 25, 2024",Size: LargeColor: Red,Verified Purchase,"This is such a perfect cute cropped workout shirt! I absolutely love the fit, its incredibly flattering!",
Haley H,Love,https://www.amazon.com/gp/customer-reviews/RH8XMX9PWVXKE/ref=cm_cr_getr_d_rvw_ttl?ie=UTF8&ASIN=B088WGWKC7,"5.0 "," the United States "," July 11, 2024",Size: MediumColor: Wine Red,Verified Purchase,Very flattering and light weight,
Lauren S.,Awesome shirt for running,https://www.amazon.com/gp/customer-reviews/R1FLJCUGM8QVGH/ref=cm_cr_getr_d_rvw_ttl?ie=UTF8&ASIN=B088WGWKC7,"5.0 "," the United States "," April 16, 2023",Size: SmallColor: White,Verified Purchase,"I love this tank, and I have it in 3 colors. I enjoy it for both exercise and looking cute going out. For running, I like that it covers my chest from just below my neck, so I can protect my boobs from sun exposure. It’s also not tight fitting so it’s very breathable. It’s mostly open in the back which I feel properly offsets the coverage in the front, so I don’t get too hot. Plus I really like it going out in jeans.",15
Amy Ragan,"Comfy, sexy, classy",https://www.amazon.com/gp/customer-reviews/R2PDS168M6T27A/ref=cm_cr_getr_d_rvw_ttl?ie=UTF8&ASIN=B088WGWKC7,"5.0 "," the United States "," March 29, 2024",Size: SmallColor: Orange,Verified Purchase,I adore this top!! Put a cute bra type under the shirt and you got it.  I love it. Plan to order different colors,
Lotstosay,Attractive and unique,https://www.amazon.com/gp/customer-reviews/R1JHAV673TJOKY/ref=cm_cr_getr_d_rvw_ttl?ie=UTF8&ASIN=B088WGWKC7,"5.0 "," the United States "," November 20, 2022",Size: MediumColor: Deep Green,Verified Purchase,"This was given as a gift to a 17-year-old. She wears it under a shirt or jacket and it suits her nicely. The fit was just right, I ordered a small and she usually wears a small in shirts. The back drapes nicely and allows for decent coverage. I did try it on and I usually wear a medium, it was a little ‘sexier’ fit with some side boob, but not extreme. I think this would work well as a workout top, but only if it were layered to avoid exposure during yoga poses.",2
Sharon Wilson,Nice!,https://www.amazon.com/gp/customer-reviews/R1R8FCRAYFTCI3/ref=cm_cr_getr_d_rvw_ttl?ie=UTF8&ASIN=B088WGWKC7,"5.0 "," the United States "," July 4, 2023",Size: LargeColor: Red,Verified Purchase,"I’m an older woman, but this shirt is so awesome looking on me. I love working out in this. I just put a cute, strappy sports bra on underneath, and it looks top notch. Or if I am just home alone cleaning or whatever, I wear it alone.  Really, ladies, my daughter loves it too!  Young or old, this shirt is what you are looking for.",2
kymom,Love ❤️,https://www.amazon.com/gp/customer-reviews/R3MVEGHPLWMX2A/ref=cm_cr_getr_d_rvw_ttl?ie=UTF8&ASIN=B088WGWKC7,"5.0 "," the United States "," June 11, 2024",Size: SmallColor: Red,Verified Purchase,This is such a stylish workout top,
Roberta,Nice,https://www.amazon.com/gp/customer-reviews/R1W37Z2OJV36W/ref=cm_cr_getr_d_rvw_ttl?ie=UTF8&ASIN=B088WGWKC7,"5.0 "," the United States "," July 12, 2024",Size: SmallColor: Pink,Verified Purchase,Nice,
Jayne  Anstead,Great Look,https://www.amazon.com/gp/customer-reviews/R16QC6DB3E02MK/ref=cm_cr_getr_d_rvw_ttl?ie=UTF8&ASIN=B088WGWKC7,"5.0 "," the United States "," March 22, 2024",Size: X-LargeColor: Yellow,Verified Purchase,OMG!! This is super cute.  Hardly ever wear a bra so it was just what I have been looking for. ❤️❤️,
LK,"Cute, but Fabric Doesn't Hold Up",https://www.amazon.com/gp/customer-reviews/RWA97BSSSTLW1/ref=cm_cr_getr_d_rvw_ttl?ie=UTF8&ASIN=B088WGWKC7,"4.0 "," the United States "," December 19, 2022",Size: MediumColor: Wine Red,Verified Purchase,"Very cute style for summer. After a single wash (on delicate), the material has started to ball up - so it is pretty low quality / will not hold up. If you don't mind material quality or only plan to wear one, would recommend the style.",4
Monica A. McCann,Cute,https://www.amazon.com/gp/customer-reviews/R1EXBZWXCRC79W/ref=cm_cr_getr_d_rvw_ttl?ie=UTF8&ASIN=B088WGWKC7,"4.0 "," the United States "," September 14, 2023",Size: SmallColor: Pink,Verified Purchase,It wasn’t a fit for me,
Rod,Cute and comfy,https://www.amazon.com/gp/customer-reviews/RPLKWL70SWY74/ref=cm_cr_getr_d_rvw_ttl?ie=UTF8&ASIN=B088WGWKC7,"5.0 "," the United States "," December 3, 2022",Size: MediumColor: Deep Gray,Verified Purchase,"This shirt is great if you are looking to spice up your workout wardrobe. It’s cute, comfortable and easy to wear. I bought a similar shirt, I like this one much better because it has more structure and does not hang down when I’m doing floor workouts or when I’m bent over. I get lots of compliments when I wear a fishnet sports braw underneath it.",3
Randy D.,Stylish but not worth $19,https://www.amazon.com/gp/customer-reviews/R334P72K0VR0N5/ref=cm_cr_getr_d_rvw_ttl?ie=UTF8&ASIN=B088WGWKC7,"4.0 "," the United States "," February 16, 2023",Size: SmallColor: Red,Verified Purchase,"This top is lightweight which is great for working out.  The fabric is very soft and the top is very stylish, but I don't think it's worth $19.",2
Extremely soft Material! A very unique fit that I haven’t come across. Kept me cool.,Soft and cool,https://www.amazon.com/gp/customer-reviews/R3TVR8YBINJMDH/ref=cm_cr_getr_d_rvw_ttl?ie=UTF8&ASIN=B088WGWKC7,"5.0 "," the United States "," July 8, 2023",Size: MediumColor: Black,Verified Purchase,This is more of a lifting shirt due to the cut of the back. When doing high cardio or a lot of up and down in exercising I noticed it almost coming off my body. No big deal just something to be aware of on a conditioning workout lol,
T. Morrell,"Comfortable, runs large",https://www.amazon.com/gp/customer-reviews/R1335WXRBJWW3I/ref=cm_cr_getr_d_rvw_ttl?ie=UTF8&ASIN=B088WGWKC7,"4.0 "," the United States "," August 13, 2022",Size: MediumColor: Deep Green,Verified Purchase,"This shirt is very comfortable and the cut is very flattering. It runs very big and fits loosely. I ordered a medium and it’s big on me. I’m a 36DD, 5’3 and 150lbs. If you want a looser fit/style it would be ok.",3
Brittany Jones,Sexy and soft,https://www.amazon.com/gp/customer-reviews/R1OV3J49J3IEBB/ref=cm_cr_getr_d_rvw_ttl?ie=UTF8&ASIN=B088WGWKC7,"5.0 "," the United States "," January 7, 2024",Size: MediumColor: Wine Red,Verified Purchase,"It is soft and comfy for working out, and nice to be able to show off those muscles we work so hard for.",
eRinLeah,Cute but not practical for working out,https://www.amazon.com/gp/customer-reviews/R397UYIBG4X4ER/ref=cm_cr_getr_d_rvw_ttl?ie=UTF8&ASIN=B088WGWKC7,"4.0 "," the United States "," September 10, 2022",Size: MediumColor: Light Apricot,Verified Purchase,"The top is absolutely adorable AND flattering. BUT if you’re going to use it for yoga, it’s not going to work. It falls in your face in down dog, arm balances, etc. but again…. Very flattering and cute.",6
Rebecca Susanne Ware,Cute,https://www.amazon.com/gp/customer-reviews/R1QB6TTGJ7BJZE/ref=cm_cr_getr_d_rvw_ttl?ie=UTF8&ASIN=B088WGWKC7,"4.0 "," the United States "," June 25, 2023",Size: SmallColor: Wine Red,Verified Purchase,It’s cute but I would only wear over a sports bra or my bathing suit,
Lacey,Obsessed 🫶,https://www.amazon.com/gp/customer-reviews/R1LO2MTIISP8SU/ref=cm_cr_getr_d_rvw_ttl?ie=UTF8&ASIN=B088WGWKC7,"5.0 "," the United States "," February 7, 2023",Size: SmallColor: Black,Verified Purchase,"Love this tank. I was skeptical at first because I didn’t want to spend $20 on a workout tank. The material is breathable, just long enough, open back is super cute but not too skimpy 😱. Love the look and feel. Definitely ordering more. (I’m 5’6 155 lbs muscular build. This is a size small.",10
Erin,Not as long as I thought,https://www.amazon.com/gp/customer-reviews/R1YRS0U4A7ZKF6/ref=cm_cr_getr_d_rvw_ttl?ie=UTF8&ASIN=B088WGWKC7,"4.0 "," the United States "," July 27, 2022",Size: MediumColor: Yellow,Verified Purchase,I thought this would be more of a tank top length but it is actually cut more like a crop top. It’s a nice lightweight material but it was not what I thought it would be like when I ordered.,15
zoe,Obsessed! My go-to for over a year now.,https://www.amazon.com/gp/customer-reviews/R2AYFB0NBCGQO3/ref=cm_cr_getr_d_rvw_ttl?ie=UTF8&ASIN=B088WGWKC7,"5.0 "," the United States "," March 19, 2023",Size: SmallColor: Brown,Verified Purchase,I own this in 7 different colors. Bought my first one over a year ago and loved it so much I bought 6 more! They have held up so well. I wore them with denim shorts over the summer and I wear them regularly for workouts. I get so many compliments!,5
Kyle Sorenson,It's nice,https://www.amazon.com/gp/customer-reviews/R2WK83JTG0Z259/ref=cm_cr_getr_d_rvw_ttl?ie=UTF8&ASIN=B088WGWKC7,"4.0 "," the United States "," June 20, 2022",Size: MediumColor: Red,Verified Purchase,"I'm just over 5'4 - 140lb. I got a Medium.  I like the fit, but I wish the neck area on the front was a little looser. Its 95% Rayon and 5%Spandex. I like the price and the color is cute.",26
Jazmin Lorena,Reviewing on the sides,https://www.amazon.com/gp/customer-reviews/R35K8C8QYAT7OZ/ref=cm_cr_getr_d_rvw_ttl?ie=UTF8&ASIN=B088WGWKC7,"3.0 "," the United States "," January 21, 2023",Size: SmallColor: Black,Verified Purchase,"I got it in Small, I can’t wear this top without a bra under and that makes it look horrible, the point is to wear it without a bra for it to look good. but without a bra you can see my sides. I just wear it around the house. It does look flattering without a bra, but it’s too much, my chest is too noticeable in every angle.",
Lauren Jones,Cotton material,https://www.amazon.com/gp/customer-reviews/R1ZQDR0U7K2TVP/ref=cm_cr_getr_d_rvw_ttl?ie=UTF8&ASIN=B088WGWKC7,"4.0 "," the United States "," September 7, 2022",Size: SmallColor: Brown,Verified Purchase,Cute top but I don’t want to wear it for working out (which is why I bought it) because the cotton material just gets damp and holds in the moisture.,
Bogs,Modern and classy.,https://www.amazon.com/gp/customer-reviews/RJR9CW4E09YNS/ref=cm_cr_getr_d_rvw_ttl?ie=UTF8&ASIN=B088WGWKC7,"4.0 "," the United States "," April 19, 2023",Size: SmallColor: Orange,Verified Purchase,"Besides being comfy and relaxing, it's modern and attention getter for the user.",
Fresh,Perfect,https://www.amazon.com/gp/customer-reviews/R2GCRVU9P5GKRW/ref=cm_cr_getr_d_rvw_ttl?ie=UTF8&ASIN=B088WGWKC7,"5.0 "," the United States "," October 28, 2023",Size: MediumColor: Gray,Verified Purchase,I frikn love it.. i cut the little peice of material thats on the back begween the 2 other pieces...now its perfect...i may order another right now.. just kinda pricey is all.,
Melissa Jasinski,Returned,https://www.amazon.com/gp/customer-reviews/R39RTXH79FPUNT/ref=cm_cr_getr_d_rvw_ttl?ie=UTF8&ASIN=B088WGWKC7,"3.0 "," the United States "," October 2, 2023",Size: SmallColor: Green,Verified Purchase,The color is nice but I did not like the fit on me. If you like shirts that show more of your midriff this would work for you,2
Sarah Baxter,Super flattering and comfortable,https://www.amazon.com/gp/customer-reviews/R168XW3RUYVCK1/ref=cm_cr_getr_d_rvw_ttl?ie=UTF8&ASIN=B088WGWKC7,"4.0 "," the United States "," October 16, 2022",Size: SmallColor: Black,Verified Purchase,"Super flattering and comfortable! I received compliments my first time wearing it. I am 5'2"", 125lbs and the small fit perfectly.",2
valerie v.,So cute!,https://www.amazon.com/gp/customer-reviews/R9AGV63IRUGMW/ref=cm_cr_getr_d_rvw_ttl?ie=UTF8&ASIN=B088WGWKC7,"5.0 "," the United States "," January 20, 2024",Size: SmallColor: Yellow,Verified Purchase,Such a cute sexy top. I will definitely buy more.,
Andrea,Super cute shirt,https://www.amazon.com/gp/customer-reviews/R3DAI5F54473RR/ref=cm_cr_getr_d_rvw_ttl?ie=UTF8&ASIN=B088WGWKC7,"5.0 "," the United States "," February 2, 2024",Size: SmallColor: Deep Green,Verified Purchase,Really liked this shirt.  Looks super cute.,
Leeleeinjax,A little floppy for a workout,https://www.amazon.com/gp/customer-reviews/R1N5PZ08WONHA9/ref=cm_cr_getr_d_rvw_ttl?ie=UTF8&ASIN=B088WGWKC7,"4.0 "," the United States "," September 25, 2022",Size: LargeColor: Brown,Verified Purchase,A little loose for a HITT workout. But good for weight days and just to wear in general. It’s really soft.,3
Amazon Customer,"Super cute! 5’5”, 115 lbs, thin/athletic build-purchased size small in black. Will buy more!",https://www.amazon.com/gp/customer-reviews/R3BZGHR2D44R04/ref=cm_cr_getr_d_rvw_ttl?ie=UTF8&ASIN=B088WGWKC7,"5.0 "," the United States "," December 13, 2022",Size: SmallColor: Black,Verified Purchase,"Super flattering top! I’m 5’5”, 115 lbs, thin/athletic build, 34B and purchased a size small for reference. It’s the right size, a tad loose but just the right amount to give it a little drape. Will purchase additional colors. Could probably wear the black out (evening).",
C. Huggins,It’s cute 🥰,https://www.amazon.com/gp/customer-reviews/RUYCAHTGW797S/ref=cm_cr_getr_d_rvw_ttl?ie=UTF8&ASIN=B088WGWKC7,"4.0 "," the United States "," January 15, 2023",Size: X-LargeColor: Heather Gray,Verified Purchase,I like this shirt and it look great on me,
Jenn,Love them,https://www.amazon.com/gp/customer-reviews/RDOFCFIEU5F4T/ref=cm_cr_getr_d_rvw_ttl?ie=UTF8&ASIN=B088WGWKC7,"5.0 "," the United States "," May 9, 2023",Size: MediumColor: Wine Red,Verified Purchase,I have every color in this tank and they are perfect. So soft and comfortable and perfect for summer.  I wear them to the gym and also out with regular clothes. 10/10,2
A,Cute workout top,https://www.amazon.com/gp/customer-reviews/R2D7YBGPW9X4JN/ref=cm_cr_getr_d_rvw_ttl?ie=UTF8&ASIN=B088WGWKC7,"5.0 "," the United States "," April 23, 2022",Size: MediumColor: Wine Red,Verified Purchase,"My measurements for reference, are 34 30 43.  I purchased this shirt in several different colors in a medium. It fit perfectly— not too baggy or too loose. My small chested so wearing this without a sports bra is not something I would do, as the sides are cut low (not an issue for me).  Would recommend.",2
josephine turchan,Comfortable,https://www.amazon.com/gp/customer-reviews/R4B0O75C2ICLB/ref=cm_cr_getr_d_rvw_ttl?ie=UTF8&ASIN=B088WGWKC7,"4.0 "," the United States "," August 22, 2022",Size: SmallColor: Gray Green,Verified Purchase,"It looks just like the picture, I like it good color,a little tricky to put on",
Missaiemz,Cute shirt,https://www.amazon.com/gp/customer-reviews/R2BLICIM6LRA4A/ref=cm_cr_getr_d_rvw_ttl?ie=UTF8&ASIN=B088WGWKC7,"4.0 "," the United States "," August 25, 2022",Size: SmallColor: Gray Green,Verified Purchase,"It is a bit shorter than I expected,though it is really cute and comfortable!",
Lauren,Ugly in the front,https://www.amazon.com/gp/customer-reviews/R1EW7HVUYY59PX/ref=cm_cr_getr_d_rvw_ttl?ie=UTF8&ASIN=B088WGWKC7,"3.0 "," the United States "," January 4, 2023",Size: MediumColor: Wine Red,Verified Purchase,"Cute in the back, but the front of the shirt is extremely unflattering. Also wasn’t expecting it to have textured like a men tank top undershirt… but it’s for working out and the backless portion is exactly what I was looking for.",
A. KENNEMER,Really cute,https://www.amazon.com/gp/customer-reviews/R11EFA90OHYG2X/ref=cm_cr_getr_d_rvw_ttl?ie=UTF8&ASIN=B088WGWKC7,"5.0 "," the United States "," August 3, 2022",Size: MediumColor: Wine Red,Verified Purchase,I was skeptical about this one but it is super cute! I’m short & short waisted so it falls right at the top of my waist. I’m 5’2” 124 pounds (34d) and bought a medium. Small would have been too tight. I usually buy small but sized up.,
Lucky60,Pretty top,https://www.amazon.com/gp/customer-reviews/R2W6IPRVKAIW5C/ref=cm_cr_getr_d_rvw_ttl?ie=UTF8&ASIN=B088WGWKC7,"3.0 "," the United States "," July 3, 2023",Size: SmallColor: Pink,Verified Purchase,"It is a pretty top, it’s to go to the gym nothing expensive.  Wrinkled Fabric, color ok, it’s ok for the price.",
Jacob & Aiko Mcbride,Cheap material,https://www.amazon.com/gp/customer-reviews/R3PPB162Q9FPMD/ref=cm_cr_getr_d_rvw_ttl?ie=UTF8&ASIN=B088WGWKC7,"3.0 "," the United States "," August 12, 2023",Size: SmallColor: Pink,Verified Purchase,Material looks too cheap and raggedy. I only got to wear it once. Waste of money.,
Kristen,Comfort,https://www.amazon.com/gp/customer-reviews/R2W97NIH1KXXDO/ref=cm_cr_getr_d_rvw_ttl?ie=UTF8&ASIN=B088WGWKC7,"5.0 "," the United States "," March 29, 2023",Size: MediumColor: Gray Green,Verified Purchase,"Flattering and comfortable top.  Allows for air and cooling.  Not restricting nor tight.  Too loose however for running, perfect though for lifting weights.",
Monkey,Soso,https://www.amazon.com/gp/customer-reviews/R3ETPIOMQZ5MIT/ref=cm_cr_getr_d_rvw_ttl?ie=UTF8&ASIN=B088WGWKC7,"4.0 "," the United States "," March 19, 2022",Size: SmallColor: Pink,Verified Purchase,Top is cute but not very thick.  It kinda just hangs. Not form fitting at all.,2
Donut,New favorite top,https://www.amazon.com/gp/customer-reviews/RM7R57F3FFPGW/ref=cm_cr_getr_d_rvw_ttl?ie=UTF8&ASIN=B088WGWKC7,"5.0 "," the United States "," September 1, 2023",Size: MediumColor: Brown,Verified Purchase,This is my new favorite top and I love it. I wear it everywhere.,
tammy alicea,Great,https://www.amazon.com/gp/customer-reviews/R1VYK3E6SJX0BK/ref=cm_cr_getr_d_rvw_ttl?ie=UTF8&ASIN=B088WGWKC7,"4.0 "," the United States "," December 5, 2022",Size: MediumColor: Light Blue,Verified Purchase,Perfectly,2
SP,Super cute & comfy,https://www.amazon.com/gp/customer-reviews/RGG8ZDWG82WL0/ref=cm_cr_getr_d_rvw_ttl?ie=UTF8&ASIN=B088WGWKC7,"5.0 "," the United States "," August 11, 2022",Size: SmallColor: Black,Verified Purchase,Really appreciated all the reviews that said this is a short almost crop top so I knew what to expect.  Being 5'1 - I love the fit!  Would buy more of these as the back is super flattering.,
Emily Carlson,Cute and cool,https://www.amazon.com/gp/customer-reviews/R3NPSOMC5M9O7I/ref=cm_cr_getr_d_rvw_ttl?ie=UTF8&ASIN=B088WGWKC7,"5.0 "," the United States "," May 10, 2023",Size: SmallColor: Deep Gray,Verified Purchase,I love the open back for working out to stay cool and the style is really popular at my gym right now,
Michelle D,Cute but VERY open,https://www.amazon.com/gp/customer-reviews/R3J8KISR1XS9SD/ref=cm_cr_getr_d_rvw_ttl?ie=UTF8&ASIN=B088WGWKC7,"3.0 "," the United States "," January 17, 2023",Size: SmallColor: Orange,Verified Purchase,"This is very cute, but as soon as you bend over, everyone sees your sports bra.  Returned since it exposed so much skin",
"Tika- Albany, NY",Feeling bold,https://www.amazon.com/gp/customer-reviews/RI0QF7MPLDNHF/ref=cm_cr_getr_d_rvw_ttl?ie=UTF8&ASIN=B088WGWKC7,"5.0 "," the United States "," July 31, 2020",Size: LargeColor: White,Verified Purchase,"I am starting to feel physically confident with my body. Working out everyday in the summer months I tend to glisten a lot, I decided to look for a top that is airy and have my back out. On Amazon I came across this shirt. I ordered he wrong color but liked the style. I’d recommend to anyone who is assertive enough to make a statement.",14
alexandra,One of the cuter fitness tops!,https://www.amazon.com/gp/customer-reviews/R4VLX9I23MSG9/ref=cm_cr_getr_d_rvw_ttl?ie=UTF8&ASIN=B088WGWKC7,"5.0 "," the United States "," February 8, 2023",Size: SmallColor: Black,Verified Purchase,Very cute and super comfortable! True to size. I have bought quite a few tops off amazon and this is a top contender.,
Shantel Conner,My favorite shirt,https://www.amazon.com/gp/customer-reviews/R3T0WLMAMLEQT5/ref=cm_cr_getr_d_rvw_ttl?ie=UTF8&ASIN=B088WGWKC7,"5.0 "," the United States "," August 20, 2022",Size: MediumColor: Gray Green,Verified Purchase,"I was not sure about this shirt when I bought it- but I fell in love with it! It is light weight for workouts, hot summer days, dress it up or down! It is perfect!",
Amazon Customer,Adorable,https://www.amazon.com/gp/customer-reviews/R3J94J0FN98MVP/ref=cm_cr_getr_d_rvw_ttl?ie=UTF8&ASIN=B088WGWKC7,"5.0 "," the United States "," June 30, 2023",Size: MediumColor: Gray Green,Verified Purchase,This top is perfect.  Material feels so good against my skin. True to size.,
Alyson MacMullan,Cute but size up,https://www.amazon.com/gp/customer-reviews/R1OHW5AKQFFUKQ/ref=cm_cr_getr_d_rvw_ttl?ie=UTF8&ASIN=B088WGWKC7,"4.0 "," the United States "," December 28, 2021",Size: MediumColor: Heather Gray,Verified Purchase,Super small and shrunk when washed. Size up 2 sizes. But a really cute workout top,
Ash,Love it,https://www.amazon.com/gp/customer-reviews/R2G71B3S1R25C5/ref=cm_cr_getr_d_rvw_ttl?ie=UTF8&ASIN=B088WGWKC7,"5.0 "," the United States "," April 23, 2021",Size: SmallColor: Heather Gray,Verified Purchase,I love these shirts for going to the gym and showing off my back muscles! Also nice when I get hot. The only thing I will say is that if you’re planning on doing yoga this shirt may not be the best for certain positions. I had one of the back fabric panels keep falling in my face once. 😂,
Meeka706,Gorgeous color and hang!,https://www.amazon.com/gp/customer-reviews/R21863GQDHJJOC/ref=cm_cr_getr_d_rvw_ttl?ie=UTF8&ASIN=B088WGWKC7,"3.0 "," the United States "," September 4, 2022",Size: SmallColor: Light Blue,Verified Purchase,"This is my favorite summer top for hiking, walking or exercise...its sporty and sexy and flattering all at once.  I ordered a small and it was a bit loose, but still looked good.",
Amazon Customer  linell,Nice colour and cotton,https://www.amazon.com/gp/customer-reviews/R2XLC40HMH6HPS/ref=cm_cr_getr_d_rvw_ttl?ie=UTF8&ASIN=B088WGWKC7,"3.0 "," the United States "," May 22, 2023",Size: X-LargeColor: Wine Red,Verified Purchase,Love it but fits a bit too big.,
Heather D Kay,Great tank,https://www.amazon.com/gp/customer-reviews/R1QOUHP4POE2JB/ref=cm_cr_getr_d_rvw_ttl?ie=UTF8&ASIN=B088WGWKC7,"5.0 "," the United States "," July 15, 2023",Size: MediumColor: Brown,Verified Purchase,I got this in the brown it is so pretty. It’s super soft.,
Ruby's mom,Very oversized,https://www.amazon.com/gp/customer-reviews/RACAWJZBT3GVI/ref=cm_cr_getr_d_rvw_ttl?ie=UTF8&ASIN=B088WGWKC7,"3.0 "," the United States "," September 30, 2021",Size: LargeColor: Deep Gray,Verified Purchase,This was an interesting top. It was comfortable but huge. I bought a large as I have a 34DD chest but I didn't need it so big. The top is also very short and not sure how willing I am to show off my stomach.  I purchased a medium and its coming tomorrow so we'll see how that goes.,
Christina P,So cute!,https://www.amazon.com/gp/customer-reviews/R2PV9QROBMMVW1/ref=cm_cr_getr_d_rvw_ttl?ie=UTF8&ASIN=B088WGWKC7,"5.0 "," the United States "," September 23, 2020",Size: SmallColor: Light Blue,Verified Purchase,"Love it! I am 5’4” and 127lbs and I ordered a medium because I wanted it to be flowier. I wore it out in Utah for hiking and it was so cute and very light. The open back allowed for a breeze to keep me cool, and it paired well with bike shorts. I’m thinking about getting a second one in another color!",59
Lucy Pevensie,Really cute and soft,https://www.amazon.com/gp/customer-reviews/R2H2OH6YZMZKA2/ref=cm_cr_getr_d_rvw_ttl?ie=UTF8&ASIN=B088WGWKC7,"5.0 "," the United States "," June 21, 2022",Size: SmallColor: Black,Verified Purchase,This is a nice little workout shirt for covering up a bit more. Very soft. Fit nicely according to the size chart. I got this to wear over my workout bra. I would purchase again.,
jo-lee de pavageau,It’s just okay..I wanted to love it,https://www.amazon.com/gp/customer-reviews/R13CTBD3PSH7VD/ref=cm_cr_getr_d_rvw_ttl?ie=UTF8&ASIN=B088WGWKC7,"3.0 "," the United States "," August 11, 2022",Size: MediumColor: Black,Verified Purchase,It’s just okay.. I like how unique it is. I purchased it to work out in.. nope.. not good for that.. that’s on me. I could have ordered a small,
Christina,Cute and Comfy!,https://www.amazon.com/gp/customer-reviews/R224CAZ84O9N26/ref=cm_cr_getr_d_rvw_ttl?ie=UTF8&ASIN=B088WGWKC7,"5.0 "," the United States "," April 10, 2023",Size: MediumColor: Black,Verified Purchase,Super cute and comfy. Fabric is very soft and flowy.,
GermanShepherdGirl,Cool,https://www.amazon.com/gp/customer-reviews/R6W0KWOVODT02/ref=cm_cr_getr_d_rvw_ttl?ie=UTF8&ASIN=B088WGWKC7,"5.0 "," the United States "," August 21, 2023",Size: LargeColor: Deep Gray,Verified Purchase,"Love it, and the look",
Jim Cavanaugh,So cute I’m buying more colors,https://www.amazon.com/gp/customer-reviews/R3FSOTYI85Q5Z9/ref=cm_cr_getr_d_rvw_ttl?ie=UTF8&ASIN=B088WGWKC7,"5.0 "," the United States "," September 14, 2021",Size: LargeColor: Deep Gray,Verified Purchase,I am SO happy with this top!! It took only a couple days to arrive and it goes with EVERYTHING. I bought another color today and I’ll be buying more  For reference I am 5’8 around 140 lbs and I bought a large for a slightly looser fit!,2
Alissa Naccarato,Cute Top,https://www.amazon.com/gp/customer-reviews/R1FN2DA1TDULPV/ref=cm_cr_getr_d_rvw_ttl?ie=UTF8&ASIN=B088WGWKC7,"4.0 "," the United States "," August 23, 2020",Size: MediumColor: Black,Verified Purchase,"Material is much different than you would expect. It’s a cute top, but not a workout friendly material as pictured. I would recommend this more for lounging or an athleisure outfit :)",
Cari Jones,Smaller than expected,https://www.amazon.com/gp/customer-reviews/RVBM45IL2HWJD/ref=cm_cr_getr_d_rvw_ttl?ie=UTF8&ASIN=B088WGWKC7,"3.0 "," the United States "," December 8, 2022",Size: SmallColor: Wine Red,Verified Purchase,Not the same material expected and ordering a size larger would have helped,
Aurorann,Not fitting well,https://www.amazon.com/gp/customer-reviews/RJ18FRO7VHBCC/ref=cm_cr_getr_d_rvw_ttl?ie=UTF8&ASIN=B088WGWKC7,"2.0 "," the United States "," January 11, 2023",Size: SmallColor: Black,Verified Purchase,"Even though I ordered one size smaller, it was still very loose fitting. If it was done right, loose fitting wouldn’t be a problem for me but the back of the clothing was hanging awkwardly. There must be something wrong with the tailoring of the design. When I tried it on whoever saw it, said it looks bad, hanging off my back like that. I returned it.",
