﻿评论用户,评论概述,评论链接,星级评分,评论地点,评论时间,类型,是否购买,评论详情,觉得该评论有帮助的人数
Randi Miller,Cute and comfy!,https://www.amazon.com/gp/customer-reviews/RXIPJQX9OZ81R/ref=cm_cr_arp_d_rvw_ttl?ie=UTF8&ASIN=B0D1MMYFK9,"5.0 "," the United States "," December 29, 2024",Size: MediumColor: White,Verified Purchase,"I love these. These are so cute, comfy, and lightweight. I got a lot of compliments on them on the golf course.",
Amarilys17,ARE YOU KIDDING ME?!?!,https://www.amazon.com/gp/customer-reviews/R2EG5TCC2023UF/ref=cm_cr_arp_d_rvw_ttl?ie=UTF8&ASIN=B0D1MMYFK9,"5.0 "," the United States "," November 12, 2024",Size: X-LargeColor: White,Verified Purchase,"THESE ARE SOOOO COMFORTABLE & CUTE!!!! I literally just tried them on and I am THRILLED!!! they are so comfortable and light!!! I was wearing black underwear and you can't even see through it, which is fantastic for anything white.. I ordered XL according to the chart...amazon said I should order a Large...well the Large definitely would have fit well too...but I actually prefer shorts this short to be on the looser side, so the XL hit the spot. If you want them on the tighter side, I would listen to Amazon or size down from the chart. For reference: 5'2"" 170lbs & 44"" hips",8
cglaze,cute but the fit could be better,https://www.amazon.com/gp/customer-reviews/ROVFUBC0PZA7V/ref=cm_cr_arp_d_rvw_ttl?ie=UTF8&ASIN=B0D1MMYFK9,"4.0 "," the United States "," October 7, 2024",Size: MediumColor: Pink,Verified Purchase,"Tbh, i love the bubblegum pink color, and they are so soft. I just wish that the waistband wasn't so large, it kid of squares you off, even if you have a smaller waist than hips. I am short waisted, so just a personal preference. Regardless, these are really comfortable and a good length.",
Allison,Comfortable,https://www.amazon.com/gp/customer-reviews/RDHHXLV966GEX/ref=cm_cr_arp_d_rvw_ttl?ie=UTF8&ASIN=B0D1MMYFK9,"5.0 "," the United States "," January 4, 2025",Size: MediumColor: Red,Verified Purchase,Soft fabric- look better in person. Flattering,
ALR,Incredibly comfortable,https://www.amazon.com/gp/customer-reviews/REJKANQ2ZFAAT/ref=cm_cr_arp_d_rvw_ttl?ie=UTF8&ASIN=B0D1MMYFK9,"5.0 "," the United States "," November 17, 2024",Size: XX-LargeColor: White,Verified Purchase,"I have these in two colors, black and white. They are so comfortable and soft. Love the elastic waistband and that I can wear a belt if I want to. The fit is perfect and True to size.",
Amazon Customer,Comfortable shorts,https://www.amazon.com/gp/customer-reviews/R1NRHNJCNH45EY/ref=cm_cr_arp_d_rvw_ttl?ie=UTF8&ASIN=B0D1MMYFK9,"5.0 "," the United States "," January 6, 2025",Size: MediumColor: Pink,Verified Purchase,"Immediately upon putting them on felt, the comfort and the material looks like it's going to last.",
Momof2boys,Not for skinny legs,https://www.amazon.com/gp/customer-reviews/R2AUPV2FM6GE2F/ref=cm_cr_arp_d_rvw_ttl?ie=UTF8&ASIN=B0D1MMYFK9,"3.0 "," the United States "," June 19, 2024",Size: MediumColor: Black,,These shorts are cute and well made but are super huge on my skinny thighs. The waist fits fine but the legs are super huge and baggy. Not a good look if you are petite!,8
s41zzz,Found my perfect golf shorts,https://www.amazon.com/gp/customer-reviews/R23F6F4Y63M9ZS/ref=cm_cr_arp_d_rvw_ttl?ie=UTF8&ASIN=B0D1MMYFK9,"5.0 "," the United States "," August 14, 2024",Size: MediumColor: Black,Verified Purchase,"Why is this currently 3.7 stars😭 I am extremely picky when it comes to my golf outfit and this is everything I was looking for. Short, but not too short, flattering to my frame, comfy, soft, doesn’t look like running shorts, and all for an affordable price! Im blessed to have found these shorts because I wasn’t happy with my golf outfits before this as someone who doesn’t want to wear pants or skirts!",6
Melanie Savage,Cute shorts kinda big,https://www.amazon.com/gp/customer-reviews/RFR5CH757MLAS/ref=cm_cr_arp_d_rvw_ttl?ie=UTF8&ASIN=B0D1MMYFK9,"4.0 "," the United States "," December 18, 2024",Size: X-LargeColor: Black,Verified Purchase,Great material have stretched to them. Comfort was really good although they seemed a little big would buy again.,
Stephanie Lawson,Big,https://www.amazon.com/gp/customer-reviews/R1I5BD2SYZNBQX/ref=cm_cr_arp_d_rvw_ttl?ie=UTF8&ASIN=B0D1MMYFK9,"5.0 "," the United States "," November 23, 2024",Size: MediumColor: Black,Verified Purchase,Runs big,
HoosierGirl,Fits great!,https://www.amazon.com/gp/customer-reviews/RZAI6HSY5UO1M/ref=cm_cr_getr_d_rvw_ttl?ie=UTF8&ASIN=B0D1MMYFK9,"5.0 "," the United States "," October 23, 2024",Size: MediumColor: Red,Verified Purchase,My daughter need a new pair of red golf shorts. Finding red it very difficult. Saw these and thougt we would try them. She loves that they are stretchy.,
Amazon Customer,These are the most comfortable shorts,https://www.amazon.com/gp/customer-reviews/R1497XS9K1K0U6/ref=cm_cr_getr_d_rvw_ttl?ie=UTF8&ASIN=B0D1MMYFK9,"5.0 "," the United States "," September 28, 2024",Size: XX-LargeColor: Black,Verified Purchase,These shorts are so GREAT that I bought 3 colors so far!  Very comfortable and the shorts don’t rise.  You won’t regret.,3
Amazon Customer,Comfortable,https://www.amazon.com/gp/customer-reviews/R36STLXFYYSKPH/ref=cm_cr_getr_d_rvw_ttl?ie=UTF8&ASIN=B0D1MMYFK9,"5.0 "," the United States "," August 19, 2024",Size: SmallColor: Grey,Verified Purchase,"These are way more comfortable than expected! They have a soft, lightweight feel, and fit true to size. I'm definitely ordering more in different colors!!",
NT,Soft and comfortable,https://www.amazon.com/gp/customer-reviews/RS0FWB1FFRUCI/ref=cm_cr_getr_d_rvw_ttl?ie=UTF8&ASIN=B0D1MMYFK9,"5.0 "," the United States "," August 15, 2024",Size: X-LargeColor: White,Verified Purchase,"The shorts are very soft and comfortable. You can dress them up fairly easily. They are very lightweight, but not see-through.",3
Teresa,so soft,https://www.amazon.com/gp/customer-reviews/R1KVL6G5F19ZN9/ref=cm_cr_getr_d_rvw_ttl?ie=UTF8&ASIN=B0D1MMYFK9,"5.0 "," the United States "," July 16, 2024",Size: MediumColor: White,Verified Purchase,Love the way they fit. you can dress them up or just with a t shirt,
Definitely the cheaper version not at all like the picture!! I order this pair and the more expensive pair and you can definitely tell the difference!! Not even worth 10$ you can get better pants at dollar store .,Not at all like the picture,https://www.amazon.com/gp/customer-reviews/R3J3Z88R4WUM68/ref=cm_cr_getr_d_rvw_ttl?ie=UTF8&ASIN=B0D1MMYFK9,"1.0 "," the United States "," November 18, 2024",Size: MediumColor: Black,Verified Purchase,These shorts are nothing like the picture!! Size down for sure !! I ended up sending mine back ! There definitely more athletic shorts then anything !,
Amazon Customer,Material no good,https://www.amazon.com/gp/customer-reviews/R34TKLT9YMZG9/ref=cm_cr_getr_d_rvw_ttl?ie=UTF8&ASIN=B0D1MMYFK9,"1.0 "," the United States "," October 6, 2024",Size: X-LargeColor: Black,Verified Purchase,The material is not breathable. The shorts look more like swimwear. The leg area is too wide.,
Brenda G. McGuire,Look great!,https://www.amazon.com/gp/customer-reviews/R2VUN6RXXGA0N/ref=cm_cr_getr_d_rvw_ttl?ie=UTF8&ASIN=B0D1MMYFK9,"5.0 "," the United States "," December 20, 2024",Size: MediumColor: Black,,Fit great and very comfortable!! Highly recommend!,
cait v.,Golf shorts.,https://www.amazon.com/gp/customer-reviews/R2E1YZNPFSNFBX/ref=cm_cr_getr_d_rvw_ttl?ie=UTF8&ASIN=B0D1MMYFK9,"4.0 "," the United States "," August 1, 2024",Size: LargeColor: Black,,I didn't get these for golf but I really like them. They have a style where you can wear them outside the gym or just lounging. Just wish the material was different.,4
penny cooper,Love these a lot,https://www.amazon.com/gp/customer-reviews/RBIV6T7KY7Q53/ref=cm_cr_getr_d_rvw_ttl?ie=UTF8&ASIN=B0D1MMYFK9,"5.0 "," the United States "," September 5, 2024",Size: LargeColor: White,,"I love these so much that I ordered another pair and will probably order more! I probably could’ve worn a medium, but I ordered large. I like the way the large fits a little loose and comfortable! If you want a little snugger fit, order true size! I’m 5’6” and 165lbs, for reference! The quality is great! They don’t have to be tennis or golf shorts., very versatile, as I don’t play either lol. They do have some elasticity if you want to go a size down from what I ordered (like your true size). I still feel like they would look great!",
Amazing Customer,True to size,https://www.amazon.com/gp/customer-reviews/R2TB2DR8XJ5H8B/ref=cm_cr_getr_d_rvw_ttl?ie=UTF8&ASIN=B0D1MMYFK9,"4.0 "," the United States "," June 7, 2024",,,These for nicely. The have pleates on the front. They are very flattering. They feel soft and are comfortable.,2
Rebecca Gahner,Comfortable and breathable!,https://www.amazon.com/gp/customer-reviews/R3DVIJW0XSXJQA/ref=cm_cr_getr_d_rvw_ttl?ie=UTF8&ASIN=B0D1MMYFK9,"5.0 "," the United States "," August 14, 2024",Size: X-LargeColor: Black,,"I do not play golf but I do spend a lot of time outdoors - yardwork, hikes, lake days. These are ideal for wearing outside even in the heat. Thankfully they are nice and loose (not tight around your legs) and the material is breathable and soft. These shorts are very true to size and are also a bit stretchy. They look super nice as well so they don't look exactly like exercise clothing, but you could very easily dress them up and wear them out.",
Taupe Fiction,Unexpectedly fab!,https://www.amazon.com/gp/customer-reviews/R38CAJK3DRTV5C/ref=cm_cr_getr_d_rvw_ttl?ie=UTF8&ASIN=B0D1MMYFK9,"4.0 "," the United States "," May 3, 2024",Size: LargeColor: White,,"These Blaosn Shorts are so stinking cute and unexpected! Not only is the style amazing, but the fact that these feel like gym short but look like a dressier pait is amazing. The fit is perfect, the material is soft, silky and like air and they look fabulous. I was excited for these but not trying to get too excited. As soon as I felt them and tried them on, I got over excited and gave everyone in my house an impromptu fashion show. Lol. Seriously, these are unbelievably awesome. My husband didn't believe they felt like gym shorts until I had him hold them after the catwalk show. He was amazed as well and said ""why don't they ever make stuff like this for guys?"". 🤔. I'm pretty sure they do and thr making part is that they did it for women as well. Loves it!",
Nadia Ocean,Not my favorite shape - but is a super well constructed short.,https://www.amazon.com/gp/customer-reviews/R2MJ07ZUF7X4F4/ref=cm_cr_getr_d_rvw_ttl?ie=UTF8&ASIN=B0D1MMYFK9,"4.0 "," the United States "," May 11, 2024",Size: LargeColor: Black,,"I don't know if its my particular body type (I have no hips, butt or thighs and am shaped like a adolescent boy - and I'm a 45 year old woman) but the fit was a little bunchy in the seems for me that I didn't particularly like - like intended bunching - very subtle however. I loved the high was it and the oversized band. The fabric was high quality and the pockets were a nice addition to a running short that I'm not necessarily used to.",
Bob,"Beautiful, great quality shorts for summer",https://www.amazon.com/gp/customer-reviews/R2MGR5GC7KUAQK/ref=cm_cr_getr_d_rvw_ttl?ie=UTF8&ASIN=B0D1MMYFK9,"4.0 "," the United States "," May 6, 2024",Size: X-SmallColor: Pink,,"I needed some more pairs of shorts for summer, and these are absolutely perfect. They are unbelievably comfortable with a good amount of stretch, the color is stunning and vivid, and they feel lightweight and very well-made. Truly an amazing value! I ordered my usual size and they are slightly loose, but they still fit fine. Just something to keep in mind. Overall, I definitely recommend these shorts. They are great for athletics, or casual wear!",3
Chelsey,Nice,https://www.amazon.com/gp/customer-reviews/R2VPGG43KUQDKL/ref=cm_cr_getr_d_rvw_ttl?ie=UTF8&ASIN=B0D1MMYFK9,"4.0 "," the United States "," May 25, 2024",Size: SmallColor: Black,,Really nice shorts. Fit perfect. Material is light and keeps you cool. Very comfortable to wear.,
Melissa,Elevated athletic short,https://www.amazon.com/gp/customer-reviews/R84V8G4WZBOSX/ref=cm_cr_getr_d_rvw_ttl?ie=UTF8&ASIN=B0D1MMYFK9,"4.0 "," the United States "," May 11, 2024",Size: LargeColor: Black,,"These shorts are made of your standard athletic material. The seams, pockets and belt loops give them a more pulled together appearance than your standard athletic shorts. Great for golf or other outdoor activities when you want to wear something a little nicer than running shorts.",
Online Shopper Extraordinaire,so glad I ordered these!,https://www.amazon.com/gp/customer-reviews/R1DKUBESU34BCZ/ref=cm_cr_getr_d_rvw_ttl?ie=UTF8&ASIN=B0D1MMYFK9,"4.0 "," the United States "," May 4, 2024",Size: SmallColor: Black,,"I'm kind of shocked how much I like these shorts!  I almost didn't order them thinking it would be way too obvious that they're athletic material but once they're on, they're very cute and comfortable.  I do think they run a bit large and would prefer a slightly more fitted look.  I ordered a small, which is my usual size in shorts and am tempted to order the extra small to see if that's a better fit for me.  I would recommend sizing down.",8
Lisa,gym shorts,https://www.amazon.com/gp/customer-reviews/R1QZDCOJP41SM/ref=cm_cr_getr_d_rvw_ttl?ie=UTF8&ASIN=B0D1MMYFK9,"4.0 "," the United States "," May 3, 2024",Size: SmallColor: Pink,,Soft fabric which looks dressier than most running shorts this item was a pleasant surprise. The fabric is flexible enough for a good workout without being loose or flimsy. The one downside is they are pretty short and much shorter than I would wear out in public to work out without something underneath of them. I took off a star because they are meant for running/biking/golf and as short as they are I feel like that should be made very clear in the ad so buyers are making a conscious choice about the length not getting a surprise.,
Maksim,Runs big,https://www.amazon.com/gp/customer-reviews/R2NHFXSRVMZ4U/ref=cm_cr_getr_d_rvw_ttl?ie=UTF8&ASIN=B0D1MMYFK9,"4.0 "," the United States "," May 7, 2024",Size: SmallColor: White,,"The material is like athletic clothing. It is surprising that when you see them, you could not recognize the material, it looks like casual. The shape of these shorts are a little wider/looser at the bottom. I wish I ordered xs size... Normally, I am size small. These sorts are big for me.",4
Kelly M.,I love these shorts!,https://www.amazon.com/gp/customer-reviews/RNN3SIVHYOUXM/ref=cm_cr_getr_d_rvw_ttl?ie=UTF8&ASIN=B0D1MMYFK9,"5.0 "," the United States "," June 16, 2024",Size: X-LargeColor: Black,,"I love these shorts! They are super comfortable and great for wearing around the house or when I'm outside running around with my kids. They could also be dressed up and would look rally nice with a cute top and a nice pair of sandals. The fit is great, they are super breathable for summer. They wash well and I put them in the dryer and they come out perfect with no wrinkles at all. Great quality, and excellent value for the money.",
Kiara H.,ehh,https://www.amazon.com/gp/customer-reviews/R25D87O0CVYSLI/ref=cm_cr_getr_d_rvw_ttl?ie=UTF8&ASIN=B0D1MMYFK9,"3.0 "," the United States "," June 16, 2024",Size: X-LargeColor: Pink,,shorts are nice and stretchy. although says gym defly can be worn with outfits. didn’t quite understand the belt loops but overall very good,
Tab,Love these shorts!,https://www.amazon.com/gp/customer-reviews/R3IB7CE5001JOX/ref=cm_cr_getr_d_rvw_ttl?ie=UTF8&ASIN=B0D1MMYFK9,"5.0 "," the United States "," June 13, 2024",Size: LargeColor: Black,,In love with these shorts! Very comfortable and light weight! They have a good stretch and I love that they are high waisted too!,
Jessica S,Blaosn Womens Golf Shorts,https://www.amazon.com/gp/customer-reviews/R3SD7FU20CBJ8U/ref=cm_cr_getr_d_rvw_ttl?ie=UTF8&ASIN=B0D1MMYFK9,"5.0 "," the United States "," June 15, 2024",Size: MediumColor: Black,,"These shorts fit as expected and advertised. They are definitely true to size for the waist band and are not tight in the leg/thigh area like some shorts are. They are very comfortable and flowy, not too tight in any spot. They have kept their size after washing and drying. They are perfect for my daughter to wear for softball and volleyball practices",2
Heavy Duty,Fits true to size,https://www.amazon.com/gp/customer-reviews/R26HUA4LYHGXVD/ref=cm_cr_getr_d_rvw_ttl?ie=UTF8&ASIN=B0D1MMYFK9,"5.0 "," the United States "," July 2, 2024",Size: MediumColor: Black,,Fits true to size. Comfortable and lightweight. Breathable.,
Anna Gooding,Comfortable and breathable!,https://www.amazon.com/gp/customer-reviews/R21BLDNA5SMZK0/ref=cm_cr_getr_d_rvw_ttl?ie=UTF8&ASIN=B0D1MMYFK9,"5.0 "," the United States "," June 1, 2024",,,"I actually got these for work and I can't get over how comfortable these shorts are! They're flexible, breathable, and moisture wicking. They also sit at a great length for work or outside of work.",
Joshua adams,Cute and comfortable athletic shorts,https://www.amazon.com/gp/customer-reviews/R22FLUZ5PJL9PK/ref=cm_cr_getr_d_rvw_ttl?ie=UTF8&ASIN=B0D1MMYFK9,"5.0 "," the United States "," June 1, 2024",Size: MediumColor: White,,"This cute and comfortable athletic shorts are good for any summer outing. The material is nice and lightweight, and fits true to size!",
keirdionne,Comfy & soft shorts,https://www.amazon.com/gp/customer-reviews/R10P0OKH2SYGF9/ref=cm_cr_getr_d_rvw_ttl?ie=UTF8&ASIN=B0D1MMYFK9,"5.0 "," the United States "," May 18, 2024",Size: X-LargeColor: Black,,These shorts are a super soft material.  They are a good length & plus-sized  friendly. Size XL fits well with a little room. Great deep pockets are a nice touch. Definitely recommend. 10/10,2
G.T.G,Absolute game changer for me!,https://www.amazon.com/gp/customer-reviews/RE0HI4XFPZMZJ/ref=cm_cr_getr_d_rvw_ttl?ie=UTF8&ASIN=B0D1MMYFK9,"5.0 "," the United States "," May 9, 2024",Size: SmallColor: Black,,"As a woman who likes to cc , it's extremely difficult to find shorts  that are comfortable and that I can carry in.  These shorts are so comfortable and stretchy.  If you want a snug fit, size down one.  Because they have belt loops,  I can wear a belt and my cc. I love everything about these shorts and I'll be ordering more soon!",
Customer Review,Great summer shorts,https://www.amazon.com/gp/customer-reviews/R1PEFCMJYTBMD9/ref=cm_cr_getr_d_rvw_ttl?ie=UTF8&ASIN=B0D1MMYFK9,"5.0 "," the United States "," May 5, 2024",Size: LargeColor: Black,,"I know these say athletic shorts but these can easily be worn casually, or even for going out. They have belt loops and look great really nice on. I ordered a large (I’m 5’9” and around 150 lbs) because I like my shorts a little loose and because I’m tall and I don’t want them super short. They fit perfect so I’m glad I got a large. There’s some stretch as the material is 75% nylon and 25% elastane. They’re a comfortable too. I like them!",2
Hildegard,Soft summer shorts,https://www.amazon.com/gp/customer-reviews/R3OUW3Y5Y4CP7W/ref=cm_cr_getr_d_rvw_ttl?ie=UTF8&ASIN=B0D1MMYFK9,"5.0 "," the United States "," May 13, 2024",Size: X-LargeColor: Pink,,"I’ve been looking for a pair of lightweight pink shorts to wear this summer, and these are perfect. I wanted them to fit a little oversized specially, since I am curvier on the bottom so I did size up to an XL Since they do have the belt loops, they fit perfectly. I like that they have pockets and these can be worn to work out or also just casually. 5’3”, 155 pounds, size 6 to 8",
Brandon Hinojosa,Very cute,https://www.amazon.com/gp/customer-reviews/R3H7J1WTHKZTQM/ref=cm_cr_getr_d_rvw_ttl?ie=UTF8&ASIN=B0D1MMYFK9,"5.0 "," the United States "," May 1, 2024",Size: MediumColor: Black,,"These are super cute. They have a dressy look to them and they are athletic material so they are very comfortable. They fit true to size, they are a little short but I got a medium so they would be more loose fit then tight fit. Definitely recommend!",
Melissa,These are extremely comfortable!,https://www.amazon.com/gp/customer-reviews/R1DPK28T6VTDLN/ref=cm_cr_getr_d_rvw_ttl?ie=UTF8&ASIN=B0D1MMYFK9,"5.0 "," the United States "," May 3, 2024",Size: X-LargeColor: Black,,"I am very pleasantly surprised by these shorts. There was no size chart available so I ordered an XL, when normally I wear a Large. I like the fit. They are a bit loose, and have a lot of stretch to them. They are perfect for lounging. A Large would probably fit perfectly. It you like a looser fit, I'd suggest going up a size. The material is very soft and stretchy, and they don't bunch or ride up when you're walking. I would absolutely buy more of these.",
Adam,Love! love! love!,https://www.amazon.com/gp/customer-reviews/R1NZZBDSUH3Z70/ref=cm_cr_getr_d_rvw_ttl?ie=UTF8&ASIN=B0D1MMYFK9,"5.0 "," the United States "," May 3, 2024",Size: MediumColor: Pink,,Wife's words: I absolutely love these shorts! They are classy looking and extremely comfortable! Very good quality! I'm very impressed and would definitely recommend these shorts.,
Family4Life,Very Good Quality,https://www.amazon.com/gp/customer-reviews/R3IJBOV4WU8086/ref=cm_cr_getr_d_rvw_ttl?ie=UTF8&ASIN=B0D1MMYFK9,"5.0 "," the United States "," May 5, 2024",Size: SmallColor: Black,,"Very comfortable, the fabric is very soft, they fit me very well. I'm 140 pounds and I'm 5.4, a size S worked very well for me, very comfortable for walking on a day at the beach or park. They are of very good quality.",
Pat,Cute Shorts,https://www.amazon.com/gp/customer-reviews/RS3OBPXCNS2M/ref=cm_cr_getr_d_rvw_ttl?ie=UTF8&ASIN=B0D1MMYFK9,"5.0 "," the United States "," May 3, 2024",Size: SmallColor: Black,,"These are cute shorts that are a nice athletic fabric. Stretchy and breathable so can be used for working out, playing tennis or sports, or just casually going out. It’s a nice fit that isn’t too tight.",
BMART,Not impressed,https://www.amazon.com/gp/customer-reviews/R385QTMPN21TXR/ref=cm_cr_getr_d_rvw_ttl?ie=UTF8&ASIN=B0D1MMYFK9,"2.0 "," the United States "," June 11, 2024",Size: X-LargeColor: Black,,"Not really a fan of these shorts. The style is not great, they don't look like the picture and they are not comfortable at all. Don't waste your money on these shorts!",
Kim,I was very surprised with these shorts.,https://www.amazon.com/gp/customer-reviews/RCVG7LSU6D9MC/ref=cm_cr_getr_d_rvw_ttl?ie=UTF8&ASIN=B0D1MMYFK9,"5.0 "," the United States "," September 20, 2024",Size: MediumColor: Black,Verified Purchase,"I'm 5' 8"" tall, and 150 pounds, I ordered these in a medium. When I opened the package I instantly didn't like them. I thought the material was too cheap looking for what I wanted them for, I almost returned them without even trying them on. I'm so glad I didn't do that! When on the body the material looked way better than I thought it would. They surprisingly looked dressy. The sizing is good, I usually wear a small-medium, and the medium is usually looser on me but these hugged more than normal. I would still consider them true to size. I'm sure I will order these in other colors.",6
