﻿评论用户,评论概述,评论链接,星级评分,评论地点,评论时间,类型,是否购买,评论详情,觉得该评论有帮助的人数
Kara,My favorite shorts,https://www.amazon.com/gp/customer-reviews/R3BH0KX0I95AVL/ref=cm_cr_arp_d_rvw_ttl?ie=UTF8&ASIN=B0D9W2LL3T,"5.0 "," the United States "," August 29, 2024",Fit Type: 2.5'' High waistedSize: X-LargeColor: Black,Verified Purchase,"I have no less than 10 pairs of these shorts and I recommend them to everyone because of how much I love them. I have a larger mid section with a bit of an apron belly and the wider 2.5” waist band is perfect. It not only provides a bit of compression (without being uncomfortable), but the waistband sits high enough to where it doesn’t give me love handles. They are both comfortable and super flattering and I love that it has a zipper pocket and that the pocket is big enough to put my phone in. I honestly wish they had two zipper pockets, but that’s literally my only “complaint”. I’m 5’7”, weigh around 215 and usually wear between a size 16-18 pants. I prefer the XXL size in these shorts because I feel they are a bit looser and a more comfortable fit, but the XL size fits just fine too.",15
Kparsons,Forgiving and comfy,https://www.amazon.com/gp/customer-reviews/R3MBF3GG4MICOX/ref=cm_cr_arp_d_rvw_ttl?ie=UTF8&ASIN=B0D9W2LL3T,"5.0 "," the United States "," December 1, 2024",Fit Type: 2.5'' High waistedSize: X-LargeColor: Black,Verified Purchase,I was nervous about the fit of these as I’m postpartum but was pleasantly surprised about the stretch of the waistband. I have a long torso and appreciate the high waist of these. Very comfortable and flattering.,
Kindle Customer,Perfect orange,https://www.amazon.com/gp/customer-reviews/R1YRSFHCI3ZT0N/ref=cm_cr_arp_d_rvw_ttl?ie=UTF8&ASIN=B0D9W2LL3T,"4.0 "," the United States "," August 7, 2024",Fit Type: 2.5'' High waistedSize: SmallColor: Neon Orange013,Verified Purchase,"I'm 4'11"" and 102lbs. I got a small and although they fit, I'm not 100% happy with them. I love the color, the zipper pockets, material (need to see if sweat will show), and that they are high wasted shorts. The backs are a little too long for my liking so I am going to keep trying them on in front of the mirror during my return time frame to see if I'll get over it or not. Since I'm short, they definitely look like puffy mom shorts on me. My fingertips sit right on the front length. They fit the same on the waist when sitting down; I'll need to sit in front of a mirror to see how they look when I sit though. Since the waist is so high and a bit thick, the waist is supportive. They will definitely remind you to sit up straight so that's a plus because slouching is not cute. They are true to size and to a T, so really be honest about your measurements when you order. If you are close going up a size and you know you fluctuate in weight, go up a size, sis.  My husband appreciated that my cheeks were not hanging out like the shorts I usually get at T@rget. They have a runner's liner too so I don't know what he's talking about. Their XL little girl's high waisted running shorts fit better if you want to try those before purchasing these. They are shorter by about 2 inches, same length all around, have lining, and are about ten bucks cheaper.  I'm hoping they are good tennis shorts to hold the balls in my pockets or to dress up cut for my son's games. Orange is one of his school colors and I always go all with my outfits to show support.",5
Meghan,Love these shorts,https://www.amazon.com/gp/customer-reviews/R7OWPQ19XAATX/ref=cm_cr_arp_d_rvw_ttl?ie=UTF8&ASIN=B0D9W2LL3T,"5.0 "," the United States "," September 8, 2024",Fit Type: 2.5'' High waistedSize: MediumColor: Darkblue,Verified Purchase,"I find them to be quite comfortable and flattering. The fact that they have a liner in them that makes it so you're not fully ""feeling the breeze"" is great, and of course, it's always nice to have pockets, even if it's only one. The pocket isn't super small either. I initially bought the black pair and actually ended up coming back after a few months to get two more colors, grey and navy, all of which seem to be exactly as shown. I'm not sure if I'm supposed to, but I do put them in both the washer and dryer. They've been through the process multiple times on the regular washer setting and medium heat drying without issue so far. I just make sure to put them with lighter material clothing like t-shirts.",2
Jessica Long,The BEST workout & Running Shorts,https://www.amazon.com/gp/customer-reviews/R1R4TWV69KHIE7/ref=cm_cr_arp_d_rvw_ttl?ie=UTF8&ASIN=B0D9W2LL3T,"5.0 "," the United States "," October 30, 2024",Fit Type: 2.5'' High waistedSize: MediumColor: Wine Red,Verified Purchase,"I LOVE these shorts. I have almost every color. Great length for long legs. High Waisted for us mamas & the little side pocket fits a phone great. Very comfortable, great quality & material. They don't cut into your stomach - very TTS.",
Mamie Herrmann,Left handed pocket,https://www.amazon.com/gp/customer-reviews/R3T24O78FD3SJC/ref=cm_cr_arp_d_rvw_ttl?ie=UTF8&ASIN=B0D9W2LL3T,"3.0 "," the United States "," August 17, 2024",Fit Type: 2.5'' High waistedSize: MediumColor: Black,Verified Purchase,"They're comfortable and the high waist is nice. I usually wear a small, but ordered a medium based on other reviews, and they're still just a bit snug. The pocket is on the left, which is less than ideal for a right handed person. I'm a runner, but I would not wear these for a longer run.  With the pocket zipped, my phone fits and stays securely in the pocket while I'm running. However, because the pocket is on the outer layer of the shorts, my phone bounced around on my thigh while I was running. Not a show stopper, but certainly annoying. They also make my butt look flat. I'll keep looking for the perfect running shorts, these are not it for me.",
Amazon Customer,IM IN LOVE!!,https://www.amazon.com/gp/customer-reviews/R1S8E1VVXQWYV6/ref=cm_cr_arp_d_rvw_ttl?ie=UTF8&ASIN=B0D9W2LL3T,"5.0 "," the United States "," December 14, 2024",Fit Type: 2.5'' High waistedSize: MediumColor: Red,Verified Purchase,DONT WALK RUN! These are the best shorts ever. They are soooo cute!! I normally wear Nike athletic shorts which are pricy but these are better and a better price. They snatch your waist and they are a little longer in the back (which I like). I will be ordered in many more colors.,
Meagan,"Stretchy, breathable, and comfortable",https://www.amazon.com/gp/customer-reviews/R4F3U0SZC33A0/ref=cm_cr_arp_d_rvw_ttl?ie=UTF8&ASIN=B0D9W2LL3T,"5.0 "," the United States "," October 11, 2024",Fit Type: 2.5'' High waistedSize: X-LargeColor: Lake Blue,Verified Purchase,"Got an XL, overall fit is exactly what I wanted. Breathable and stretchy for any workout but fitted enough for a day spent out with family. Length was good and not showing too much leg. Quality of material is squat proof but not super thick. Nice thick waistband keeps everything in place and having the one pocket is perfect for running errands or needing both hands free. I have almost every color and want more.",
Claire,Loved so much I bought more!,https://www.amazon.com/gp/customer-reviews/R2CTQLHKQNR5NA/ref=cm_cr_arp_d_rvw_ttl?ie=UTF8&ASIN=B0D9W2LL3T,"5.0 "," the United States "," January 10, 2025",Fit Type: 2.5'' High waistedSize: MediumColor: Neon Orange013,Verified Purchase,"I have recently lost a little bit of muscle in my legs and my shorts from Athleta, make my legs look skinny and horrible (which is something a good pair of athletic shorts does not do) and these make me feel confident and ready to get in shape, plus the price is great! I have already ordered another color! These are tall girl approved as well (I'm 5'10 around 145).",
landon,Love them,https://www.amazon.com/gp/customer-reviews/R3VOC854DRBRD5/ref=cm_cr_arp_d_rvw_ttl?ie=UTF8&ASIN=B0D9W2LL3T,"5.0 "," the United States "," January 16, 2025",Fit Type: 2.5'' High waistedSize: MediumColor: Hot Pink,Verified Purchase,Love these. Super comfy and the liner doesn’t ride up. I’m 5’8” and 145 lbs and a medium fits great. The band is stretchy and a lot more comfortable than free people brand. I do wish the back was a slight bit shorter but overall I love them.,
Julie Lytle,Color bleeds in the wash,https://www.amazon.com/gp/customer-reviews/R2ND5W3SLLK5PH/ref=cm_cr_getr_d_rvw_ttl?ie=UTF8&ASIN=B0D9W2LL3T,"4.0 "," the United States "," January 18, 2025",Fit Type: 2.5'' High waistedSize: X-LargeColor: Red,Verified Purchase,These fit great and have held up really well but beware the color bleeds when washing. Learn from me and don’t wash with anything white,
Rachel Martin,Light weight,https://www.amazon.com/gp/customer-reviews/R1U0BRJ24D2NUD/ref=cm_cr_getr_d_rvw_ttl?ie=UTF8&ASIN=B0D9W2LL3T,"5.0 "," the United States "," January 2, 2025",,Verified Purchase,Color is perfect. Light weight and comfortable. I would say they run slightly big. Moisture wicking but they do wrinkle easily. Over all I love these shorts,
Laura,Fit well,https://www.amazon.com/gp/customer-reviews/R1HDPCZ4WYL4RD/ref=cm_cr_getr_d_rvw_ttl?ie=UTF8&ASIN=B0D9W2LL3T,"5.0 "," the United States "," January 11, 2025",Fit Type: 2.5'' High waistedSize: XX-LargeColor: Red,Verified Purchase,These shorts fit well.  The material is thin but not see through.,
L. Palmer,Comfortable and Stylish Athletic Shorts for Active Women,https://www.amazon.com/gp/customer-reviews/R157H5UXC6FLUE/ref=cm_cr_getr_d_rvw_ttl?ie=UTF8&ASIN=B0D9W2LL3T,"5.0 "," the United States "," May 23, 2024",Fit Type: 2.5'' High waistedSize: SmallColor: Wine Red,Verified Purchase,"I recently purchased the BMJL Women's Athletic Shorts, and I couldn't be happier with my purchase. Here's why these shorts have become a staple in my active wardrobe:  **Pros:** 1. **Comfortable High Waist:** The high-waisted design is both flattering and functional. It provides excellent support and coverage during workouts without feeling restrictive. Plus, it helps to smooth and shape the midsection for a flattering silhouette. 2. **Breathable Fabric:** The shorts are made from a lightweight and breathable fabric that keeps you cool and comfortable during even the most intense workouts. It wicks away moisture, allowing you to stay dry and focused on your activities. 3. **Convenient Pockets:** The addition of pockets is a game-changer. They're perfect for holding your phone, keys, or other essentials while you're on the go, eliminating the need for a separate bag or armband. 4. **Versatile Style:** These shorts are not only great for workouts but also stylish enough to wear for running errands or lounging at home. The sporty design and elastic waistband add a trendy touch to any casual outfit. 5. **Durable Construction:** Despite their lightweight feel, these shorts are surprisingly durable. The seams are well-constructed, and the fabric holds up well to repeated wear and washing without losing its shape or color. 6. **Wide Range of Sizes:** The shorts are available in a wide range of sizes, making it easy to find the perfect fit for your body type. Plus, the elastic waistband provides some flexibility in sizing for added comfort.  **Cons:** 1. **Sizing Accuracy:** Some users may find that the sizing runs slightly small, so it's worth checking the size chart before ordering to ensure the best fit. 2. **Limited Color Options:** While the available colors are stylish and versatile, a greater variety of color options would be appreciated to suit different preferences and styles.  **Overall:** The BMJL Women's Athletic Shorts are a fantastic choice for active women looking for comfortable and stylish workout gear. Their high-waisted design, breathable fabric, and convenient pockets make them a practical and fashionable choice for any activity. Whether you're hitting the gym, going for a run, or simply running errands, these shorts have you covered in both comfort and style. I highly recommend them to anyone in need of quality athletic wear.",29
Boka,Awesome x2,https://www.amazon.com/gp/customer-reviews/R2YXZ80R2QO6DY/ref=cm_cr_getr_d_rvw_ttl?ie=UTF8&ASIN=B0D9W2LL3T,"5.0 "," the United States "," January 3, 2025",Fit Type: 2.5'' High waistedSize: LargeColor: Black,Verified Purchase,Perfect. Light weight. Has a zipper pocket! The band is absolutely amazing. And flattering. Love these!,
Mercedes Castro,Quality,https://www.amazon.com/gp/customer-reviews/R1HXVV8DV06E0K/ref=cm_cr_getr_d_rvw_ttl?ie=UTF8&ASIN=B0D9W2LL3T,"5.0 "," the United States "," January 5, 2025",Fit Type: 2.5'' High waistedSize: MediumColor: Black,Verified Purchase,I enjoyed these shorts they are soft and the quality is good,
E,Comfy and Functional,https://www.amazon.com/gp/customer-reviews/RUZRF061GC1FX/ref=cm_cr_getr_d_rvw_ttl?ie=UTF8&ASIN=B0D9W2LL3T,"4.0 "," the United States "," October 13, 2024",Fit Type: 2.5'' High waistedSize: X-LargeColor: Black,Verified Purchase,"Perfect length - not too long and not too short. They're super high waisted too, sitting at my belly button. Extremely breathable and didn't hold on to any sweat. The waist band is incredibly stretchy and comfy. I sized up to an XL but could've been fine with my normal size L (but wanted the extra length). The quality seems nice so far, they held up well while rock climbing and the built-in underwear add an extra layer of security. I would have preferred if the underlayer was a tad longer and more like built-in shorts, but I'm surprised how comfy the built-in underwear are. They don't ride up at all while walking!",
Jen Denhart,"color not green AT ALL def gray, but i will keep them",https://www.amazon.com/gp/customer-reviews/R129GDK50SLW3B/ref=cm_cr_getr_d_rvw_ttl?ie=UTF8&ASIN=B0D9W2LL3T,"4.0 "," the United States "," November 4, 2024",Fit Type: 2.5'' High waistedSize: LargeColor: Summergreen,Verified Purchase,"i love these shorts so much, this is my second pair. Was hoping they were more the green that they pictured, but them being gray is fine. JSYK, they are GRAY. But, they fit perfect, true to size. I am 5' 5""/170 lbs and got a size L",
Sydney,The BEST Shorts,https://www.amazon.com/gp/customer-reviews/R1RZJR4BIROC5E/ref=cm_cr_getr_d_rvw_ttl?ie=UTF8&ASIN=B0D9W2LL3T,"5.0 "," the United States "," December 3, 2024",Fit Type: 2.5'' High waistedSize: LargeColor: Black,Verified Purchase,"I love these shorts so much, enough where I have multiple colors. The band is wide, so you feel high waisted and supported. They aren’t extremely short. Comes with built in underwear piece, so you don’t feel exposed. Love them so much!",
Chloe,So comfy,https://www.amazon.com/gp/customer-reviews/R34V9KG6PC23RG/ref=cm_cr_getr_d_rvw_ttl?ie=UTF8&ASIN=B0D9W2LL3T,"5.0 "," the United States "," December 16, 2024",Fit Type: 2.5'' High waistedSize: LargeColor: Hot Pink,Verified Purchase,These shorts are good just to wear or for the gym! Very vibrant color! I would downsize,
B.L.S.,Great shorts,https://www.amazon.com/gp/customer-reviews/RWQFX0DHPI4AI/ref=cm_cr_getr_d_rvw_ttl?ie=UTF8&ASIN=B0D9W2LL3T,"5.0 "," the United States "," December 24, 2024",Fit Type: 2.5'' High waistedSize: LargeColor: Black,Verified Purchase,"Great, runs true to size",
Kilidonia de Acero,Cool & comfortable,https://www.amazon.com/gp/customer-reviews/R3HUVCQGOCOMJK/ref=cm_cr_getr_d_rvw_ttl?ie=UTF8&ASIN=B0D9W2LL3T,"4.0 "," the United States "," July 21, 2024",Fit Type: 2.5'' High waistedSize: SmallColor: Violet,Verified Purchase,"Material is really comfortable and seems like it will stay cool even in the hot Florida weather. Soft violet color is great. These are a size small. They fit fine but are a bit short for me. I ordered the black ones in a size medium because I read in a few other reviews that the black ran smaller than the other colors, but I still found the medium in the black too short for me but also too wide at the bottom, which is why I'm not keeping them in the medium and am keeping these violet ones in small. They're completely comfortable and cute enough to keep, and the inner panty is not too tight even in the small. For reference I'm 5ft 6in, 123 lbs, rather long legged, usual size 4. I would have preferred these just a tad larger but not large enough to exchange them for a medium.",7
Liz Schoch,Very light weight and comfortable lining,https://www.amazon.com/gp/customer-reviews/R3JOQ9CBHQWDF8/ref=cm_cr_getr_d_rvw_ttl?ie=UTF8&ASIN=B0D9W2LL3T,"4.0 "," the United States "," June 14, 2024",Fit Type: 2.5'' High waistedSize: SmallColor: White,Verified Purchase,"For reference I’m 5’4 and around 125lbs. I carry my weight in my midsection so I hate things that are too tight in the tummy. It may not look like it in the photo because these really snatch your waist!  PROS: these look just like the photo. They are very lightweight, the length is perfect, and the lining is a major plus. It doesn’t ride up or feel restrictive.  CONS: the waistband isn’t my favorite. It looks good but it’s just slightly too tight for me and causes a tiny roll if I'm not sucking in. It feels uncomfortable after long wear. I ordered a medium in pink to see if that was better (and it was) but I didn’t like the length of the medium compared to the small. I’m keeping these and doing some stretching of the waistband in hopes of making them more comfy. I also have a few pounds I’m working on loosing so I think I’m going to love them in a few weeks lol.  That being said, I will be buying more colors because if I simply half tuck a tshirt, that fixes the chaffing so I can deal with the tightness (for now). It’s a win for me.",41
Carmen,Breathable,https://www.amazon.com/gp/customer-reviews/R3MI8URJ3OIS4K/ref=cm_cr_getr_d_rvw_ttl?ie=UTF8&ASIN=B0D9W2LL3T,"4.0 "," the United States "," November 5, 2024",,Verified Purchase,These have a pantie liner and are really lightweight but not see through. The waistband is very comfortable.,
Nicole,Awkward,https://www.amazon.com/gp/customer-reviews/R131C7MLT5PUE/ref=cm_cr_getr_d_rvw_ttl?ie=UTF8&ASIN=B0D9W2LL3T,"4.0 "," the United States "," August 20, 2024",Fit Type: 2.5'' High waistedSize: LargeColor: Bluish Grey,Verified Purchase,"The waistband is great, it came up nice and high and not too snug. I was surprised to find it only had one pocket, on the left side. The pocket did have a zipper, so that was nice. I also like the fabric of the inner liner (in some shorts, it's very plasticy). However, when I walked, the fabric bunched up in a boxy, awkward manner at my crotch - it made me wonder if I had put on the shorts backwards. Unfortunately, they were definitely on the correct way, and therefore, I returned them.",2
Amazon Customer,Great for anything,https://www.amazon.com/gp/customer-reviews/R152TN0RHUVHWM/ref=cm_cr_getr_d_rvw_ttl?ie=UTF8&ASIN=B0D9W2LL3T,"5.0 "," the United States "," December 3, 2024",Fit Type: 2.5'' High waistedSize: MediumColor: Black,Verified Purchase,My daughter loves wearing these for any occasion. She especially loves the pockets.,
Katelin Margerett Qualtier,Very cute,https://www.amazon.com/gp/customer-reviews/R1F91URKDSIY4G/ref=cm_cr_getr_d_rvw_ttl?ie=UTF8&ASIN=B0D9W2LL3T,"4.0 "," the United States "," May 22, 2024",Fit Type: 2.5'' High waistedSize: LargeColor: Summerred,Verified Purchase,"These are super high waisted and they have a stretchy, but synching waist band. They are nice and flattering and I like the spanx/shorts underneath. Typically I never buy shorts with an inside liner or a built-in underwear type of thing, but these are supeeerrr comfy and u don’t have to worry about them riding up since the liner underneath keeps you covered! The outside of the shorts material is not very stretchy, even though the waistband and the liner shorts are.  My thighs have definitely grown in size since I bought this pair, so I don’t really wear them much anymore because the way it fits me with bigger thighs makes them pretty dang short… but that’s my thing! If I were to buy them right now, I would size up just so they wouldn’t be so short on my thighs. So keep that in mind if you have thicker thighs since the actual shorts material isn’t the most stretchy",3
Callie,Cute,https://www.amazon.com/gp/customer-reviews/R1WKJWRVW5KN9O/ref=cm_cr_getr_d_rvw_ttl?ie=UTF8&ASIN=B0D9W2LL3T,"4.0 "," the United States "," August 19, 2024",Fit Type: 2.5'' High waistedSize: MediumColor: Royalblue,Verified Purchase,Not sure how I feel about these yet. They are cute and comfortable but the sizing on them seem off. I ending up sizing up but probably could use the smaller size. The length in the back is longer than the front. I’m not sure if I like that look. The shorts came very wrinkled so they need to be ironed before wearing. I want to like these shorts because of comfort but not sure it fits my body.,
T. Woodbury,"Nice, but not true to size",https://www.amazon.com/gp/customer-reviews/R38X7BZB9VN5FM/ref=cm_cr_getr_d_rvw_ttl?ie=UTF8&ASIN=B0D9W2LL3T,"4.0 "," the United States "," September 16, 2024",Fit Type: 2.5'' High waistedSize: LargeColor: Bluish Grey,Verified Purchase,"They are nice, but not a true fit. Warning: size up. These fit a size smaller than all my other shorts of various brands.  Also, if you’re trying to avoid items made in China move on from this brand.",
Fran,Good,https://www.amazon.com/gp/customer-reviews/R1GQ1VSCIPZ5OR/ref=cm_cr_getr_d_rvw_ttl?ie=UTF8&ASIN=B0D9W2LL3T,"4.0 "," the United States "," September 17, 2024",Fit Type: 2.5'' High waistedSize: SmallColor: Bluish Grey,Verified Purchase,Compression is good around waist for running they never fell down. My thighs did gobble up the inseam though so you can chafe if not careful. Pocket isn’t great for running with anything in it because it flops around,
Jenny,Comfy shorts,https://www.amazon.com/gp/customer-reviews/R1KRZSCV8LSA4F/ref=cm_cr_getr_d_rvw_ttl?ie=UTF8&ASIN=B0D9W2LL3T,"4.0 "," the United States "," September 10, 2024",Fit Type: 2.5'' High waistedSize: MediumColor: Black,Verified Purchase,Shorts fit great and look nice with the chunky high wasted band. Only down fall is the zipper on the left side sticks out and looks pointy. Not as form fitting to the hip as the right side of the shorts with no zipper.,
Janelle,Wrong Size?,https://www.amazon.com/gp/customer-reviews/R3356VBOW7Z0H3/ref=cm_cr_getr_d_rvw_ttl?ie=UTF8&ASIN=B0D9W2LL3T,"4.0 "," the United States "," September 1, 2024",Fit Type: 2.5'' High waistedSize: LargeColor: Black,Verified Purchase,"The recommended size for me was L, but it’s a bit big. I wish I got a M size. Other than this, I love the shorts! They’re great for swimming, working out, or doing errands. I’m not a big fan of the underwear, but it’s alright for me.",
Beth Roy,Most comfortable,https://www.amazon.com/gp/customer-reviews/R2U6QQOF3IE6G3/ref=cm_cr_getr_d_rvw_ttl?ie=UTF8&ASIN=B0D9W2LL3T,"4.0 "," the United States "," August 8, 2024",Fit Type: 2.5'' High waistedSize: XX-LargeColor: Black,Verified Purchase,"I LOVE LOVE LOVE these shorts. I have the 2.5 inch inseam and they are perfect for the thick thigh women out there. The high waist really does help shape your waist but doesn’t make you feel like your being squeezed. The only thing I don’t like is the pocket is on the left side. They wash well, they’re light weight and the color is perfect. If I could wear these to work, I would.",2
Kristina Porro,Love these shorts,https://www.amazon.com/gp/customer-reviews/RK9ECGKL9YB7V/ref=cm_cr_getr_d_rvw_ttl?ie=UTF8&ASIN=B0D9W2LL3T,"5.0 "," the United States "," November 26, 2024",Fit Type: 2.5'' High waistedSize: X-LargeColor: Black,Verified Purchase,So cute and comfy and dont weigh anything,
donna fletcher,Fits smaller to size,https://www.amazon.com/gp/customer-reviews/RMU8DTMLYFNYU/ref=cm_cr_getr_d_rvw_ttl?ie=UTF8&ASIN=B0D9W2LL3T,"4.0 "," the United States "," September 26, 2024",Fit Type: 2.5'' High waistedSize: LargeColor: Black,Verified Purchase,Shorts run small. Order up a size but quality is great and shorts are comfy,
Lorissa,Good quality,https://www.amazon.com/gp/customer-reviews/R35G719JQ89V2U/ref=cm_cr_getr_d_rvw_ttl?ie=UTF8&ASIN=B0D9W2LL3T,"4.0 "," the United States "," August 29, 2024",Fit Type: 2.5'' High waistedSize: X-LargeColor: Black,Verified Purchase,"I like the shorts for when I’m on the go and don’t feel like putting on jeans, good quality, stylish. They are a little long, so be careful with what size you buy. If you’re on the shorter side, you may be in between sizes.",
Good hair,Super cute,https://www.amazon.com/gp/customer-reviews/R2O8T9B0Q8JLUW/ref=cm_cr_getr_d_rvw_ttl?ie=UTF8&ASIN=B0D9W2LL3T,"4.0 "," the United States "," September 19, 2024",Fit Type: 2.5'' High waistedSize: SmallColor: Black,Verified Purchase,I think the shorts are super cute. A little pricey compared to the same ones I found on SHEIN but it’s still good quality!,
Callie,Good shorts but not perfect,https://www.amazon.com/gp/customer-reviews/RDBX2Z0BG80K7/ref=cm_cr_getr_d_rvw_ttl?ie=UTF8&ASIN=B0D9W2LL3T,"4.0 "," the United States "," May 24, 2024",Fit Type: 2.5'' High waistedSize: SmallColor: Red,Verified Purchase,"I like these shorts mostly. But the waistband is so TALL (just the elastic band is at least 3.5-4 inches tall) that it kind of digs into my whole stomach while wearing them. I got the red and the color is awesome! The have a pocket on the left side only (as a right handed person, I found this a bit annoying to use). They have gone through the wash with no issues. No bleeding of fading. The length is great. I walk a lot in our neighborhood and never feel like these are rising up or are too short. It’s just the height of the waistband that annoys me. Maybe I should try a different size (although this is my suggested size based on the size chart).",
Kimbyrle,Add a pocket,https://www.amazon.com/gp/customer-reviews/R9OO6JARBS5MM/ref=cm_cr_getr_d_rvw_ttl?ie=UTF8&ASIN=B0D9W2LL3T,"4.0 "," the United States "," August 15, 2024",Fit Type: 2.5'' High waistedSize: X-LargeColor: Black,Verified Purchase,Love these shorts but this is my petition for them to have 2 pockets. If i had one for keys and one for phone while walking my dog they would be perfect but one pocket = lumpy off kilter weight distribution that sags on the heavier side. Don't need phone and keys? Buy these,
Darth Vator,I like them,https://www.amazon.com/gp/customer-reviews/R1KJF5057G8ARA/ref=cm_cr_getr_d_rvw_ttl?ie=UTF8&ASIN=B0D9W2LL3T,"4.0 "," the United States "," September 9, 2024",Fit Type: 2.5'' High waistedSize: X-LargeColor: Black,Verified Purchase,"I like them for the elastic high waist feature, one pocket on the left, and the fabric being sporty.",
Michele,Not too bad!,https://www.amazon.com/gp/customer-reviews/R2BRO0YA8BYMZZ/ref=cm_cr_getr_d_rvw_ttl?ie=UTF8&ASIN=B0D9W2LL3T,"4.0 "," the United States "," September 4, 2023",Fit Type: 2.5'' High waistedSize: MediumColor: Black,Verified Purchase,"I can understand if my review title isn’t convincing, but I’ll explain. I’m someone who reads a lot of reviews before I commit, and there were some mixed ones on this item. I wanted a pair of athletic shorts that didn’t cost me $50+ and were high-waisted, so I tried these. The material is lightweight, moisture-wicking, and has decent stretch in it. I personally LOVE the seat coverage of the built-in brief. Too often, shorts with a brief liner ride up when you move and these cover like a full-coverage bottom, so no wedgie worry! Win. Some reviews said the back was too long - I disagree. I have longer legs than torso and a rounder bottom, so I loved the back length. Where I’m a little bummed.. The shorts do ride up in the front, and they will if you have a more quad-dominant leg. Because they’re a nice, longer length with a more flat front (to be more flattering, no doubt!), there’s nowhere else for the fabric to go once you start moving and walking. If I wanted to wear these shorts for a casual, athleisure outfit, the ride would bother me because I’d have to keep pulling them down. Since I plan to work out in them, run, play volleyball, I guess I won’t have to tug them up in front? I am 5’7, 160lbs, and I ordered a medium based on the size chart measurements. I feel this is the most appropriate size, as a L would have been too “balloon-y”. So overall, they’re not too bad! I will probably get other pairs to rotate, just wish that the front didn’t “pooch” out as much.",39
Kate Depp,Comfy and flattering,https://www.amazon.com/gp/customer-reviews/RY5R1AC7Y7OL5/ref=cm_cr_getr_d_rvw_ttl?ie=UTF8&ASIN=B0D9W2LL3T,"5.0 "," the United States "," October 26, 2024",Fit Type: 2.5'' High waistedSize: SmallColor: Black,Verified Purchase,"These are still my favorite shorts I bought. The high waist is flattering covering any tummy muffin too. The legs are almost butterfly cut so it gives my muscle legs room. I wear them around the house, kids events and even to the grocery store.",
Susan Staley,Athletic shorts,https://www.amazon.com/gp/customer-reviews/R1SLQXO4HMGWRU/ref=cm_cr_getr_d_rvw_ttl?ie=UTF8&ASIN=B0D9W2LL3T,"4.0 "," the United States "," August 26, 2024",Fit Type: 2.5'' High waistedSize: MediumColor: Black,Verified Purchase,I ordered these based off reviews and have been very happy with my purchase.  These have been my go to this summer.  The fit is great.,
heather hansard,Cute style,https://www.amazon.com/gp/customer-reviews/R1ANKLAJ1VKR3D/ref=cm_cr_getr_d_rvw_ttl?ie=UTF8&ASIN=B0D9W2LL3T,"5.0 "," the United States "," November 20, 2024",Fit Type: 2.5'' High waistedSize: XX-LargeColor: Black,Verified Purchase,"Cute shorts, runs a little small.",
Amazon Customer,Love these shorts (just not in white),https://www.amazon.com/gp/customer-reviews/R283SFPXFG2Y32/ref=cm_cr_getr_d_rvw_ttl?ie=UTF8&ASIN=B0D9W2LL3T,"4.0 "," the United States "," July 4, 2024",Fit Type: 2.5'' High waistedSize: X-SmallColor: White,Verified Purchase,"I first got these shorts in black and quickly became obsessed with them. They fit perfectly around my waist and I love that they're a little longer in the back. I ordered another pair in white, and was disappointed to find the fabric of the shorts was VERY see-through. Yes, there is the underwear lining in them, but that made it even more noticeable that they are see-through. Overall, highly recommend these shorts, just not in white.",
Hannah,better than brands,https://www.amazon.com/gp/customer-reviews/R3N7VEZALJ0CRJ/ref=cm_cr_getr_d_rvw_ttl?ie=UTF8&ASIN=B0D9W2LL3T,"5.0 "," the United States "," November 7, 2024",Fit Type: 2.5'' High waistedSize: SmallColor: Black,Verified Purchase,I own several athletic brand running shorts and these are by far the comfiest and most flattering on my body. cannot recommend enough!,
Shelby,"Cute shorts, okay fit",https://www.amazon.com/gp/customer-reviews/R2XV8KAOEXMAUZ/ref=cm_cr_getr_d_rvw_ttl?ie=UTF8&ASIN=B0D9W2LL3T,"4.0 "," the United States "," June 23, 2024",Fit Type: 2.5'' High waistedSize: X-LargeColor: Black,Verified Purchase,"These shorts are super cute and very flattering. They are flowy and have a very comfortable waistband. As a typical size 14, I purchased an XL and the fit is fine. However, it’s important to note these are not chafe-friendly and do ride up between the thighs pretty quickly in warm weather. The pocket is very nifty and can surprisingly hold quite a bit, but it does cause the pocket to sag below the line of the bottom hem and stick out below the shorts.",7
Kristina Misegan,Just like picture,https://www.amazon.com/gp/customer-reviews/R2G7CKSJKQTT5M/ref=cm_cr_getr_d_rvw_ttl?ie=UTF8&ASIN=B0D9W2LL3T,"5.0 "," the United States "," November 24, 2024",Fit Type: 2.5'' High waistedSize: XX-LargeColor: Black,Verified Purchase,Comfy!,
Tabitha Little,Made well,https://www.amazon.com/gp/customer-reviews/R33H8EM5SMFVYG/ref=cm_cr_getr_d_rvw_ttl?ie=UTF8&ASIN=B0D9W2LL3T,"4.0 "," the United States "," September 17, 2024",Fit Type: 2.5'' High waistedSize: X-SmallColor: Black,Verified Purchase,Cute and fits as should,
Kellie T,Didn’t fit,https://www.amazon.com/gp/customer-reviews/R2SJJ5BG1QSD9A/ref=cm_cr_getr_d_rvw_ttl?ie=UTF8&ASIN=B0D9W2LL3T,"4.0 "," the United States "," August 16, 2024",Fit Type: 2.5'' High waistedSize: MediumColor: Red,Verified Purchase,"Cute & comfy shorts, but inside liner was too tight on my thighs. The actual shorts fit fine. Returning for a L. 5’1 size 8/29 for reference",
Michelle,Cute but cut a little small.,https://www.amazon.com/gp/customer-reviews/RP0SLS0VJSXC7/ref=cm_cr_getr_d_rvw_ttl?ie=UTF8&ASIN=B0D9W2LL3T,"4.0 "," the United States "," May 30, 2024",Fit Type: 2.5'' High waistedSize: X-LargeColor: Black,Verified Purchase,"I had been looking for my daughter some shirts exactly like these and was so, so hopeful these would fit but unfortunately they were a little too small. She typically wears an xl In women’s so we ordered that and had they been about an inch or so bigger in the waist they would have fit. The material was so lightweight and appeared to be very breathable. I thought they were really cute but just a little too snug to keep. They would be great for a person who wears a size Large.",
jjm,Love them!,https://www.amazon.com/gp/customer-reviews/R2T98M6R4NESB6/ref=cm_cr_getr_d_rvw_ttl?ie=UTF8&ASIN=B0D9W2LL3T,"4.0 "," the United States "," August 2, 2024",Fit Type: 2.5'' High waistedSize: SmallColor: Black351,Verified Purchase,I do love these shorts! I think they are a little shorter than needed especially when I sit down I feel like they look weird but otherwise very comfy and love the high waisted feeling!,
Marissa Brown,Kinda baggy,https://www.amazon.com/gp/customer-reviews/R1BGFZBI442RHU/ref=cm_cr_getr_d_rvw_ttl?ie=UTF8&ASIN=B0D9W2LL3T,"4.0 "," the United States "," July 6, 2024",Fit Type: 2'' High waistedSize: X-SmallColor: Black371,Verified Purchase,I got an XS and it’s still baggier than I wanted but I have that problem with most shorts like this (I have chicken legs). Other than that they feel like the same material as Nike running shorts. The waistband is nice and snug but not too tight and there’s zip-up pockets. Also a liner inside. Pretty happy,
Courtney,Run small,https://www.amazon.com/gp/customer-reviews/R2BBIZPSJRJJLI/ref=cm_cr_getr_d_rvw_ttl?ie=UTF8&ASIN=B0D9W2LL3T,"4.0 "," the United States "," July 7, 2024",Fit Type: 2.5'' High waistedSize: LargeColor: Black,Verified Purchase,I am always a large. Sometimes a large is even too big and these were very snug especially in the butt and thigh area. I am returning them to get an XL which I never buy. They are nice quality and exactly what I wanted for running. Love the thick waist band!,
RobynH,I hope these hold up because they are gorgeous!,https://www.amazon.com/gp/customer-reviews/R1LKH0L32PS5YM/ref=cm_cr_getr_d_rvw_ttl?ie=UTF8&ASIN=B0D9W2LL3T,"4.0 "," the United States "," June 28, 2024",Fit Type: 2.5'' High waistedSize: X-LargeColor: Black,Verified Purchase,"These shorts are very nice with zippered pockets for money and keys.  Perfect for walking.  Elastic top feels great.  I sized up because of the elastic and they drape beautifully.  the back covers the rump.  I got the long ones and may get the shorter ones.  I am impressed and feel comfortable, covered and beautiful!",
CMNR,Great for the price!,https://www.amazon.com/gp/customer-reviews/R2UUGJYD3A7ZHI/ref=cm_cr_getr_d_rvw_ttl?ie=UTF8&ASIN=B0D9W2LL3T,"5.0 "," the United States "," October 21, 2024",Fit Type: 2.5'' High waistedSize: MediumColor: White,Verified Purchase,I've purchased these in multiple colors. The quality is great and the price-point is too. I love the length- not too short but not too long. A zipper pocket is a bonus.,
Emma Hallman,Odd fit,https://www.amazon.com/gp/customer-reviews/RUD5LUK244OAT/ref=cm_cr_getr_d_rvw_ttl?ie=UTF8&ASIN=B0D9W2LL3T,"4.0 "," the United States "," August 1, 2024",Fit Type: 2.5'' High waistedSize: X-LargeColor: Black,Verified Purchase,"I loved that the shorts were on the longer side in the back, but they become tight in the front when sitting down. I think that if you order a size up that might help!",
Evelyn Powell,"Different colors, different stitching in front",https://www.amazon.com/gp/customer-reviews/R10WS8HZ6CZUZ3/ref=cm_cr_getr_d_rvw_ttl?ie=UTF8&ASIN=B0D9W2LL3T,"4.0 "," the United States "," May 23, 2024",Fit Type: 2.5'' High waistedSize: LargeColor: Black,Verified Purchase,"I’ve bought from this brand several times since I love the length for taller people like myself and comfortability. I recently had to buy a new pair of black ones since my washing machine shredded my other ones (could be a quality issue), but I noticed that the stitching in the front is different now than another pair of white ones I bought recently in the same style. I don’t know if they changed the look, but I included pictures of both.",8
Ari,Tight waist band,https://www.amazon.com/gp/customer-reviews/RDGIYK23BV6Q6/ref=cm_cr_getr_d_rvw_ttl?ie=UTF8&ASIN=B0D9W2LL3T,"4.0 "," the United States "," July 26, 2024",Fit Type: 2.5'' High waistedSize: MediumColor: Black,Verified Purchase,"They seem like good shorts and I love the pocket zipper, but the shorts fit around my hips with room but the waist band was extremely tight.",
Craig,great!,https://www.amazon.com/gp/customer-reviews/R1ZCF7AEKFP5VL/ref=cm_cr_getr_d_rvw_ttl?ie=UTF8&ASIN=B0D9W2LL3T,"4.0 "," the United States "," July 31, 2024",Fit Type: 2.5'' High waistedSize: SmallColor: Red,Verified Purchase,I really like these shorts! I think they look great in the front but they’re a little long in the back,
"Did not receive the 6-pack, only 1 Roblox figure was included. Very disappointed",Great running shorts,https://www.amazon.com/gp/customer-reviews/R2MP4AJZNM52MC/ref=cm_cr_getr_d_rvw_ttl?ie=UTF8&ASIN=B0D9W2LL3T,"4.0 "," the United States "," August 12, 2024",Fit Type: 2'' High waistedSize: MediumColor: Black371,Verified Purchase,Great quality for the value. Love the pocket for phone. My new go to shorts for running,
Charity,"Great fit, a bit short",https://www.amazon.com/gp/customer-reviews/R6XHO269T0NSH/ref=cm_cr_getr_d_rvw_ttl?ie=UTF8&ASIN=B0D9W2LL3T,"4.0 "," the United States "," August 11, 2024",Fit Type: 2.5'' High waistedSize: SmallColor: Blue54,Verified Purchase,"The colors are cute and the fit is nice, but for me it's a tad too short.",
Ashley,"The crotch sits awkwardly low, however I'm still keeping them because I still like the fit.",https://www.amazon.com/gp/customer-reviews/R2ERJ3YIUDU8DH/ref=cm_cr_getr_d_rvw_ttl?ie=UTF8&ASIN=B0D9W2LL3T,"4.0 "," the United States "," July 1, 2024",Fit Type: 2.5'' High waistedSize: LargeColor: Neongreen,Verified Purchase,"I love the bright neon green for a pop of color in my walking/working out shorts. They fit great except the crotch sits really low on me. Not enough to make me want to return them, but I feel like they could be a little more flattering.",
Dana ❤️,Like them,https://www.amazon.com/gp/customer-reviews/R37Q2K2E2UEUP5/ref=cm_cr_getr_d_rvw_ttl?ie=UTF8&ASIN=B0D9W2LL3T,"4.0 "," the United States "," August 9, 2024",Fit Type: 2.5'' High waistedSize: MediumColor: Wine Red,Verified Purchase,I may or may not get another one. Depends on how it feels running but so far comfy and cute. Hip and belly flattering but booty flattening in my opinion lol.,7
Grace Weisiger,So comfortable & perfect length,https://www.amazon.com/gp/customer-reviews/R2TKAP4KYV1LTW/ref=cm_cr_getr_d_rvw_ttl?ie=UTF8&ASIN=B0D9W2LL3T,"4.0 "," the United States "," June 25, 2024",Fit Type: 2.5'' High waistedSize: MediumColor: Blue54,Verified Purchase,"I am not a shorts person, but needed more exercise clothes to wear in the summer and am so glad I found these. The thick waist band keeps the shorts in place - they’re snug without digging in or causing those dreaded red marks. Super high quality and flattering - will be ordering in more colors!",
Claire Jakaitis,Thick band,https://www.amazon.com/gp/customer-reviews/R3E03XWQD5KTMC/ref=cm_cr_getr_d_rvw_ttl?ie=UTF8&ASIN=B0D9W2LL3T,"4.0 "," the United States "," July 27, 2024",Fit Type: 2'' High waistedSize: LargeColor: Black371,Verified Purchase,Love the thick band and don’t ride up! Pocket on side does not fit my iPhone 13 though,
Amy,Love these!,https://www.amazon.com/gp/customer-reviews/R1P6LF8E1LJI02/ref=cm_cr_getr_d_rvw_ttl?ie=UTF8&ASIN=B0D9W2LL3T,"5.0 "," the United States "," October 25, 2024",Fit Type: 2.5'' High waistedSize: MediumColor: Neongreen,Verified Purchase,Great shorts! Perfect length and great waistband that doesn’t roll. I bought multiple colors! Very comfortable as well.,
Jenna Warkel,the best running shorts ever,https://www.amazon.com/gp/customer-reviews/R2A03QJ8ZO2X9T/ref=cm_cr_getr_d_rvw_ttl?ie=UTF8&ASIN=B0D9W2LL3T,"5.0 "," the United States "," July 18, 2024",Fit Type: 2.5'' High waistedSize: MediumColor: Black,Verified Purchase,i cannot hype these up enough. if you have wide hips and a smaller waist these are for you. i’ve always had trouble with low/mid rise running shorts riding up and needing to constantly pull them down to cover my butt. i haven’t had to adjust these once and they are also SO comfy. they are also super flattering since they aren’t cutting me off on my hips. the zippered pocket was a lovely surprise for me and i already ordered them in another color.,
Amanda,Only shorts I own,https://www.amazon.com/gp/customer-reviews/R16SW5TE6260M2/ref=cm_cr_getr_d_rvw_ttl?ie=UTF8&ASIN=B0D9W2LL3T,"5.0 "," the United States "," September 20, 2024",Fit Type: 2.5'' High waistedSize: SmallColor: Black,Verified Purchase,I don’t ever wear shorts. Even if it is 100 degrees outside. I don’t like my legs so I don’t want to show them. My workouts are in a sauna so it’s extra hot with yoga pants on so I needed shorts. These are the best things ever. I wear them everywhere not just for my workouts. I would highly recommend these shorts!,
Haley Long,Fits small,https://www.amazon.com/gp/customer-reviews/R1AEVBZGDFKV3R/ref=cm_cr_getr_d_rvw_ttl?ie=UTF8&ASIN=B0D9W2LL3T,"4.0 "," the United States "," August 9, 2024",Fit Type: 2.5'' High waistedSize: XX-LargeColor: Black,Verified Purchase,Nice material but they run pretty small. Would definitely size up!,
Amazon Customer,Shorts,https://www.amazon.com/gp/customer-reviews/R6MVUGY61FSAP/ref=cm_cr_getr_d_rvw_ttl?ie=UTF8&ASIN=B0D9W2LL3T,"5.0 "," the United States "," October 10, 2024",Fit Type: 2.5'' High waistedSize: X-SmallColor: Hot Pink,Verified Purchase,Love these so much! I ordered an XS 5ft 2 and 115lbs. They fit perfectly! Love the 2.5” length!,
Aurora,10000000x better than Lulu/FP/Aerie,https://www.amazon.com/gp/customer-reviews/R1XHCKQMEWS5HE/ref=cm_cr_getr_d_rvw_ttl?ie=UTF8&ASIN=B0D9W2LL3T,"5.0 "," the United States "," August 7, 2024",Fit Type: 2.5'' High waistedSize: SmallColor: Coffee,Verified Purchase,"Literally cannot rave enough about how good these shorts are. Everybody asks me where they’re from and are in disbelief when I say Amazon! They fit perfectly, have a good-sized pocket, and come in so many cute colors! They’re great for working out or just for athleisure. The high-rise waistband is nice and stretchy, but sucks in your stomach too. I get the 2.5 inch inseam and they are short enough in the front, but also cover enough in the back. The liner is also great. I literally ONLY wear these shorts now!!",2
Taylor,Love these!!!,https://www.amazon.com/gp/customer-reviews/R2XAYGG7VBRDAR/ref=cm_cr_getr_d_rvw_ttl?ie=UTF8&ASIN=B0D9W2LL3T,"4.0 "," the United States "," September 26, 2023",Fit Type: 2.5'' High waistedSize: MediumColor: Black,Verified Purchase,"I don’t usually write reviews - I’ve tried a ton of Amazon workout gear and honestly hadn’t been impressed until I found these shorts. I’m 5’7” 145 lbs (usually a S in shorts/bottoms) and i sized up to a M hoping the liner wouldn’t dig in when I run. It’s so insanely comfortable. The liner is more of a brief fit and is the softest material. That’s the only main concern I’ve ever had with lululemon, Nike, etc. my only complaints with these shorts are that the material of the actual short part are super thin paper like. It feels sweat wicking but I could still see sweat marks on them. The band is also super thick and is also made of that same sweat wicking material so it isn’t the most comfortable for long runs. Had the band been made of the liner material these would be the holy grail!! Pockets are also deep enough for iPhone + case (and still room in the pocket with zipper zipped!",11
meghan,Favorite High Waisted Shorts,https://www.amazon.com/gp/customer-reviews/RE8PGH451Q5RA/ref=cm_cr_getr_d_rvw_ttl?ie=UTF8&ASIN=B0D9W2LL3T,"5.0 "," the United States "," November 4, 2024",,Verified Purchase,Absolutely love love love these! I have them in so many colors! They are high waisted and comfy in the legs! My go to shorts every time!,2
Amazon Customer,Cute workout shorts,https://www.amazon.com/gp/customer-reviews/R1F6AZ7OAR3DIN/ref=cm_cr_getr_d_rvw_ttl?ie=UTF8&ASIN=B0D9W2LL3T,"4.0 "," the United States "," June 15, 2024",Fit Type: 2.5'' High waistedSize: X-LargeColor: Black,Verified Purchase,"I love these workout shorts! Very comfortable, looks cute on. The elastic around waist is good. Material light and perfect for a sweaty workout. Only thing is the pocket will show if shorts rise. Lined  underwear in the shortsis a plus. I  bought another pair.",
Amazon Customer,The Best Athletic Shorts,https://www.amazon.com/gp/customer-reviews/R2NIAGNOKDW9T6/ref=cm_cr_getr_d_rvw_ttl?ie=UTF8&ASIN=B0D9W2LL3T,"5.0 "," the United States "," July 23, 2024",Fit Type: 2.5'' High waistedSize: MediumColor: Red,Verified Purchase,"The BMJL Women's Athletic Shorts are one of those repeat clothing items for me. I first ordered these in the year 2020 and fell in love. They are high waisted with a thick waist band. The length is not too long, but not too short. They have great coverage! The one side zipper pocket is big enough to hold your iPhone. I am so glad these come in over 20 different colors, as I continue to order more each summer. I will add, however, my grey pair fits slightly tighter for whatever reason. Overall- definitely a 10/10 item!",
Maddie,favorite active shorts,https://www.amazon.com/gp/customer-reviews/R3MZT1TM28P5E/ref=cm_cr_getr_d_rvw_ttl?ie=UTF8&ASIN=B0D9W2LL3T,"5.0 "," the United States "," September 25, 2024",Fit Type: 2.5'' High waistedSize: MediumColor: Black,Verified Purchase,"As a girl with long legs, these are the perfect length. I’m 5’6 chasing a toddler and didn’t feel like I was flaunting it. They also got soaked during a rain shower in Disney and dried super quick. So comfortable, would buy more if I needed them!",
Andrea DeGroot,Great for the mom tummy!,https://www.amazon.com/gp/customer-reviews/R2EHQBL805D1C6/ref=cm_cr_getr_d_rvw_ttl?ie=UTF8&ASIN=B0D9W2LL3T,"5.0 "," the United States "," September 15, 2024",Fit Type: 2.5'' High waistedSize: MediumColor: Black,Verified Purchase,"I bought the black pair first and after how well it hid my mom tummy, I bought 3 more pairs! The quality is great, the fit is great and they do tuck ya in without being so short that your booty hangs out! I am 5'1 and 135lbs for reference. I bought them in Medium!",
Marissa Lewis,4th pair to buy!,https://www.amazon.com/gp/customer-reviews/R2O6L287BEIV5I/ref=cm_cr_getr_d_rvw_ttl?ie=UTF8&ASIN=B0D9W2LL3T,"5.0 "," the United States "," September 14, 2024",Fit Type: 2.5'' High waistedSize: XX-LargeColor: Black,Verified Purchase,I’ve bought 4 pairs and will never go back! I love the fit and quality of these and the single pocket is perfect! And feel like they are a great lulu lemon dupe for the price!,
sherri brown,Great fit,https://www.amazon.com/gp/customer-reviews/RTPBKE1PI386E/ref=cm_cr_getr_d_rvw_ttl?ie=UTF8&ASIN=B0D9W2LL3T,"5.0 "," the United States "," October 31, 2024",Fit Type: 2.5'' High waistedSize: SmallColor: White,Verified Purchase,I love these shorts for working out,
Ashley Landry,"Comfy, and flattering.",https://www.amazon.com/gp/customer-reviews/R13C18JP5RVSBV/ref=cm_cr_getr_d_rvw_ttl?ie=UTF8&ASIN=B0D9W2LL3T,"4.0 "," the United States "," April 24, 2024",Fit Type: 2.5'' High waistedSize: LargeColor: Black,Verified Purchase,"I bought a pair for me and a friend since i ordered the wrong size the first time. We are two completely different body types, and they look great on both of us. Its fitted and holds the tummy in place. Not my favorite to work out in, but definitely to wear around with a t shirt.",
Beth,Love!!,https://www.amazon.com/gp/customer-reviews/R1HGQLJMSYTTS8/ref=cm_cr_getr_d_rvw_ttl?ie=UTF8&ASIN=B0D9W2LL3T,"5.0 "," the United States "," September 22, 2024",Fit Type: 2.5'' High waistedSize: LargeColor: Sky Blue,Verified Purchase,"Loved them so much, I bought them a second time! Love that the length is slightly longer on the back. The dolphin hem is my favorite style of shorts too, and it has a small pocket, great for cash or a debit card/ID. For reference, I'm 5'5"" and 165-170.",
brett a marsh,So comfortable with perfect coverage.,https://www.amazon.com/gp/customer-reviews/R2E38EL0D9I8XK/ref=cm_cr_getr_d_rvw_ttl?ie=UTF8&ASIN=B0D9W2LL3T,"5.0 "," the United States "," September 22, 2024",Fit Type: 2.5'' High waistedSize: MediumColor: Summergreen,Verified Purchase,"These workout shorts are definitely in my top 3. I love how comfortable they are, fabric is soft, with no binding in the leg area, with the perfect amount of coverage. The color is beautiful. I will definitely be purchasing more from this line. I highly recommend this item!",
Peacefrog01833,Don’t size up,https://www.amazon.com/gp/customer-reviews/R3S302TB5VZCRK/ref=cm_cr_getr_d_rvw_ttl?ie=UTF8&ASIN=B0D9W2LL3T,"4.0 "," the United States "," June 11, 2024",Fit Type: 2.5'' High waistedSize: LargeColor: Coffee,Verified Purchase,These shorts are cute and a nice running material but I made the mistake of sizing up due to other reviews. They are very large on me. I’m typically a size 6/med with thick thighs. I ordered large and should’ve stuck with medium. Lesson learned.,
Griffin G,So Perfect!,https://www.amazon.com/gp/customer-reviews/R2Q8LNI7Q9GVH8/ref=cm_cr_getr_d_rvw_ttl?ie=UTF8&ASIN=B0D9W2LL3T,"5.0 "," the United States "," August 8, 2024",Fit Type: 2.5'' High waistedSize: LargeColor: Denim Blue,Verified Purchase,"The colors are adorable, and the fit is so flattering!  The pocket is such a luxury in athleisure attire.  These can also be dressed up or down which I LOVE!  These have been great at preventing ride-up in the thigh area, so they are a lot more comfortable than other running shorts I’ve tried in the past!  Will continue to buy these for sure!",2
Brandi M,They're ok - I will keep them,https://www.amazon.com/gp/customer-reviews/R2MDKA24V4TE72/ref=cm_cr_getr_d_rvw_ttl?ie=UTF8&ASIN=B0D9W2LL3T,"4.0 "," the United States "," May 24, 2024",Fit Type: 2.5'' High waistedSize: SmallColor: Khaki,Verified Purchase,I ordered these and 2 other brands off of amazon at the same time.. these are my least favorite. I am a slender built 5'3 120lb and the legs are super wide on my athletic built legs. I will keep them though because they are comfortable.. just not as flattering as the others I bought.,
SJansen,Pocket,https://www.amazon.com/gp/customer-reviews/R3RGJFO7CCR2VM/ref=cm_cr_getr_d_rvw_ttl?ie=UTF8&ASIN=B0D9W2LL3T,"4.0 "," the United States "," July 22, 2024",Fit Type: 2.5'' High waistedSize: LargeColor: Black,Verified Purchase,Love the fit and feel… wish the pocket was on the right side.,
customer,longer than expected,https://www.amazon.com/gp/customer-reviews/RCSS0XD6Q1XJM/ref=cm_cr_getr_d_rvw_ttl?ie=UTF8&ASIN=B0D9W2LL3T,"4.0 "," the United States "," May 3, 2024",Fit Type: 2.5'' High waistedSize: SmallColor: White,Verified Purchase,"they look fine when i roll them but if i didn’t roll them they’d look ridiculous. the white is very see-through in the back so that’s a con. but i do like the pocket in the front. last two pictures show how long they are unrolled compared with other shorts that i love. i also got a small, idk if they’d be shorter as an xs but the small fits me well around my waist when rolled.",9
Taylor,Gorgeous and super comfy,https://www.amazon.com/gp/customer-reviews/R1M5PIGHZAF5SN/ref=cm_cr_getr_d_rvw_ttl?ie=UTF8&ASIN=B0D9W2LL3T,"5.0 "," the United States "," September 4, 2024",Fit Type: 2.5'' High waistedSize: LargeColor: Lake Blue,Verified Purchase,"I ordered these because I absolutely love the bright blue color and the high-waisted factor. They fit great, are ultra comfy and breathable, and I can tell that I’m gonna want to wear them constantly! Definitely recommend",
Sharon,Cute and comfortable!,https://www.amazon.com/gp/customer-reviews/R1B87FWUCQT8QN/ref=cm_cr_getr_d_rvw_ttl?ie=UTF8&ASIN=B0D9W2LL3T,"4.0 "," the United States "," April 17, 2024",Fit Type: 2.5'' High waistedSize: SmallColor: Blue54,Verified Purchase,"These shorts are a good length for me. The only issue I have is the pocket being on the left side. If you’re right handed like me, the pocket would be better on the right side.  The description says it’s on the left, but I didn’t realize it until I received them.  Not a deal breaker though!",
Kim,Love it,https://www.amazon.com/gp/customer-reviews/R3NN10M5BNW4O5/ref=cm_cr_getr_d_rvw_ttl?ie=UTF8&ASIN=B0D9W2LL3T,"4.0 "," the United States "," July 12, 2022",Fit Type: 2.5'' High waistedSize: SmallColor: Violet,Verified Purchase,"I got three pairs of these in gray-blue, lavender, and black. I love them all! I tried medium and small and went with the small side (I’m 5’7” and 125 lbs). Two reasons I didn’t give 5 stars:  1. I love the phone pocket, but I think it would be even better if there were instead spandex liners with a pocket inside of the shorts. My phone kind of bounces around when I’m wearing these since it’s attached to the loose outer part. It hasn’t been a huge problem—I don’t notice it once I’ve been running for a few minutes, although sometimes I find myself pulling up the shorts a little bit since my phone seems to drag them down about an inch or so on one side every now and then. Which leads me to my next suggestion… 2. These would be awesome with a hidden drawstring. They fit well without it, but for someone who’s running with a phone in their pocket, they tend to slide down a tiny bit after a while, which could be easily remedied by adding a drawstring inside of them.  All in all I love the colors, material, and the fact that I don’t have to wear my phone on one of those annoying arm band things! And they look super cute!",32
Lisa McBride,Love them,https://www.amazon.com/gp/customer-reviews/R1BMFA6TXWI27N/ref=cm_cr_getr_d_rvw_ttl?ie=UTF8&ASIN=B0D9W2LL3T,"5.0 "," the United States "," August 6, 2024",Fit Type: 2.5'' High waistedSize: SmallColor: Hot Pink,Verified Purchase,I have these in black and pink. I love them. I have a small and a medium. They both fit and look good but i do like the medium fit a little bit better. Neither really gives me a muffin top but the mediums are a tad bit more comfortable when sitting. Im 5 8 and 130 lbs.,
Erica Mack,Love these!!,https://www.amazon.com/gp/customer-reviews/R1LLX6THNPXJ8K/ref=cm_cr_getr_d_rvw_ttl?ie=UTF8&ASIN=B0D9W2LL3T,"5.0 "," the United States "," April 27, 2023",Fit Type: 2.5'' High waistedSize: MediumColor: Hot Pink,Verified Purchase,"I recently purchased these pink athletic shorts, and I am absolutely in love with them. They are the perfect combination of comfort and style, and I can't recommend them enough.  Firstly, I have to mention how comfortable these shorts are. They are made from a lightweight and breathable fabric that is perfect for running and other athletic activities. They move with my body and don't feel restrictive or tight, which is essential for me when I'm trying to stay active.  But the best part is how cute they look! The pink color is vibrant and fun, and the design is sleek and flattering. I've received so many compliments on these shorts, and they make me feel confident and stylish even when I'm working out.  I've worn these shorts on multiple runs now, and they have held up incredibly well. They don't ride up or chafe, and they stay in place throughout my entire workout. Plus, they have a convenient pocket that's perfect for storing my phone or keys.  Overall, I can confidently say that these pink athletic shorts are the perfect addition to any active wardrobe. They are comfortable, stylish, and great for running or other workouts. If you're looking for a new pair of shorts that will make you look and feel great, then look no further!",19
Zimmerhanzel/Halliburton,Love these,https://www.amazon.com/gp/customer-reviews/R14I28E4NLB6HB/ref=cm_cr_getr_d_rvw_ttl?ie=UTF8&ASIN=B0D9W2LL3T,"5.0 "," the United States "," September 22, 2024",Fit Type: 2'' High waistedSize: LargeColor: Black371,Verified Purchase,"I really like these. The high waist is perfect for my cropped shirts, and the extra length on the back to cover your butt is perfect. I just bought another pair. I got a large and they fit great - 5’10 & 150lbs",
Karma,Best running short!,https://www.amazon.com/gp/customer-reviews/R3DND0FJ7OCZRT/ref=cm_cr_getr_d_rvw_ttl?ie=UTF8&ASIN=B0D9W2LL3T,"5.0 "," the United States "," October 24, 2024",Fit Type: 2.5'' High waistedSize: MediumColor: Black,Verified Purchase,"Perfect fit, lightweight and doesn’t feel uncomfortable while running. Highly recommend these shorts.",
Emily Foster,Comfortable shorts,https://www.amazon.com/gp/customer-reviews/R2SZ8JVLOJZF79/ref=cm_cr_getr_d_rvw_ttl?ie=UTF8&ASIN=B0D9W2LL3T,"5.0 "," the United States "," September 20, 2024",Fit Type: 2.5'' High waistedSize: MediumColor: Black,Verified Purchase,"These shorts fit great and aren’t too short. They do run a little small, I usually buy a small in shorts but got a medium and they fit perfectly. There is only one pocket though, I assumed there were 2 but just one on the left side.",
Tara M.,The best shorts I have ever owned.,https://www.amazon.com/gp/customer-reviews/R31IBS37NELVUV/ref=cm_cr_getr_d_rvw_ttl?ie=UTF8&ASIN=B0D9W2LL3T,"5.0 "," the United States "," August 12, 2024",Fit Type: 2.5'' High waistedSize: X-LargeColor: Bluish Grey,Verified Purchase,"The fit of these shorts are amazing. They stay up and are mid waist which is perfect. No rubbing or chaffing of material. The pocket fits my cell phone and keys and I love that it has a zipper. The colors look exactly as shown on the listing. I have the grey/blue, white and tan. 10/10!",
Karen,Absolutely the best shorts! And I searched!,https://www.amazon.com/gp/customer-reviews/R301W1TRLWTSR7/ref=cm_cr_getr_d_rvw_ttl?ie=UTF8&ASIN=B0D9W2LL3T,"5.0 "," the United States "," June 6, 2024",Fit Type: 2.5'' High waistedSize: LargeColor: White,Verified Purchase,"I ordered probably 10 different styles of workout shorts from Amazon and other places. These were the undisputed winner!  Perfect length to look cute in dance class without showing too much butt or cellulite(!), perfect waist (high enough to cover my stomach w. a cute cropped workout tank), perfect style with a rounded hem that lengthens the leg, perfect amount of give, perfect liner short (that's not too tight) for security and modesty, great colors...and great price! i adore them! I have in three colors and will probably get more. My search is finally over!",2
Ajali Shabazz,THANK YOU to All the Reviewers!,https://www.amazon.com/gp/customer-reviews/R1C8G6VLYX8UQK/ref=cm_cr_getr_d_rvw_ttl?ie=UTF8&ASIN=B0D9W2LL3T,"4.0 "," the United States "," March 28, 2023",Fit Type: 2.5'' High waistedSize: LargeColor: Neongreen,Verified Purchase,"How valuable reviews are, as I learned these run small. Thus, I ordered a large, when I wear a medium, while wondering if I'd made a mistake. BUT NO. Everyone who shared these shorts are tiny were right. Medium would have been quite constricting as the large is very snug. Also, I hate panty lines, so I cut out the inner panty, because I wear thigh length leggings, anyway. Being a modest woman, these shorts are just a tad too short for me, but they wouldn't be so for the average woman - meaning? They're not booty shorts. The backside is actually longer than the front. Overall, they're a good purchase, given the color is bright and cheery, and the cut allows for thicker thighs, which I have. I wish they had one more pocket, though, as I carry my keys, walkman and handkerchief during runs. That's the only truly awkward issue.  Update: I've gone running wearing these shorts and they're just what I needed. There were no bunching issues. while I solved the pocket problem by pinning a cut off toe and foot section of a misfit sock. I just placed another pair in another color in my shopping cart. Good Buy.",23
Perfectionist DIY,So comfy and flattering,https://www.amazon.com/gp/customer-reviews/RKNA64LNT8D21/ref=cm_cr_getr_d_rvw_ttl?ie=UTF8&ASIN=B0D9W2LL3T,"5.0 "," the United States "," August 10, 2024",Fit Type: 2.5'' High waistedSize: X-LargeColor: Denim Blue,Verified Purchase,"I now have 5 pairs of these shorts because I am obsessed! They are the most comfortable athletic shorts I’ve ever worn and they even worked for me throughout my whole pregnancy because of the stretchy waist band. They never ride up, they keep everything in place and are smoothing and very flattering. They are the only athletic shorts I plan to buy from here on out.",3
