﻿评论用户,评论概述,评论链接,星级评分,评论地点,评论时间,类型,是否购买,评论详情,觉得该评论有帮助的人数
Ruth A Kochenderfer,Just ordered another one,https://www.amazon.com/gp/customer-reviews/RBQSOO66ZBHQ/ref=cm_cr_arp_d_rvw_ttl?ie=UTF8&ASIN=B0D9LFD8TK,"5.0 "," the United States "," December 10, 2024",Color: WhiteSize: Medium,Verified Purchase,"this is a solid cotton sweatshirt.  It is oversized and a bit boxy -- basically, a comy sweatshirt.  It is a little longer in the back.  It is a nice, thick material.  I liked it so much that I ordered another color.",2
Jill G,Blue Sweatshirt,https://www.amazon.com/gp/customer-reviews/RXUD0WBXPOPIP/ref=cm_cr_arp_d_rvw_ttl?ie=UTF8&ASIN=B0D9LFD8TK,"5.0 "," the United States "," December 4, 2024",Color: Dark BlueSize: Medium,Verified Purchase,"This sweatshirt is very pretty, I got the blue.  Size is good I got a medium TTS. It’s very soft inside and out. I would definitely buy this again.",
Debbie Hill,Great quality,https://www.amazon.com/gp/customer-reviews/R3LCP034VINRZK/ref=cm_cr_arp_d_rvw_ttl?ie=UTF8&ASIN=B0D9LFD8TK,"5.0 "," the United States "," December 23, 2024",Color: BlackSize: Large,Verified Purchase,Love this sweatshirt.  Fit and quality is great.  The perfect sweatshirt for a cold day.,
Julie D,So comfortable!!,https://www.amazon.com/gp/customer-reviews/RVEU5SLZ3TM5K/ref=cm_cr_arp_d_rvw_ttl?ie=UTF8&ASIN=B0D9LFD8TK,"5.0 "," the United States "," January 16, 2025",Color: WhiteSize: Small,Verified Purchase,Love the size and so soft. Will probably get in more colors. Love it,
Kathleen K.,Too boxy for me,https://www.amazon.com/gp/customer-reviews/R1MQBFFOOQB0Z1/ref=cm_cr_arp_d_rvw_ttl?ie=UTF8&ASIN=B0D9LFD8TK,"3.0 "," the United States "," November 15, 2024",Color: Dark GreenSize: Medium,Verified Purchase,I’m always in the market for tops that cover my flaws (bit of a belly) and flatter at the same time.  Was hoping this would be the case with this sweatshirt but the medium on me (I’m 5.6 and 153 lbs) was just to big and boxy looking.  I feel you have to be quite thin to pull off a really boxy look.,2
Amazon Customer,Good quality,https://www.amazon.com/gp/customer-reviews/RAZBA94R017JV/ref=cm_cr_arp_d_rvw_ttl?ie=UTF8&ASIN=B0D9LFD8TK,"4.0 "," the United States "," January 13, 2025",Color: WhiteSize: Large,Verified Purchase,Great material and it is beautiful. It is on the wide side. I wish it was less wide.,
Ehren Hutchings,Super comfy,https://www.amazon.com/gp/customer-reviews/R1LIWVBXUQ10AV/ref=cm_cr_arp_d_rvw_ttl?ie=UTF8&ASIN=B0D9LFD8TK,"5.0 "," the United States "," January 3, 2025",Color: WhiteSize: Large,Verified Purchase,"I bought this originally because of surgery I needed a rounded my neck.  Wanted to make sure it wouldn’t be too tight, yet comfortable!!  This has been perfect and still hides my booty!!!  So of course had to buy more in other others.",
Linda Lucas Rice,Great Fit,https://www.amazon.com/gp/customer-reviews/R24YVQVRVSQPCA/ref=cm_cr_arp_d_rvw_ttl?ie=UTF8&ASIN=B0D9LFD8TK,"5.0 "," the United States "," January 18, 2025",Color: Dark BlueSize: X-Large,Verified Purchase,"I took a chance on this sweatshirt and sure glad I did. It is super soft, very cute on and did not shrink at all. The fit was perfect for me, as I am 5'3"" and everything I buy usually hangs to my knees. I chose this sweatshirt because of the cut, just the right length in front of the and covers nicely in the back without being too long!",
TRISTAN,Great quality,https://www.amazon.com/gp/customer-reviews/RX50Y32VPM1E9/ref=cm_cr_arp_d_rvw_ttl?ie=UTF8&ASIN=B0D9LFD8TK,"5.0 "," the United States "," December 29, 2024",Color: WhiteSize: Medium,Verified Purchase,Thick and great quality,
Alsweens15,Color is nice but boxy fit,https://www.amazon.com/gp/customer-reviews/R310N1GXQPANPP/ref=cm_cr_arp_d_rvw_ttl?ie=UTF8&ASIN=B0D9LFD8TK,"4.0 "," the United States "," September 24, 2024",Color: Dark BlueSize: Medium,Verified Purchase,"The color is nice, the fabric is nice but the shape is very boxy - not super flattering but it is a sweatshirt. Not dressy but sporty and cute. Amazon recommended a Medium but I should have ordered small. I’m 5’3 and 130lbs.",
Holly C.,Perfect!,https://www.amazon.com/gp/customer-reviews/R3H45Z1FFX1CG8/ref=cm_cr_getr_d_rvw_ttl?ie=UTF8&ASIN=B0D9LFD8TK,"5.0 "," the United States "," November 15, 2024",Color: BlackSize: X-Large,Verified Purchase,Sooo comfortable! I wanted it as a sweater dress so bought the largest size. It's perfect! It washed perfectly with on shrinking and the black color is still beautiful and dark.,
Amanda lanzilli,Great color,https://www.amazon.com/gp/customer-reviews/R9VD5EC3YWSYC/ref=cm_cr_getr_d_rvw_ttl?ie=UTF8&ASIN=B0D9LFD8TK,"4.0 "," the United States "," October 17, 2024",Color: Dark GreenSize: Medium,Verified Purchase,Very cute and warm. True to size,
Michelle,Great elevated sweatshirt,https://www.amazon.com/gp/customer-reviews/R22U5W1T9Z93SR/ref=cm_cr_getr_d_rvw_ttl?ie=UTF8&ASIN=B0D9LFD8TK,"5.0 "," the United States "," November 12, 2024",Color: GreySize: Small,Verified Purchase,The slits and seaming detail make this more elevated then your basic sweatshirt.  I got light gray.  It’s fuzzy on inside..nice and cozy.,2
Jo,sizing and style just right for me,https://www.amazon.com/gp/customer-reviews/R73BHCD0513I2/ref=cm_cr_getr_d_rvw_ttl?ie=UTF8&ASIN=B0D9LFD8TK,"5.0 "," the United States "," October 30, 2024",Color: BeigeSize: Small,Verified Purchase,to keep me warm in the colder months to come in the Northeast.,
Lisa Mendiola,Love it!,https://www.amazon.com/gp/customer-reviews/RTGPE5G3ILKOO/ref=cm_cr_getr_d_rvw_ttl?ie=UTF8&ASIN=B0D9LFD8TK,"5.0 "," the United States "," October 23, 2024",Color: GreySize: Large,Verified Purchase,This sweatshirt is so comfy and is very well made. I will be ordering again in a few other colors.,
Deborah D.,The fabric is nice quality,https://www.amazon.com/gp/customer-reviews/R3F9N1T7XHWSVH/ref=cm_cr_getr_d_rvw_ttl?ie=UTF8&ASIN=B0D9LFD8TK,"5.0 "," the United States "," September 20, 2024",Color: BeigeSize: X-Large,Verified Purchase,I bought an extra large even though I wear a 2xl and it fit fine.  It's super cute and the material is good quality.,
Natalia,Returned it - review based only on Beige color,https://www.amazon.com/gp/customer-reviews/R19PP3H03KKPHS/ref=cm_cr_getr_d_rvw_ttl?ie=UTF8&ASIN=B0D9LFD8TK,"2.0 "," the United States "," December 25, 2024",Color: BeigeSize: Medium,Verified Purchase,"The sweatshirt is very cute, not as soft as I expected but nonetheless cute.  The reason I returned it I because the color was not Beige it appeared to be Peach- very soft peach color.  So if you’re thinking bout ordering the “beige” go with another color- darker preferably .I ordered a M bc I like it biggish in me, I’m 5’3 and about 125lbs",
awesomesaucesoftball,Runs small,https://www.amazon.com/gp/customer-reviews/R5QMWJM39DBJI/ref=cm_cr_getr_d_rvw_ttl?ie=UTF8&ASIN=B0D9LFD8TK,"5.0 "," the United States "," September 5, 2024",Color: WhiteSize: Large,Verified Purchase,Nice thick material. Stylish fit. Runs a size small in my opinion.,3
Nora,Boxy,https://www.amazon.com/gp/customer-reviews/R3MA5UPJS9LX5K/ref=cm_cr_getr_d_rvw_ttl?ie=UTF8&ASIN=B0D9LFD8TK,"2.0 "," the United States "," December 15, 2024",Color: WhiteSize: Medium,Verified Purchase,While it is well made and the material is nice and thick. It is very boxy and un flattering. Returned.,
Telicia Harris,Small,https://www.amazon.com/gp/customer-reviews/R3D0KY1ULXYXI2/ref=cm_cr_getr_d_rvw_ttl?ie=UTF8&ASIN=B0D9LFD8TK,"1.0 "," the United States "," December 11, 2024",Color: Grey GreenSize: Large,Verified Purchase,Very small and short,
Lindsay,Cute,https://www.amazon.com/gp/customer-reviews/R2ZJIEDEHXFXY8/ref=cm_cr_getr_d_rvw_ttl?ie=UTF8&ASIN=B0D9LFD8TK,"5.0 "," the United States "," January 5, 2025",Color: CoffeeSize: Medium,,Love it,
Frankey,"Soft, shoulder seams are off",https://www.amazon.com/gp/customer-reviews/RAOZN0ZUTQN7B/ref=cm_cr_getr_d_rvw_ttl?ie=UTF8&ASIN=B0D9LFD8TK,"4.0 "," the United States "," September 15, 2024",Color: WhiteSize: Medium,,"Love the style of this sweatshirt. Material is very soft and has a nice weight to it. It has some stretch to it but it when I lift my arms above my shoulders it gets pulled up and feels awkward and tight. Hoping that will disappear after some wearing and washing. I normally wear a S but reviews said to size up and I’m glad I got a medium, it’s roomier but not crazy big.",6
J. Harris,Nice sweatshirt,https://www.amazon.com/gp/customer-reviews/R3NF68UM5EOHLX/ref=cm_cr_getr_d_rvw_ttl?ie=UTF8&ASIN=B0D9LFD8TK,"5.0 "," the United States "," December 2, 2024",Color: Grey GreenSize: Medium,,"Great sweatshirt and color, unfortunately, I'm a pear shape with a long torso and the slits on the side fell right at the widest part of my hips and was not flattering on my body shape.  Otherwise, I liked everything about it.",
The Clever Echo,Definitely size up,https://www.amazon.com/gp/customer-reviews/R2BN0TB640TUS8/ref=cm_cr_getr_d_rvw_ttl?ie=UTF8&ASIN=B0D9LFD8TK,"4.0 "," the United States "," August 27, 2024",Color: BlackSize: Medium,,"I'm 5'7"" around 115ish lbs, and I got a medium because I like oversized sweatshirts. The medium fits pretty close to the picture hem-length-wise, but I'm not sure what size the model is supposed to be wearing. The sleeves aren't quite as long, though. I honestly think I would have been happy with a large for a better oversized feel, but the medium is still good and the sweatshirt is really soft and comfy. The main takeaway is definitely size up - maybe even two sizes if you like looser fits.",3
Jen D,Casual,https://www.amazon.com/gp/customer-reviews/R39SZ60KJJDZT8/ref=cm_cr_getr_d_rvw_ttl?ie=UTF8&ASIN=B0D9LFD8TK,"4.0 "," the United States "," September 4, 2024",Color: BlackSize: Small,,I like wearing this to the gym. I wear a 0/2 but the smallest available size is a 4-6. Despite that it gives a nice oversized look. The polyester material makes it feel like a classic gym sweatshirt but it’s still cute to pair with leggings with the layered bottom.,
Micah,Love this sweater!,https://www.amazon.com/gp/customer-reviews/R3DVMH5IEHWWW1/ref=cm_cr_getr_d_rvw_ttl?ie=UTF8&ASIN=B0D9LFD8TK,"5.0 "," the United States "," December 4, 2024",Color: Dark GreenSize: Large,,This sweater is super warm and comfy. Looks super cute with leggings and jeans. Simple and really cute and flattering cut.,
CJSki,Comfy and fits true to size,https://www.amazon.com/gp/customer-reviews/R2WD5QN648MSBR/ref=cm_cr_getr_d_rvw_ttl?ie=UTF8&ASIN=B0D9LFD8TK,"5.0 "," the United States "," November 6, 2024",Color: Dark GreenSize: X-Large,,"The BTFBM Women’s Casual Crewneck Sweatshirt is a fantastic choice for fall and winter, combining comfort with a stylish design. The soft fleece material makes it cozy and warm, while the side slits add a unique touch that gives the sweatshirt a relaxed, flattering fit. It’s perfect for everything from lounging to casual outings, and the crewneck cut is classic and easy to layer.  The long sleeves and lightweight fleece make it ideal for the cooler months, and the fit is true to size, so it’s comfortable without feeling too bulky. I love pairing it with leggings or jeans for a cozy yet put-together look.",
M. Sarverwest,Very comfortable sweatshirt,https://www.amazon.com/gp/customer-reviews/R2L0YI4KMF532U/ref=cm_cr_getr_d_rvw_ttl?ie=UTF8&ASIN=B0D9LFD8TK,"5.0 "," the United States "," November 20, 2024",Color: Dark BlueSize: X-Large,,This shirt is so cute on.  I love how roomy it is and I love the structure.  Thinking about buying a second in a different color.,
Denise Roth,Good quality,https://www.amazon.com/gp/customer-reviews/RI6YHD1FVGQ4A/ref=cm_cr_getr_d_rvw_ttl?ie=UTF8&ASIN=B0D9LFD8TK,"5.0 "," the United States "," November 16, 2024",Color: GreySize: Large,,Very soft and comfortable,
kwinnk,Off color,https://www.amazon.com/gp/customer-reviews/R3VP53TLDSGSXD/ref=cm_cr_getr_d_rvw_ttl?ie=UTF8&ASIN=B0D9LFD8TK,"3.0 "," the United States "," November 11, 2024",Color: BeigeSize: Large,,"The interior of this sweatshirt is very soft -- huge fan. However, I can't really get over the color. It's not an off-white or light beige. It ended up being more of a faded peachy pink/yellow, which I was not a fan of. I also did like the style, the sides slits, and the thick texture, but yeah, the color was a dealbreaker for me. (sigh)",
Kelly & Shanna Searcy,Super cute!,https://www.amazon.com/gp/customer-reviews/R2K25R4AQXGJRP/ref=cm_cr_getr_d_rvw_ttl?ie=UTF8&ASIN=B0D9LFD8TK,"5.0 "," the United States "," October 29, 2024",Color: BeigeSize: X-Large,,"Super cute and super comfy! Comfortable and warm but also stylish so you don’t look like a slob in sweats! Good weight, not thin and flimsy, fits the way a sweatshirt should, a little oversized but not too much. I ordered an xl, same as all my other shirts and it fits as expected.",
Christine Giles,comfortable!,https://www.amazon.com/gp/customer-reviews/R1O1JEYIYRI7X2/ref=cm_cr_getr_d_rvw_ttl?ie=UTF8&ASIN=B0D9LFD8TK,"5.0 "," the United States "," November 6, 2024",Color: Dark GreenSize: X-Large,,This fits really well and is both comfortable and warm. Cute green for fall!,
Let's Review,A Bit Stiff,https://www.amazon.com/gp/customer-reviews/R3L4D9CU214B7R/ref=cm_cr_getr_d_rvw_ttl?ie=UTF8&ASIN=B0D9LFD8TK,"3.0 "," the United States "," October 9, 2024",Color: CoffeeSize: Medium,,"This is a boxy sweatshirt, the cut is cute, but the material is a little stiff so it doesn’t lay on me quite right. The garment felt soft on the inside but really strange on the outside, like it was treated with something. It could be a cute piece, but it didn’t work for me",4
Beauty Expert,LOVE LOVE LOVE,https://www.amazon.com/gp/customer-reviews/R2U7IT6EX3L7GW/ref=cm_cr_getr_d_rvw_ttl?ie=UTF8&ASIN=B0D9LFD8TK,"5.0 "," the United States "," October 15, 2024",Color: WhiteSize: Medium,,"This sweatshirt is fantastic and so cute! It is soft and fuzzy inside and I love the crisp white color. It comes to just below my bottom and is very flattering. I have washed and dried it with success and it has become my go-to when I want to be cozy and cute. It looks so cute with sneakers and leggings or with a skirt and sandals. It is my new fave and I want another one! I am usually a medium in tops and the medium in this was perfect. I could have sized up for a little more of an oversized look but it love the way it fits even after being dried. I am 5'6""/155lbs/size 8.",
Dancingchic,Love this!,https://www.amazon.com/gp/customer-reviews/R890O5RH289FP/ref=cm_cr_getr_d_rvw_ttl?ie=UTF8&ASIN=B0D9LFD8TK,"5.0 "," the United States "," October 19, 2024",Color: WhiteSize: Small,,"I just love this sweatshirt!  I bought the white in a size medium.  It fits perfectly.  It’s soft, cozy, nice quality, and super cute.",2
Amanda Strickland,Amazing!,https://www.amazon.com/gp/customer-reviews/R3TSF0G5JS09PV/ref=cm_cr_getr_d_rvw_ttl?ie=UTF8&ASIN=B0D9LFD8TK,"5.0 "," the United States "," October 14, 2024",Color: Dark GreenSize: Small,,This sweatshirt I amazing!  The green is a perfect forest green and it's oversized and loose in just the right places.  Highly Recommend!,
irish,Cute actual sweatshirt,https://www.amazon.com/gp/customer-reviews/R3J5XJQ3VXB7WU/ref=cm_cr_getr_d_rvw_ttl?ie=UTF8&ASIN=B0D9LFD8TK,"5.0 "," the United States "," September 15, 2024",Color: Dark BlueSize: Large,,"This is a really really pretty and stylish sweatshirt. The rear is a little lower than the front, which I like. The color is a gorgeous deep teal blue. The thing I like most? The fact that it's an actual sweatshirt. Sometimes you don't know what you're gonna get. This actually has the fuzzy sweatshirt material inside that is so soft. I also like that it actually is 50% cotton. So many shirts are almost all polyester now. I received a size large and it seems to fit true to size. I am a size 12 and it is very comfortable. Seems to be a very high-quality sweatshirt that will last.",5
Kelly,Wonderful over something,https://www.amazon.com/gp/customer-reviews/RS8MA6G5W1V7G/ref=cm_cr_getr_d_rvw_ttl?ie=UTF8&ASIN=B0D9LFD8TK,"5.0 "," the United States "," September 13, 2024",Color: WhiteSize: X-Large,,"This sweatshirt is beautiful it is so soft and feels great against your skin. The only thing is I would not wear it alone there is a big gap where the fabric does not touch your underarm, so this works perfect over another shirt or tank. I usually wear a size 14/16 shirt and the X-Large fits perfect not to loose (except underarms) and lies perfectly over your hips. The oversize in the arm area is the design of this sweatshirt and I love it as I put it on when it cools while riding motorcycles and there is no restriction and the fitted lower sleeves keeps out the air. I will be getting another color.",3
Mb,"Cozy, cute green color",https://www.amazon.com/gp/customer-reviews/R1O2GATNLMT7NG/ref=cm_cr_getr_d_rvw_ttl?ie=UTF8&ASIN=B0D9LFD8TK,"5.0 "," the United States "," September 26, 2024",Color: Dark GreenSize: X-Large,,The shirt is a pretty medium green color. I got my usual size and it fits comfy and boxy just like the pictures. It’s on the thinner side for a sweatshirt which I prefer.,
Kayla Reimers,Perfect,https://www.amazon.com/gp/customer-reviews/R26ZMWFC409RMP/ref=cm_cr_getr_d_rvw_ttl?ie=UTF8&ASIN=B0D9LFD8TK,"5.0 "," the United States "," September 25, 2024",Color: Dark GreenSize: Large,,"This will be my go-to top for the fall and winter. I love the green color, and it is super comfortable. It fits nicely and feels good on the skin. It is very well made.",
Julie,Different and Stylish,https://www.amazon.com/gp/customer-reviews/R17NH1MKFADY3B/ref=cm_cr_getr_d_rvw_ttl?ie=UTF8&ASIN=B0D9LFD8TK,"5.0 "," the United States "," September 4, 2024",Color: GreySize: X-Large,,"I love this sweatshirt!  I especially like that it's loose all over, especially at the bottom, and the XL is true to size.  I'm a 14 and it fits me like the picture.  The different front and back lengths make it trendy and stylish and  the poly/cotton fabric is what I like my sweatshirts made of.  It will wash well, remain soft and won't shrink to the same degree all cotton sweatshirts do.  The cuff's are trendy extra long, but you can roll them up or they're loose enough to push up and stay up.  I'm looking forward to wearing this for a long time.",
Tom Savola,Size up for length,https://www.amazon.com/gp/customer-reviews/R2UOGLK00NS57E/ref=cm_cr_getr_d_rvw_ttl?ie=UTF8&ASIN=B0D9LFD8TK,"5.0 "," the United States "," September 11, 2024",Color: Dark GreenSize: Large,,"I'm typically small to medium in sweatshirts like this but I decided to size up for more rear-end coverage and I'm happy that I did.  The shirt itself is identical to the picture and the green color is lovely for fall.  The best part though is that this shirt is actually fleece inside and not the typical terry loop (which I hate), so it's very soft and warm. Great shirt, will likely purchase another color when it's on deal.",
Delcinea Lutes,Great thick sweatshirt!,https://www.amazon.com/gp/customer-reviews/R6ZQ9QIZZU4VH/ref=cm_cr_getr_d_rvw_ttl?ie=UTF8&ASIN=B0D9LFD8TK,"5.0 "," the United States "," September 3, 2024",Color: GreySize: Large,,"This feels like a material that will actually hold its shape and look great after many wears. The cut and detail work on the front are really unique and flattering. It’s roomy and cozy, but still gives a little style with these details. Fit is true to size - I’m wearing a large at 5’10” average build. It’s not super long on me, but hits me mid hip like the pictures. I’m really happy with the grey as well. Super cute with leggings or jeans!",
Nomin Bunusha,Soft material!,https://www.amazon.com/gp/customer-reviews/R374H1WVQAD21I/ref=cm_cr_getr_d_rvw_ttl?ie=UTF8&ASIN=B0D9LFD8TK,"5.0 "," the United States "," September 7, 2024",Color: GreySize: Small,,This sweater runs big. I ordered one size down and it fits bigger than usual still. I love the uneven cut of the sweatshirt that it covers more on my back and the shorter cut in the front makes it look stylish. I wore it with black legging and it’s looks very nice. It has soft inners so it sits soft on my skin. No itching whatsoever. It is also very cozy!,2
sbarrera9824,High Quality Sweatshirt,https://www.amazon.com/gp/customer-reviews/R3GEAGFEHT3KPR/ref=cm_cr_getr_d_rvw_ttl?ie=UTF8&ASIN=B0D9LFD8TK,"5.0 "," the United States "," September 16, 2024",Color: GreySize: Medium,,I love this high quality sweatshirt. The fabric is perfect and the oversized fit is so comfy.,
Kayla Williams,Cozy and comfortable sweatshirt!,https://www.amazon.com/gp/customer-reviews/R3HJM2KRG43MLQ/ref=cm_cr_getr_d_rvw_ttl?ie=UTF8&ASIN=B0D9LFD8TK,"5.0 "," the United States "," September 3, 2024",Color: Dark GreenSize: Small,,"This sweatshirt is very cozy and comfortable. I like that the front has the side slits so it's able to be tucked in separately from the back. The sleeve cuffs are fitted on the ends but not tight. I am 5'2, slim, and ordered my normal size small. It was loose, but not hugely oversized. If you are looking for an oversized fit, I would size up one. I will be wearing this sweatshirt on repeat this fall/winter.",
Stephanie H.,Comfortable/ warm,https://www.amazon.com/gp/customer-reviews/RSMEIJSINOWO1/ref=cm_cr_getr_d_rvw_ttl?ie=UTF8&ASIN=B0D9LFD8TK,"5.0 "," the United States "," August 29, 2024",Color: GreySize: X-Large,,This sweatshirt is very cozy and comfortable. It is oversized. I like that the front is able to be tucked in or left out separately from the back. The sleeve cuffs are fitted on the ends but not tight. I am “5’7” 180 lbs and ordered an XL and it fits just the way I wanted it to with plenty room. I will be nice and warm this Fall/ Winter and look cute too!,
Sha,My new favorite shirt!,https://www.amazon.com/gp/customer-reviews/R2P3HGMEVSJZJ9/ref=cm_cr_getr_d_rvw_ttl?ie=UTF8&ASIN=B0D9LFD8TK,"5.0 "," the United States "," September 1, 2024",Color: WhiteSize: Medium,,I really like this shirt! It feels greats looks great on. It has a great oversized feel. I wear a M and ordered a M and it still has the oversized look so unless you want it really big you don’t have to upsize. I love the white and hope I can keep it looking good. I love the style it’s trendy but also timeless. Very pleased!  Review for BTFBM Women's Casual Crewneck Sweatshirts,
Anysia,Great sweatshirt,https://www.amazon.com/gp/customer-reviews/R23HR06VFF1CEQ/ref=cm_cr_getr_d_rvw_ttl?ie=UTF8&ASIN=B0D9LFD8TK,"5.0 "," the United States "," September 8, 2024",Color: Dark BlueSize: Large,,"Comfortable, soft, nice size and weight, well made, fits to size. And the color is fantastic. I really like this one all the way around.",
Kathleen,cute,https://www.amazon.com/gp/customer-reviews/R13DHDF363Q8A/ref=cm_cr_getr_d_rvw_ttl?ie=UTF8&ASIN=B0D9LFD8TK,"5.0 "," the United States "," September 15, 2024",Color: Dark BlueSize: Large,,"super comfy and cute, material is great",
Tamara Thorne,Warm and Roomy,https://www.amazon.com/gp/customer-reviews/R3NK7AI12KULUN/ref=cm_cr_getr_d_rvw_ttl?ie=UTF8&ASIN=B0D9LFD8TK,"5.0 "," the United States "," September 10, 2024",Color: Dark GreenSize: X-Large,,"This trendy sweatshirt has slit sides and the back is longer than the front -- and it looks great. It's soft and comfortable and roomy. It's a 50/50 blend of cotton and polyester, and feels like it will hold up really well under repeated launderings -- the polyester will ensure it won't shrink or fade, while the cotton breathes and feels really nice.  The sweatshirt is snuggly warm and just right for lounging around or wearing over leggings or jeans when going out. The dark green is as shown. I'm really happy with it.",
Daily Browser,Love it !,https://www.amazon.com/gp/customer-reviews/R3PWTU7HS997TN/ref=cm_cr_getr_d_rvw_ttl?ie=UTF8&ASIN=B0D9LFD8TK,"5.0 "," the United States "," September 5, 2024",Color: CoffeeSize: X-Large,,"Oversized , quality material -so soft against your skin.Deep coffee color - looks like suede !  Match with pants, leggings , skirts.  Way nicer & more unique than other similar tops.  Durable !",
Lilliana,Cute!,https://www.amazon.com/gp/customer-reviews/R17GDZ0U9X8AVF/ref=cm_cr_getr_d_rvw_ttl?ie=UTF8&ASIN=B0D9LFD8TK,"5.0 "," the United States "," August 31, 2024",Color: BeigeSize: Small,,Adorable sweatshirt and very cozy. Runs true to size with a relaxed fit. This will be perfect for Southern California Fall mornings. Well made and great quality.,
Meridian,Doesn’t wash well,https://www.amazon.com/gp/customer-reviews/R10RAAEEJ7Q0IH/ref=cm_cr_getr_d_rvw_ttl?ie=UTF8&ASIN=B0D9LFD8TK,"2.0 "," the United States "," September 30, 2024",Color: BlackSize: X-Large,,"Not very soft or comfortable, bulky in weird places. After one wash already pilling and gathers pet hair like it’s its job",2
ALLEY-OX-N-FREE,Amazing sweatshirt.,https://www.amazon.com/gp/customer-reviews/RSC0AOQR86N8I/ref=cm_cr_getr_d_rvw_ttl?ie=UTF8&ASIN=B0D9LFD8TK,"5.0 "," the United States "," September 13, 2024",Color: BeigeSize: Large,Verified Purchase,I love this sweatshirt and I even went a size up which I would recommend. I wear a medium and ordered a large which I am very pleased that I did. Great quality. Nice solid color and very comfortable.,
Cliente de Amazon,,https://www.amazon.com/hz/reviews-render/report-review?ie=UTF8&ref=cm_cr_getr_d_rvw_hlp&csrfT=hI%2FkWpcK7%2BS%2B8WLryMo0eCF6SEDF9DegZ1lMLXmZmAjIAAAAAGePR8UAAAAB&reviewId=RMNHOY5LXRELK,"5.0 "," Mexico "," September 21, 2024",Color: BlackSize: Medium,Verified Purchase,"El corte es tal cual la imagen. Tela grues, de calidad",
Aimee Bautista,,https://www.amazon.com/hz/reviews-render/report-review?ie=UTF8&ref=cm_cr_getr_d_rvw_hlp&csrfT=hA2t97OZjWPlXuNX8hLJTkPFHp6pkhH2FlKj3TDWpVTfAAAAAGePR8UAAAAB&reviewId=R3O7VZXIYD72VB,"3.0 "," Canada "," December 2, 2024",Color: BeigeSize: Small,Verified Purchase,"It’s very comfortable and the fleece is perfect. I love the shape of the sweater and it’s true to size. The only thing I don’t like is the beige is more like a yellow pink. I wouldn’t quite call it beige, but it’s still alright.  EDIT: I may return this because I’m not a huge fan of the colour.",
