﻿评论用户,评论概述,评论链接,星级评分,评论地点,评论时间,类型,是否购买,评论详情,觉得该评论有帮助的人数
Savanha,High Quality & Awesome Fit,https://www.amazon.com/gp/customer-reviews/R3HHRTSALIYF05/ref=cm_cr_arp_d_rvw_ttl?ie=UTF8&ASIN=B0CCJFKZKK,"5.0 "," the United States "," November 17, 2024",Size: MediumColor: Light Blue,Verified Purchase,"This was my first piece from this brand & now I have many more. The quality is of a high end brand without paying the high end price. This particular top is lightweight, breathable and flattering. Very functional for any activity. Dont pass on this brand.",
MNShopper,Nice fit and quality,https://www.amazon.com/gp/customer-reviews/R3T5C35TNA19MF/ref=cm_cr_arp_d_rvw_ttl?ie=UTF8&ASIN=B0CCJFKZKK,"5.0 "," the United States "," November 11, 2024",Size: SmallColor: Navy Blue,Verified Purchase,"I like the fit of this top. It's not too tight or compression so it's more flexible and comfortable. The quality is nice as well. I've ordered The Gym People leggings before and been happy with those, so I decided to try this shirt. Liked it well enough I bought it in another color.",
Becker,Comfortable,https://www.amazon.com/gp/customer-reviews/R2BQRP8HS3LECC/ref=cm_cr_arp_d_rvw_ttl?ie=UTF8&ASIN=B0CCJFKZKK,"4.0 "," the United States "," November 15, 2024",Size: LargeColor: Black,Verified Purchase,Very comfortable; I like the fabric blend. Fits true to size.,
Carly,All-time favorite gym shirt.,https://www.amazon.com/gp/customer-reviews/R1J9MUZGW89FJZ/ref=cm_cr_arp_d_rvw_ttl?ie=UTF8&ASIN=B0CCJFKZKK,"5.0 "," the United States "," January 5, 2025",Size: LargeColor: Brown,Verified Purchase,"Fabric is so soft & cool, holds up well to washing, and I've even worn it tucked into a skirt to work. Comfy, stretchy, Perfect dark chocolate brown. I want every color.",
Amazon Customer,Holy grail tee,https://www.amazon.com/gp/customer-reviews/R122WB5HB37OMH/ref=cm_cr_arp_d_rvw_ttl?ie=UTF8&ASIN=B0CCJFKZKK,"5.0 "," the United States "," November 21, 2024",Size: MediumColor: White,Verified Purchase,"I wrote an in depth review for the short sleeve version so I'll just summarize: The white is decently opaque, especially with a nude bra. Fabric is structured with some stretch but still lightweight and doesn't cling, and feels like it will hold shape. Fit isn't too boxy but I do have wider hips so the L fit better on my hips but the M fit better on my bust and waist, and the length hit right at my hip bones. Sleeve length was perfect for me and my height is more in my arms and legs than trunk so it is tall girl friendly if you have long limbs. I will definitely be stocking up in my staple colors and I'll be going with the size M",6
CDAgirl,A little to short - just above my hips - just ok,https://www.amazon.com/gp/customer-reviews/R2UZSHSODA7PHD/ref=cm_cr_arp_d_rvw_ttl?ie=UTF8&ASIN=B0CCJFKZKK,"3.0 "," the United States "," March 8, 2024",Size: LargeColor: Black,Verified Purchase,"Decent enough, I was just expecting the shirt to be longer to stay tucked in, it comes untucked from my scrubs regularly - I walked around my house testing it out bending, squatting and raising my arms etc. I've purchased cheaper that did the job; black long sleeves, thumb holes and staying tucked that worked out better. I'm still considering returning this shirt, just depends on my time vs cost return.  If you buy this shirt, good luck I hope it meets your needs.",
Shisui,"EXERSize Top, Nice!",https://www.amazon.com/gp/customer-reviews/R11WT6JFX04L60/ref=cm_cr_arp_d_rvw_ttl?ie=UTF8&ASIN=B0CCJFKZKK,"5.0 "," the United States "," November 11, 2024",Size: SmallColor: Black,Verified Purchase,I Love to wear this Shirt Because it fits well and I look good in this Shirt!  It is not expensive and wears Well.I Can dress it up or wear casually With Jeans.,
Carol C.,Best and most affordable workout LS top out there,https://www.amazon.com/gp/customer-reviews/R1N7VLPJF3CHG/ref=cm_cr_arp_d_rvw_ttl?ie=UTF8&ASIN=B0CCJFKZKK,"5.0 "," the United States "," November 29, 2024",Size: SmallColor: Black,Verified Purchase,"I've purchased this top in 3 different colors, because it looks and feels so great with thumbholes, too.  These tops come in a super array of colors.  Absolutely love for gym and home.  Can't go wrong!  Easy wash, no wrinkles, nice details with across the back seam.  Recommend highly!  Stretchy and comfy.",4
Amazon Customer,I’m getting this in every color,https://www.amazon.com/gp/customer-reviews/R38R893A2I1ZEH/ref=cm_cr_arp_d_rvw_ttl?ie=UTF8&ASIN=B0CCJFKZKK,"5.0 "," the United States "," January 5, 2025",Size: SmallColor: White,Verified Purchase,"Love this top. I’m 5’8”, 140 lbs and I like the small, go for up a size for a baggier fit. Great fabric.",
Chane Wray,Best long sleeve top,https://www.amazon.com/gp/customer-reviews/R3TB4TEW6XEK7N/ref=cm_cr_arp_d_rvw_ttl?ie=UTF8&ASIN=B0CCJFKZKK,"5.0 "," the United States "," December 17, 2024",Size: MediumColor: Navy Blue,Verified Purchase,Really like this top! Not clingy and the curved hem is flattering. I usually wear a large but sized down to a medium based on measurements and how huge it looks in some of the pictures. Turned out to be a perfect fit and length. Bought multiple colors !,
m.Lee,Great to wear for Pilates,https://www.amazon.com/gp/customer-reviews/R3S9ASZYBJNM14/ref=cm_cr_getr_d_rvw_ttl?ie=UTF8&ASIN=B0CCJFKZKK,"5.0 "," the United States "," December 18, 2024",Size: LargeColor: Brown,Verified Purchase,I am so comfortable using this shirt for my Pilates Classes. It’s lightweight and doesn’t get in my way. It also keeps me warm since it’s winter time,
Amazon Customer,Love it!!,https://www.amazon.com/gp/customer-reviews/R3GPMUAI2M20Q3/ref=cm_cr_getr_d_rvw_ttl?ie=UTF8&ASIN=B0CCJFKZKK,"4.0 "," the United States "," September 6, 2024",Size: MediumColor: Jasmine Green,Verified Purchase,Fits perfectly and love the material. Did notice a couple strings on the seem came loose in the wash but good otherwise,
Kindle Customer,The material is not great,https://www.amazon.com/gp/customer-reviews/R3NFHOEPGYZ3M8/ref=cm_cr_getr_d_rvw_ttl?ie=UTF8&ASIN=B0CCJFKZKK,"3.0 "," the United States "," December 31, 2024",Size: LargeColor: Jasmine Green,Verified Purchase,"These tops are just ok. The material is thin. I bought them to sleep in, so I kept them. I would not have otherwise.",
Sophie A.,Nice,https://www.amazon.com/gp/customer-reviews/R15196L960TI99/ref=cm_cr_getr_d_rvw_ttl?ie=UTF8&ASIN=B0CCJFKZKK,"4.0 "," the United States "," August 15, 2024",Size: LargeColor: Navy Blue,Verified Purchase,"Really nice cooling and breathable material. Very stretchy and comfortable, and was long enough to cover. The thumb holes were nice, and fit nicely.",
J. Allen,I like it. Fit is great,https://www.amazon.com/gp/customer-reviews/R2L6QXAXVUEMW2/ref=cm_cr_getr_d_rvw_ttl?ie=UTF8&ASIN=B0CCJFKZKK,"5.0 "," the United States "," October 31, 2024",Size: SmallColor: Black,Verified Purchase,I ordered this to be part of a specific outfit. But the fit is very flattering. I will wear it often.,
RX,Perfect,https://www.amazon.com/gp/customer-reviews/R6KEBOIZT3MLZ/ref=cm_cr_getr_d_rvw_ttl?ie=UTF8&ASIN=B0CCJFKZKK,"5.0 "," the United States "," October 18, 2024",Size: X-LargeColor: Navy Blue,Verified Purchase,"So soft and well stitched. Wish there were even more colors to chose from but not complaining as it fits well, true to size. Update: looks like more colors added!",
Janel,Great Shirt,https://www.amazon.com/gp/customer-reviews/R2Y0029X8AW09E/ref=cm_cr_getr_d_rvw_ttl?ie=UTF8&ASIN=B0CCJFKZKK,"5.0 "," the United States "," June 20, 2024",Size: LargeColor: White,Verified Purchase,"I’ve been on a search for a shirt to wear while out walking that is comfortable and breathes easily while still providing coverage for sun exposure. I’ve ordered expensive brands and had to return them for not hanging right, being to clinging, too tight, too long etc. These tops are my favorite. They are very comfortable. I like the feel of the fabric, due to the cotton content. I have 5 of them now. That’s hi ow much i like them. They are light weight without being see through (even the white one. For me it’s a flattering fit, not boxy but not tight. Perfect for airflow to allow them to feel cooler than most of my other t-shirts. The price point is an added bonus.",9
Linda C,Nice,https://www.amazon.com/gp/customer-reviews/R2YPRNU6D41Q43/ref=cm_cr_getr_d_rvw_ttl?ie=UTF8&ASIN=B0CCJFKZKK,"5.0 "," the United States "," October 18, 2024",Size: X-LargeColor: Light Blue,Verified Purchase,"Very nice shirt, fast shipping and fair price., very soft, love the color and fit was good",
Ask C Holiday,Haaay ... Don't hesitate,https://www.amazon.com/gp/customer-reviews/R3DYY2H62YW8X4/ref=cm_cr_getr_d_rvw_ttl?ie=UTF8&ASIN=B0CCJFKZKK,"5.0 "," the United States "," August 11, 2024",Size: X-LargeColor: White,Verified Purchase,Love this shirt ... It looks and feels so good! I was experiencing sunburns through my super expensive trendy walking gear. So I researched and came across this brand and it's MADE IN THE USA. Received the shirt and have since ordered 2 more. No more sunburns while walking or running errands.  And it's heck of cute 👍,
Katie S,Love love love,https://www.amazon.com/gp/customer-reviews/RK783W7N4W65I/ref=cm_cr_getr_d_rvw_ttl?ie=UTF8&ASIN=B0CCJFKZKK,"5.0 "," the United States "," September 17, 2024",Size: SmallColor: White,Verified Purchase,"The most perfect long sleeve for the busy girl! I usually wear leggings, yoga pants ect for my job and these shirts have been perfect! Definitely get them!",
Merit Badge,Perfect,https://www.amazon.com/gp/customer-reviews/R2D4SZBTS27TYI/ref=cm_cr_getr_d_rvw_ttl?ie=UTF8&ASIN=B0CCJFKZKK,"5.0 "," the United States "," August 15, 2024",Size: SmallColor: Navy Blue,Verified Purchase,"I have tried so many workout shirts that have fallen short, this one is exactly what I have been wishing for. The cut (rounded hem, nice detail on upper back), quality stitching, fabric feel and thickness (not see-through). Washes up nicely. Will be sticking with this shirt for my workout clothes.",
doodlebug,Perfect fit,https://www.amazon.com/gp/customer-reviews/R1ZSJNQYLEZWJG/ref=cm_cr_getr_d_rvw_ttl?ie=UTF8&ASIN=B0CCJFKZKK,"5.0 "," the United States "," September 14, 2024",Size: LargeColor: White,Verified Purchase,Theses are so very soft and the fit is perfect ! I bought several colors,
Michelle M Depezynski,Amazing quality,https://www.amazon.com/gp/customer-reviews/RIVFD51LLDPM6/ref=cm_cr_getr_d_rvw_ttl?ie=UTF8&ASIN=B0CCJFKZKK,"5.0 "," the United States "," August 23, 2024",Size: LargeColor: Dark Blue Green,Verified Purchase,The gym people products are amazing. Every top long or short sleeve is superb quality. I recommend them to everyone.,
scooby doo,"Great shirt, even in white",https://www.amazon.com/gp/customer-reviews/R1LMEUMJ2W7Z5V/ref=cm_cr_getr_d_rvw_ttl?ie=UTF8&ASIN=B0CCJFKZKK,"5.0 "," the United States "," October 19, 2023",Size: LargeColor: White,Verified Purchase,"I LOVE this shirt! Bought 6 in various colors. It is generously sized and heavy enough to be worn without undershirt even in white. The fabric is substantial without being hot or heavy. I also have many of the yoga tanks by the same company and I have to mention that the long sleeve shirts run much larger than the sleeveless yoga tanks. In this long sleeve, I would size down if in doubt .. they are generously cut all over. Not that I am 5'1"" and I love both the yoga tank by The Gym People and this long sleeve tank because they are short enough for me, hitting just a bit below the waist. They might be too short for taller women.",5
LF,Returning,https://www.amazon.com/gp/customer-reviews/R2WQ7IUS2F1ZML/ref=cm_cr_getr_d_rvw_ttl?ie=UTF8&ASIN=B0CCJFKZKK,"2.0 "," the United States "," January 3, 2025",Size: LargeColor: Light Blue,Verified Purchase,"Cute cut, cute style BUT thin material. I ordered the light blue and it's as bad ""see-through"" as white. Returning and ordering darker colors ONLY.",
kat,Love this shirt!,https://www.amazon.com/gp/customer-reviews/R2Z8DSSFDX8W4M/ref=cm_cr_getr_d_rvw_ttl?ie=UTF8&ASIN=B0CCJFKZKK,"5.0 "," the United States "," July 24, 2024",Size: MediumColor: White,Verified Purchase,"I was looking for a sun shirt that wasn’t shiny but still stretchy. Perfect thickness, weight, and quality.",
Pam,Love!,https://www.amazon.com/gp/customer-reviews/R3F2OJR464XMR6/ref=cm_cr_getr_d_rvw_ttl?ie=UTF8&ASIN=B0CCJFKZKK,"5.0 "," the United States "," March 14, 2024",Size: SmallColor: White,Verified Purchase,"This top is one of my favorites -I wear it all the time! You can dress it up or down & the fit is great, very true to size! My only down fall is that the white is a bit sheer & i have to wear a tank under it, but the fabric is so light that it doesn't bother me! Overall very happy :)",
bradley s doss,Comfortable,https://www.amazon.com/gp/customer-reviews/R1LV26MMYLPZP6/ref=cm_cr_getr_d_rvw_ttl?ie=UTF8&ASIN=B0CCJFKZKK,"4.0 "," the United States "," March 31, 2024",Size: MediumColor: Pink,Verified Purchase,Exactly as described. Fit true to size.,
Anne E. Flanagan,Odd fit,https://www.amazon.com/gp/customer-reviews/R2LWCPNGTB43O0/ref=cm_cr_getr_d_rvw_ttl?ie=UTF8&ASIN=B0CCJFKZKK,"3.0 "," the United States "," August 24, 2024",Size: LargeColor: White,Verified Purchase,"Quality wasn't there, odd fit as well. Returned",
Kelli Dolan,Love this shirt!,https://www.amazon.com/gp/customer-reviews/R1B7HBD6SZURLY/ref=cm_cr_getr_d_rvw_ttl?ie=UTF8&ASIN=B0CCJFKZKK,"5.0 "," the United States "," March 28, 2024",Size: SmallColor: White,Verified Purchase,"I am really happy with this shirt! I am 5'4 and 120 lbs. Bought a small and it was a perfect fit. Totally breathable, not clingy, a little see thru, but was perfect for my Pilates class. Plan to buy a couple different colors. YAY!",
Emily Moersen,Fragile,https://www.amazon.com/gp/customer-reviews/RXI437HGW3NCZ/ref=cm_cr_getr_d_rvw_ttl?ie=UTF8&ASIN=B0CCJFKZKK,"3.0 "," the United States "," January 10, 2024",Size: LargeColor: Black,Verified Purchase,"I like these shirts because they’re soft, true to size, and I love any top with thumb holes, but unfortunately both of mine got holes in them after only 3 wears. I figured the first was just a coincidence, so I ordered a second in a different color and began washing them on the lightest setting. Alas, I noticed a hole on my second shirt the third time I wore it. So, if you’re looking for good quality, this is not your shirt. Though all other items I’ve ordered from them (shorts and joggers) are fantastic!",
Katie,"Doesn’t feel cheap, but wears like it is",https://www.amazon.com/gp/customer-reviews/R310B9VD8ZRR56/ref=cm_cr_getr_d_rvw_ttl?ie=UTF8&ASIN=B0CCJFKZKK,"3.0 "," the United States "," January 15, 2024",Size: LargeColor: Light Blue,Verified Purchase,"I was impressed with the feel of this top when I took it out of the bag. It feels like a much nicer quality fabric than I would expect here, for the price. However, after one wash (delicate cycle, laid flat to dry) and two wears it is already pilling under the arms. That is just not acceptable, this is not meant to last. I’m very disappointed. The cut and fit of the shirt are great, and I love the feel of the fabric. Sadly, it just won’t last.",6
Christy Johnson,Was a little big,https://www.amazon.com/gp/customer-reviews/R1QW71K7TWSG3H/ref=cm_cr_getr_d_rvw_ttl?ie=UTF8&ASIN=B0CCJFKZKK,"4.0 "," the United States "," December 26, 2023",Size: X-LargeColor: Black,Verified Purchase,Was a little big so I’m ordering a size smaller. I love it and will still wear it.,3
janet elliott,Super soft,https://www.amazon.com/gp/customer-reviews/R2C6YEZVS4TO4Q/ref=cm_cr_getr_d_rvw_ttl?ie=UTF8&ASIN=B0CCJFKZKK,"5.0 "," the United States "," June 24, 2024",Size: MediumColor: Pink,Verified Purchase,So soft and comfortable. Fit was perfect and I was very pleased.,
Amazon Customer,Love,https://www.amazon.com/gp/customer-reviews/RIFHQNREAI9CW/ref=cm_cr_getr_d_rvw_ttl?ie=UTF8&ASIN=B0CCJFKZKK,"5.0 "," the United States "," March 8, 2024",Size: X-LargeColor: White,Verified Purchase,"Going to buy more!! Love the material, fit!  Sleeves are long but are suppose to be long. Sized up and doesn’t cling. A little  longer so will be nice  to wear with leggings!!!",
Tammy A Hoeffel,Great Weight,https://www.amazon.com/gp/customer-reviews/R3OK4Q09GSGE46/ref=cm_cr_getr_d_rvw_ttl?ie=UTF8&ASIN=B0CCJFKZKK,"5.0 "," the United States "," May 25, 2024",Size: LargeColor: Pink,Verified Purchase,Love this shirt as it is the perfect weight and not see through. I have ordered in multiple colors!,
DAB,Material is not as advertised,https://www.amazon.com/gp/customer-reviews/R3PRDCKX5BJI2N/ref=cm_cr_getr_d_rvw_ttl?ie=UTF8&ASIN=B0CCJFKZKK,"2.0 "," the United States "," December 27, 2024",Size: LargeColor: White,Verified Purchase,No cotton in this shirt!,
Erica Anderson,Fits great,https://www.amazon.com/gp/customer-reviews/R2879HYLPK86CG/ref=cm_cr_getr_d_rvw_ttl?ie=UTF8&ASIN=B0CCJFKZKK,"5.0 "," the United States "," May 23, 2024",Size: SmallColor: White,Verified Purchase,This is really nice! I'm sick of all polyester workout tops and this one feels soft. I have several!,
Broken and damaged not best quality,Very nice!,https://www.amazon.com/gp/customer-reviews/R5VL7V9GYWNFE/ref=cm_cr_getr_d_rvw_ttl?ie=UTF8&ASIN=B0CCJFKZKK,"5.0 "," the United States "," July 9, 2024",Size: SmallColor: White,Verified Purchase,Good quality product.,
EP NC,"Nice, runs big",https://www.amazon.com/gp/customer-reviews/R29L5EMBZSRJUZ/ref=cm_cr_getr_d_rvw_ttl?ie=UTF8&ASIN=B0CCJFKZKK,"4.0 "," the United States "," December 31, 2023",Size: MediumColor: White,Verified Purchase,"Nice material, runs big",3
Kim Beasley,Great fit,https://www.amazon.com/gp/customer-reviews/R102NMMUCVQ375/ref=cm_cr_getr_d_rvw_ttl?ie=UTF8&ASIN=B0CCJFKZKK,"5.0 "," the United States "," May 5, 2024",Size: LargeColor: White,Verified Purchase,"Great shirt. I use it for work and working out. The material is soft, the fit is great",
Michael Ross,Great shirt….,https://www.amazon.com/gp/customer-reviews/RU0T544XNFEAP/ref=cm_cr_getr_d_rvw_ttl?ie=UTF8&ASIN=B0CCJFKZKK,"3.0 "," the United States "," May 16, 2024",Size: SmallColor: White,Verified Purchase,But it runs a little small 😔,
Dawnielle,So soft,https://www.amazon.com/gp/customer-reviews/R1ASJ77H17TIZE/ref=cm_cr_getr_d_rvw_ttl?ie=UTF8&ASIN=B0CCJFKZKK,"5.0 "," the United States "," April 22, 2024",Size: MediumColor: Light Blue,Verified Purchase,Great athletic shirt. Lightweight and soft fabric Great colors True to size,
Amazon Customer,"Gave to my sister, didn’t like it",https://www.amazon.com/gp/customer-reviews/R1ZK3DK4Y8F6QH/ref=cm_cr_getr_d_rvw_ttl?ie=UTF8&ASIN=B0CCJFKZKK,"2.0 "," the United States "," September 18, 2024",Size: X-LargeColor: White,Verified Purchase,A bit too baggy in the front. I liked the back of it though. I bought a large. Didn’t like the material. My sister however loved it so she took it.,
orville toles,Daui,https://www.amazon.com/gp/customer-reviews/R1WQKMPFWESYNG/ref=cm_cr_getr_d_rvw_ttl?ie=UTF8&ASIN=B0CCJFKZKK,"5.0 "," the United States "," March 28, 2024",Size: SmallColor: Jasmine Green,Verified Purchase,"My grand daughter loved it, she used it to cover up her tattoos on her arm",
Jackie Wilson,Great quality !,https://www.amazon.com/gp/customer-reviews/R1PCUAVQ1U7BQG/ref=cm_cr_getr_d_rvw_ttl?ie=UTF8&ASIN=B0CCJFKZKK,"5.0 "," the United States "," March 26, 2024",Size: MediumColor: White,Verified Purchase,One of my go to staple shirts for comfort with some ahh leisure style!,
Susan M. Anderson,Runs Very large,https://www.amazon.com/gp/customer-reviews/R3M8DA7OF3T03K/ref=cm_cr_getr_d_rvw_ttl?ie=UTF8&ASIN=B0CCJFKZKK,"3.0 "," the United States "," March 10, 2024",Size: SmallColor: Light Blue,Verified Purchase,"I got a small,very loose, sleeves go below hands, sleeves baggy, too long. Soft material",
Amazon Customer,Work out shirt did not work out for me,https://www.amazon.com/gp/customer-reviews/RDMFAUL2DG5G3/ref=cm_cr_getr_d_rvw_ttl?ie=UTF8&ASIN=B0CCJFKZKK,"3.0 "," the United States "," January 16, 2024",Size: LargeColor: Black,Verified Purchase,"Was not a fan of the fabric or the cut of the shirt. Sleeve length was good, but was too wide throughout the body.",
Mary Kuhlow,Work out shirt,https://www.amazon.com/gp/customer-reviews/R1AGOVYS0VKO0W/ref=cm_cr_getr_d_rvw_ttl?ie=UTF8&ASIN=B0CCJFKZKK,"5.0 "," the United States "," March 21, 2024",Size: LargeColor: Navy Blue,Verified Purchase,Fits great the the navy blue,
Masha Block,Oversized sleeves,https://www.amazon.com/gp/customer-reviews/R1GDU7HH4ZOJHU/ref=cm_cr_getr_d_rvw_ttl?ie=UTF8&ASIN=B0CCJFKZKK,"3.0 "," the United States "," January 24, 2024",Size: MediumColor: Light Blue,Verified Purchase,"Nice fabric, but the sleeves were way too long for M size.  Sadly have to return",
Sara,Soft workout top,https://www.amazon.com/gp/customer-reviews/R3IXYTVGMATN2I/ref=cm_cr_getr_d_rvw_ttl?ie=UTF8&ASIN=B0CCJFKZKK,"5.0 "," the United States "," February 2, 2024",Size: LargeColor: Black,Verified Purchase,"Love the feel, the thumb holes, and that it’s not cropped! Purchased a couple of colors.",5
Serena,Impressed,https://www.amazon.com/gp/customer-reviews/R2WFYR7HHI7NNV/ref=cm_cr_getr_d_rvw_ttl?ie=UTF8&ASIN=B0CCJFKZKK,"5.0 "," the United States "," February 17, 2024",Size: LargeColor: White,Verified Purchase,Very thin material very nice smooth true to size,
Amazon Customer,Fits loosely on the long sleeves,https://www.amazon.com/gp/customer-reviews/R2XI28NMJ1JFGA/ref=cm_cr_getr_d_rvw_ttl?ie=UTF8&ASIN=B0CCJFKZKK,"2.0 "," the United States "," August 31, 2024",Size: LargeColor: Dark Blue Green,Verified Purchase,I prefer thumb-hole long sleeve tops to fit tightly on my arms. This top's sleeves fit baggy.,
Mike,Good fit!,https://www.amazon.com/gp/customer-reviews/R3JJEL3BD72108/ref=cm_cr_getr_d_rvw_ttl?ie=UTF8&ASIN=B0CCJFKZKK,"5.0 "," the United States "," January 22, 2024",Size: LargeColor: White,Verified Purchase,"Basic under layer. Fit well, washes, and wears well. Nice price point.",
K.Rod,Very Nice Top for Someone Tall,https://www.amazon.com/gp/customer-reviews/R1BVTNX0OVC0WG/ref=cm_cr_getr_d_rvw_ttl?ie=UTF8&ASIN=B0CCJFKZKK,"1.0 "," the United States "," December 11, 2024",Size: MediumColor: Pink,Verified Purchase,"This is probably a perfect top for someone that is TALL and RULER shaped. I am 5'3"", 120 pounds, hour-glass shape. However, it was a very pretty color in pink and appeared well made. If I was tall and ruler shaped, I would give it 5 stars.",
Pgpalmcoast,Great shirt,https://www.amazon.com/gp/customer-reviews/RP1VNRGMCB0CU/ref=cm_cr_getr_d_rvw_ttl?ie=UTF8&ASIN=B0CCJFKZKK,"5.0 "," the United States "," February 2, 2024",Size: LargeColor: Black,Verified Purchase,Love this shirt. Fits true. Good shirt for under things,
Amazon Customer,My favorite long sleeve workout shirt,https://www.amazon.com/gp/customer-reviews/R2PNKTQMR9Y3YS/ref=cm_cr_getr_d_rvw_ttl?ie=UTF8&ASIN=B0CCJFKZKK,"5.0 "," the United States "," March 8, 2024",Size: MediumColor: Black,Verified Purchase,Thick and doesn’t ride up,
Summer,Poor Quality & Fit,https://www.amazon.com/gp/customer-reviews/R5IQDF0493UE0/ref=cm_cr_getr_d_rvw_ttl?ie=UTF8&ASIN=B0CCJFKZKK,"1.0 "," the United States "," January 10, 2025",Size: LargeColor: Navy Blue,Verified Purchase,Not sure who this was made for but definitely not a normal human. Sleeves were very long - disproportionately so. Nothing fit right. Returned.,
KJ,Very cute. Works well,https://www.amazon.com/gp/customer-reviews/R2LAP2ET0003Z7/ref=cm_cr_getr_d_rvw_ttl?ie=UTF8&ASIN=B0CCJFKZKK,"5.0 "," the United States "," March 2, 2024",Size: SmallColor: Pink,Verified Purchase,comfortable when playing sports,
Christen Weatherwax,Favorite,https://www.amazon.com/gp/customer-reviews/R1X8L3D5FRJJOK/ref=cm_cr_getr_d_rvw_ttl?ie=UTF8&ASIN=B0CCJFKZKK,"5.0 "," the United States "," December 7, 2023",Size: LargeColor: Black,Verified Purchase,I need to buy a second one because of how much I love this shirt.,
kate,Runs really big,https://www.amazon.com/gp/customer-reviews/R14MR7QMX3F28W/ref=cm_cr_getr_d_rvw_ttl?ie=UTF8&ASIN=B0CCJFKZKK,"2.0 "," the United States "," October 23, 2023",Size: LargeColor: White,Verified Purchase,"I am keeping this top, but it runs very large....at least a size maybe two sizes bigger than I expected for a performance tee. The sleeves also run very long and looks ridiculous when trying to use thumb holes. Why am I keeping? I will wear it over another tee and top with a vest when I go for a run on colder days.  I would not buy again and I would not recommend buying unless you have very long arms and like very loose, ill fitting tees.",
Hydro with Wanda,Would buy again,https://www.amazon.com/gp/customer-reviews/R31IV25WPWUUGB/ref=cm_cr_getr_d_rvw_ttl?ie=UTF8&ASIN=B0CCJFKZKK,"5.0 "," the United States "," January 1, 2024",Size: LargeColor: Black,Verified Purchase,It fit’s perfectly,
Tarsha,Length nope,https://www.amazon.com/gp/customer-reviews/RB2ZVN7E0EZCA/ref=cm_cr_getr_d_rvw_ttl?ie=UTF8&ASIN=B0CCJFKZKK,"2.0 "," the United States "," December 28, 2023",Size: LargeColor: Black,Verified Purchase,"I wanted to like this shirt but like the other reviews said it’s short, if you have a lil stomach and want a shirt that won’t lift up when working out this is not it. The material is great but had it been a tad bit longer it would’ve been a great shirt I would’ve ordered more but no.",
Melissa L Reynolds,I really wanted to love this.,https://www.amazon.com/gp/customer-reviews/RXOJ6TS9PS9N2/ref=cm_cr_getr_d_rvw_ttl?ie=UTF8&ASIN=B0CCJFKZKK,"2.0 "," the United States "," May 2, 2024",Size: X-LargeColor: Black,Verified Purchase,"First wear, love this shirt. Washed it, lost about 3-4 inches of length, now its a crop top.",
Scoo,Very soft,https://www.amazon.com/gp/customer-reviews/R1I4QLLB8JDNMA/ref=cm_cr_getr_d_rvw_ttl?ie=UTF8&ASIN=B0CCJFKZKK,"5.0 "," the United States "," November 9, 2023",Size: LargeColor: Pink,Verified Purchase,Great shirt,
ConPom,Poor quality,https://www.amazon.com/gp/customer-reviews/R2O1LVO9QLVTUC/ref=cm_cr_getr_d_rvw_ttl?ie=UTF8&ASIN=B0CCJFKZKK,"2.0 "," the United States "," April 7, 2024",Size: LargeColor: Dark Blue Green,Verified Purchase,The seems came apart after the first time I laundered this top.,
Jill G,Shrink After Wash,https://www.amazon.com/gp/customer-reviews/R376T79P1GSYU9/ref=cm_cr_getr_d_rvw_ttl?ie=UTF8&ASIN=B0CCJFKZKK,"2.0 "," the United States "," April 8, 2024",Size: LargeColor: Dark Blue Green,Verified Purchase,The length of the shirt shrank after the first wash.,
Amazon Customer,Stains all over,https://www.amazon.com/gp/customer-reviews/REGE0WP1V9LXI/ref=cm_cr_getr_d_rvw_ttl?ie=UTF8&ASIN=B0CCJFKZKK,"1.0 "," the United States "," March 26, 2024",Size: X-LargeColor: Light Blue,Verified Purchase,"When I opened it, there were stains all over it",2
Cooooobra La La La La La La La La La La La La,"Great material, soft, fit perfect after wash/dry, but a bit too short",https://www.amazon.com/gp/customer-reviews/R1F6ZTNJSAILP7/ref=cm_cr_getr_d_rvw_ttl?ie=UTF8&ASIN=B0CCJFKZKK,"4.0 "," the United States "," September 17, 2023",Size: X-LargeColor: Light Blue,,"Alrighty fine folks of Amazon! I've got a review of this great shirt for you below!  Body information: 5’4” 190-199 lbs  Material: The fabric is very soft and the material thickness is perfect. I love that there are no itchy tags to bother you!  Features: Love the added thumb hole in the sleeves to help keep the sleeves down and secure.  Fit: On arrival the shirt sleeves were a couple inches too long but the shirt shrunk some after I washed and dried it which resulted in a great fit! The sleeves were the perfect length after washing/drying! However, and the reason for the removal of 1 star, the torso is very short. If I’m wearing high waisted leggings it just barely covers the top of the leggings on the sides. If it was normal rise leggings, your skin would show. Especially on your sides because of the swoop up detail in the shirt at the sides.  Overall, nice quality shirt, but I really wish the torso of the shirt was longer. Would highly recommend if that’s not something that bothers you!",3
Phlnges,"Runs short, large",https://www.amazon.com/gp/customer-reviews/R1QAR8XMO8B2AT/ref=cm_cr_getr_d_rvw_ttl?ie=UTF8&ASIN=B0CCJFKZKK,"4.0 "," the United States "," September 14, 2023",Size: MediumColor: Light Blue,,"This isn't cropped, but definitely does not go down as far as I would like to it to go, and I'm only 5'3"". I'm usually between and small and medium in women's clothes, but mostly a medium in athletic wear. I got this in a medium and it is too baggy for my liking. I would be worried about going down to a small for length, though. The materal feels nice and is a soft, wicking material. The light blue color is true to the photos and is really pretty in person. The fit just isn't my favorite or preferred proportions.",16
amazon_love,Decent for the price,https://www.amazon.com/gp/customer-reviews/R1RWFR44UATMAO/ref=cm_cr_getr_d_rvw_ttl?ie=UTF8&ASIN=B0CCJFKZKK,"4.0 "," the United States "," September 13, 2023",Size: SmallColor: Pink,,"While the fabric wasn't as soft as I'd hoped, and the arm seam is a bit annoyingly thick, it's a decent purchase for the price point. Obviously, it's not Lululemon quality, but you get what you pay for. On a positive note, the pink hue is pleasantly subdued. The design is straightforward, and the neckline is flawlessly executed. The fit is slightly spacious, and the sleeves run a bit long; despite ordering a small, it feels more like a medium.",
Ms. Fab,Basic,https://www.amazon.com/gp/customer-reviews/R1NZPVSAYX1H6T/ref=cm_cr_getr_d_rvw_ttl?ie=UTF8&ASIN=B0CCJFKZKK,"4.0 "," the United States "," September 27, 2023",Size: SmallColor: Pink,,This is a basic loose fitting top that is well made and comfortable. It is a good piece for layering. Holds up to washing and comes out of the dryer wrinkle free. I think it is a good foundation piece for gym goers.,
HitpasCR,Runs very large,https://www.amazon.com/gp/customer-reviews/R3OV85RJM3P843/ref=cm_cr_getr_d_rvw_ttl?ie=UTF8&ASIN=B0CCJFKZKK,"4.0 "," the United States "," September 29, 2023",Size: MediumColor: Light Blue,,"Great shirt, awesome fabric and comfortable.  In my experience, it runs really large.  I was hoping for a tighter fit, size down.",
Liviania,Workout top,https://www.amazon.com/gp/customer-reviews/RZ80E966EGU29/ref=cm_cr_getr_d_rvw_ttl?ie=UTF8&ASIN=B0CCJFKZKK,"4.0 "," the United States "," September 14, 2023",Size: LargeColor: Pink,,"I got the THE GYM PEOPLE Women's Long Sleeve Workout Shirts Athletic Crewneck Hiking Tops with Thumb Hole in Pink, Large. I would pay attention to the size chart in the images because this shirt is larger than most brands. My main issue with fit is that the sleeves are a bit long. Yes, they're supposed to go over my hands, but I have a few extra inches beyond that.  The pink is pretty and even though the color is pale, the shirt isn't see through. The fabric is lightweight and nice for working out.  I wouldn't wear this top for anything but working out, but I do like that it is a workout shirt available in a pretty color and not just utilitarian colors.",
Health and Beauty lover,Soft fabric,https://www.amazon.com/gp/customer-reviews/R385O501D26LHP/ref=cm_cr_getr_d_rvw_ttl?ie=UTF8&ASIN=B0CCJFKZKK,"4.0 "," the United States "," September 10, 2023",Size: MediumColor: Pink,,"I really like the softness of the fabric on this shirt, and the thumb holes are kind of a necessity for me as I’ve been using sun shirts to play pickleball. The cut of the shirt is baggier than I would like though. I guess it’s common for this type of shirt to be baggy, but I do prefer a bit more fitted shirt.",12
Liz B,Nice relaxed fit,https://www.amazon.com/gp/customer-reviews/R2YQB6CREK17F6/ref=cm_cr_getr_d_rvw_ttl?ie=UTF8&ASIN=B0CCJFKZKK,"5.0 "," the United States "," September 13, 2023",Size: X-LargeColor: Black,,"No need to size up to get a comfortable, relaxed fit on this one. If anything, this top runs a little on the large side, depending on whether you like tight or loose. I ordered the XL and it's a comfortable, slightly loose fit, without being oversized or sloppy. The sleeve length and overall top length are both great for me at 5'5"". The fabric is soft and light but not at all see-through. Very nice quality.",
Customer Review,"Nice loose fit, Good Material",https://www.amazon.com/gp/customer-reviews/R1CRTBHEZRSCIN/ref=cm_cr_getr_d_rvw_ttl?ie=UTF8&ASIN=B0CCJFKZKK,"5.0 "," the United States "," September 11, 2023",Size: X-LargeColor: Black,,"This top is everything I expected. I'm 5'6"" and 202lbs. I normally wear an XL or 16/18. I bought a XL in this and it fit and was a bit loose.  The material is not too thin and not too thick. Good material for the fall. It is the type of material that you find in exercise clothes. I probably use it to wear for walks outside when it gets cooler. My favorite part of the shirt is the thumbholes.",5
Harrisburg PA Momma,Great fit,https://www.amazon.com/gp/customer-reviews/RSDZ6061413P0/ref=cm_cr_getr_d_rvw_ttl?ie=UTF8&ASIN=B0CCJFKZKK,"5.0 "," the United States "," September 12, 2023",Size: MediumColor: Black,,"When I first pulled this out of the package I was a little disappointed because I thought it would be softer with the cotton content. It feels a wee bit more synthetic than imagined. Some may like this because it is a workout shirt after all. That being said, I absolutely love the fit. It does feel good once on. It’s fitted on me without being super tight, it skims but looks nice, not sloppy. For reference. I followed the size chart. I’m normally a size 10 or a medium in most standard brands like Loft, Banana, etc (5’6”-145-38D) I ordered the medium.",
Frogs & Flowers,Pretty in Pink 💗,https://www.amazon.com/gp/customer-reviews/R3KX00N24VGZVX/ref=cm_cr_getr_d_rvw_ttl?ie=UTF8&ASIN=B0CCJFKZKK,"5.0 "," the United States "," September 21, 2023",Size: LargeColor: Pink,,"The Gym People Top is soooooooo pretty. I absolutely love the pink color. Bright buy not neon - perfect. Sleeves are a long length enough to fully cover my arms with no extra hanging over my hands. Neckline is cut well for coverage of upper chest (not wide cut). Legth comes to about my lower waist I'm 5'3"" 3/4"" and 160 lbs. Fabric moves all over, stretches a over, is very light weight but not see through in the pink color. My last photo is my hand under one layer of fabric. Fits true to sizing.",4
Creasman Family,Nice layering shirt,https://www.amazon.com/gp/customer-reviews/R263TIIAGYQTYQ/ref=cm_cr_getr_d_rvw_ttl?ie=UTF8&ASIN=B0CCJFKZKK,"5.0 "," the United States "," October 6, 2023",Size: X-LargeColor: Black,,This is a nice midweight layering shirt. The fit is a little big probably should’ve ordered a size smaller than my actual size to wear under my more fitted shirts. Texture is nice and comfortable. I will get a lot of wear out of this shirt,
Kort,Perfect,https://www.amazon.com/gp/customer-reviews/R2QAX8SN7NPO4G/ref=cm_cr_getr_d_rvw_ttl?ie=UTF8&ASIN=B0CCJFKZKK,"5.0 "," the United States "," September 10, 2023",Size: X-LargeColor: Black,,"The THE GYM PEOPLE Workout Top is my wife's new favorite. It's super comfortable and feels and looks great. It has breathable material that keeps my wife cool throughout her workout. The thumb holes are an extra bonus and add protection while training though you can also just push the sleeves up and workout without them.  My wife is 5'5, 36D (size M-L) and she got the XL for a looser fit--it's true to size if you want a tighter fit. She loves how it drapes over her form. It's flattering and fun to wear. It's machine washable and hang dries quickly. Overall, this is a winner and highly recommended.  ~ Kort",5
Brad,An excellent work out top,https://www.amazon.com/gp/customer-reviews/R1HN9GDAZW7J6D/ref=cm_cr_getr_d_rvw_ttl?ie=UTF8&ASIN=B0CCJFKZKK,"5.0 "," the United States "," September 13, 2023",Size: SmallColor: Light Blue,,"My wife looooves this top. She’s 5’2”, 116lbs, and ordered a small. It fits great. My wife likes the darts on the back to give shape. She also loves the thumb loops, the color, how soft the top is, how moisture wicking. Five out of five.",
ChristyP,So soft,https://www.amazon.com/gp/customer-reviews/R2SVMEN5NHWKPR/ref=cm_cr_getr_d_rvw_ttl?ie=UTF8&ASIN=B0CCJFKZKK,"5.0 "," the United States "," September 11, 2023",Size: LargeColor: Pink,,"I was a bit skeptical ordering this online however, the size fits perfect and it’s nice in flowy… It’s extremely soft and it lands below the waist so it doesn’t feel like it is a crop top. Love the color, it is exactly as pictured and fits as suggested.",
Amazon Customer,LOVE!!,https://www.amazon.com/gp/customer-reviews/R1XUTS57N305ZC/ref=cm_cr_getr_d_rvw_ttl?ie=UTF8&ASIN=B0CCJFKZKK,"5.0 "," the United States "," January 14, 2025",Size: SmallColor: White,Verified Purchase,"Love this top! I wear it at least once a week and it even stretched nicely when I was pregnant. While certainly great for working out, I wear it to work, dressed up with a vest or jacket too. It’s a great, comfortable staple.  The material is soft and a good thickness for comfort in all temperatures. The best value given how frequently I wear it.",
Melinda smith,Fitness Top,https://www.amazon.com/gp/customer-reviews/R37OMLN6TE07CY/ref=cm_cr_getr_d_rvw_ttl?ie=UTF8&ASIN=B0CCJFKZKK,"5.0 "," the United States "," April 14, 2024",Size: X-LargeColor: Pink,Verified Purchase,I love shirts with thumb holes. I like it a lot,
The Useful Mom,Super soft and comfortable,https://www.amazon.com/gp/customer-reviews/R1XJWWOD43A6H/ref=cm_cr_getr_d_rvw_ttl?ie=UTF8&ASIN=B0CCJFKZKK,"5.0 "," the United States "," July 10, 2024",Size: LargeColor: White,Verified Purchase,I love this material. It is incredibly soft and well made. It’s nice and thick but also lightweight. It feels like quality material. The only gripe I have is that it’s a little see through but also white is see through. It’s not a deal breaker for me.,
Becky Heim,,https://www.amazon.com/hz/reviews-render/report-review?ie=UTF8&ref=cm_cr_getr_d_rvw_hlp&csrfT=hICORpyL64YSnMsjiVS2N1zrPi2EKQ8OnsLcW3EWqnuFAAAAAGePSHwAAAAB&reviewId=R2ZL6JD8UG3KHI,"5.0 "," Canada "," January 5, 2025",Size: MediumColor: Army Green,Verified Purchase,Love this shirt! For me I sized down one for a better fit. Perfect length and the material is soft. It may be a little warm for sports in the summer but great for this time of year.,
Anna-Marie Prowse,,https://www.amazon.com/hz/reviews-render/report-review?ie=UTF8&ref=cm_cr_getr_d_rvw_hlp&csrfT=hNRzNr20o0eYJDP4ZF813kL0jhYIZBq%2Fo2viSRDRBRvSAAAAAGePSHwAAAAB&reviewId=R3GHH2VSYPD70T,"5.0 "," Australia "," August 14, 2024",Size: X-LargeColor: Black,Verified Purchase,What a nice surprise!! Lovely fabric and great with getting blueberry stains out! Lovely cut so I went and bought another set!,
Birgit,,https://www.amazon.com/hz/reviews-render/report-review?ie=UTF8&ref=cm_cr_getr_d_rvw_hlp&csrfT=hLYJAfn%2FAAfHHCqWuDSkBHklRSsZAPu6N8k6w0oxETLsAAAAAGePSHwAAAAB&reviewId=R1O0E34JYYUBHZ,"3.0 "," Germany "," December 26, 2024",Size: LargeColor: Black,Verified Purchase,Auf dem Foto sieht das Shirt sehr eng geschnitten aus. Habe es deswegen eine Nummee größer bestellt. Ist jedoch viel zu groß und geht zurück.,
J,,https://www.amazon.com/hz/reviews-render/report-review?ie=UTF8&ref=cm_cr_getr_d_rvw_hlp&csrfT=hGtbw3iV6x9zOPr9T3xcNY0Q%2BGI5mNYB86rtwsKqhDtfAAAAAGePSHwAAAAB&reviewId=R12YRPJH174ZUF,"4.0 "," Canada "," December 25, 2024",Size: MediumColor: Black,Verified Purchase,"Fits great, love the feel.",
Jackie Brown,,https://www.amazon.com/hz/reviews-render/report-review?ie=UTF8&ref=cm_cr_getr_d_rvw_hlp&csrfT=hMRqWN4QbK8Cc4uZB0SPbmoh55aY2DyMXcQt%2BdOgFtdUAAAAAGePSH8AAAAB&reviewId=R1AVMZ3BF2SGVM,"4.0 "," Canada "," November 4, 2024",Size: SmallColor: White,Verified Purchase,Material is good quality,
