﻿评论用户,评论概述,评论链接,星级评分,评论地点,评论时间,类型,是否购买,评论详情,觉得该评论有帮助的人数
Marlene Castro,GREAT THICK QUALITY,https://www.amazon.com/gp/customer-reviews/R3NB8SVPVPJK6Z/ref=cm_cr_arp_d_rvw_ttl?ie=UTF8&ASIN=B0D7M1383Q,"5.0 "," the United States "," December 9, 2024",,Verified Purchase,I bought this for my grandma! The quality is amazing! Nice and thick. She says it is very comfortable and warm as well. True to color. Great buy!,
Shelbsales,Amazing quality,https://www.amazon.com/gp/customer-reviews/R3GRMV2VDQYM25/ref=cm_cr_arp_d_rvw_ttl?ie=UTF8&ASIN=B0D7M1383Q,"5.0 "," the United States "," January 6, 2025",Size: MediumColor: Light Grey,Verified Purchase,One of the best outfits i have ever bought will buy again! If you thinking of it buy it!,
Sandra Florian,Winter outfit,https://www.amazon.com/gp/customer-reviews/R1WVQZUFG7KX6X/ref=cm_cr_arp_d_rvw_ttl?ie=UTF8&ASIN=B0D7M1383Q,"4.0 "," the United States "," December 31, 2024",,Verified Purchase,"This out fit is very soft to the touch, it is nice and worm but it is a little heavy (you'd want to wear it when it is really cold not in the 40° weather unless your a cold natured person) this is just my personal opinion! Over all I really like this set!",
Ella  Darrough,Good product,https://www.amazon.com/gp/customer-reviews/R22M8UXJEAUOF9/ref=cm_cr_arp_d_rvw_ttl?ie=UTF8&ASIN=B0D7M1383Q,"5.0 "," the United States "," December 7, 2024",Size: X-LargeColor: Teal Blue,Verified Purchase,"I’m wear them, they are comfortable,warm,good material",
Excelente material y full útil…,Excelente tela,https://www.amazon.com/gp/customer-reviews/R33QMLBWO2IU97/ref=cm_cr_arp_d_rvw_ttl?ie=UTF8&ASIN=B0D7M1383Q,"5.0 "," the United States "," January 12, 2025",Size: SmallColor: Beige,Verified Purchase,Satisfecha,
Diane,Warm and fit,https://www.amazon.com/gp/customer-reviews/RDAPAVV2GM978/ref=cm_cr_arp_d_rvw_ttl?ie=UTF8&ASIN=B0D7M1383Q,"3.0 "," the United States "," October 23, 2024",,,I received my sweatsuit it’s the right color and warmth and fit but I was sent a jacket that zippered all the way down and not as it is in the picture. I kept it anyway.,
Alexia,10/10,https://www.amazon.com/gp/customer-reviews/R1HXEAS5AZGV6A/ref=cm_cr_arp_d_rvw_ttl?ie=UTF8&ASIN=B0D7M1383Q,"5.0 "," the United States "," December 3, 2024",,Verified Purchase,"So glad I found this fit! It’s so comfy and baggy. I’m 5’7, 100IB size M and first perfect.",
mishell brownlee,Recommend,https://www.amazon.com/gp/customer-reviews/R2BLBIH2Q9M69G/ref=cm_cr_arp_d_rvw_ttl?ie=UTF8&ASIN=B0D7M1383Q,"4.0 "," the United States "," December 22, 2024",Size: X-LargeColor: Black,,Very flattering and comfortable!,
Sandra Torres,Great!,https://www.amazon.com/gp/customer-reviews/RQJH708RRH2QT/ref=cm_cr_arp_d_rvw_ttl?ie=UTF8&ASIN=B0D7M1383Q,"5.0 "," the United States "," November 30, 2024",,Verified Purchase,I got a small and I’m usually an x small but they didn’t have it. Still fits good. I love it though and great for the price.,
Lori,Not bad at all.,https://www.amazon.com/gp/customer-reviews/R34R6L6WVTQR81/ref=cm_cr_arp_d_rvw_ttl?ie=UTF8&ASIN=B0D7M1383Q,"5.0 "," the United States "," November 4, 2024",Size: XX-LargeColor: Teal Blue,Verified Purchase,I Really like this sweatsuit.,
Day Garcia,The style is not as shown,https://www.amazon.com/gp/customer-reviews/R3N8JM1KOEQ9QC/ref=cm_cr_getr_d_rvw_ttl?ie=UTF8&ASIN=B0D7M1383Q,"1.0 "," the United States "," December 31, 2024",,Verified Purchase,The pants are bell bottoms and they’re beyond big. The material is okay. However the pants do not look like the image at all.,
Thomas,Sale,https://www.amazon.com/gp/customer-reviews/R3HVS3VSJKGEHH/ref=cm_cr_getr_d_rvw_ttl?ie=UTF8&ASIN=B0D7M1383Q,"4.0 "," the United States "," November 4, 2024",Size: X-LargeColor: Black,,Great deal and very comfortable,
Country Cow Girl,Not recommended for the dryer,https://www.amazon.com/gp/customer-reviews/RSKEI5RAGCOXL/ref=cm_cr_getr_d_rvw_ttl?ie=UTF8&ASIN=B0D7M1383Q,"4.0 "," the United States "," October 23, 2024",,,"I'm still determining what kind of sweatshirt or pants aren't made to go in the dryer. This one is soft, seems true to size, and is comfortable. The zipper dresses it up a little.  I'm curious to see if it fades when washed or shrinks when dried.  This product is made in China.",
Angela Allen,Love,https://www.amazon.com/gp/customer-reviews/R2OMEZHOCW8BHJ/ref=cm_cr_getr_d_rvw_ttl?ie=UTF8&ASIN=B0D7M1383Q,"5.0 "," the United States "," January 1, 2025",,,Super thick/heavy sweatshirt & soooo comfortable.,
Roger Montano,SILKY FEEL,https://www.amazon.com/gp/customer-reviews/R3MKTUUJZN2722/ref=cm_cr_getr_d_rvw_ttl?ie=UTF8&ASIN=B0D7M1383Q,"4.0 "," the United States "," September 10, 2024",Size: LargeColor: Dark Brown,,"My wife has never really liked 'sweat' pants or shirts, until now! She loves the silky smooth and soft feel of this material. The fashion look of the shirt is so much nicer than the standard crew-neck look. The comfortable loose fit suits her just fine, the slant design of the pant pockets is better and handier than the straight pocket opening, but she would have liked the pants to be more of a loose fit too. All-in-all, she loves this outfit.",
Amy OC,Comfy but color and fit are off,https://www.amazon.com/gp/customer-reviews/R39XP8W6Y4RREL/ref=cm_cr_getr_d_rvw_ttl?ie=UTF8&ASIN=B0D7M1383Q,"3.0 "," the United States "," October 26, 2024",,,Bought my normal size and it was more fitted than the model. Size up for an oversized look. Dark brown color is more reddish brown in person. Keeping the set because it’s comfortable. Will likely wear the pieces separately,
Luz Quezada,Winter outfit,https://www.amazon.com/gp/customer-reviews/R2I3E9GCDKQB1U/ref=cm_cr_getr_d_rvw_ttl?ie=UTF8&ASIN=B0D7M1383Q,"5.0 "," the United States "," December 13, 2024",Size: MediumColor: Navy Blue,,Color is a perfect quality 100% Recommend very soft and warm for this winter,
Linda Renee Dalton,Sweatsuits,https://www.amazon.com/gp/customer-reviews/R1OXU0XCUCNEK/ref=cm_cr_getr_d_rvw_ttl?ie=UTF8&ASIN=B0D7M1383Q,"5.0 "," the United States "," November 19, 2024",Size: LargeColor: Teal Blue,,I usually don’t buy this type of product off-line because I’m short and it’s hard to find something to fit my length when you buy it off-line because it doesn’t specify if it’s sure long average but I took a chance on the ass. I’m glad I did it fit perfect. Definitely recommend,
Michele J,Jogger with style,https://www.amazon.com/gp/customer-reviews/R1AY1QFKCA6N2J/ref=cm_cr_getr_d_rvw_ttl?ie=UTF8&ASIN=B0D7M1383Q,"4.0 "," the United States "," August 22, 2024",Size: X-LargeColor: Teal Blue,,"The zipper and V cut of this jogger is attractive, giving a sweat suit that would otherwise be shapeless dainty appeal. The material is thick and well made, with strong elastic at the pants leg, a sturdy zipper at the neckline and separate ribbing at the cuff, neckline and waist that will allow the jogger to hold its form, even after numerous washings.",2
falecia Archer,Love,https://www.amazon.com/gp/customer-reviews/R33Q2Q57PQ65O1/ref=cm_cr_getr_d_rvw_ttl?ie=UTF8&ASIN=B0D7M1383Q,"5.0 "," the United States "," November 23, 2024",,,Great quality and warm.,
Mk,Cozy and Stylish,https://www.amazon.com/gp/customer-reviews/RI1G7RLYG1XT5/ref=cm_cr_getr_d_rvw_ttl?ie=UTF8&ASIN=B0D7M1383Q,"5.0 "," the United States "," August 31, 2024",Size: X-LargeColor: Beige,,"I recently purchased the Aleumdr Women's 2 Piece Outfits for the fall and winter season, and I am thrilled with my new wardrobe addition. Here’s a detailed review of this cozy and stylish sweatsuit:  Comfort and Fit: The oversized fit of this sweatsuit is perfect for lounging or casual outings. The sweatshirt’s 1/4 zipper design adds a touch of versatility, allowing you to adjust the neckline for comfort and style. The jogger pants are equally relaxed, providing a comfortable fit that’s great for both lounging at home and running errands. The sizing is true to fit, and the oversized style ensures a relaxed, laid-back look.  Material Quality: The fleece material is incredibly soft and warm, making it ideal for cooler weather. It’s thick enough to provide warmth without being overly bulky, and it feels plush against the skin. The fabric maintains its softness even after several washes, which is a significant plus for durability and comfort.  Design and Style: The design of this sweatsuit is both fashionable and functional. The 1/4 zipper on the sweatshirt adds a stylish touch while allowing for easy ventilation. The jogger pants have a comfortable waistband and tapered ankles, which helps to create a streamlined silhouette. The overall look is casual yet polished, making it suitable for a variety of occasions from relaxing at home to casual outings.  Color Options: The sweatsuit is available in several colors, making it easy to find a shade that suits your personal style. The colors are rich and vibrant, adding a pop of personality to your fall and winter wardrobe.  Ease of Care: Caring for this sweatsuit is straightforward. It’s machine washable and maintains its shape and color well after washing. The fabric dries quickly and doesn’t require any special care, which is a bonus for busy individuals.  Overall: The Aleumdr Women’s 2 Piece Outfits for Fall and Winter is an excellent addition to any wardrobe. With its cozy fleece material, stylish 1/4 zipper sweatshirt, and comfortable jogger pants, it combines comfort and fashion effortlessly. The durable material, easy care, and versatile design make it a standout choice for the colder months. Whether you’re lounging at home or heading out for a casual day, this sweatsuit has you covered in style and comfort. Highly recommended for those looking for a chic yet comfortable option for fall and winter.",
Brittany Hartline,Better than I expected,https://www.amazon.com/gp/customer-reviews/R3QO1O9FKZA921/ref=cm_cr_getr_d_rvw_ttl?ie=UTF8&ASIN=B0D7M1383Q,"5.0 "," the United States "," November 8, 2024",,,"Pants fit exactly how you'd expect (actually fit to size listed) and are super comfy. Not thin material at all, very soft and hold up well in the wash. The hoodie is a smidgen short on the torso but otherwise I really like it. Soft, cozy & not thin",
DL Reed,"Soft, thick material",https://www.amazon.com/gp/customer-reviews/R1OX2UTI1C41R4/ref=cm_cr_getr_d_rvw_ttl?ie=UTF8&ASIN=B0D7M1383Q,"4.0 "," the United States "," August 16, 2024",,,"This is a great set.  The material is nice and thick.  Most sweatsuits aren't this heavy anymore, I really like it.  It fits well as expected.  It washed well in cold water/low heat in the dryer, without the color bleeding or any shrinking.  I especially like the cut of the collar as I have a short neck.",
Lis,"VERY ""oversize"" - get a size down...",https://www.amazon.com/gp/customer-reviews/R2E6UANDCDRK88/ref=cm_cr_getr_d_rvw_ttl?ie=UTF8&ASIN=B0D7M1383Q,"4.0 "," the United States "," August 5, 2024",Size: LargeColor: Light Grey,,"I love this outfit, VERY warm and well made.  The only reason I gave it 4 stars is because while I normally wear a size M/L, I opted for a Large based on the size chart and I think I could've fit in a SMALL.  Why? Both of my legs fit in ONE pant leg!!  Having said that, they are oversized and I did get them to wear around the house so they will work, however, if you want to wear them regularly, i would recommend ordering a size smaller.",
Lin,Zipper does not go down or up where it is as where it has to stay,https://www.amazon.com/gp/customer-reviews/R1BAT3S2PELVL3/ref=cm_cr_getr_d_rvw_ttl?ie=UTF8&ASIN=B0D7M1383Q,"5.0 "," the United States "," October 27, 2024",,,I gave A no stars. I received it with no tags on it either in the top or the bottom or any type of tag showing. It’s new. Second of all zipper doesn’t work. I need to re-order an extra large because this one with no tags Doesn’t fit and it doesn’t feel like an extra large either. So I don’t know what size it is. I just want a refund and an extra large with tags and a working zipper.,
Nikki C,Fantastic and Cozy,https://www.amazon.com/gp/customer-reviews/R2WX2374772K44/ref=cm_cr_getr_d_rvw_ttl?ie=UTF8&ASIN=B0D7M1383Q,"5.0 "," the United States "," October 24, 2024",Size: SmallColor: Teal Blue,,I loved this sweatsuit so much I ordered it in four other colors. This will be my fall uniform. I am usually a small and did order a medium for the future sets I ordered. The pants were a little slim for my legs and behind. I wanted a cozier fit.,
Shug,Thick !!!,https://www.amazon.com/gp/customer-reviews/R3R0E64NOXU52U/ref=cm_cr_getr_d_rvw_ttl?ie=UTF8&ASIN=B0D7M1383Q,"4.0 "," the United States "," August 10, 2024",,,"The outfit is Thick and comfortable. The quality of this sweat suit is superb.  I'm in Florida so I have to wait for winter to wear it,but I can't wait.",
Kittykittygrrl,"Super comfortable set, perfect for running errands on weekends",https://www.amazon.com/gp/customer-reviews/RH2T4M6HYTEXH/ref=cm_cr_getr_d_rvw_ttl?ie=UTF8&ASIN=B0D7M1383Q,"5.0 "," the United States "," October 2, 2024",Size: XX-LargeColor: Teal Blue,,"I recently purchased the 2 Piece Outfits Oversized Sweatsuit and it has quickly become my favorite loungewear set. The long sleeve pullover is incredibly soft against the skin, and the half zipper is not only stylish but also practical. It's perfect for those lazy Sunday mornings when you want to stay comfortable but still feel put together. The pants are a dream to wear, with a relaxed fit that doesn't restrict movement, making them ideal for a quick grocery run or a casual coffee date. The drawstring waist ensures a perfect fit every time, and I love that I can adjust it depending on my comfort level. The oversized design is modern and flattering, and I've received several compliments on the chic look. This sweatsuit is a fantastic blend of comfort and style, and I can't recommend it enough for anyone looking to elevate their casual wear.",
Michelle L. Beck,Warm and cozy! Perfect for snuggling up with a great book!,https://www.amazon.com/gp/customer-reviews/R1CI0J9P6IE4BK/ref=cm_cr_getr_d_rvw_ttl?ie=UTF8&ASIN=B0D7M1383Q,"4.0 "," the United States "," August 19, 2024",Size: XX-LargeColor: Light Grey,,"This is a nice sweatsuit. I selected it in the light gray color. I really like that the top is not traditional, but a little more stylist. It has a v-neck with a functional zipper. The pants have an elastic waistband and two pockets. In terms of fit, the set is oversized, so there is no need to order up. I did and it is a little big on me, but perfect for snuggling up while reading a good book. This set is definitely a must have for the fall and winter. I recommend it.",
Emily,thick and  bulky,https://www.amazon.com/gp/customer-reviews/R39OM5KN7UQQMU/ref=cm_cr_getr_d_rvw_ttl?ie=UTF8&ASIN=B0D7M1383Q,"4.0 "," the United States "," August 11, 2024",Size: SmallColor: Teal Blue,,"This is oversized, and the fabric itself is thick and bulky.  If you're looking for warm, thick fabric, this set is great!",
Mr. Caleb,Trendsetting sweatsuit for autumn and winter seasons,https://www.amazon.com/gp/customer-reviews/R1W19SS8DRZWQI/ref=cm_cr_getr_d_rvw_ttl?ie=UTF8&ASIN=B0D7M1383Q,"4.0 "," the United States "," August 6, 2024",,,"Comfortable is the word to describe this two piece sweatsuit. My wife likes its’ effortless fashionable appearance and the soft fleece lining that is so warm and comfortable to wear. The oversized style and casual look add to its charm. Some of its’ appealing features include the following: lightweight quality, machine washable, slant pocket design, and ribbed cuffs that will make it great to wear. My wife plans to wear this trendsetting outfit when she goes walking in the park this autumn and winter season.",4
Latrice,Super Comfortable,https://www.amazon.com/gp/customer-reviews/R12L9OSNOXQNJ7/ref=cm_cr_getr_d_rvw_ttl?ie=UTF8&ASIN=B0D7M1383Q,"5.0 "," the United States "," October 14, 2024",,,"I love the material of this set. It's soft and plush, with lots of room. The color is grey, but it's a vibrant color. The thickness of the set keeps you warm for these colder months.",
Annej Semloh,New Favorite!,https://www.amazon.com/gp/customer-reviews/R16AJS0KUCNPBL/ref=cm_cr_getr_d_rvw_ttl?ie=UTF8&ASIN=B0D7M1383Q,"5.0 "," the United States "," September 14, 2024",Size: X-LargeColor: Light Grey,,"This item has become my new favorite lounge wear. Forget the yoga pants! When I get home from a long day at work, I can’t wait to jump into my cuddly sweatsuit. I love the fit of the entire suit. I’m tall so I got an extra large to ensure that the pants would be long enough. Despite several washes they still fit right where they should. The sweatshirt and pants are still just as soft as when they arrived too!  The material is thick and cozy. I can wear it around the house or on casual outings and still feel appropriately dressed. I highly recommend this item for anyone who wants to add a bit of cozy comfort to their life!",
Elizabeth,Exactly as described,https://www.amazon.com/gp/customer-reviews/R2933FPYNRUJ1A/ref=cm_cr_getr_d_rvw_ttl?ie=UTF8&ASIN=B0D7M1383Q,"5.0 "," the United States "," September 10, 2024",,,"I'm really happy with this set! The material feels great, and the fit is just right, not too tight or loose. It’s well-made and seems durable enough to really last, which is a big plus. I love how versatile it is, working well for both casual and more dressed-up looks. I’ve gotten compliments on it already and will definitely be adding similar ones!",
Maria R.,So comfy and stylish,https://www.amazon.com/gp/customer-reviews/R1SFVBOZQTTDL5/ref=cm_cr_getr_d_rvw_ttl?ie=UTF8&ASIN=B0D7M1383Q,"5.0 "," the United States "," August 28, 2024",Size: X-LargeColor: Light Grey,,"I simply cannot wait to lounge around in this two piece jogger set. I ordered this is an XL because I wanted that oversized look but I definitely could have gone with my normal size large. It is a nice subtle grey color, with pockets and so very comfortable and stylish. I really like the collar because unlike other tops, it isn’t stuffy or stiff because the zipper allows you to make it comfortable and breathable. Overall, a nice set for the price.",
veronica Johnson,Returned,https://www.amazon.com/gp/customer-reviews/R3B3NYB76FJQ7T/ref=cm_cr_getr_d_rvw_ttl?ie=UTF8&ASIN=B0D7M1383Q,"2.0 "," the United States "," December 11, 2024",Size: X-LargeColor: Teal Blue,,Quality was good but fits small. Returned,
Katie W.,Great looking set,https://www.amazon.com/gp/customer-reviews/RX4OB74OKWEWZ/ref=cm_cr_getr_d_rvw_ttl?ie=UTF8&ASIN=B0D7M1383Q,"5.0 "," the United States "," August 29, 2024",Size: MediumColor: Navy Blue,,"Fit is true to size, with a looser fit. Cozy and warm and no issues with machine washing so far. Great value for the price.",
Buffalo 21,Comfortable and warm,https://www.amazon.com/gp/customer-reviews/R1GR074TVZSJ93/ref=cm_cr_getr_d_rvw_ttl?ie=UTF8&ASIN=B0D7M1383Q,"5.0 "," the United States "," August 20, 2024",,,Teal color is very pretty and kind of a medium blue-not too teal. I usually use a medium and this fit well.Seems to be well made and looking forward to wearing when the weather cools down.,
Rock Lobster 🪨 🦞,Glad I read the reviews!,https://www.amazon.com/gp/customer-reviews/R1Q6PJQJ4EF68A/ref=cm_cr_getr_d_rvw_ttl?ie=UTF8&ASIN=B0D7M1383Q,"5.0 "," the United States "," August 17, 2024",,,"Thanks to the reviewer that said to size down! My regular size is a large but after seeing that person's review I took a chance and ordered a medium. It was the right call! The medium actually fits me the same way as the model in the description pic. So I probably would have been drowning in a large lol. Anyway, the material is super soft and warm as to be expected and has a super flattering fit. I'm glad to have this sweatshirt in my fall collection. I hate the season but I love the clothes 😅",
killrnails,Nice Sweatpants Suit,https://www.amazon.com/gp/customer-reviews/R16JWJHVV237HB/ref=cm_cr_getr_d_rvw_ttl?ie=UTF8&ASIN=B0D7M1383Q,"5.0 "," the United States "," August 16, 2024",Size: X-LargeColor: Black,,"The fabric is on the heavy side & fleecy on the inside, very soft against your skin.  I felt their sizing chart was accurate as well.  No pockets on the hoodie, but the pants have side pockets. A nice oversized comfy hoodie & sweatpants for getting cozy on the couch or sitting outside by a fire in the Fall weather.",
Deven,Cute and comfy,https://www.amazon.com/gp/customer-reviews/R32H6NMVI6VWBW/ref=cm_cr_getr_d_rvw_ttl?ie=UTF8&ASIN=B0D7M1383Q,"5.0 "," the United States "," September 4, 2024",,,Fits and feel great. It’s extremely comfy. Perfect for the cooler weather we’ve been getting. Get for hanging out on the patio in the chilly air.,
eventer,"Cozy sweat suit, but WTH not tumble dryable?!?",https://www.amazon.com/gp/customer-reviews/R39XPKYOBUSABV/ref=cm_cr_getr_d_rvw_ttl?ie=UTF8&ASIN=B0D7M1383Q,"3.0 "," the United States "," August 10, 2024",Size: X-LargeColor: Medium Grey,,"This is a cozy medium-heavy weight sweat suit set; the quarter-zip styling is a nice change from the usual crewneck. The cotton-poly fabric is thick and nicely fleecy on the inside. The knit placket is a nice touch and the zipper works well. The XL I received was a couple inches shorter than claimed in the bust and waist hem measurements and 1"" short in sleeve length, but despite that is still quite oversized to me so recommend looking at the measurements and making sure a little smaller than stated would work for you. My biggest complaint about this item is that the care tag says machine washable but do not tumble dry. I'm sorry, it's a sweatsuit; it had better darn well be tumble dryable and manufacturers had better darn well keep that in mind when marketing. Overall I think the price is reasonable IF it comes thru the dryer in an acceptable manner. If it doesn't tolerate tumble drying then I would not recommend it at any price...",
MooCar,Cute and comfy!,https://www.amazon.com/gp/customer-reviews/RISIUDRUXGSY/ref=cm_cr_getr_d_rvw_ttl?ie=UTF8&ASIN=B0D7M1383Q,"5.0 "," the United States "," August 25, 2024",Size: LargeColor: Teal Blue,,Great for travel! Comfortable without being too hot! Great color options,
Kathy Muhammad,I love this warm and stylish sweatsuit,https://www.amazon.com/gp/customer-reviews/RJSSA1FHXRQZ2/ref=cm_cr_getr_d_rvw_ttl?ie=UTF8&ASIN=B0D7M1383Q,"5.0 "," the United States "," September 9, 2024",,,"This is so comfortable, thick and warm for cooler temperatures.  It fits perfectly and I like the top zipper style.",6
Zombie Lincoln,love it for lounging,https://www.amazon.com/gp/customer-reviews/R3EBWP8EAIC49B/ref=cm_cr_getr_d_rvw_ttl?ie=UTF8&ASIN=B0D7M1383Q,"5.0 "," the United States "," August 10, 2024",,,"Great set, super comfortable and oversized. Exactly on point with the trends. It looks super cute. Warm and soft, great for wearing all day. Can wear together or separately.  Great price. Sizing is accurate. It is meant to be oversized and comfortable.  Happy with the product.",
Amour4Beaute Hair Care Essentials,GREAT QUALITY! Super plush!,https://www.amazon.com/gp/customer-reviews/R2MUF90P3ASD96/ref=cm_cr_getr_d_rvw_ttl?ie=UTF8&ASIN=B0D7M1383Q,"5.0 "," the United States "," August 6, 2024",Size: X-LargeColor: Light Grey,,"I love the thickness of the sweatsuit. Super soft and cozy cotton. Beautiful design nice zipper. Sizing is a little bit oversized. I personally sized up for a little little bit of extra relax fit. But not reality I feel like it’s true to size I could’ve size down. Absolutely love the sweatsuit and the quality! can’t wait to wear it this fall. Something that caught my eye was the color and material of the sweatsuit around the zipper, and the wrist are a little bit darker than the rest of the sweatsuit. It’s not a problem for me, but if you like your sweatsuits one solid color be mindful of that when ordering Gray. It indeed was for a reason but,  I just thought I’d share.",2
DP1956,"Fits Great, Very Comfortable",https://www.amazon.com/gp/customer-reviews/R1Z48KZJYSQXLF/ref=cm_cr_getr_d_rvw_ttl?ie=UTF8&ASIN=B0D7M1383Q,"5.0 "," the United States "," August 5, 2024",,,Very comfortable and roomy. Warm. Fits perfect. Very nice sweatsuit.,
Chantay Blackmon,Love this,https://www.amazon.com/gp/customer-reviews/RDZNJB3GZXBR2/ref=cm_cr_getr_d_rvw_ttl?ie=UTF8&ASIN=B0D7M1383Q,"5.0 "," the United States "," August 6, 2024",,,I love this suit and the color is amazing and I love the way it fits me and the quality is great and I love the price of it.,
Violet Macias,Stains and holes throughout the crewneck,https://www.amazon.com/gp/customer-reviews/R2CFUG2IARW9B4/ref=cm_cr_getr_d_rvw_ttl?ie=UTF8&ASIN=B0D7M1383Q,"1.0 "," the United States "," October 31, 2024",,,Stains and holes throughout the crewneck,
Andrea carter,It’s ok for doing close to home errands.,https://www.amazon.com/gp/customer-reviews/R2SJAUX5BE44Y8/ref=cm_cr_getr_d_rvw_ttl?ie=UTF8&ASIN=B0D7M1383Q,"2.0 "," the United States "," September 20, 2024",Size: MediumColor: Beige,,The zipper on the top is not sewn in correctly to the end.  Therefore I will not be able to zip it up completely. The material is soft but thick. Would probably be best for a cold winters day. I received it yesterday but I am debating returning it even though I got it on sale. Don’t think it’s even worth the sale prices Temu quality not even SHEIN quality,
CLEANEST FEELING EVER,Fabric gives luxury,https://www.amazon.com/gp/customer-reviews/R1S99P8MAUSIN5/ref=cm_cr_getr_d_rvw_ttl?ie=UTF8&ASIN=B0D7M1383Q,"5.0 "," the United States "," October 27, 2024",,,"Ordered this one in black for my mom, the fabric is so thick and soft. The color is consistent and isn’t washed out. I have to get her more colors now.",
