﻿评论用户,评论概述,评论链接,星级评分,评论地点,评论时间,类型,是否购买,评论详情,觉得该评论有帮助的人数
Janet Hagen,Cheap and wrinkly,https://www.amazon.com/gp/customer-reviews/R31SBMIXHT2KUA/ref=cm_cr_getr_d_rvw_ttl?ie=UTF8&ASIN=B07ZT8VLV4,"1.0 "," the United States "," November 17, 2024",Size: LargeColor: Armygreen,Verified Purchase,Horribly cheap material - can't get the wrinkles out.,
Dawn Burress,Very wrinkly-cheap fabric,https://www.amazon.com/gp/customer-reviews/R2QY80ZOQ4X3DF/ref=cm_cr_getr_d_rvw_ttl?ie=UTF8&ASIN=B07ZT8VLV4,"2.0 "," the United States "," April 29, 2024",Size: LargeColor: Gray,Verified Purchase,"This doesn’t look nice and flows like the photo. It came smashed in a ball and is cheap, wrinkle prone fabric. I will be sending it back.",
Kenady,Great for modest and loose gym top,https://www.amazon.com/gp/customer-reviews/R1SM6HYDMO5DX5/ref=cm_cr_getr_d_rvw_ttl?ie=UTF8&ASIN=B07ZT8VLV4,"5.0 "," the United States "," April 4, 2024",Size: SmallColor: White,Verified Purchase,"I wanted a top that is long enough to cover my butt and that’s loose. I don’t like tops to cling to my stomach and this stop fits these exact desires! It’s soft, breathable and I like the thumb holes. I would iron it just to knock out the wrinkles but it’s amazing & I will be getting more colors!",
Kathy,Sleeves a little snug,https://www.amazon.com/gp/customer-reviews/R3V5K7BJ4F3RU8/ref=cm_cr_getr_d_rvw_ttl?ie=UTF8&ASIN=B07ZT8VLV4,"4.0 "," the United States "," February 23, 2024",Size: SmallColor: White,Verified Purchase,"I'm 5'5"", 120 lbs., purchased a small.  Washes well (cold water), hang to dry.  Sleeves a bit tight but I stretched them out and it helped",
Marie Prieur,Both pretty and practical,https://www.amazon.com/gp/customer-reviews/R3U86KEBX7SDNX/ref=cm_cr_getr_d_rvw_ttl?ie=UTF8&ASIN=B07ZT8VLV4,"5.0 "," the United States "," December 27, 2023",Size: SmallColor: Blue,Verified Purchase,I was looking for a top that was both pretty and practical for my winter workout. This one is perfect and true to size.,
Gina,I really changed my mind on this one,https://www.amazon.com/gp/customer-reviews/R1LDHK0K76R57M/ref=cm_cr_getr_d_rvw_ttl?ie=UTF8&ASIN=B07ZT8VLV4,"5.0 "," the United States "," December 21, 2023",Size: LargeColor: Light Blue,Verified Purchase,"EDIT:  So I have greatly increased my rating on this item because I am here to buy more.  I gave it a chance and put it on with my leggings and undergarments and I LOVE IT.  I thought it was too comfortable and thin to cover all my imperfections, but I was wrong.  The color is lovely.",
TAG  AMAZONIAN,Quality and Price,https://www.amazon.com/gp/customer-reviews/R3BACF0J09AZJ1/ref=cm_cr_getr_d_rvw_ttl?ie=UTF8&ASIN=B07ZT8VLV4,"4.0 "," the United States "," November 12, 2023",Size: LargeColor: Black,Verified Purchase,"If you get this top, make sure to stick to your size or even smaller. The pleat in the back makes this top looks classy. Love thumb holes, of course they are thin and gives a slippery feeling. It's a Keeper 😜",
Glen,"Terrible product. Wrinkles easy, apparently.",https://www.amazon.com/gp/customer-reviews/R23BTTMV6FABI8/ref=cm_cr_getr_d_rvw_ttl?ie=UTF8&ASIN=B07ZT8VLV4,"1.0 "," the United States "," October 20, 2023",Size: SmallColor: Gray Green,Verified Purchase,Received top wrinkled so bad could not try on. Thought ironing very necessary when I read instructions on the top stating do not iron. Terrible material and not made for the every day woman to wear.,4
K. Leist,Lightweight and simple,https://www.amazon.com/gp/customer-reviews/RUKN8B6O2ZV1A/ref=cm_cr_getr_d_rvw_ttl?ie=UTF8&ASIN=B07ZT8VLV4,"5.0 "," the United States "," July 9, 2023",Size: X-LargeColor: Black,Verified Purchase,This top has plenty of length. I love the pleat in the back. It is very comfortable to wear.,
bushra syeda,Quality,https://www.amazon.com/gp/customer-reviews/R29OCFR4BVGVGG/ref=cm_cr_getr_d_rvw_ttl?ie=UTF8&ASIN=B07ZT8VLV4,"5.0 "," the United States "," July 5, 2023",Size: LargeColor: Navy Blue,Verified Purchase,Very nice soft material. True to size chart. Please follow size chart to make it comfortable for yourself!,
Ottobesome,Excellent,https://www.amazon.com/gp/customer-reviews/R1MQ1MLY9VX06W/ref=cm_cr_getr_d_rvw_ttl?ie=UTF8&ASIN=B07ZT8VLV4,"5.0 "," the United States "," March 18, 2023",Size: MediumColor: Wine Red,Verified Purchase,I like the way it looks and feels on me! Its soft and comfortable,
Stacie delaversano,Thumb holes,https://www.amazon.com/gp/customer-reviews/RMDB739B1196I/ref=cm_cr_getr_d_rvw_ttl?ie=UTF8&ASIN=B07ZT8VLV4,"5.0 "," the United States "," March 1, 2023",Size: LargeColor: Wine Red,Verified Purchase,My daughter loved it the thumb holes were a big hit and she loved the color,
DAC,Perfect,https://www.amazon.com/gp/customer-reviews/R1OBLHPUTI2NUH/ref=cm_cr_getr_d_rvw_ttl?ie=UTF8&ASIN=B07ZT8VLV4,"5.0 "," the United States "," February 6, 2023",Size: LargeColor: White,Verified Purchase,I use it for yoga and am very pleased with how it looks and my ability to stench without discomfort,
Amazon Customer,Very soft and comfortable easy to move in,https://www.amazon.com/gp/customer-reviews/R326TMWJPXNFNI/ref=cm_cr_getr_d_rvw_ttl?ie=UTF8&ASIN=B07ZT8VLV4,"5.0 "," the United States "," February 3, 2023",Size: X-LargeColor: Navy Blue,Verified Purchase,"Item is very soft, comfortable, easy to move in and washes very well.  Weight is not too light or heavy but yet you can workout in it or wear with a light jacket",
Lauren McCue,Very comfy,https://www.amazon.com/gp/customer-reviews/R1XQSO7LOBGMAS/ref=cm_cr_getr_d_rvw_ttl?ie=UTF8&ASIN=B07ZT8VLV4,"4.0 "," the United States "," November 13, 2022",Size: SmallColor: Gray Green,Verified Purchase,I like the feel of the fabric. It is very soft. The sleeves are long enough to actually use the thumb holes without it pulling from the shoulder for me. I will Be interested to see how it holds up in a few washes. I may be ordering another one.,
DEBORA KNIGHTEN,"Fits, wears and washes better than other brands I have tried - will buy more from Bestisun!",https://www.amazon.com/gp/customer-reviews/R1A2NITO6Y5NT3/ref=cm_cr_getr_d_rvw_ttl?ie=UTF8&ASIN=B07ZT8VLV4,"5.0 "," the United States "," March 25, 2022",Size: LargeColor: White,Verified Purchase,Love this shirt - can't wait to order more!,2
HKJ,Best Top Ever,https://www.amazon.com/gp/customer-reviews/R327VRKZKU5L70/ref=cm_cr_getr_d_rvw_ttl?ie=UTF8&ASIN=B07ZT8VLV4,"5.0 "," the United States "," January 17, 2022",Size: X-LargeColor: Black,Verified Purchase,A friend recommended these and I now have them in three colors and two black!!!,
Ammie Clark,It has thumb holes,https://www.amazon.com/gp/customer-reviews/R35NE94M8LWVJR/ref=cm_cr_getr_d_rvw_ttl?ie=UTF8&ASIN=B07ZT8VLV4,"5.0 "," the United States "," December 31, 2021",Size: SmallColor: Wine Red,Verified Purchase,It has thumb holes it’s perfect.,
Pam in Tennessee,Cute style,https://www.amazon.com/gp/customer-reviews/R8R7U0CI3PXN7/ref=cm_cr_getr_d_rvw_ttl?ie=UTF8&ASIN=B07ZT8VLV4,"4.0 "," the United States "," November 27, 2021",Size: SmallColor: Gray,Verified Purchase,Bought 3 of these shirts in different colors.,
M Trull,Love these tops,https://www.amazon.com/gp/customer-reviews/R3TVPIYDXNLGQI/ref=cm_cr_getr_d_rvw_ttl?ie=UTF8&ASIN=B07ZT8VLV4,"5.0 "," the United States "," October 28, 2021",Size: MediumColor: Gray,,"These are perfect for workout or just around the house. They fit well, are comfortable and are perfect for layering.  I am ordering more!",
Erich,"Good shirt, awkward fit for the back",https://www.amazon.com/gp/customer-reviews/R64FCAAUKGBK7/ref=cm_cr_getr_d_rvw_ttl?ie=UTF8&ASIN=B07ZT8VLV4,"3.0 "," the United States "," October 19, 2021",Size: SmallColor: Wine Red,Verified Purchase,"I like the shirt, overall, but the way that the shirt is sown in the back makes it lay awkwardly and it isn't as comfortable as it could be.",4
SpoBrat,"Just like pajamas, but you can dress it up too!",https://www.amazon.com/gp/customer-reviews/R2SE11BGAEHUQ9/ref=cm_cr_getr_d_rvw_ttl?ie=UTF8&ASIN=B07ZT8VLV4,"5.0 "," the United States "," May 10, 2021",Size: X-LargeColor: Black,Verified Purchase,Too cozy. Feels like I'm in my pajamas. You can dress it up or dress it down. Great cut.,2
Erin,Love it!,https://www.amazon.com/gp/customer-reviews/R13L82E5XIVLE4/ref=cm_cr_getr_d_rvw_ttl?ie=UTF8&ASIN=B07ZT8VLV4,"5.0 "," the United States "," April 23, 2021",Size: SmallColor: White,Verified Purchase,"Perfect length for leggings, really comfy!",2
Karen B,Cute workout top,https://www.amazon.com/gp/customer-reviews/RIRWRPMPFOKU/ref=cm_cr_getr_d_rvw_ttl?ie=UTF8&ASIN=B07ZT8VLV4,"5.0 "," the United States "," April 19, 2021",Size: LargeColor: Wine Red,,"I love the back of this top. The front is sadly very plain! Oh well. It's for workout, so...  Pros: Super cute back detail longer sleeves that can pull down and have thumb holes Breathable fabric Washed up well in the wash and dryer Nice red wine color Great value Fabric feels lightweight  Cons: None",
Unsatisfied Customer!,Comfortable for workouts,https://www.amazon.com/gp/customer-reviews/R2E1H6NYH9BJ9Z/ref=cm_cr_getr_d_rvw_ttl?ie=UTF8&ASIN=B07ZT8VLV4,"5.0 "," the United States "," April 5, 2021",Size: X-LargeColor: Black,Verified Purchase,"Comfortable,  soft, light, flexibility while working out is nice.",
Rachel C.,Good fit and quality,https://www.amazon.com/gp/customer-reviews/R2C9JR00P2X3FU/ref=cm_cr_getr_d_rvw_ttl?ie=UTF8&ASIN=B07ZT8VLV4,"5.0 "," the United States "," April 2, 2021",Size: SmallColor: Black,Verified Purchase,I love this top. Great fit and quality! I have the black and white and want to purchase another!,
Morgan C.,Lint can be a problem,https://www.amazon.com/gp/customer-reviews/R37UZ5XHJVADFJ/ref=cm_cr_getr_d_rvw_ttl?ie=UTF8&ASIN=B07ZT8VLV4,"4.0 "," the United States "," February 17, 2021",Size: X-LargeColor: Black,Verified Purchase,"Love the fit, love the style. Only frustration is that it attracts lint in the washer and dryer, always have to spend a lot of time with the lint roller before I can wear it",4
Dave Evers,Comfortable and moves with you,https://www.amazon.com/gp/customer-reviews/R1BNYEOHI79GTV/ref=cm_cr_getr_d_rvw_ttl?ie=UTF8&ASIN=B07ZT8VLV4,"5.0 "," the United States "," February 14, 2021",Size: LargeColor: Gray Green,,"Great workout top - doesn’t restrict in any way, and doesn’t look like a rag.",
Mary Zuniga,Cute and comfy,https://www.amazon.com/gp/customer-reviews/R33MGXAEQJWI6L/ref=cm_cr_getr_d_rvw_ttl?ie=UTF8&ASIN=B07ZT8VLV4,"5.0 "," the United States "," February 12, 2021",Size: LargeColor: Black,Verified Purchase,"Great fit, comfy and cute to wear with leggings.",
baby momma knows,Sized normal.  Super soft and comfortable.  Highly recommend.,https://www.amazon.com/gp/customer-reviews/R1JGH04QQ0PHF0/ref=cm_cr_getr_d_rvw_ttl?ie=UTF8&ASIN=B07ZT8VLV4,"5.0 "," the United States "," February 3, 2021",Size: X-LargeColor: Navy Blue,,Honest review here.  I was very happy with this navy top. I got the XL and I weight 75lbs and it fits loosely but not too big. I highly recommend it. It's very soft yet breathable and comfortable.  The material is 95% modal and 5% spandex...so it has a nice stretch to it but is still super soft. Love that it does not have polyster.  Love and highly recommend.,
Amanda Hamm,okay,https://www.amazon.com/gp/customer-reviews/R2E8WRSY19XX55/ref=cm_cr_getr_d_rvw_ttl?ie=UTF8&ASIN=B07ZT8VLV4,"3.0 "," the United States "," January 19, 2021",Size: LargeColor: Wine Red,,"Pros: The color is great. I got the wine red, and it's a lovely deep shade. The fabric is soft and lightweight. Good for layers. The sleeves are long enough. I hate the feeling of constantly tugging the sleeves down when a long-sleeved shirt doesn't quite reach or stay at the wrist. Solid seam around the thumb hole. This should be a useful feature while working out.  Cons: It's too thin. While layering can be nice, I don't wear long sleeves unless I want at least a little warmth, and there is none here. The seams are not completely straight. The seam on one side comes forward a bit. It's not terribly noticeable, but still a flaw. It might run a bit small. The L fits my 37"" chest with no room to spare.",
Typical Consumer,Super comfortable,https://www.amazon.com/gp/customer-reviews/RC0CYADH3E6G8/ref=cm_cr_getr_d_rvw_ttl?ie=UTF8&ASIN=B07ZT8VLV4,"3.0 "," the United States "," January 19, 2021",Size: MediumColor: Gray Green,,Wrinkles Super easy! Very comfortable but I was a bit disappointed with the quality of the fabric.,
Amazon user,Don't bother,https://www.amazon.com/gp/customer-reviews/R18I14GF1ACOO4/ref=cm_cr_getr_d_rvw_ttl?ie=UTF8&ASIN=B07ZT8VLV4,"1.0 "," the United States "," January 15, 2021",Size: LargeColor: Black,Verified Purchase,The fabric was much cheaper than expected.,
Suzanne Craig,"The one I received was defective, unfortunately",https://www.amazon.com/gp/customer-reviews/R2991607FCX8J3/ref=cm_cr_getr_d_rvw_ttl?ie=UTF8&ASIN=B07ZT8VLV4,"1.0 "," the United States "," January 15, 2021",Size: SmallColor: Wine Red,Verified Purchase,"Unfortunately it was defective. There were no thumb holes and the shirt was short like a crop top. It was a nice, soft fabric, though. I sent it back.",
L. Snyder,Love this,https://www.amazon.com/gp/customer-reviews/R26N59904FO7QC/ref=cm_cr_getr_d_rvw_ttl?ie=UTF8&ASIN=B07ZT8VLV4,"5.0 "," the United States "," December 23, 2020",Size: SmallColor: White,Verified Purchase,"Fabulous value.  The shirt has style and the fabric is soft, stretchy and not too tight.",
NILIANA ETIENNE,Looks great!,https://www.amazon.com/gp/customer-reviews/R2KQZR1HOBLVGE/ref=cm_cr_getr_d_rvw_ttl?ie=UTF8&ASIN=B07ZT8VLV4,"5.0 "," the United States "," December 23, 2020",Size: LargeColor: Heather Gray,Verified Purchase,Bought this for a camping trip. Very comfortable to use while hiking,2
Danielle R.,Extreme Shrinkage,https://www.amazon.com/gp/customer-reviews/R3T8JXDY6N4YR/ref=cm_cr_getr_d_rvw_ttl?ie=UTF8&ASIN=B07ZT8VLV4,"1.0 "," the United States "," December 19, 2020",Size: MediumColor: Black,Verified Purchase,"This top is so disappointing. I love how soft it is but I have purchased a S and a M and each time, they have shrunk a ridiculous amount. I typically wear a Small, but with this top I probably need an XL to get the correct fit after washing/drying. For reference, I’m 5’4”, 130lbs.",
Carrie M.,Falls oddly in the back,https://www.amazon.com/gp/customer-reviews/RFSFCJMGJAS3S/ref=cm_cr_getr_d_rvw_ttl?ie=UTF8&ASIN=B07ZT8VLV4,"3.0 "," the United States "," December 15, 2020",Size: LargeColor: Navy Blue,Verified Purchase,"Quality and comfort are good.  Not flattering from the side, poofs out in the back oddly.  I still like it for a lightweight long sleeve workout shirt.",3
CyndiT,Wish I would’ve sized up,https://www.amazon.com/gp/customer-reviews/R3IQBRVGX2QHF5/ref=cm_cr_getr_d_rvw_ttl?ie=UTF8&ASIN=B07ZT8VLV4,"4.0 "," the United States "," November 20, 2020",Size: MediumColor: Rose,,"It’s actually true to size. I wear a S/M, 36 C, and I usually wear a M/L in my workout tops because I don’t like them to be too tight, ride up, or cling. The fabric is soft, thin, moisture-wicking, and stretchy. It didn’t ride up during my workouts. I like the detailing on the back although I do think it made my back look broader than it already is, coral color is really pretty, and the thumbholes. The sleeves were the perfect length for me and I did use the thumb holes but if u have long arms the sleeves might not fit right. It was comfortable to workout in but it wasn’t very flattering on me. It fits but I would’ve liked a looser and longer fit. It arrived really wrinkled but I just tossed it in the dryer and most of the wrinkles fell out.",6
Fabulous50,Items runs small,https://www.amazon.com/gp/customer-reviews/R2CMH7LKO8G921/ref=cm_cr_getr_d_rvw_ttl?ie=UTF8&ASIN=B07ZT8VLV4,"2.0 "," the United States "," November 17, 2020",Size: MediumColor: Black,Verified Purchase,This product runs small and would've ordered a larger size if know,
Becs,smaller than expected,https://www.amazon.com/gp/customer-reviews/R3QIWN0HIBR84E/ref=cm_cr_getr_d_rvw_ttl?ie=UTF8&ASIN=B07ZT8VLV4,"4.0 "," the United States "," November 15, 2020",Size: X-LargeColor: Navy Blue,,"Very cute long sleeved shirt, on the thin side, cute thumb holes. But definitely on the small side.",
mel,Like it,https://www.amazon.com/gp/customer-reviews/R1PN5JCNETPP7Q/ref=cm_cr_getr_d_rvw_ttl?ie=UTF8&ASIN=B07ZT8VLV4,"5.0 "," the United States "," October 21, 2020",Size: MediumColor: Gray,Verified Purchase,Soft,2
Andres Smith,Comfortable loose fit,https://www.amazon.com/gp/customer-reviews/R1LMVGTFVJK1XR/ref=cm_cr_getr_d_rvw_ttl?ie=UTF8&ASIN=B07ZT8VLV4,"4.0 "," the United States "," September 4, 2020",Size: SmallColor: White,,Use for walking and sun protection! Like white shirts for summer!,
Amazon Customer,Perfect Fit,https://www.amazon.com/gp/customer-reviews/RX8L2FJDVXI6X/ref=cm_cr_getr_d_rvw_ttl?ie=UTF8&ASIN=B07ZT8VLV4,"5.0 "," the United States "," August 21, 2020",Size: MediumColor: Black,Verified Purchase,"This top is so versatile. It looks good for dress, casual, and workouts. Material and style are awesome.",5
Mary E OConnor,Good price and looks great!,https://www.amazon.com/gp/customer-reviews/R14PB3G6U0M0YH/ref=cm_cr_getr_d_rvw_ttl?ie=UTF8&ASIN=B07ZT8VLV4,"5.0 "," the United States "," January 17, 2020",Size: MediumColor: Black,Verified Purchase,I love it… Good quality! It looks great. I can wear it with a pair of jeans and look good or even dress it up. It is more than a workout shirt.,4
Angela Lombardi,Great top,https://www.amazon.com/gp/customer-reviews/R2O3UJGVIUR93X/ref=cm_cr_getr_d_rvw_ttl?ie=UTF8&ASIN=B07ZT8VLV4,"5.0 "," the United States "," December 29, 2019",Size: SmallColor: Gray,Verified Purchase,Great top!,
Tac,"Super comfortable,great fit!",https://www.amazon.com/gp/customer-reviews/R26ZD4X4CVEMA/ref=cm_cr_getr_d_rvw_ttl?ie=UTF8&ASIN=B07ZT8VLV4,"5.0 "," the United States "," December 19, 2019",Size: SmallColor: Heather Gray,Verified Purchase,"Great material,gym or even a going out shirt!Love it!",2
