﻿评论用户,评论概述,评论链接,星级评分,评论地点,评论时间,类型,是否购买,评论详情,觉得该评论有帮助的人数
Alexa Licciardi,Amzing fit,https://www.amazon.com/gp/customer-reviews/R2QS0FTOOAQXGU/ref=cm_cr_getr_d_rvw_ttl?ie=UTF8&ASIN=B08ZYLY4C2,"5.0 "," the United States "," January 12, 2025",Color: 00off WhiteSize: Small,Verified Purchase,"I loved this product! It fits amazing, it’s so cute, & not expensive at all!",
ShamNashell,Cute and comfy not just for the gym,https://www.amazon.com/gp/customer-reviews/R355W8VJ75A47K/ref=cm_cr_getr_d_rvw_ttl?ie=UTF8&ASIN=B08ZYLY4C2,"5.0 "," the United States "," January 2, 2025",Color: 01blackSize: Large,Verified Purchase,Cute for all occasions. Wore this to the state fair and paired it with an oversize flannel. Match made in heaven. Also great for the gym.,
Tatyana Bonilla,👍,https://www.amazon.com/gp/customer-reviews/R26762B3BZW42Y/ref=cm_cr_getr_d_rvw_ttl?ie=UTF8&ASIN=B08ZYLY4C2,"5.0 "," the United States "," November 23, 2024",Color: 01blackSize: Medium,Verified Purchase,Fit great,
Dawn Adderley,Stretchy stretchy,https://www.amazon.com/gp/customer-reviews/R39QH9JOJSFEFJ/ref=cm_cr_getr_d_rvw_ttl?ie=UTF8&ASIN=B08ZYLY4C2,"3.0 "," the United States "," October 22, 2024",Color: 01rose RedSize: Medium,Verified Purchase,It’s really what you should expect. I got it for a group outfit. The colour is much lighter than I expected but it’s a thick enough material and the shorts are not too too short although I would have wanted a little longer. No sweat spots showed and it was definitely hot. I personally definitely needed a bra (strapless 34DDD) it’s soft but the fuzzy soft that would pill if against anything else. For my one time wear it was perfectly fine.,
Quiera Bailey,Love.,https://www.amazon.com/gp/customer-reviews/RMM6UC1X1YNIZ/ref=cm_cr_getr_d_rvw_ttl?ie=UTF8&ASIN=B08ZYLY4C2,"5.0 "," the United States "," October 20, 2024",,Verified Purchase,Great for quick little runs.,
Françelia Torres,Weird fit and see through,https://www.amazon.com/gp/customer-reviews/R3LF7DL8MMGMRF/ref=cm_cr_getr_d_rvw_ttl?ie=UTF8&ASIN=B08ZYLY4C2,"2.0 "," the United States "," September 19, 2024",Color: 01off WhiteSize: Small,Verified Purchase,"I had to return it because it fit very oddly, as it would crease in different places. The color is kind of see through too so be mindful when choosing a color.",
Amazon Customer,Not the best,https://www.amazon.com/gp/customer-reviews/R1BJGN911A2S5T/ref=cm_cr_getr_d_rvw_ttl?ie=UTF8&ASIN=B08ZYLY4C2,"3.0 "," the United States "," September 15, 2024",Color: 01blueSize: Medium,Verified Purchase,"I love the set but I’ve only worn it a few times and have experience multiple holes in the crotch stitching, so that makes me think it’s not the best quality. It isn’t see through and is very comfortable, just wish I didn’t have to re-sow the crotch stitching after a few wears!",
Frances,Top isn’t made well,https://www.amazon.com/gp/customer-reviews/RYDE0E7QBP897/ref=cm_cr_getr_d_rvw_ttl?ie=UTF8&ASIN=B08ZYLY4C2,"1.0 "," the United States "," September 10, 2024",Color: 01off WhiteSize: Medium,Verified Purchase,"The top isn’t built well, there is no support and the straps always slide off the shoulders",
Jessica,All around must have!,https://www.amazon.com/gp/customer-reviews/R3TV12W8PQC5N/ref=cm_cr_getr_d_rvw_ttl?ie=UTF8&ASIN=B08ZYLY4C2,"5.0 "," the United States "," August 18, 2024",,Verified Purchase,"LOVE the way this set fits— so flattering! The material is nice and thick, and the texture of the fabric pulls you in. Easily my favorite thing to wear to the gym, as well as around town running errands. Originally I bought the orange set, and loved it so much I had to get the green!",
Higher Baby,The purple💜💜,https://www.amazon.com/gp/customer-reviews/R2R772O3LOIEQT/ref=cm_cr_getr_d_rvw_ttl?ie=UTF8&ASIN=B08ZYLY4C2,"4.0 "," the United States "," July 30, 2024",Color: 01purpleSize: Medium,Verified Purchase,For ref I’m 5’1 109lbs & got medium. I find myself ordering mediums in these types of outfits. I can get in the small no problem but I don’t like it that tight & medium fine! The shoulder straps on this one are tiny but long but I will have my seamstress fix. The purple is GORGEOUS!!!!,
antoya mandall,Perfect,https://www.amazon.com/gp/customer-reviews/R1MIL2SHQCZMBZ/ref=cm_cr_getr_d_rvw_ttl?ie=UTF8&ASIN=B08ZYLY4C2,"5.0 "," the United States "," July 17, 2024",Color: 01off WhiteSize: Medium,Verified Purchase,"Exactly like the picture except for the top and bottoms have more of a gap apart not so close together but not terrible. it’s ribbed and stretchy, not thin at all. I ordered the cream color so it’s exactly like the picture. I recommend staying true to size. I’m 5’7 and about 135, and a 2 or 4 in shorts and jeans and I ordered a medium and it fit great.",
Vee,Good material.,https://www.amazon.com/gp/customer-reviews/R2T28YC5GPDAL7/ref=cm_cr_getr_d_rvw_ttl?ie=UTF8&ASIN=B08ZYLY4C2,"5.0 "," the United States "," July 13, 2024",,Verified Purchase,This is a good material and it fits true to size. It’s very comfortable you could dress it up or down.,
Brielle henne,Great fit not too tight,https://www.amazon.com/gp/customer-reviews/RLTOTSOV0LG32/ref=cm_cr_getr_d_rvw_ttl?ie=UTF8&ASIN=B08ZYLY4C2,"5.0 "," the United States "," July 3, 2024",Color: 03rose RedSize: Small,Verified Purchase,Love it I want more colors of it,
Spanish Monroe,Love it omg!,https://www.amazon.com/gp/customer-reviews/R45WN51TTSH1X/ref=cm_cr_getr_d_rvw_ttl?ie=UTF8&ASIN=B08ZYLY4C2,"5.0 "," the United States "," July 1, 2024",Color: 001whiteSize: Large,Verified Purchase,Loved it super thick material great quality not see through,
Brittany,Ok but not great,https://www.amazon.com/gp/customer-reviews/R15SGVGTMTBNAL/ref=cm_cr_getr_d_rvw_ttl?ie=UTF8&ASIN=B08ZYLY4C2,"3.0 "," the United States "," June 18, 2024",Color: 01blackSize: Medium,Verified Purchase,It’s ok. I do not like that there’s no seam on the butt it makes it feel like a tight diaper. If there’s nothing else clean I’ll wear it but it’s also not very breathable and the size is not true to size. It’s small.,
Roxy B,Love this set!,https://www.amazon.com/gp/customer-reviews/R34UWT6XVWQPJU/ref=cm_cr_getr_d_rvw_ttl?ie=UTF8&ASIN=B08ZYLY4C2,"5.0 "," the United States "," June 12, 2024",Color: 01purpleSize: Medium,Verified Purchase,"Size medium 5'8"" 135 lbs the compression in these is so flattering!",
Brandon,Cute outfit,https://www.amazon.com/gp/customer-reviews/R3VTBGWFDNUKWW/ref=cm_cr_getr_d_rvw_ttl?ie=UTF8&ASIN=B08ZYLY4C2,"3.0 "," the United States "," June 10, 2024",,Verified Purchase,This outfit is really cute! It keeps everything tight and smooth out but my only complaint is the top. I think the straps are too wide apart so it falls down my shoulders a lot. The fabric is thick and not see through at all! I recommend to  try it!,
Amazon Customer,This is not the color of this set. 😒,https://www.amazon.com/gp/customer-reviews/R2B050BORK3LBO/ref=cm_cr_getr_d_rvw_ttl?ie=UTF8&ASIN=B08ZYLY4C2,"1.0 "," the United States "," June 1, 2024",Color: 01rose RedSize: Large,Verified Purchase,Ugly color pink not.hot pink 😶‍🌫️,
Amber,Not perfect but okay.,https://www.amazon.com/gp/customer-reviews/R3IXWK60OC6IW8/ref=cm_cr_getr_d_rvw_ttl?ie=UTF8&ASIN=B08ZYLY4C2,"4.0 "," the United States "," April 3, 2024",Color: 01off WhiteSize: Large,Verified Purchase,"I got the cream set. It’s okay, definitely sheer so wear the appropriate underwear. I like the compression and how it sucks you in, but sheer so maybe I’ll try another color. This would be definitely great for working out or lounging around the house. I paired mine with a jeans jacket and some Steve Madden chunky cream sneaks, and a sling bag. It was a cute causal outfit for traveling.",
louis,Great product,https://www.amazon.com/gp/customer-reviews/R21PGU7KDGMN1F/ref=cm_cr_getr_d_rvw_ttl?ie=UTF8&ASIN=B08ZYLY4C2,"5.0 "," the United States "," March 20, 2024",Color: 01blackSize: Large,Verified Purchase,This product is great. The material is amazing and it snatches you in the right places. I felt super good wearing this.,
Shanie,Comfy and supportive,https://www.amazon.com/gp/customer-reviews/R1ZA1R9UXM4FX9/ref=cm_cr_getr_d_rvw_ttl?ie=UTF8&ASIN=B08ZYLY4C2,"5.0 "," the United States "," March 18, 2024",Color: 01blueSize: X-Large,Verified Purchase,"I workout and this set is so cute and flattering! The shorts don’t roll up and they are a great length, also doesn’t show sweat for the girls who do!",
Cora,Shorts roll down at the waist and up at the legs !!!,https://www.amazon.com/gp/customer-reviews/RMZXKLRL8ZI2Z/ref=cm_cr_getr_d_rvw_ttl?ie=UTF8&ASIN=B08ZYLY4C2,"1.0 "," the United States "," March 11, 2024",Color: 01blackSize: Medium,Verified Purchase,"Super cute and sucks you in but the shorts roll horribly. I can’t stand up, walk around, or sit down without them rolling up or down.",
Hayley Gomez,cute set!,https://www.amazon.com/gp/customer-reviews/RZ5U8G1WTGNB4/ref=cm_cr_getr_d_rvw_ttl?ie=UTF8&ASIN=B08ZYLY4C2,"5.0 "," the United States "," January 29, 2024",Color: 01blueSize: Medium,Verified Purchase,"I ordered this set in hopes of it being something cute and stretchy to wear while pregnant but also something that would fit long after my son is here. It did not disappoint! Super cute, not see through, stretchy….i love it. I’m 5’3ish and In the picture attached I’m around 20 weeks pregnant and about 127 lbs. Pre pregnancy I’m 120-123lbs. I’m usually a size small in most things, but I’ve found that when Amazon clothes shopping sizes vary greatly and often run smaller than anticipated. Based on reviews and sizing chart I went with a medium as some sports bra tops in small actually end up riding up and not quite fitting my chest area even if I’m overall petite. This size fits perfectly with my bump and I think it’ll fit just fine when my bump is gone.",
C. Woodberry,Good but not good enough,https://www.amazon.com/gp/customer-reviews/R2L4538LKI6VMT/ref=cm_cr_getr_d_rvw_ttl?ie=UTF8&ASIN=B08ZYLY4C2,"2.0 "," the United States "," January 12, 2024",,Verified Purchase,"The set is cute. The set is thick. The material feels as if it will get lint balls on it easily when washing it. For it to be close to $40 I expect it to be brand new. I opened the package today. I received it with stains on it. The bra top clearly has deodorant stains near the arm pit area. This is unacceptable. The company needs to be more careful and attentive when shipping out for new orders. I’m looking for a new-used experience. I paid for new and new is what I am due. Other than that, the color is nice and true to photo and it has, from what I can tell, good stretch to it. I don’t know that it is with $40 tho. $29.99 at most.",
Tamera Williams,You’ll love the set!,https://www.amazon.com/gp/customer-reviews/R2P2A280L8JDA/ref=cm_cr_getr_d_rvw_ttl?ie=UTF8&ASIN=B08ZYLY4C2,"5.0 "," the United States "," December 31, 2023",,Verified Purchase,"As soon as I’m done with this review, I’m going to purchase another set! Lol I love it! It’s perfect for my casual lifestyle. Very cute. Can be dressed up or down. My only thing about the cream colored one is that the pants are slightly see through, but I can live with that because a long shirt/cute jacket or a pair of nude underwear do the trick for me (brown skin). I’m definitely going back to get other colors!",
Amazon Customer,Great quality,https://www.amazon.com/gp/customer-reviews/RRLI1QWVSTDW6/ref=cm_cr_getr_d_rvw_ttl?ie=UTF8&ASIN=B08ZYLY4C2,"5.0 "," the United States "," December 15, 2023",,Verified Purchase,Great quality and it’s so stylish,
S.,cute,https://www.amazon.com/gp/customer-reviews/R3OBHX81K5KA73/ref=cm_cr_getr_d_rvw_ttl?ie=UTF8&ASIN=B08ZYLY4C2,"5.0 "," the United States "," December 9, 2023",Color: 01off WhiteSize: Small,Verified Purchase,soft and nice color,
DuchessP,Nice Fabric but….,https://www.amazon.com/gp/customer-reviews/R3PGPB7TORIMR1/ref=cm_cr_getr_d_rvw_ttl?ie=UTF8&ASIN=B08ZYLY4C2,"4.0 "," the United States "," November 26, 2023",,Verified Purchase,I returned. I need pockets and a bra top that does not create uniboob. If you’re not concerned about these things then you’ll enjoy the stretch.,
Amazon Customer,Fits great,https://www.amazon.com/gp/customer-reviews/RNCBUHRVGL968/ref=cm_cr_getr_d_rvw_ttl?ie=UTF8&ASIN=B08ZYLY4C2,"5.0 "," the United States "," November 18, 2023",,Verified Purchase,Love how it fits. Very comfy,
Quin,Perfect set,https://www.amazon.com/gp/customer-reviews/R2LJJNVIGD3P38/ref=cm_cr_getr_d_rvw_ttl?ie=UTF8&ASIN=B08ZYLY4C2,"5.0 "," the United States "," November 17, 2023",,Verified Purchase,This is a really cute set that fits true to size. I usually wear a L and that’s what I got and it fits great!,
Danielle Thomas,Love.,https://www.amazon.com/gp/customer-reviews/RBL9CRBQA4FQ1/ref=cm_cr_getr_d_rvw_ttl?ie=UTF8&ASIN=B08ZYLY4C2,"5.0 "," the United States "," November 15, 2023",,,The bottoms fit amazing the top is a little loose on the shoulders. I just wear this to walk on the treadmill. I’m a 36DD and bending over to do any exercises it shows way too much cleavage. I love the black color it’s very sliming and the leggings hold in some of my belly fat. For size reference I’m 5foot8 a size 28 or size 8 in pants and I’m a 36DD and I bought a large size fits perfect.,
Amanda,Flattering and Fitted!,https://www.amazon.com/gp/customer-reviews/R1KJYA1QDMPZDT/ref=cm_cr_getr_d_rvw_ttl?ie=UTF8&ASIN=B08ZYLY4C2,"5.0 "," the United States "," November 11, 2023",,Verified Purchase,,
Denise,See through but so cute,https://www.amazon.com/gp/customer-reviews/R1HBH8UXDLSFPT/ref=cm_cr_getr_d_rvw_ttl?ie=UTF8&ASIN=B08ZYLY4C2,"4.0 "," the United States "," November 8, 2023",Color: 01off WhiteSize: Medium,Verified Purchase,"True to size, super chic and cute. The cream option is see through, you can see your underwear haha but wear nude underwear or none at all and you’re good! Lol",
Shani,Missing one pad for bra,https://www.amazon.com/gp/customer-reviews/R3OXGXBLJBKJ4I/ref=cm_cr_getr_d_rvw_ttl?ie=UTF8&ASIN=B08ZYLY4C2,"1.0 "," the United States "," November 6, 2023",,Verified Purchase,Did not appreciate the missing pad . Definitely get what you pay for. ..,
Daisy rangel,See through,https://www.amazon.com/gp/customer-reviews/R3T04LM45Z062Y/ref=cm_cr_getr_d_rvw_ttl?ie=UTF8&ASIN=B08ZYLY4C2,"3.0 "," the United States "," November 3, 2023",,Verified Purchase,I wanted to love it but it was totally see through. I have bought same type of material but thicker for a cheaper price. Not worth it!,
Gina Smith,SOOOO CUTE AND COZY,https://www.amazon.com/gp/customer-reviews/R22OJKPH82STVE/ref=cm_cr_getr_d_rvw_ttl?ie=UTF8&ASIN=B08ZYLY4C2,"4.0 "," the United States "," October 31, 2023",Color: 01off WhiteSize: X-Large,Verified Purchase,"This set is amazing! Super cute and super cozy/soft. Material is very thick and well made, and the cream color is beautiful. It’s like an eggshell/ivory, looks pretty. As someone with a pooch, it does show it, but the color and quality is so good, I felt pretty enough to keep it. Definitely recommend.",
Jude,Compression tight,https://www.amazon.com/gp/customer-reviews/RXAMUFV4BXWMF/ref=cm_cr_getr_d_rvw_ttl?ie=UTF8&ASIN=B08ZYLY4C2,"1.0 "," the United States "," October 30, 2023",,Verified Purchase,"I didn't like the quality,  so tight that I felt like the shorts were digging into my skin",
Natika,Cute set,https://www.amazon.com/gp/customer-reviews/RMGSN28220NQW/ref=cm_cr_getr_d_rvw_ttl?ie=UTF8&ASIN=B08ZYLY4C2,"5.0 "," the United States "," October 25, 2023",,Verified Purchase,Very cute and flattering set. It is a little on the thicker side and nice quality. I bought this set in three colors.,
Andrea G,Great Quality and Nice Fit,https://www.amazon.com/gp/customer-reviews/RY4NHL2N2J9C6/ref=cm_cr_getr_d_rvw_ttl?ie=UTF8&ASIN=B08ZYLY4C2,"5.0 "," the United States "," October 24, 2023",,Verified Purchase,Definitely a nice set! Would recommend it to anyone interested,
Nadine de la Cruz,Over wear these and then some,https://www.amazon.com/gp/customer-reviews/R21PLDPQDT475K/ref=cm_cr_getr_d_rvw_ttl?ie=UTF8&ASIN=B08ZYLY4C2,"4.0 "," the United States "," October 19, 2023",,Verified Purchase,These are not see through. They are thick and stretchy. They suck everyrhing In. These are my go to leggings I love them. I ordered another pair. Gets my pansa in check for all occasions. The bra can be comfy however the straps are really long and not adjustable so it kinda looks weird on my chest. Overall great purchase,
unknown,...,https://www.amazon.com/gp/customer-reviews/R28KON2O9UAL4N/ref=cm_cr_getr_d_rvw_ttl?ie=UTF8&ASIN=B08ZYLY4C2,"1.0 "," the United States "," October 12, 2023",,Verified Purchase,the outfit came dirty! other then that its cool,
Haydee Gonzalez,See through,https://www.amazon.com/gp/customer-reviews/R1Z3XMHNLW70RX/ref=cm_cr_getr_d_rvw_ttl?ie=UTF8&ASIN=B08ZYLY4C2,"3.0 "," the United States "," October 12, 2023",,Verified Purchase,"It’s cute, true to size, but extremely see through",
Meagan,Perfect!,https://www.amazon.com/gp/customer-reviews/RCGUYS2BHE4QE/ref=cm_cr_getr_d_rvw_ttl?ie=UTF8&ASIN=B08ZYLY4C2,"5.0 "," the United States "," October 10, 2023",Color: 01off WhiteSize: Large,Verified Purchase,"I love this outfit! I’m a 36G, 181 pounds and 5’3. I got a large. Perfect for vacation",7
elliesmom,Color is exactly the same,https://www.amazon.com/gp/customer-reviews/R1OOVPVKO0UM27/ref=cm_cr_getr_d_rvw_ttl?ie=UTF8&ASIN=B08ZYLY4C2,"5.0 "," the United States "," October 8, 2023",Color: 01blueSize: Medium,Verified Purchase,Comfortable and pretty color.,
Lacy Ellis,Great purchase,https://www.amazon.com/gp/customer-reviews/ROT9IH1AL2E/ref=cm_cr_getr_d_rvw_ttl?ie=UTF8&ASIN=B08ZYLY4C2,"5.0 "," the United States "," October 4, 2023",Color: 01rose RedSize: Medium,Verified Purchase,High quality.,
Ana H.,"Top runs big, not flattering on tummy or butt",https://www.amazon.com/gp/customer-reviews/RQPCMKKIEOSVH/ref=cm_cr_getr_d_rvw_ttl?ie=UTF8&ASIN=B08ZYLY4C2,"2.0 "," the United States "," October 3, 2023",Color: 01rose RedSize: Large,Verified Purchase,"There was quite a difference between the top and the bottom. I'm 5'9 150 pounds, got the large. The top was pretty big on me, especially the straps. The bottom was okay but has 0 compression under the waistband, which highlights your lower belly. Butt also has no seam, so unless you shove it between your cheeks, you will look shapeless.",
shanel,Color is not like the pic,https://www.amazon.com/gp/customer-reviews/R2QXYP2P8SHHQZ/ref=cm_cr_getr_d_rvw_ttl?ie=UTF8&ASIN=B08ZYLY4C2,"4.0 "," the United States "," September 27, 2023",,Verified Purchase,I was hoping it would look more rust color the pic but it's definitely brown,
Tiasha Lucas,Cute fit,https://www.amazon.com/gp/customer-reviews/R1T0FFCU7TQBG6/ref=cm_cr_getr_d_rvw_ttl?ie=UTF8&ASIN=B08ZYLY4C2,"5.0 "," the United States "," September 24, 2023",,Verified Purchase,"This is good quality material and looks like the photo. Fit a little tight on the legs, I’m a size xsmall /small (they do have some stretch though) and top fit true to size",
Laporshia hadnot,Great outfit,https://www.amazon.com/gp/customer-reviews/R3IJL49K2FCTBN/ref=cm_cr_getr_d_rvw_ttl?ie=UTF8&ASIN=B08ZYLY4C2,"5.0 "," the United States "," September 24, 2023",,Verified Purchase,,
Sydni,Thickness,https://www.amazon.com/gp/customer-reviews/R1N0XHWQJL93NH/ref=cm_cr_getr_d_rvw_ttl?ie=UTF8&ASIN=B08ZYLY4C2,"5.0 "," the United States "," September 19, 2023",,Verified Purchase,I love this eat! IIt’s This high quality fabric! I really like the fit! Material is flexible and thick! Highly recommend!!,
Denise,Comfy,https://www.amazon.com/gp/customer-reviews/RWLIQBSFV1D1M/ref=cm_cr_getr_d_rvw_ttl?ie=UTF8&ASIN=B08ZYLY4C2,"5.0 "," the United States "," September 18, 2023",Color: 01blueSize: Medium,Verified Purchase,Love the fit. So comfortable. Only thing is my straps keep falling off my shoulders. I don’t know if it’s to wide. But I can’t go down a size because then it won’t fit on my chest. Other then that. Super cute.,
Shawna Scott,Perfect,https://www.amazon.com/gp/customer-reviews/R3G9UMUYG3D282/ref=cm_cr_getr_d_rvw_ttl?ie=UTF8&ASIN=B08ZYLY4C2,"5.0 "," the United States "," September 16, 2023",,Verified Purchase,I’m 210 pounds and it fits me perfect and looks great !,
Monsheri,Love the fit and material,https://www.amazon.com/gp/customer-reviews/R1LETGZG8XNSND/ref=cm_cr_getr_d_rvw_ttl?ie=UTF8&ASIN=B08ZYLY4C2,"5.0 "," the United States "," September 15, 2023",,Verified Purchase,I love the fit and texture of the material.  I ordered one size up so a medium instead of a small and I’m happy I did!  I wanna get them in all colors.,
Nah,Gift,https://www.amazon.com/gp/customer-reviews/R2XXHFVPG9CYQY/ref=cm_cr_getr_d_rvw_ttl?ie=UTF8&ASIN=B08ZYLY4C2,"5.0 "," the United States "," September 6, 2023",Color: 01off WhiteSize: Large,Verified Purchase,"They were a gift so I actually don’t know any details. However, I didn’t get any complaints so I think it worked out fine",
Makenzie George,Way too small,https://www.amazon.com/gp/customer-reviews/RG0YO81P5KA5P/ref=cm_cr_getr_d_rvw_ttl?ie=UTF8&ASIN=B08ZYLY4C2,"1.0 "," the United States "," September 4, 2023",,Verified Purchase,I got a large and it’s DEFINITELY not true to size. I was shocked when I pulled it out of the bag. Looks like it’s for a small child. The fabric does seem decent for the price though.,
Winnie,So comfy!,https://www.amazon.com/gp/customer-reviews/R3PKEZ29DKHWWG/ref=cm_cr_getr_d_rvw_ttl?ie=UTF8&ASIN=B08ZYLY4C2,"5.0 "," the United States "," August 30, 2023",,Verified Purchase,"I love these. I ordered two more sets because not only is this comfy, but it's versatile.",
Oliphant,Cute & Comfortable!,https://www.amazon.com/gp/customer-reviews/RO8QFP8J2GFVH/ref=cm_cr_getr_d_rvw_ttl?ie=UTF8&ASIN=B08ZYLY4C2,"5.0 "," the United States "," August 30, 2023",,Verified Purchase,"I'm 5'4"" 130 lbs, usually wear a small top and size 4-6 pants. I purchased this set in a size small, which fit me perfectly. I do have thicker thighs and a smaller waist but did not have any problem with the band rolling down or pant legs riding up. The material is ribbed and relatively thick making it flattering on all body types. Overall, this set is extremely comfortable. I intend to buy additional sets in more colors!",3
Anon,Cute! Recommend,https://www.amazon.com/gp/customer-reviews/R29XWXTCVORZOL/ref=cm_cr_getr_d_rvw_ttl?ie=UTF8&ASIN=B08ZYLY4C2,"5.0 "," the United States "," August 26, 2023",,Verified Purchase,"Cute, I’m 6ft tall 140lbs and got the XS, that is how stretch these are. Color holds up after washes, cute set. Buy it! I wish the straps were tighter as some times they slide off my shoulders but not a deal breaker",
Leslie,Top not adjustable,https://www.amazon.com/gp/customer-reviews/RNS3B1BFKI0RB/ref=cm_cr_getr_d_rvw_ttl?ie=UTF8&ASIN=B08ZYLY4C2,"3.0 "," the United States "," August 23, 2023",Color: 01rose RedSize: Small,Verified Purchase,Very cute but the top is not adjustable and it sits on my chest way too low,
Kayla Williams,Hugs my curves,https://www.amazon.com/gp/customer-reviews/RFQ3GBEUVA1Y0/ref=cm_cr_getr_d_rvw_ttl?ie=UTF8&ASIN=B08ZYLY4C2,"5.0 "," the United States "," August 16, 2023",,Verified Purchase,True to size Holds me in Fabric soft,
Grace Dupon,AMAZING FOR PLUS SIZED GIRLIES,https://www.amazon.com/gp/customer-reviews/RH3XXFQN8H7P9/ref=cm_cr_getr_d_rvw_ttl?ie=UTF8&ASIN=B08ZYLY4C2,"5.0 "," the United States "," August 15, 2023",Color: 01blueSize: X-Large,Verified Purchase,"I bought this for casual wear and for working out. This is easily one of the best purchases I've made when it comes to plus sized clothing. The color is beautiful, the quality is amazing, and it fits like a glove, it's super stretchy and yet fits snug enough so I don't have to adjust everything constantly. Here is the best part: NO CHAFING!!! When I get more money I am DEFINITELY buying more colors😂.  For reference I am 5'5"" and 230LBS",18
Zara,Not gym approved,https://www.amazon.com/gp/customer-reviews/RLSW5WISG7PK9/ref=cm_cr_getr_d_rvw_ttl?ie=UTF8&ASIN=B08ZYLY4C2,"2.0 "," the United States "," August 14, 2023",,Verified Purchase,"One side of the crotch completely split/unraveled after 2 months. I wore them on non-squat days, so the pants were worn on light days. Can’t return. Not worth the money. Wish they would have lasted or I could have them replaced for the defective pants.",
A Nicole Anderson,Love it,https://www.amazon.com/gp/customer-reviews/R12LLVR8G52GM8/ref=cm_cr_getr_d_rvw_ttl?ie=UTF8&ASIN=B08ZYLY4C2,"5.0 "," the United States "," August 14, 2023",,Verified Purchase,I want more now that I see how it fits. Snug and comfortable in all the right places. True to size and was great for my yoga class and light workout!,
Summer,Just buy it! Just buy a few!,https://www.amazon.com/gp/customer-reviews/R2LCCQXD6VHCXH/ref=cm_cr_getr_d_rvw_ttl?ie=UTF8&ASIN=B08ZYLY4C2,"4.0 "," the United States "," August 13, 2023",Color: 01off WhiteSize: X-Large,Verified Purchase,"I bought the off white one first and would have given it a 5/5 but it can’t be worn alone. You can completely see your underwear through it. However one of the reasons I bought the color was so it could be worn under a few of my rompers and dresses. I absolutely love the fit, I got the XL, I’m at 12-14 typically, it fits perfect. So I bought 2 more colors, hoping they aren’t as see through🤞🖤🤎",
Laura,Love it,https://www.amazon.com/gp/customer-reviews/R3GAKWL1A8CF3B/ref=cm_cr_getr_d_rvw_ttl?ie=UTF8&ASIN=B08ZYLY4C2,"5.0 "," the United States "," August 12, 2023",,Verified Purchase,It fits true to size and shapes the body very well.,
Amazon Customer,See through,https://www.amazon.com/gp/customer-reviews/R33OJIAPH9AW8A/ref=cm_cr_getr_d_rvw_ttl?ie=UTF8&ASIN=B08ZYLY4C2,"2.0 "," the United States "," August 12, 2023",Color: 01off WhiteSize: Small,Verified Purchase,I loved the way it fit but have to return because the color is completely see through even with nude panties. Will purchase in black,
Tiffany Liggett,Flattering and cute!,https://www.amazon.com/gp/customer-reviews/RP3S6GNVL351X/ref=cm_cr_getr_d_rvw_ttl?ie=UTF8&ASIN=B08ZYLY4C2,"5.0 "," the United States "," August 1, 2023",Color: 01blueSize: Small,Verified Purchase,I love this set! It fits like a glove and it’s super comfortable. The shorts don’t ride up and the material is light and breathable. Highly recommend!,
Shelby,Great material,https://www.amazon.com/gp/customer-reviews/R29694K5HSP59D/ref=cm_cr_getr_d_rvw_ttl?ie=UTF8&ASIN=B08ZYLY4C2,"5.0 "," the United States "," August 1, 2023",Color: 01off WhiteSize: Large,Verified Purchase,"I fell in love with this outfit! Will be ordering more. I am 5’10, 28’ waist, 184lbs. I got a large could have got a medium but large still works",
Katelyn Citelli Powell,Does the job,https://www.amazon.com/gp/customer-reviews/R2JU0H6UTUOQMG/ref=cm_cr_getr_d_rvw_ttl?ie=UTF8&ASIN=B08ZYLY4C2,"3.0 "," the United States "," July 25, 2023",Color: 01blackSize: Large,Verified Purchase,"I love these types of sets and was on the fence about getting this one. Finally snagged it during Prime Day and I am slightly disappointed. Its fine, and I by no means have the same body type as the model but its an odd fit. I liked the shorts, but the top is not made for a busty gal who doesn't want it all hanging out. Ultimately I would try to size up to see if the top is better but not in a rush. Does the job for now, glad I tried it.",
Charm,Way too small,https://www.amazon.com/gp/customer-reviews/R1XQJVD0UFN1BB/ref=cm_cr_getr_d_rvw_ttl?ie=UTF8&ASIN=B08ZYLY4C2,"1.0 "," the United States "," July 25, 2023",Color: 01blackSize: Medium,Verified Purchase,I ordered a medium and it fit like an extra small,
AH,So cute!!,https://www.amazon.com/gp/customer-reviews/R8I4C1WNEU7II/ref=cm_cr_getr_d_rvw_ttl?ie=UTF8&ASIN=B08ZYLY4C2,"4.0 "," the United States "," July 25, 2023",Color: 01rose RedSize: Medium,Verified Purchase,I love these outfits the only thing that I dislike is the straps don’t have a tight fit like everything else but that’s not a big deal for me. Getting more colors.,
Livia Maebee,Great fit and comfortable!,https://www.amazon.com/gp/customer-reviews/R2M79QBJKAG7BS/ref=cm_cr_getr_d_rvw_ttl?ie=UTF8&ASIN=B08ZYLY4C2,"5.0 "," the United States "," July 25, 2023",,Verified Purchase,"I’m 5’0” and my weight fluctuated so much during the pandemic and went up to 155/160. I’ve been struggling to find stuff that fits me online and I guess I count as “plus size” now. These were SO comfortable. Just ONE thing! If you’re going to buy the BROWN one, don’t! The color is off! Other than that it was a great buy. I got it in black and red as well. The brown is way too close to the red color and nothing like the shade in the picture.",2
DD,Really nice,https://www.amazon.com/gp/customer-reviews/R3RZWBMITP2UWK/ref=cm_cr_getr_d_rvw_ttl?ie=UTF8&ASIN=B08ZYLY4C2,"5.0 "," the United States "," July 24, 2023",,Verified Purchase,"It’s fits really good! I was hesitant to buy it because I’ve never ordered from Amazon before, but I’m glad I did. You can wear it without a bra it keeps you secured. I’m 5’5 250 pounds my boobs are G cup. It’s perfect I wish they had more colors and a more sizes to.",2
Lenaglomez,See through,https://www.amazon.com/gp/customer-reviews/R362GDD2A0JM1N/ref=cm_cr_getr_d_rvw_ttl?ie=UTF8&ASIN=B08ZYLY4C2,"1.0 "," the United States "," July 22, 2023",Color: 01off WhiteSize: Medium,Verified Purchase,Bottoms are see through completely can’t wear outside,
Jazzmin Hoffman,Perfect fit,https://www.amazon.com/gp/customer-reviews/RFHNSX3AU8YSU/ref=cm_cr_getr_d_rvw_ttl?ie=UTF8&ASIN=B08ZYLY4C2,"5.0 "," the United States "," July 22, 2023",Color: 01blackSize: Medium,Verified Purchase,I was scared to get a medium but it fit perfectly once I put it on it was a bit snug but it loosened up I weigh 160 and wore a medium and it was everything,
Alli,Really good material,https://www.amazon.com/gp/customer-reviews/R3A5KMZ3IBQMFD/ref=cm_cr_getr_d_rvw_ttl?ie=UTF8&ASIN=B08ZYLY4C2,"4.0 "," the United States "," July 20, 2023",,Verified Purchase,I love it but it's too big for. I'm ordering an L,
Rebecca,Great set!,https://www.amazon.com/gp/customer-reviews/R3K6DCT5BMUV7T/ref=cm_cr_getr_d_rvw_ttl?ie=UTF8&ASIN=B08ZYLY4C2,"4.0 "," the United States "," July 18, 2023",Color: 01blackSize: Medium,Verified Purchase,"I really like this set. It is made of a relatively thick, ribbed material which is flattering on all bodies. I am approximately 160 lbs and usually wear a medium top and size 8-10 bottoms. I purchased this set in a size medium - which was right for the top. I do wish I could have purchased the bottoms separately as a large would fit me better. The waist band of the shorts rolls down ever so slightly and the bottom of the shorts ride up on my thighs some after movement. But, as a woman with thicker thighs, I find the riding up happens with virtually all shorts. I will say I still find this set to be comfortable, compressive/holds in the tummy, flattering, and is not see through. I intend to buy additional sets in more colors!",9
Karen Ebanks,Super Cute,https://www.amazon.com/gp/customer-reviews/R1FTJ3QWKPKW7H/ref=cm_cr_getr_d_rvw_ttl?ie=UTF8&ASIN=B08ZYLY4C2,"5.0 "," the United States "," July 15, 2023",Color: 01blueSize: X-Large,Verified Purchase,Im 170lbs and purchased a large . Love this suit! Nice stretch great fit. Will definitely get in another color.,
AnaMaria Chavez,They're Perfect!,https://www.amazon.com/gp/customer-reviews/R347IOVCHKANF6/ref=cm_cr_getr_d_rvw_ttl?ie=UTF8&ASIN=B08ZYLY4C2,"5.0 "," the United States "," July 13, 2023",,Verified Purchase,"I love them! It fits good, not too tight, length on the legs is perfect length for no chaffing, just overall great! I love them!",
Amanda,Comfortable,https://www.amazon.com/gp/customer-reviews/R12SOD9XMRKW51/ref=cm_cr_getr_d_rvw_ttl?ie=UTF8&ASIN=B08ZYLY4C2,"5.0 "," the United States "," July 11, 2023",,Verified Purchase,Love these sets ! Have them in different colors,
Makayla,Very comfortable but the color looks nothing like the picture,https://www.amazon.com/gp/customer-reviews/R1UUKY67M2S601/ref=cm_cr_getr_d_rvw_ttl?ie=UTF8&ASIN=B08ZYLY4C2,"4.0 "," the United States "," July 10, 2023",,Verified Purchase,The fitting is very nice but the color is nothing like in the picture it’s more of a orangish color not brown or tan-ish DISAPPOINTMENT but I made it work,5
alaina dilone,Perfect,https://www.amazon.com/gp/customer-reviews/R1TBFDV1CVFFKO/ref=cm_cr_getr_d_rvw_ttl?ie=UTF8&ASIN=B08ZYLY4C2,"5.0 "," the United States "," July 10, 2023",,Verified Purchase,"Fits great in every way! Great, yet comfortable compression, holds in the girls and it’s the perfect length. I’m 5’ and they fall right about my ankle. They’re thick and opaque and even in the summer they’re great to wear in the heat. This outfit is so cute & multi functional. I’ll be ordering more colors for sure!!",10
Rachel,Love the material.,https://www.amazon.com/gp/customer-reviews/R34J9V5EQROT7/ref=cm_cr_getr_d_rvw_ttl?ie=UTF8&ASIN=B08ZYLY4C2,"5.0 "," the United States "," July 7, 2023",Color: 00blackSize: Medium,Verified Purchase,Fits perfectly according to the size chart. Good quality material. Even with the one shoulder I still feel like I could get a lot of movement and still feel supported.,
Starkisha,Cheaply made,https://www.amazon.com/gp/customer-reviews/R1Z6CEHWR0D2O3/ref=cm_cr_getr_d_rvw_ttl?ie=UTF8&ASIN=B08ZYLY4C2,"1.0 "," the United States "," July 5, 2023",,Verified Purchase,"I ordered the black one, it was nice so I ordered the burgundy in the same size. The sizing is different and it ripped after wearing it for 2 hours.",
Brenda C.,Runs small,https://www.amazon.com/gp/customer-reviews/R2GU7YN332UIFI/ref=cm_cr_getr_d_rvw_ttl?ie=UTF8&ASIN=B08ZYLY4C2,"3.0 "," the United States "," July 3, 2023",,Verified Purchase,I bought XL and bra is so tight and shorts are run small too. Size up,
Amazon Customer,Meh,https://www.amazon.com/gp/customer-reviews/RHMSQYVRHYWDA/ref=cm_cr_getr_d_rvw_ttl?ie=UTF8&ASIN=B08ZYLY4C2,"2.0 "," the United States "," July 2, 2023",,Verified Purchase,Ripping at seams (leggings) already after only a handful of wears and washes. You def get what you pay for. If you only plan to wear once or twice super cute but does not hold up. The bra is very comfortable and still holding up,
Lindsey Andrews,PLEASE PURCHASE,https://www.amazon.com/gp/customer-reviews/R3FAQMG0W56AHM/ref=cm_cr_getr_d_rvw_ttl?ie=UTF8&ASIN=B08ZYLY4C2,"5.0 "," the United States "," July 1, 2023",Color: 01off WhiteSize: Medium,Verified Purchase,"I love this set! BUTTER SOFT material, and it has great compression. Does great at squeezing your stomach! I would size down!",
Kim C,Great set for the price!,https://www.amazon.com/gp/customer-reviews/R25QRXXA7NHV7G/ref=cm_cr_getr_d_rvw_ttl?ie=UTF8&ASIN=B08ZYLY4C2,"5.0 "," the United States "," July 1, 2023",,Verified Purchase,"I am usually a size medium and that’s what I ordered and this fit true to size.  This set was better quality than I expected. The shorts felt like they were going to be too small but as soon as I put them on they fit like a glove. They don’t ride up in the legs and don’t fall down in the band.  The straps on the top were a little wider than I’m used to, but I love the look and everything stayed in place during my HIIT workout.I’m not one to wear a matching set when working out, so I’m having fun mixing and matching this set with my other workout clothes, but could definitely see myself wearing this set together on vacation!  Overall very pleased with this purchase. The brown was an awesome choice- it has a little more of a maroon tint to it and it looks great!",6
Amazon Customer,YES I love it,https://www.amazon.com/gp/customer-reviews/R1E5IG620ZT9S7/ref=cm_cr_getr_d_rvw_ttl?ie=UTF8&ASIN=B08ZYLY4C2,"5.0 "," the United States "," June 30, 2023",Color: 01blackSize: Large,Verified Purchase,Yes yes yes yes I always read reviews before I buy and a 4.3 isn’t bad it’s also not like wow I must buy. BUTTT it’s amazing! It makes me feel so comfortable and confident! This is a size large. I throw it in the dryer so I sized up. I’m buying another one rn 😅,7
Amazon Customer,Super cute!,https://www.amazon.com/gp/customer-reviews/RF3KJJUBFIJVD/ref=cm_cr_getr_d_rvw_ttl?ie=UTF8&ASIN=B08ZYLY4C2,"5.0 "," the United States "," June 30, 2023",Color: 01blackSize: X-Large,Verified Purchase,"This set is so cute and fits great! I would say my only complaint is that when I walk the shorts start to roll up a bit. I am 5’9, 210 lbs, and a 38DDD and ordered an XL for reference.",3
Keena Richardson,Great find,https://www.amazon.com/gp/customer-reviews/R392K1DKRUKVY0/ref=cm_cr_getr_d_rvw_ttl?ie=UTF8&ASIN=B08ZYLY4C2,"5.0 "," the United States "," June 29, 2023",Color: 01off WhiteSize: X-Large,Verified Purchase,Fabric is very comfy. Stretchy but definitely holds you in. Also has removable cups in the top. Can’t wait to buy more colors!,
Kia,Good but…,https://www.amazon.com/gp/customer-reviews/R1ERME770BTBFQ/ref=cm_cr_getr_d_rvw_ttl?ie=UTF8&ASIN=B08ZYLY4C2,"3.0 "," the United States "," June 27, 2023",,Verified Purchase,The set is nice and I like the inserts to cover you nipple but they sent me the wrong color 🙄,
Tiziana B.,Comodo e morbido,https://www.amazon.com/gp/customer-reviews/R1QJBQD74M4TM5/ref=cm_cr_getr_d_rvw_ttl?ie=UTF8&ASIN=B08ZYLY4C2,"5.0 "," the United States "," June 27, 2023",,Verified Purchase,Molto carino,
Miranda Zimmerli,Sizing is off,https://www.amazon.com/gp/customer-reviews/R37819X2DKMTGL/ref=cm_cr_getr_d_rvw_ttl?ie=UTF8&ASIN=B08ZYLY4C2,"2.0 "," the United States "," June 20, 2023",,Verified Purchase,"Bought a med, super tight, exchanged for large,  bottoms fit better (still overly tight) but top is loose.",
Monica,Great quality,https://www.amazon.com/gp/customer-reviews/R3NJTGLTUISK6Z/ref=cm_cr_getr_d_rvw_ttl?ie=UTF8&ASIN=B08ZYLY4C2,"5.0 "," the United States "," June 20, 2023",Color: 01rose RedSize: Small,Verified Purchase,Very nice color and quality,
Dawn,Nice sturdy fabric but.....,https://www.amazon.com/gp/customer-reviews/R1OBA9F1O98T4V/ref=cm_cr_getr_d_rvw_ttl?ie=UTF8&ASIN=B08ZYLY4C2,"3.0 "," the United States "," June 18, 2023",,Verified Purchase,"Nice fabric and cute but way too small. For reference I am 5'2"" 112 lbs and 34D. The small seemed more like a XXS so I returned it.",
leslie johnson,2 piece 2 small,https://www.amazon.com/gp/customer-reviews/R3N3PVMOLU0XHW/ref=cm_cr_getr_d_rvw_ttl?ie=UTF8&ASIN=B08ZYLY4C2,"1.0 "," the United States "," June 16, 2023",Color: 01rose RedSize: Large,Verified Purchase,Shorts were too short,
Logan Guillory,Rib Set,https://www.amazon.com/gp/customer-reviews/R21XCX57Q5I9HT/ref=cm_cr_getr_d_rvw_ttl?ie=UTF8&ASIN=B08ZYLY4C2,"3.0 "," the United States "," June 14, 2023",,Verified Purchase,You have to be careful when washing it bc it picks up so much lent. Super cute. It was my winter go to,
Kimberly J,Nice Outfit,https://www.amazon.com/gp/customer-reviews/R1HW61ZBCP21O8/ref=cm_cr_getr_d_rvw_ttl?ie=UTF8&ASIN=B08ZYLY4C2,"4.0 "," the United States "," June 14, 2023",,Verified Purchase,I like the outfit it was vey stylish. But the pants didn’t fit me right.,
Amazon Customer,Unusual Sizing,https://www.amazon.com/gp/customer-reviews/R1FIOLUGPP5KZW/ref=cm_cr_getr_d_rvw_ttl?ie=UTF8&ASIN=B08ZYLY4C2,"3.0 "," the United States "," June 10, 2023",Color: 01blackSize: Small,Verified Purchase,"For reference, I'm 5'6"", 118lbs, bra size 32A, 24"" waist, and typically wear a size small. I ordered a size small for this set. The top fit perfectly, but the bottoms were way too small. They were a little uncomfortable, but tolerable while standing. When trying to sit they are VERY uncomfortable. Too much pressure, and they gave me muffin top, even when trying to sit up straight and sucking in. I later ordered a medium. This time the bottoms fit, but the top was a little too big. There were gaps around the arms, and the straps would stay upright on their own.",
