﻿评论用户,评论概述,评论链接,星级评分,评论地点,评论时间,类型,是否购买,评论详情,觉得该评论有帮助的人数
Lindsey,"Simple, but I really like it!",https://www.amazon.com/gp/customer-reviews/R1PZJH3RB7MTJV/ref=cm_cr_arp_d_rvw_ttl?ie=UTF8&ASIN=B0DLFT55BW,"5.0 "," the United States "," January 14, 2025",Color: Dark PinkSize: X-Large,,"This is a pretty basic top, but I'm finding it harder & harder to find a comfy/everyday/moderately oversized shirt that I actually like- but I'm happy to say I've got one here. It's lightweight & breathable, and definitely roomy, but with a more feminine cut so you don't feel like a slob wearing it out. It looks good partially tucked or not tucked at all. The rolled sleeves stay in place nicely after washing too, and I didn't notice any significant shrinkage. The color also looks exactly the same in person as it does online, I love that it's a neutral, muted tone but I still get a pop of color. But what I love most about it is that fact that it's priced at $9.99! I didn't think such a reasonable price existed anymore!",
Crazy Elwin,Nice oversized shirt,https://www.amazon.com/gp/customer-reviews/R36VEXCK37X88S/ref=cm_cr_arp_d_rvw_ttl?ie=UTF8&ASIN=B0DLFT55BW,"5.0 "," the United States "," January 6, 2025",Color: Dark PinkSize: X-Large,,"For the price, this is really a nice comfortable shirt.  Sister was impressed with what i got her for Christmas as she loves this type of shirt.  The dark pink was between lavender and pink, well that's what she said.  She liked it and said it's real comfortable.  The size was big on her, but that was the intention anyway.After the first wash, shirt hasn't fallen apart and she seems to be wearing it a lot since",
Lily,"As pictured, totally works",https://www.amazon.com/gp/customer-reviews/R3HOGOJJ0SPSMH/ref=cm_cr_arp_d_rvw_ttl?ie=UTF8&ASIN=B0DLFT55BW,"5.0 "," the United States "," January 2, 2025",Color: BlueSize: X-Large,,"Totally works as your comfy lounge or quick grab shirt. The fabric is soft-ish: thick enough to cover and hold its shape, but soft enough to drape and feel good. The color is beautiful saturated, but more blue-green than the photo shows. The only con is the itchy side tag. :) Recommend.",
W. Wright,"Nice LARGE Workout shirt, and Lounging apparel.",https://www.amazon.com/gp/customer-reviews/R6RX765FR6LCM/ref=cm_cr_arp_d_rvw_ttl?ie=UTF8&ASIN=B0DLFT55BW,"4.0 "," the United States "," December 12, 2024",Color: Dark PinkSize: Medium,,"The ""Oversized"" part is dead on correct.  If you want something extra-casual, and non-form fitting that you probably see yourself not leaving the house with, then this is it.-  Ordered Wine Red, and it is more like Bland Peach.-  The material is medium thickness, so if you want something that you can sweat in, this is it.My wife is 5'4"", and 116 lbs.  As a 34C, she wears a common Medium.  We ordered Medium, and it is giant on her.  That said, if you are a larger American/European woman, then I believe that Medium might be more appropriate for you.  I would be afraid to see what Large looks like, tbh.The material is nice, and soft, and my wife says that she is going to put it to use, perhaps using it as a shorter dress, with a longer skirt.  I didn't include a picture because to me it kind of looks like pajamas.",
BettyB,Size Down!!,https://www.amazon.com/gp/customer-reviews/R1NNWUCFGUQQ40/ref=cm_cr_arp_d_rvw_ttl?ie=UTF8&ASIN=B0DLFT55BW,"3.0 "," the United States "," December 13, 2024",Color: Dark PinkSize: Large,,This Totatuit Oversized shirt is most definitely oversized. I would have sized down if I knew the top was this big. It pretty much swallows me. The arm holes are huge. The shirt itself is a nice lightweight material that is stretchy. It's just too big. It washed well on cold and I hung it to dry with no problems.,
DMB Reviews,Oversized style and cute!,https://www.amazon.com/gp/customer-reviews/R26UEDAOLBY5RK/ref=cm_cr_arp_d_rvw_ttl?ie=UTF8&ASIN=B0DLFT55BW,"5.0 "," the United States "," December 26, 2024",Color: GraySize: Large,,I ordered this top for my wife. She likes an oversized tshirt style for working out. And this is perfect. The oversized look isn’t boxy and is cute and flattering. The material is soft and breathable.  She enjoys working out in this shirt.  You can style it with a knot at the side for a more fitted look.  It washed really well and didn’t shrink at all.  Great shirt!,
MnM,Comfortable and cute,https://www.amazon.com/gp/customer-reviews/R1T0L50VOC3VPD/ref=cm_cr_arp_d_rvw_ttl?ie=UTF8&ASIN=B0DLFT55BW,"5.0 "," the United States "," December 19, 2024",Color: Dark PinkSize: Small,,"I love this shirt. The color was true to the description and very pretty. It’s a quality, thick (but not too thick) material. I am confident I’ll be able to dress it up or down and feel comfortable and cute! I like it and definitely recommend it to others.",
Luke Priest,better than expected,https://www.amazon.com/gp/customer-reviews/R3DBSJK1MGPKFO/ref=cm_cr_arp_d_rvw_ttl?ie=UTF8&ASIN=B0DLFT55BW,"5.0 "," the United States "," January 1, 2025",Color: BlueSize: X-Large,,"This tee is super comfortable!  It basically fits me like a men's XL does.  The shirt washes and drives well, without shrinking or fading.  I would definitely recommend this product!",
Adoration,Beware the sizing,https://www.amazon.com/gp/customer-reviews/R1GLMNO9F17P5O/ref=cm_cr_arp_d_rvw_ttl?ie=UTF8&ASIN=B0DLFT55BW,"4.0 "," the United States "," December 16, 2024",Color: Dark PinkSize: XX-Large,,"I think I'm giving up on ordering clothes online. I got the XX-large, and it fits like a slightly larger X-Large. The shoulder seams are a little too high up on the shoulder, and while the length of the tshirt is good, it still clings in all the wrong spots. Plus the color is more pale berry than what is shown on the screen. The neck is a little too high and the thickness of the fabric is 1/2 ply. It's good to have for the summer or if you're going to the beach. It'll dry instantly.",
NessaMia,Very comfortable,https://www.amazon.com/gp/customer-reviews/R3MR3GQVO4KO3L/ref=cm_cr_arp_d_rvw_ttl?ie=UTF8&ASIN=B0DLFT55BW,"4.0 "," the United States "," December 17, 2024",Color: Dark PinkSize: Medium,,"This is a nice, quality T-shirt for everyday casual wear. Despite being mixed, the material feels quite cotton-y to the touch. Fit is TTS and very comfortable. Not see-through at all! I love the length of it, too. Great quality at this price point, so I recommend it!",
Jenna Vandermey,Definitely Oversized,https://www.amazon.com/gp/customer-reviews/R5XMXXLG2V8NI/ref=cm_cr_getr_d_rvw_ttl?ie=UTF8&ASIN=B0DLFT55BW,"5.0 "," the United States "," December 7, 2024",Color: BlackSize: Medium,,"The item description said Oversized Tshirt, so I believed them and ordered a size smaller than usual.  Really glad I did, because even the size down is still REALLY big.  The fabric is a little on the thin side, which is nice for workout clothes. You don't want something heavy for that.  It is a tiny bit stretchy, but since it's oversized, not sure why I need that.  I just threw it on right out of the package, but still like the look and feel.  I wish I had ordered two sizes down, but this is still nice enough to keep.",
Jessica,Nice and thick!,https://www.amazon.com/gp/customer-reviews/R2H8935YXG86TT/ref=cm_cr_getr_d_rvw_ttl?ie=UTF8&ASIN=B0DLFT55BW,"5.0 "," the United States "," December 28, 2024",Color: KhakiSize: Small,,"Great, oversized shirt. Material is soft and thick. Beautiful Camel-like color. Perfect with leggings!",
mark,Wonderful oversized T Shirt,https://www.amazon.com/gp/customer-reviews/R1H3UEWAPUR6FV/ref=cm_cr_getr_d_rvw_ttl?ie=UTF8&ASIN=B0DLFT55BW,"5.0 "," the United States "," December 20, 2024",Color: Dark PinkSize: XX-Large,,"This is just what I was looking for.  It is oversized as advertised.  Good material--soft to the touch and comfortable.  The color is an attractive subtle pink/purple.  It will be perfect for layering while I travel to different temperature zones.  I'm thinking about ordering other colors, as well.",
LauraJK,Definitely oversized.. so look at sizing,https://www.amazon.com/gp/customer-reviews/R2I15JCXWZX7QO/ref=cm_cr_getr_d_rvw_ttl?ie=UTF8&ASIN=B0DLFT55BW,"5.0 "," the United States "," December 16, 2024",Color: GraySize: X-Large,,"Nice basic t-shirt. It is oversized. Should have trusted the sizing and went with a large. Still I'll wear it as it's the perfect lounging shirt. It's a soft, but not bunny soft t-shirt material. Good price. Remember it's BIG when ordering. It is a great deal for a good shirt.",
Need divorce attorney,Great everyday top,https://www.amazon.com/gp/customer-reviews/R1TIQ90P7RGG4C/ref=cm_cr_getr_d_rvw_ttl?ie=UTF8&ASIN=B0DLFT55BW,"5.0 "," the United States "," December 16, 2024",Color: BlueSize: X-Large,,This is a nice oversized shirt. It fits well and feels like it’s made with high quality fabrics. I was able to wash and dry it with no issues. The shirt is soft and light without being too thin. This is a great everyday top and a must have wardrobe piece.,
Mickey,Order 1 size down,https://www.amazon.com/gp/customer-reviews/R12YMKMWPB42D3/ref=cm_cr_getr_d_rvw_ttl?ie=UTF8&ASIN=B0DLFT55BW,"5.0 "," the United States "," December 16, 2024",Color: BlackSize: Small,,"This is an oversized top so I'm glad I sized down. The sleeves are a little longer than I would normally like a shirt to be so I'm going to wear this as a hiking or gym top. It's very comfortable, loose and very forgiving when it comes to giving your tummy that full coverage. I have my bloating days so during those times, I prefer very large shirts. I'm 5'5"" 135' lbs and ordered a S.",
Jake,Love,https://www.amazon.com/gp/customer-reviews/R1S7RGU5RKU07Y/ref=cm_cr_getr_d_rvw_ttl?ie=UTF8&ASIN=B0DLFT55BW,"5.0 "," the United States "," December 18, 2024",Color: BlueSize: X-Large,,"Love it! Perfect, not too tight fit. Didn't shrink when washed on cold and tumble dried. The fabric is super soft. I did size up to wear with leggings and it's perfect.",
Lil F,Nice and oversized,https://www.amazon.com/gp/customer-reviews/R1W3J78EHS6Z9E/ref=cm_cr_getr_d_rvw_ttl?ie=UTF8&ASIN=B0DLFT55BW,"5.0 "," the United States "," December 13, 2024",Color: GraySize: XX-Large,,Good over sized fit.  Long and flows down the bottom.  The sleeves are long enough to turn up once.  Washes up well and dries with no touch up needed.,
T. Crossland,soft,https://www.amazon.com/gp/customer-reviews/R3E481TXOTC59R/ref=cm_cr_getr_d_rvw_ttl?ie=UTF8&ASIN=B0DLFT55BW,"5.0 "," the United States "," December 10, 2024",Color: Dark PinkSize: X-Large,,"really like this shirt.  its soft, and comfortable. it washed well.  the color of the dark pink is nice. i'm 5'10 and a 14/16 and the XL fit as the photo shows, longer and a bit oversized.  great shirt for workouts or running around.",
youtoo1955,Great T,https://www.amazon.com/gp/customer-reviews/R20HSL6BZH6ONQ/ref=cm_cr_getr_d_rvw_ttl?ie=UTF8&ASIN=B0DLFT55BW,"5.0 "," the United States "," December 9, 2024",Color: Dark PinkSize: Large,,Very well constructed using good material. Feels very soft next to the skin. Lovely color fit is great true to size. Washed and dried nicely.,
Dr Jeffrey Graham,A good fit,https://www.amazon.com/gp/customer-reviews/R37QVGPJ53AXJ6/ref=cm_cr_getr_d_rvw_ttl?ie=UTF8&ASIN=B0DLFT55BW,"5.0 "," the United States "," December 14, 2024",Color: Dark PinkSize: XX-Large,,My wife likes this shirt. Loose-fitting but not baggy.,
E. J. Hunyadi,Soft color and soft material,https://www.amazon.com/gp/customer-reviews/R3K5OZPOXYI2FC/ref=cm_cr_getr_d_rvw_ttl?ie=UTF8&ASIN=B0DLFT55BW,"5.0 "," the United States "," December 5, 2024",Color: Dark PinkSize: Small,,"Is perfect! I love the color, I love the material! My daughter says that is very breathable and very light. Absolutely not see through. Soft color and can wear every season.",
Kort,Large & Formless,https://www.amazon.com/gp/customer-reviews/R3TIYFCOHJG0NJ/ref=cm_cr_getr_d_rvw_ttl?ie=UTF8&ASIN=B0DLFT55BW,"3.0 "," the United States "," January 1, 2025",Color: KhakiSize: Large,,"The Totatuit Oversized t-shirt is really big. It's also formless and unflattering. It is a good choice paired with leggings, but that's about it. The material is okay, though not overly soft. It has the type of material that looks like it will pill over time. Also, the tan color really shows sweat/moisture easily. Not a good choice for warm temperatures. My wife does like the folded sleeves and the stitching is decent, but it's an average shirt at best. I got Large for my size 12 curvy wife, true to size for an ""oversized"" t-shirt I suppose.  ~ Kort",
Stuart Thiel,,https://www.amazon.com/hz/reviews-render/report-review?ie=UTF8&ref=cm_cr_getr_d_rvw_hlp&csrfT=hBAhzKgxQyfPb9bkZDn0UuWR5v5nzScFuqsP%2Bv5BXeq5AAAAAGePYCAAAAAB&reviewId=R8MJ66VAZYRD7,"3.0 "," Canada "," January 19, 2025",Color: Dark PinkSize: X-Large,,"This oversized t-shirt in a lovely pink shade is well-made and perfect for casual lounging. The material is a standard t-shirt weight—not super light, but breathable due to its loose fit rather than the fabric itself. It washed well, which is always a plus.  Unfortunately, the fit wasn’t for me. The sleeves fell past my elbows, making the rolled cuffs feel heavy, and the crew neck sat too high, causing me to constantly adjust it. To be fair, I sized up to an XL instead of my usual large, which may have contributed to the fit issues. Still, it just didn’t feel as comfortable as I had hoped, and I’m unlikely to reach for it often.",
