﻿评论用户,评论概述,评论链接,星级评分,评论地点,评论时间,类型,是否购买,评论详情,觉得该评论有帮助的人数
Darleena R. cozzo,"Sleek, Stylish, and Superbly Comfortable – The Ultimate Workout Outfit",https://www.amazon.com/gp/customer-reviews/RNJDRQYO3D4XE/ref=cm_cr_arp_d_rvw_ttl?ie=UTF8&ASIN=B0B8YTQHKM,"5.0 "," the United States "," May 10, 2024",Color: PinkSize: Medium,Verified Purchase,"Finding the perfect workout outfit can be a challenge, but this ensemble ticks all the boxes. The fit is impeccable, hugging the body in all the right places without restricting movement. It’s a rare find that’s true to size, making online shopping a breeze.  The color palette is another standout feature. Each hue is vibrant and energizing, perfectly capturing the essence of an active lifestyle. I was so enamored with the design that I couldn’t resist purchasing it in three different colors.  But what truly sets this outfit apart is the fabric. It’s soft to the touch, yet durable enough to withstand the rigors of intense workouts. It breathes well, keeping you cool and comfortable no matter how much you sweat.  In a market flooded with options, this workout outfit shines as a ‘got to have’ item. Whether you’re a fitness enthusiast or just looking for comfortable athleisure wear, this outfit won’t disappoint. It’s a testament to what workout apparel should be: functional, fashionable, and utterly flawless.",8
Kathy Kagan,Awesome set for the price,https://www.amazon.com/gp/customer-reviews/RLG6NP3SUATHG/ref=cm_cr_arp_d_rvw_ttl?ie=UTF8&ASIN=B0B8YTQHKM,"5.0 "," the United States "," November 3, 2023",Color: Pink UpdateSize: Medium,Verified Purchase,I’m 5’7” 108# so naturally I ordered the small originally (pink old). I’m usually a size 2 at finer stores and a 4-6 at Wally World. The leggings and shorts were too small. The old pink (pink color on shorts and leggings waistband) shorts were very short and the leggings had shorts attached which I didn’t like. Got the “M” set (pink new- solid black leggings and shorts + shorts are longer and no shorts attached to the leggings). Fit was perfect for all 5 pieces. Bra size for me is a 34B and I feel supported but not squished. Great deal. Order up,17
Kerri,Light and great fabric,https://www.amazon.com/gp/customer-reviews/RN61IGQ8FFTNW/ref=cm_cr_arp_d_rvw_ttl?ie=UTF8&ASIN=B0B8YTQHKM,"4.0 "," the United States "," September 22, 2024",Color: Navy BlueSize: Large,Verified Purchase,Fabric is super comfortable!  Love the pants and the jacket. The bra is kinda tight. I got a large. I do have larger upper body so that is only downside to grouping all together. The pants and shorts and all fit great and look great but sports bra too snug  Not enough elasticity.,2
Ron,DeaL Breaker. Shorts are weird.,https://www.amazon.com/gp/customer-reviews/R2R3SJV3CX3RTW/ref=cm_cr_arp_d_rvw_ttl?ie=UTF8&ASIN=B0B8YTQHKM,"3.0 "," the United States "," October 19, 2024",Color: GreenSize: Small,Verified Purchase,"The set is super cute, very comfy, love the color (light green), the fit is great. True to size. I'm 5'3, 120 lbs, the small fit me perfect. The thing is, the shorts on the outside of the pants and shorts?? It's strange so that's why I am returning. If it weren't for this. I would order another in a different color. Deal breaker.",2
Rev. Penny Dean,"Fits perfect not sheer, great workout outfit! Will buy more!",https://www.amazon.com/gp/customer-reviews/R1UCXDIXDBT14C/ref=cm_cr_arp_d_rvw_ttl?ie=UTF8&ASIN=B0B8YTQHKM,"5.0 "," the United States "," March 23, 2023",Color: PinkSize: Large,Verified Purchase,"When I took it out of the package I was sure it would be too small but was delighted with the fit when I tried it on. I am 5'4"" H and 155lbs weight and have a 44D bustline with 38"" hips and a pretty round tummy. The fit was perfect and actually made me look thinner than I actually look. I did notice it came with shorts but the pants have shorts already built in which I did not notice in the pictures. The pants fit perfect but the extra pair of shorts were a bit tight in the waistline but I am going to the gym almost everyday so I expect to fit them as well. The top, shirt, and jacket fit excellent as well.",
Just Down the Road,Glad I bought it!,https://www.amazon.com/gp/customer-reviews/R2LR64939BWAA4/ref=cm_cr_arp_d_rvw_ttl?ie=UTF8&ASIN=B0B8YTQHKM,"5.0 "," the United States "," May 2, 2023",Color: PurpleSize: Large,Verified Purchase,"I recently purchased the 5 piece exercise yoga outfit set and I am absolutely thrilled with my purchase! The set includes a comfortable and stylish yoga top, sports bra, leggings, shorts, and jacket - all made with high-quality, breathable materials that feel great on my skin.  The yoga top is flowy and lightweight, making it perfect for a variety of workouts, and the sports bra provides the perfect amount of support. The leggings and shorts fit like a glove and stay in place during even the most intense workouts. I love the high-waisted design, which provides a flattering and secure fit.  The whole set is so comfortable and functional, and it's become my go-to for yoga, Pilates, and even running errands.  Not only is the quality of the set fantastic, but the price is unbeatable. I've seen similar sets for much more money, but this one is just as good, if not better. I would highly recommend this 5 piece exercise yoga outfit set to anyone looking for a comfortable, stylish, and affordable workout outfit.",8
MK,"Great fit, good reliable workout set",https://www.amazon.com/gp/customer-reviews/R359NMRZ5HW3W6/ref=cm_cr_arp_d_rvw_ttl?ie=UTF8&ASIN=B0B8YTQHKM,"5.0 "," the United States "," October 9, 2023",Color: GraySize: Medium,Verified Purchase,"Great workout set. Definitely I prefer the version with the color strip around the waist and of the pant and shorts. Has a great look.  Super comfy, really holds me in in a professional athletic way. I like the grippiness of the fabric — it makes doing yoga, and things like arm balances or tree posture very good, because the fabric nicely holds stickiness in a way that promotes the posture. Many leggings are too slippery or pull when I’m tree post or they fall down etc. not these.  I am a professional yoga teacher and workout almost every day. I love wearing these sets for a comfortable and professional looking practice. Waistband stays high. Colors are good. Sports bra looks great and shorts are sexy while not overly revealing. I use them with a bohemian skirt coverup and seamlessly go from gym to classy coverup in moments. Jacket feels great and is lightweight.  Overall I’m very pleased. I have this set in multiple colors. Feels sturdy and adds to my confidence in the gym and studio. I’ve never once had to compromise with a wedgie nor any underwear or waist band showing. Shirt stays in place even in inversions. Looks good. Professional set: would buy again and in more colors. Wardrobe staple.",19
sam,Phenomenal for the price!,https://www.amazon.com/gp/customer-reviews/R1O2JN69XD18M/ref=cm_cr_arp_d_rvw_ttl?ie=UTF8&ASIN=B0B8YTQHKM,"4.0 "," the United States "," April 23, 2024",Color: GreenSize: Medium,Verified Purchase,"The fit is pretty spot on; the only complaint for me is the lower band on the bra is a bit too tight and feels very constricting when breathing. Material is soft and stretchy, color is true to pictures, and all pieces are NOT see through",2
Amazon Customer,Item seems to be fine far now 😔 time will tell ...,https://www.amazon.com/gp/customer-reviews/R1YNRJDEFOK7P7/ref=cm_cr_arp_d_rvw_ttl?ie=UTF8&ASIN=B0B8YTQHKM,"4.0 "," the United States "," January 13, 2025",Color: GreenSize: X-Large,Verified Purchase,I like the item so far there is nothing not to like it's outfit far exercising I just walking around in ... Thanks 🙏👍...,
Aura Stiers,I would love it the design is not for me.,https://www.amazon.com/gp/customer-reviews/R2RLGXXVFFC49O/ref=cm_cr_arp_d_rvw_ttl?ie=UTF8&ASIN=B0B8YTQHKM,"4.0 "," the United States "," November 9, 2024",Color: Navy BlueSize: Large,Verified Purchase,It has shorts attached to the outside of the leggings don't like that feature I put them on the inside and it doesn't look as wonky. Love the top though. I'm just really picky with my clothes.,
Amazon Customer,Nice quality,https://www.amazon.com/gp/customer-reviews/R2VXH6CLP9SEMM/ref=cm_cr_getr_d_rvw_ttl?ie=UTF8&ASIN=B0B8YTQHKM,"5.0 "," the United States "," January 10, 2025",Color: Purple UpdateSize: Medium,Verified Purchase,The wife loved it! Nice quality too!,
Danette Audible,A great post op option,https://www.amazon.com/gp/customer-reviews/R2QTVI9IKGMRXZ/ref=cm_cr_getr_d_rvw_ttl?ie=UTF8&ASIN=B0B8YTQHKM,"5.0 "," the United States "," December 1, 2024",Color: PurpleSize: Large,Verified Purchase,Perfect for pot surgery physical therapy. I had shoulder surgery so it was perfect for showing scars without having to remove too many clothes. Definitely flattering! And the material is the perfect thickness for a workout and recovery.,
Marily Franco,Tal como lo indican color perfecto,https://www.amazon.com/gp/customer-reviews/R3LX1YY7FUF0FR/ref=cm_cr_getr_d_rvw_ttl?ie=UTF8&ASIN=B0B8YTQHKM,"5.0 "," the United States "," December 15, 2024",Color: GreenSize: Medium,Verified Purchase,Muy cómodo y tela suave,
Hannah,Wow!,https://www.amazon.com/gp/customer-reviews/R11DA7L6ZRUFBU/ref=cm_cr_getr_d_rvw_ttl?ie=UTF8&ASIN=B0B8YTQHKM,"5.0 "," the United States "," September 7, 2024",Color: Navy BlueSize: X-Large,Verified Purchase,"I usually don't do reviews, nor seem to have luck with clothes on Amazon. But I loved this purchase totally worth the prize, amazing material, amazing design. It has basketball shorts sewn into the leggings so there is no way your underwear can show through it! Super amazed! The only thing I will say is I got the largest size and it worked for me. I'm quite curvy and was nervous about it. I think it could be slightly improved by adding a different size element to the bra top. Any bigger than double d will be uncomfortable. But it's wonderful!",
J,All so cute and fit nicly,https://www.amazon.com/gp/customer-reviews/R8O72QA75N1ZC/ref=cm_cr_getr_d_rvw_ttl?ie=UTF8&ASIN=B0B8YTQHKM,"5.0 "," the United States "," May 16, 2024",Color: GreenSize: Medium,Verified Purchase,"For me all the item fit super accurately (medium) and looked very flattering on, nothing is overly baggy or revealing. The shorts have like an added barrier which I wasn't expecting but could come in handy if you exercise a lot (or could chaff, I don't do a lot of over exertion (bought more for lounging around my house/housework) so I'm not sure if they would chaff or not, just an assumption). The added shorts/cloth on the legging is surprisingly comfortable and you really don't notice the shorts immediately - so would be great if someone is a bit self-conscious on their front view in leggings. And the color is very beautiful. Material is thick so you can't see through it but feels thin enough to not cause horrible over heating. All in all very happy with this combo purchase. Great price for so many items you couldn't get them at the same price if you purchased separately. Appreciate the bundled items!",2
Khestri Fox,Unsatisfied and somehow inspired?,https://www.amazon.com/gp/customer-reviews/R1QJTLAUOGM6EQ/ref=cm_cr_getr_d_rvw_ttl?ie=UTF8&ASIN=B0B8YTQHKM,"3.0 "," the United States "," May 29, 2024",Color: Navy BlueSize: X-Large,Verified Purchase,"I am a pretty self conscious person so I don't even want to put up pictures of my struggle in this outfit; but let me tell YOU GUYS-  It is TIGHT. I am 5'8"" 200lbs and I ordered the very biggest option they had.  I was so excited to receive the outfit that I pulled off the tags before trying them on. That was a mistake.  This outfit reminded me how fat I really am. I mean jesus do I have a LOT of work to do to try and fit properly in this.  If you have any belly and are ashamed of it; this isn't it...  I'm too embarassed to ask for my money back, and I'm kinda really upset about it.  But the silver lining is, I am now inspired to work out until I look good in it. Considering it's my only work out outfit this should make things interesting- at least.",
Marilyn Venegas,Comfy and dependable,https://www.amazon.com/gp/customer-reviews/R2P37LY5EFUC04/ref=cm_cr_getr_d_rvw_ttl?ie=UTF8&ASIN=B0B8YTQHKM,"5.0 "," the United States "," August 24, 2024",Color: GreenSize: X-Large,Verified Purchase,"I've got the tig ol biddies with a chubby belly and a lot of sports bras just don't give any real support or sit well. not only is this bra comfortable without me feeling suffocated and supported, but the material of all the clothes feel safe to wear out. I also love having different options for wearing out. I did severely chafe my thighs wearing the shorts on the treadmill but besides that very comfortable. the elastic also sits well without moving around.",
Speech Lady,Good value for the money,https://www.amazon.com/gp/customer-reviews/R3ACW4P7834A0M/ref=cm_cr_getr_d_rvw_ttl?ie=UTF8&ASIN=B0B8YTQHKM,"4.0 "," the United States "," June 6, 2024",Color: Gray UpdateSize: Small,Verified Purchase,"Quick outfit to keep in the gym bag. It’s versatile, easy to wash, and dries quickly. The quality is low and I’m afraid the zipper will break so I don’t zip the jacket up, but it’s fine to work out.",
Rox Clymer,Small up top,https://www.amazon.com/gp/customer-reviews/R1GPOMAP5Z9AVH/ref=cm_cr_getr_d_rvw_ttl?ie=UTF8&ASIN=B0B8YTQHKM,"3.0 "," the United States "," November 7, 2024",Color: PinkSize: X-Large,Verified Purchase,Small up top but bottoms were good,
LSC,Wow lot for your money,https://www.amazon.com/gp/customer-reviews/R383ZU9JMC6CW1/ref=cm_cr_getr_d_rvw_ttl?ie=UTF8&ASIN=B0B8YTQHKM,"5.0 "," the United States "," October 23, 2024",Color: Pink UpdateSize: Large,Verified Purchase,Get a lot of pieces for your money. Do not like the leggings with the shorts attached. Material is good however I will stick with the set with just leggings,
Granny Reene,beautifully made,https://www.amazon.com/gp/customer-reviews/R3MKM43EZ841EV/ref=cm_cr_getr_d_rvw_ttl?ie=UTF8&ASIN=B0B8YTQHKM,"5.0 "," the United States "," November 15, 2024",Color: Navy BlueSize: Small,Verified Purchase,well made really atractive and comfortable...,
Me,High quality,https://www.amazon.com/gp/customer-reviews/ROISK5JW4CDDR/ref=cm_cr_getr_d_rvw_ttl?ie=UTF8&ASIN=B0B8YTQHKM,"5.0 "," the United States "," November 9, 2024",Color: Navy BlueSize: Large,Verified Purchase,Bought as a gift for my daughter. Highly recommend,
Amazon Customer,Liked but jacket was too small for me,https://www.amazon.com/gp/customer-reviews/R2LMKUQABM8O8I/ref=cm_cr_getr_d_rvw_ttl?ie=UTF8&ASIN=B0B8YTQHKM,"4.0 "," the United States "," May 21, 2024",Color: GraySize: X-Large,Verified Purchase,I thought is was great but the size XL jacket wasn’t big enough for me. Good purchase probably not a good fit for my upper body size.,
Amazon Customer,Runs a little small,https://www.amazon.com/gp/customer-reviews/R1AGH0L78H8C3R/ref=cm_cr_getr_d_rvw_ttl?ie=UTF8&ASIN=B0B8YTQHKM,"4.0 "," the United States "," July 4, 2024",Color: PurpleSize: X-Large,Verified Purchase,Love the color and fabrics nice but it’s on the small size,
DOT,Small and weird,https://www.amazon.com/gp/customer-reviews/R3D9BBQ246SQ3T/ref=cm_cr_getr_d_rvw_ttl?ie=UTF8&ASIN=B0B8YTQHKM,"2.0 "," the United States "," December 11, 2024",Color: GraySize: X-Large,Verified Purchase,"This product runs small.  Not true to size the size xl seemed like an M/L and the M seemed super small ..  The fabric seems cheap and the shorts attached to the pants are weird.  The sleeves of the t shirt are not flattering and boxy. I'd give  this product a 2 for the versatility, but that's about it.",
Jennifer,Nice outfit but tight bra,https://www.amazon.com/gp/customer-reviews/R2SZBMDM1EJQ7U/ref=cm_cr_getr_d_rvw_ttl?ie=UTF8&ASIN=B0B8YTQHKM,"4.0 "," the United States "," June 15, 2024",Color: GreenSize: Medium,Verified Purchase,Nice outfit but the bra is too tight . Size up if you’re busty.,
IS,Get a bigger bra size,https://www.amazon.com/gp/customer-reviews/RAWVSVIEWHDNN/ref=cm_cr_getr_d_rvw_ttl?ie=UTF8&ASIN=B0B8YTQHKM,"4.0 "," the United States "," June 1, 2023",Color: Purple UpdateSize: Large,Verified Purchase,"I am 5'2 and weight about 155 lbs. With a 36 C- 40 C cup boobs and a big booty. The only problem I have is that the bra size squishes my boobs a bit, but I wasn't too worried about it. Since I do at home workouts and all. As for washing, I would think that just putting it on a delicate cycle should work out just fine because of the material? Haven't tried doing that yet. Otherwise the fit is fine. Just the bra sizing is on the small side to me. So I just ordered a different bra size from some other seller. I'm satisfying the purchase. Was able to do all my stretches and workouts with no problem.",3
Bree,Soft and comfy material,https://www.amazon.com/gp/customer-reviews/R1N899S655A164/ref=cm_cr_getr_d_rvw_ttl?ie=UTF8&ASIN=B0B8YTQHKM,"4.0 "," the United States "," May 23, 2023",Color: GreenSize: X-Large,Verified Purchase,"I really like how soft and light weight the material is. I ordered an XL. I'm 5'7"" athletic 180. I should of ordered a large. The bottoms were a little loose on me. I love the shirt. The only downfall is having a large chest, so the shirt was really short on me. I know if I order the large, the shirt would be a crop top. I'd probably order the large just to see how it fits, but considering my size in certain areas. I'd probably still stick with the XL. I just the the shirt and jacket so much. I'd rather have those fit better than the bottoms. I love how reasonably this set is, and for the quality too. Highly recommend!",2
Trice,It's not true to size.,https://www.amazon.com/gp/customer-reviews/R2AOMH25HCETG0/ref=cm_cr_getr_d_rvw_ttl?ie=UTF8&ASIN=B0B8YTQHKM,"4.0 "," the United States "," July 4, 2024",Color: PinkSize: X-Large,Verified Purchase,Workouts,
FemmeFoxFatale,Super Comfy! Not feeling crushed by meyworkout clothes,https://www.amazon.com/gp/customer-reviews/R2OKWDZ8BX5HDP/ref=cm_cr_getr_d_rvw_ttl?ie=UTF8&ASIN=B0B8YTQHKM,"5.0 "," the United States "," March 3, 2023",Color: Navy BlueSize: Medium,Verified Purchase,"I'm 5'3 around 126 lbs with a bit of a but and a little bit of belly going on - I read the reviews and got a medium (since I have a big butt I usually have to get mediums anyway) I was afraid the top would be too big but it still fit nicely and snug without squeezing me. I want to be comfy when i work out, not trying to find fake athletics wear that's really just shapewear.... The main reason I bought this is because other athletic wear I had was so tight I would get em.. camel toe while working out (the WORST) but this fits nicely and it isn't too loose or too tight! I was having shoulder pain from my last sports bra being a small and the bra in this set doesn't give me any issues at all, the padding is slightly thicker in the bar too which I personally like, and the fabric is nice enough to sleep in.",2
maritza,Fit to size,https://www.amazon.com/gp/customer-reviews/R2RZW3T6UJOE7N/ref=cm_cr_getr_d_rvw_ttl?ie=UTF8&ASIN=B0B8YTQHKM,"4.0 "," the United States "," April 2, 2024",Color: PinkSize: Medium,Verified Purchase,"Love the color and the pieces only thing fabric is a little itchy but other than that, I’m happy with purchase ☺️",
Kindle Customer,Love this set,https://www.amazon.com/gp/customer-reviews/R22E2EARYKQ7Q4/ref=cm_cr_getr_d_rvw_ttl?ie=UTF8&ASIN=B0B8YTQHKM,"5.0 "," the United States "," September 25, 2024",Color: Navy BlueSize: X-Large,Verified Purchase,"So comfortable and easy to mix and match. So far, it's laundered well also. Happy that I bought a couple sets.",
Nicole Mathews,Love the color,https://www.amazon.com/gp/customer-reviews/RII6Y4H9BWVGK/ref=cm_cr_getr_d_rvw_ttl?ie=UTF8&ASIN=B0B8YTQHKM,"3.0 "," the United States "," March 14, 2024",Color: GreenSize: Large,Verified Purchase,"Color is beautiful, fabric is nice and soft. Orderd and XL. For a woman who is not proportioned the same as a one size fits all, don’t buy the set. For me, the sports bra was to big & loose, the shirt was way to tight, the shorts fit just right. Did not realize the pants had shorts over them (I don’t prefer that style) ended up cutting those off for just leggings, but they fit just right however are long on me and I am 5’4”.",7
Traci Brown,Great choice,https://www.amazon.com/gp/customer-reviews/R2U43R9XYUJ41O/ref=cm_cr_getr_d_rvw_ttl?ie=UTF8&ASIN=B0B8YTQHKM,"5.0 "," the United States "," October 1, 2024",Color: GreenSize: X-Large,Verified Purchase,"So comfortable,true to size and an overall great outfit for the price",
Katy Portwood,"Good value. Pretty, coordinated set.",https://www.amazon.com/gp/customer-reviews/R15Z6WEM0BVXRP/ref=cm_cr_getr_d_rvw_ttl?ie=UTF8&ASIN=B0B8YTQHKM,"4.0 "," the United States "," August 7, 2023",Color: PurpleSize: Medium,Verified Purchase,"For what is included in this set the value is great. I wore the jacket kayaking over a bathing suit and it was great. I changed into the shorts, sports bra and t-shirt for the trip home and the shorts were really short and wished there was a little more coverage for the sports bra out towards my armpits. The leggings fit well and I would wear those out. Overall, I love the color and value of this set. I may just wear the shorts at home to work out.",3
Katrina Maharjan,Pieces vary on fit but material is comfortable.,https://www.amazon.com/gp/customer-reviews/R3KE6365WHS07I/ref=cm_cr_getr_d_rvw_ttl?ie=UTF8&ASIN=B0B8YTQHKM,"4.0 "," the United States "," March 23, 2023",Color: Pink UpdateSize: Large,Verified Purchase,"All pieces kind of vary on expectation. I ordered the pink set in large. The shirt is more of a medium, the bra and jacket match expectation of a large and the shorts and pants are tighter than expected for a large but still ok. Material is comfortable and colors are bright. If you can figure out what size to order or are ok with some items running small the price of the bundle for the number of items is great. I'd be interested if this seller does a similar bundle but where you can mix and match the sizes of each piece.",3
Vicki H,Nice outfit,https://www.amazon.com/gp/customer-reviews/R38LFY8V0T2HUC/ref=cm_cr_getr_d_rvw_ttl?ie=UTF8&ASIN=B0B8YTQHKM,"3.0 "," the United States "," July 7, 2024",Color: PinkSize: X-Large,Verified Purchase,Like everything but the sports bra. The padding inside is not secured so have to constantly fight to get it in the correct spot and unfolded. Prefer not to wear,
Kindle Customer,Not what I expected,https://www.amazon.com/gp/customer-reviews/R2PC02LXCXSSNL/ref=cm_cr_getr_d_rvw_ttl?ie=UTF8&ASIN=B0B8YTQHKM,"3.0 "," the United States "," April 26, 2024",Color: PurpleSize: X-Large,Verified Purchase,"I didn't like how it fit. I'm wondering if I should have sized down. It was too fitted where it should be looser and too loose where it should be more fitted. I didn't know it had sewn on shorts over the leggings, I do not care for that at all. It is nice, comfortable fabric though.",
Joshua Hatch,Fits great,https://www.amazon.com/gp/customer-reviews/R1YPLLUCRWWI3V/ref=cm_cr_getr_d_rvw_ttl?ie=UTF8&ASIN=B0B8YTQHKM,"4.0 "," the United States "," June 30, 2023",Color: PinkSize: Large,Verified Purchase,I bought the large and it fits great besides the bra it's way to big but the rest fits perfect so was gonna try to shrink the bra or take it in otherwise it's great breathable light fabric the double pants and shorts is great but when it's 120 out it's something you don't want to really wear but I definitely will be wearing it in the house to work out will but more just wish you could choose the bra size so you can get what actualy fits,3
angelem,"Great material, most fit well. shirt was small compared to other pieces.",https://www.amazon.com/gp/customer-reviews/R10GKH52I83X7X/ref=cm_cr_getr_d_rvw_ttl?ie=UTF8&ASIN=B0B8YTQHKM,"4.0 "," the United States "," February 2, 2024",Color: Purple UpdateSize: X-Large,Verified Purchase,"The material is super comfortable, order a size larger than you need for full comfort. Lightweight but very functional1",4
Kayla,Great set,https://www.amazon.com/gp/customer-reviews/R2WARBFWX2AGB1/ref=cm_cr_getr_d_rvw_ttl?ie=UTF8&ASIN=B0B8YTQHKM,"4.0 "," the United States "," January 25, 2024",Color: Navy BlueSize: Large,Verified Purchase,"Great set. Unfortunately the bra is a bit small and the cut is off, but everything else is fine.",
Amazon Customer,Small,https://www.amazon.com/gp/customer-reviews/R10G6L8KN3N0TP/ref=cm_cr_getr_d_rvw_ttl?ie=UTF8&ASIN=B0B8YTQHKM,"3.0 "," the United States "," July 9, 2024",Color: Navy BlueSize: X-Large,Verified Purchase,"The outfit looks nice, but runs small. Go up a size when ordering it",2
Carol R.,Comfy and modest!,https://www.amazon.com/gp/customer-reviews/R7ELLDJ33IUQB/ref=cm_cr_getr_d_rvw_ttl?ie=UTF8&ASIN=B0B8YTQHKM,"5.0 "," the United States "," January 7, 2024",Color: PinkSize: Medium,Verified Purchase,"I bought these for my daughter to wear to the gym. She loved these pieces that interchange depending on the workout and weather. She loved the shorts and how they had attached boxer shorts to them which makes them more modest. She says with these, she doesn’t have to worry about them riding up. I ordered her a medium size. She wears small ladies but I was afraid these would run small. She loves the way the medium size fits.",
Stephanie Barber,Amazing,https://www.amazon.com/gp/customer-reviews/R15MAAJ1D7XNOM/ref=cm_cr_getr_d_rvw_ttl?ie=UTF8&ASIN=B0B8YTQHKM,"5.0 "," the United States "," April 9, 2024",Color: GreenSize: X-Large,Verified Purchase,"This set fits me perfectly! The bra is a little too small but I am very busty at the top, so you might want to wear another bra if you are heavy at the top. Other than that, this set is gorgeous! I’ve gotten so many compliments! I can’t wait to order more!",4
Lonisa,Size Up!!!!,https://www.amazon.com/gp/customer-reviews/R29S8USS8O73SM/ref=cm_cr_getr_d_rvw_ttl?ie=UTF8&ASIN=B0B8YTQHKM,"3.0 "," the United States "," September 21, 2023",Color: PurpleSize: Large,Verified Purchase,"If you are large busted… better size up. Normally I can wear a medium or large. I decided to go with the large since I now mostly wear 8/10 or 10/12 tops and bottoms. The large top is VERY form fitting and the sport bra does not fit at all on the sides. My breasts are exposed on both sides where they should be concealed. Would be better if maybe the set was split up by tops and bottoms. Bottoms are fine. Jacket fits fine. Just the top and sport bra seem a size small, mainly the bra. If in doubt, size up and just have a bit looser bottoms.",8
Kindle Customer (Neko),Size up,https://www.amazon.com/gp/customer-reviews/R3816GWO9ZFS83/ref=cm_cr_getr_d_rvw_ttl?ie=UTF8&ASIN=B0B8YTQHKM,"2.0 "," the United States "," November 20, 2024",Color: GraySize: X-Large,Verified Purchase,The bra fits weird and I recommend you size up.,
Sonya Brown,5 piece set,https://www.amazon.com/gp/customer-reviews/R2X7K6PZ4QMRF3/ref=cm_cr_getr_d_rvw_ttl?ie=UTF8&ASIN=B0B8YTQHKM,"4.0 "," the United States "," October 28, 2023",Color: GreenSize: Small,Verified Purchase,"This is a very cute outfit, they run a little big ,shorts  and pants with short’s on top are ugly,wish they didn’t put shorts on top of the leggings",
Josephine Jacobs,5pc workout outfit in purple,https://www.amazon.com/gp/customer-reviews/R30BZ0ZGCGO5P7/ref=cm_cr_getr_d_rvw_ttl?ie=UTF8&ASIN=B0B8YTQHKM,"2.0 "," the United States "," January 17, 2024",Color: PurpleSize: Medium,Verified Purchase,"The quality is great and so is the color. Major problem is, it didn’t arrive as a complete as it was missing an item in the set. (Also got this along with the green one in same shipment and that too was missing items). Needing to send back for full replacements…  Also trying to update for both the green and purple workout outfits that were ordered at same time but seems it is not letting me do so. The purple after getting the replacement is of great quality and looks nice. The green replacement came as image shows but the quality of the shorts and pants is hobble in this particular set even with it being the same company and brand as the purple set. It’s very odd to have this occur. Plus I am concerned now because I also ordered the pink set too -which is do to arrive much later (such hope that set is correct and like the quality of the purple one). Quite disappointing.",
Arginia Cadle,It is so comfortable,https://www.amazon.com/gp/customer-reviews/R21CZJJV7HCU4G/ref=cm_cr_getr_d_rvw_ttl?ie=UTF8&ASIN=B0B8YTQHKM,"5.0 "," the United States "," January 25, 2024",Color: GraySize: X-Large,Verified Purchase,They don’t make anything larger than an XL I had to get that so mine is slightly tight but I feel it will loosen up more once I wear it more I don’t like how the pants looks as if it has shorts on them other than that best outfit I have bought because you get 5 pieces of outfit thank you Julie’s song and Amazon your amazing.,3
juanita binder,CHEAP,https://www.amazon.com/gp/customer-reviews/R304HPKKE9M60O/ref=cm_cr_getr_d_rvw_ttl?ie=UTF8&ASIN=B0B8YTQHKM,"2.0 "," the United States "," October 28, 2024",Color: GreenSize: Large,Verified Purchase,Not well made and cheap. I should have returned them but got rid of them. DO NOT BUY THESE,
Onnanisha,I really like it,https://www.amazon.com/gp/customer-reviews/R11KX780IXSH7M/ref=cm_cr_getr_d_rvw_ttl?ie=UTF8&ASIN=B0B8YTQHKM,"4.0 "," the United States "," September 15, 2023",Color: PurpleSize: X-Large,Verified Purchase,I love the outfit but I'm not able to fit the sports bra. It's too small for me. But since I'm working on losing weight I'll fit it eventually other than that the material is soft,
Debbie,WAY to small.  Order two sizes bigger than what you normally wear.,https://www.amazon.com/gp/customer-reviews/R3U8SKXHCAPN75/ref=cm_cr_getr_d_rvw_ttl?ie=UTF8&ASIN=B0B8YTQHKM,"4.0 "," the United States "," December 2, 2023",Color: GraySize: Medium,Verified Purchase,Way to small.  I usually wear a medium.  These items would fit a 12 year old.,
Shelly L.,Zoom in on their photo…,https://www.amazon.com/gp/customer-reviews/RZI3D66M49242/ref=cm_cr_getr_d_rvw_ttl?ie=UTF8&ASIN=B0B8YTQHKM,"2.0 "," the United States "," May 24, 2024",Color: GreenSize: Large,Verified Purchase,"I didn’t realize there were “shorts” over the leggings. As for the actual shorts: I didn’t realize the shorts were styled as bike shorts with athletic shorts on top of them. The shirt was on the smaller side even though I sized up when I ordered. The bra, however, felt loose. I tried to order a different style where the photo actually showed no shorts on the leggings etc and my order was not what was pictured and they sent me the wrong size (my size was sold out by the time my ordered arrived). So nope nope nope. Won’t be trying that again.",
Marina Montes de Oca Silva,Great workout clothes,https://www.amazon.com/gp/customer-reviews/R3T36944KDXAKP/ref=cm_cr_getr_d_rvw_ttl?ie=UTF8&ASIN=B0B8YTQHKM,"4.0 "," the United States "," September 21, 2023",Color: GreenSize: Medium,Verified Purchase,It's light and comfy and stretchy where it needs to be. Perfect workout clothes!!! Just letting you know that the bra may be a little short for women with large breasts.,2
Tiffany,The amount of stuff received for the low price of 49.99,https://www.amazon.com/gp/customer-reviews/R2HAQR4LPKSSJI/ref=cm_cr_getr_d_rvw_ttl?ie=UTF8&ASIN=B0B8YTQHKM,"4.0 "," the United States "," November 23, 2023",Color: GraySize: Large,Verified Purchase,I loved how the items fit and how comfortable they were. Great workout clothes 😀,
l.d. green,Workout clothes,https://www.amazon.com/gp/customer-reviews/RCD66WWUEVDKL/ref=cm_cr_getr_d_rvw_ttl?ie=UTF8&ASIN=B0B8YTQHKM,"3.0 "," the United States "," June 6, 2024",Color: PinkSize: Large,Verified Purchase,Do not like shorts over leggings item returned,
Lynda robinson,Fit to size,https://www.amazon.com/gp/customer-reviews/R1RF1CZ06QHZTR/ref=cm_cr_getr_d_rvw_ttl?ie=UTF8&ASIN=B0B8YTQHKM,"5.0 "," the United States "," August 17, 2024",Color: GreenSize: Medium,Verified Purchase,Product looked rich. Great option for the money.,
Amorris,Good value for what you get,https://www.amazon.com/gp/customer-reviews/R1S0SDU6AAVSQ8/ref=cm_cr_getr_d_rvw_ttl?ie=UTF8&ASIN=B0B8YTQHKM,"4.0 "," the United States "," August 13, 2023",Color: GreenSize: Small,Verified Purchase,"Everything fit true to size. I didnt realize that you get shorts and leggings with shorts attached. I was thinking they were just showing how the pieces could be worn together 😂 So that was a surprise, but not a big deal.",5
Lindsey,Runs small,https://www.amazon.com/gp/customer-reviews/R1M1EQWUBJM4FR/ref=cm_cr_getr_d_rvw_ttl?ie=UTF8&ASIN=B0B8YTQHKM,"3.0 "," the United States "," April 13, 2024",Color: GreenSize: X-Large,Verified Purchase,"Clothing fits small, also had a small hole in leggings at waistband but I can cover it up with a shirt",
Amazon Customer,Good quality items for the price.,https://www.amazon.com/gp/customer-reviews/R3RVCKCDDL0Q1K/ref=cm_cr_getr_d_rvw_ttl?ie=UTF8&ASIN=B0B8YTQHKM,"4.0 "," the United States "," January 22, 2023",Color: GreenSize: Medium,Verified Purchase,I ordered the green and black “NEW” in a medium. I usually wear a small. Very comfy! My ONLY negative comment is that the order I received was not exactly as suggested.  The shorts are not long as in the picture and the leggings come with shorts attached.  I am keeping the outfit because even just the three pieces I love are worth the money. Happy shopping!,7
Kimberly,Well made,https://www.amazon.com/gp/customer-reviews/R173UNI30RV32D/ref=cm_cr_getr_d_rvw_ttl?ie=UTF8&ASIN=B0B8YTQHKM,"5.0 "," the United States "," July 3, 2024",Color: GreenSize: Medium,Verified Purchase,These are well made and good for working out. I like how they fit and feel when I am working out.,
Michele Eggleton,Yoga outfits,https://www.amazon.com/gp/customer-reviews/R1DOLEFWOKQ0V1/ref=cm_cr_getr_d_rvw_ttl?ie=UTF8&ASIN=B0B8YTQHKM,"4.0 "," the United States "," July 22, 2023",Color: PinkSize: Small,Verified Purchase,"All was good but the bra top is not adjustable and was very tight so not usable - need to design for it to work for small busted as well as larger busted women.  Nice quality, beautiful color.",7
Shante Nichols,Order up a size,https://www.amazon.com/gp/customer-reviews/R2LMUWPRBZDC39/ref=cm_cr_getr_d_rvw_ttl?ie=UTF8&ASIN=B0B8YTQHKM,"3.0 "," the United States "," May 11, 2024",Color: PinkSize: X-Large,Verified Purchase,Snug in the wrong places and my zipper broke first day,
ambi*,False advertisement. Received 2 of 5 pieces.,https://www.amazon.com/gp/customer-reviews/R13DG7ERSDPDML/ref=cm_cr_getr_d_rvw_ttl?ie=UTF8&ASIN=B0B8YTQHKM,"2.0 "," the United States "," September 13, 2024",Color: GreenSize: Small,Verified Purchase,"5 pieces did not arrive. I received the jacket and a pair of leggings/shorts that is one piece (shorts/leggings are sewn together). There was no bra, no shorts, no leggings. Of the two pieces that I received, only the jacket looks remotely similar.",
Pixie,Not Bad,https://www.amazon.com/gp/customer-reviews/R1N0KD6F8AQYZU/ref=cm_cr_getr_d_rvw_ttl?ie=UTF8&ASIN=B0B8YTQHKM,"4.0 "," the United States "," June 13, 2023",Color: GreenSize: Medium,Verified Purchase,The product fits well and is pretty comfortable. I love the sports bra. Not too tight but not too loose. Only thing I don't like is the extra fabric infront of the shorts. Kind of baggy. Other than that I like them,
Jax mama,"High quality, Very nice.",https://www.amazon.com/gp/customer-reviews/R26S5RH69SDVB7/ref=cm_cr_getr_d_rvw_ttl?ie=UTF8&ASIN=B0B8YTQHKM,"5.0 "," the United States "," August 8, 2024",Color: Pink UpdateSize: X-Large,Verified Purchase,"Thin, waterproof, true to color. I love these clothes.",
juliya,To small for big chest,https://www.amazon.com/gp/customer-reviews/R2UBU7PNZFHG9V/ref=cm_cr_getr_d_rvw_ttl?ie=UTF8&ASIN=B0B8YTQHKM,"3.0 "," the United States "," January 31, 2024",Color: Purple UpdateSize: X-Large,Verified Purchase,For the most part the workout outfit is nice. Love the color only complaint is the sports bra isn't any coverage for a D cup. They should have the size choices separate.  I got xl.,
Ann Appleton,Came missing items,https://www.amazon.com/gp/customer-reviews/R3HZU3W47ND8NH/ref=cm_cr_getr_d_rvw_ttl?ie=UTF8&ASIN=B0B8YTQHKM,"3.0 "," the United States "," March 9, 2024",Color: Purple UpdateSize: Small,Verified Purchase,"Only 3 pieces were in the package instead of 5. I only received the bra, jacket and shirt. Missing the yoga leggings and shorts.",
Marsha,True to size...mostly,https://www.amazon.com/gp/customer-reviews/RVHMIZ6OJA8TJ/ref=cm_cr_getr_d_rvw_ttl?ie=UTF8&ASIN=B0B8YTQHKM,"4.0 "," the United States "," February 27, 2023",Color: GraySize: Large,Verified Purchase,"I ordered a large. I am 5’6”, 155lbs. Everything fit great other than the sports bra top. It doesn’t cover everything it should and has an odd fit, so it doesn’t offer a lot of support. The other pieces fit perfectly and I’m overall happy with the quality.",
Taylor,Love it,https://www.amazon.com/gp/customer-reviews/R1ROCJYK7T6TTT/ref=cm_cr_getr_d_rvw_ttl?ie=UTF8&ASIN=B0B8YTQHKM,"5.0 "," the United States "," April 25, 2023",Color: GreenSize: Medium,Verified Purchase,"It’s a great price for all you get. I personally love how it fits- the material is stretchy and fits well. I’m a curvy short girl with plenty of thigh, so admittedly I sometimes worry about how these things will fit. I ordered a medium set and even with my curves it all still fits beautifully. I plan to buy another set come the summer as I already wear these pretty regularly. They’re comfy, cute and I love how I feel in it.",
KrenFL,Decent quality cute style set!,https://www.amazon.com/gp/customer-reviews/R1E2O0M0GMLRW2/ref=cm_cr_getr_d_rvw_ttl?ie=UTF8&ASIN=B0B8YTQHKM,"5.0 "," the United States "," February 8, 2024",Color: Pink UpdateSize: X-Large,Verified Purchase,"This workout set is real cute! Decent quality wise. Is a little light weight, but good for warmer days if working out or walking outdoors. Super cute set! Fit is true to size. Arrived on time in good packaging. Great value so I bought another color!",2
Elizabeth Hogeland,Lovely colors,https://www.amazon.com/gp/customer-reviews/R3NWCVJJKWYBOE/ref=cm_cr_getr_d_rvw_ttl?ie=UTF8&ASIN=B0B8YTQHKM,"4.0 "," the United States "," March 22, 2023",Color: Pink UpdateSize: X-Large,Verified Purchase,"I feel like this product ran small, I generally fit in large to xl but the xl was a little snug. The colors were great, very vibrant and the sports bra was relatively supportive. I would but it again and order a size up",
Theofil H. Woykowski,Fit,https://www.amazon.com/gp/customer-reviews/R3MO71X3D9J7P7/ref=cm_cr_getr_d_rvw_ttl?ie=UTF8&ASIN=B0B8YTQHKM,"4.0 "," the United States "," June 2, 2023",,Verified Purchase,"I'm 5'2 and 130 pounds.  I ordered a medium and it runs small, especially the jog bra and the shirt.  Other than that, a good deal for the package.  I do like the light jacket.",
Mark Arbuckle,Work out outfit,https://www.amazon.com/gp/customer-reviews/R3F7BGNO7XYTBP/ref=cm_cr_getr_d_rvw_ttl?ie=UTF8&ASIN=B0B8YTQHKM,"4.0 "," the United States "," April 17, 2023",Color: PurpleSize: X-Large,Verified Purchase,It so comfortable and it great clothes to exercise in or just lounging around . It don't fold at the belly  once I get my belly down and weight down I will order in a different color,19
YoEddy,The fit.,https://www.amazon.com/gp/customer-reviews/R24EZGMWBV0O83/ref=cm_cr_getr_d_rvw_ttl?ie=UTF8&ASIN=B0B8YTQHKM,"5.0 "," the United States "," July 18, 2024",Color: GreenSize: X-Large,Verified Purchase,Loved the pieces and the fit was perfect.,
Veronica  D,Great item,https://www.amazon.com/gp/customer-reviews/R38QYI4447V05M/ref=cm_cr_getr_d_rvw_ttl?ie=UTF8&ASIN=B0B8YTQHKM,"4.0 "," the United States "," May 4, 2023",Color: GreenSize: Large,Verified Purchase,Based on reviews I chose a Large..it was too big. I weigh between 167-170lbs and there was still loose material so I bought another one in medium. I have not received that one as yet.,3
BradH,"Nice product, but sizing is really off",https://www.amazon.com/gp/customer-reviews/RCH42XQ7Y73I8/ref=cm_cr_getr_d_rvw_ttl?ie=UTF8&ASIN=B0B8YTQHKM,"3.0 "," the United States "," December 29, 2020",Color: GreenSize: Large,Verified Purchase,"I bought this outfit in Large for my wife, and she is normally very comfortable in a USA large size (sometimes even medium). The jacket and sports bra were both on the small-end of large, but legitimately ""large"". But the shirt was on the small end of medium, and both the long pants and the shorts were not even medium--they would likely be classified as Small. It was very odd, as two of these items fit well, one was small, and two were VERY small. If they were consistent in their sizing, I would've bought XL sizes and accepted that these run small. But XL would've been too large for the two pieces, and still likely too small for two other pieces. So we simply returned and will look elsewhere.  It seems like a really nice product and looks really nice. For somebody with no waist and stick legs who likes REALLY short shorts, this would be a great outfit. I was disappointed that the fit was so odd.",12
Joy J Tarver,Almost a five star,https://www.amazon.com/gp/customer-reviews/R1797BEH4LDP6L/ref=cm_cr_getr_d_rvw_ttl?ie=UTF8&ASIN=B0B8YTQHKM,"4.0 "," the United States "," May 4, 2023",Color: Pink UpdateSize: X-Large,Verified Purchase,"The jacket, bra and shirt fit fine. The shorts and pants were a ok fit. My biggest concern was the material of the bottoms was thin. You can see through them. 😳",5
Scott Spicer,Sizing decent all items fit except shirt,https://www.amazon.com/gp/customer-reviews/R1EXAYUX909O7F/ref=cm_cr_getr_d_rvw_ttl?ie=UTF8&ASIN=B0B8YTQHKM,"3.0 "," the United States "," February 27, 2024",Color: GreenSize: Large,Verified Purchase,"The shorts, pants, sports bra and jacket all perfect fit but for me the shirt was too tight",
Tabetha Mason,Comfortable fit,https://www.amazon.com/gp/customer-reviews/R3KQTOR4CW25ZA/ref=cm_cr_getr_d_rvw_ttl?ie=UTF8&ASIN=B0B8YTQHKM,"5.0 "," the United States "," May 9, 2024",Color: GreenSize: X-Large,Verified Purchase,Was a little worried about the fit a 1st look but the material is very stretchy and super comfortable,
demetric,Pink,https://www.amazon.com/gp/customer-reviews/R2GTV4OD2Y3C8N/ref=cm_cr_getr_d_rvw_ttl?ie=UTF8&ASIN=B0B8YTQHKM,"5.0 "," the United States "," August 1, 2024",Color: PinkSize: X-Large,Verified Purchase,Love it,
Candace,The pants have built in shorts,https://www.amazon.com/gp/customer-reviews/RYE1J2VJ43EUK/ref=cm_cr_getr_d_rvw_ttl?ie=UTF8&ASIN=B0B8YTQHKM,"3.0 "," the United States "," February 22, 2024",Color: GreenSize: X-Large,Verified Purchase,Read the description carefully. The yoga pants have built in shorts on the outside!,
Jody harper,Size chart,https://www.amazon.com/gp/customer-reviews/RO82MI5XU59QZ/ref=cm_cr_getr_d_rvw_ttl?ie=UTF8&ASIN=B0B8YTQHKM,"3.0 "," the United States "," March 22, 2024",Color: GreenSize: Large,Verified Purchase,"Pants fit, tops & jackets dont.",
Lisa Spicer,Really Like it,https://www.amazon.com/gp/customer-reviews/R20W1YYATWIMV2/ref=cm_cr_getr_d_rvw_ttl?ie=UTF8&ASIN=B0B8YTQHKM,"5.0 "," the United States "," November 22, 2023",Color: PinkSize: Medium,Verified Purchase,I was surprised that the fit was as good as it was and the quality is good for the price. I don’t really care for the pants with the shorts but jet is worth it . The size was true for me . I am 5’7 and 150lbs but tall and got a M,
Nancy Ellen,Beautiful. Comfortable. Affordable.,https://www.amazon.com/gp/customer-reviews/R1NPTZA36D7D09/ref=cm_cr_getr_d_rvw_ttl?ie=UTF8&ASIN=B0B8YTQHKM,"5.0 "," the United States "," August 6, 2023",Color: PinkSize: Small,Verified Purchase,"This is the perfect workout set. I'm 5'1, about 115 lbs and the small fits me perfectly. It definitely has some stretch to it and it's easy to move in. The pink color is beautiful. The material is soft, and breathable. This is exactly what I was looking for. I'll definitely be buying it in the other colors as well.",3
Kathleen Brady,"The shorts ride up, other than that, fits great!",https://www.amazon.com/gp/customer-reviews/R17UAS5ROUJXXV/ref=cm_cr_getr_d_rvw_ttl?ie=UTF8&ASIN=B0B8YTQHKM,"4.0 "," the United States "," September 29, 2022",Color: PurpleSize: X-Large,Verified Purchase,"I love the fit of the shirt and hoodie. The sweatpants fit as expected and they aren't see through cause the shorts sew into/over the leggings cover everything. Only thing I don't like is the shorts ride up ALOT, I have to constantly pull them back down.",3
Jordan,A gift for my girlfriend,https://www.amazon.com/gp/customer-reviews/R2BI7OJUXKYNSR/ref=cm_cr_getr_d_rvw_ttl?ie=UTF8&ASIN=B0B8YTQHKM,"4.0 "," the United States "," January 12, 2023",Color: PinkSize: Large,Verified Purchase,"My girlfriend says that she loves it! Only thing that was wrong was the sports bra, she took the paddings out and it was still a bit tight on her. But the clothes and the material is great!!",4
J. A. Decker,"Fits well, great customer service",https://www.amazon.com/gp/customer-reviews/R496EIRBEEHQJ/ref=cm_cr_getr_d_rvw_ttl?ie=UTF8&ASIN=B0B8YTQHKM,"5.0 "," the United States "," July 9, 2023",Color: Purple UpdateSize: Large,Verified Purchase,I am 5ft 6in tall and 160 lbs. I purchase the large set and it fits me well. The material is stretchy and I like that this set will allow me to work out across a variety of seasons. The seller is super responsive and provides top notch customer service. I will buy again the next time I need exercise wear.,2
Brezzy,Love this,https://www.amazon.com/gp/customer-reviews/R34YWE9ONC8NWP/ref=cm_cr_getr_d_rvw_ttl?ie=UTF8&ASIN=B0B8YTQHKM,"5.0 "," the United States "," March 22, 2024",Color: PinkSize: Large,Verified Purchase,I must say best purchase ever. I run 3 times a week this has been my go to everything. Very soft flexible nice a comfortable,
Danielle,Worth it.,https://www.amazon.com/gp/customer-reviews/R2749XBFD4C9W9/ref=cm_cr_getr_d_rvw_ttl?ie=UTF8&ASIN=B0B8YTQHKM,"5.0 "," the United States "," September 28, 2022",,Verified Purchase,They fit nicely. True to body size. The service they give is be on amazing. They truly care about your happiness with there product. Will recommend this item to everyone who wants to be comfortable while working out. I order 5 of these and we're them daily to work and love them. I washed them on normal cycle and even put them in the dryer for about 41 minutes and the clothes still fits perfectly.,
rick swope,Some pieces attractive,https://www.amazon.com/gp/customer-reviews/R2OGL9CQNVJ7P7/ref=cm_cr_getr_d_rvw_ttl?ie=UTF8&ASIN=B0B8YTQHKM,"3.0 "," the United States "," January 23, 2024",Color: GreenSize: Medium,Verified Purchase,Unable to get all pieces to fit properly when all pieces are the same size label.,
Amazon Customer,This outfit is appropriate for a low intensity/impact or Yoga level of fitness.,https://www.amazon.com/gp/customer-reviews/R2PMKI41JEU478/ref=cm_cr_getr_d_rvw_ttl?ie=UTF8&ASIN=B0B8YTQHKM,"4.0 "," the United States "," January 30, 2021",Color: GreenSize: Medium,Verified Purchase,"Likes: soft material, tag-less which helps product be more comfortable less friction.  Color nice and vibrant. Descent sport's bra.  After work this may be a nice lounging outfit.Dislikes: spandex is a loose fit,  lacks elasticity. Zipper is hard to move b/c of this.  Warmth: little.  Did not realize their were shorts over the spandex from the image,  that was a little odd.This outfit would not be fitting for a high intensity workout, more appropriate for a Yoga level  or low impact of fitness.",11
Amazon Customer,Looovvee!,https://www.amazon.com/gp/customer-reviews/R3ARQUFRNNE34E/ref=cm_cr_getr_d_rvw_ttl?ie=UTF8&ASIN=B0B8YTQHKM,"5.0 "," the United States "," July 18, 2023",Color: Green UpdateSize: X-Large,Verified Purchase,Was looking for an outfit I would be comfortable wearing in the gym. I am a little heavy set and this looks very flattering on me and it is very comfortable. Absolutely love it! Can’t wait to go to the gym tonight lol. I am 5’1 and weigh about 185 lbs and the XL fit me perfectly.,
Brandy,Comfortable,https://www.amazon.com/gp/customer-reviews/R3RMKSBEJJVGUQ/ref=cm_cr_getr_d_rvw_ttl?ie=UTF8&ASIN=B0B8YTQHKM,"4.0 "," the United States "," July 26, 2023",Color: Green UpdateSize: X-Large,Verified Purchase,"The bra is a little big, shirt is tight, shorts fit perfectly.  Haven't tried jacket or pants.",
Krissi Jane,Good value,https://www.amazon.com/gp/customer-reviews/R1615OROU5MFSX/ref=cm_cr_getr_d_rvw_ttl?ie=UTF8&ASIN=B0B8YTQHKM,"5.0 "," the United States "," January 15, 2024",Color: GreenSize: X-Large,Verified Purchase,"For the amount of matching pieces you get for the price, this is a great value! It does run small though.  Definitely order a size up. They do look nice, and the material is good quality.",
Brianna Cineus,"Great Quality, Super Comfortable",https://www.amazon.com/gp/customer-reviews/R33NIKYVV21FR2/ref=cm_cr_getr_d_rvw_ttl?ie=UTF8&ASIN=B0B8YTQHKM,"5.0 "," the United States "," July 30, 2023",Color: GreenSize: Medium,Verified Purchase,"I love my workout set! A cute set will definitely motivate me to get up and work out 💪🏾 the only thing that I would say is that the shorts rises up, so be mindful when doing certain exercises. Other than that definitely get a pair & thank me later 🫶🏾",20
Angela Hill,The pants fit good but the shirt is way too small.,https://www.amazon.com/gp/customer-reviews/R3VR28WBZC44M6/ref=cm_cr_getr_d_rvw_ttl?ie=UTF8&ASIN=B0B8YTQHKM,"4.0 "," the United States "," February 15, 2023",Color: PurpleSize: Large,Verified Purchase,I love the pants and sports bra fit good however the XL shirt is way too small and I love the color.,3
Brandie,Fits well but…..,https://www.amazon.com/gp/customer-reviews/R3FNVO36O09D5T/ref=cm_cr_getr_d_rvw_ttl?ie=UTF8&ASIN=B0B8YTQHKM,"4.0 "," the United States "," April 19, 2023",Color: GreenSize: Large,Verified Purchase,Fits well. Fabric feels odds. Wish the pants didn’t have to be shorts connected.,
renea,Don’t fit,https://www.amazon.com/gp/customer-reviews/RXD7UG9CFTYRF/ref=cm_cr_getr_d_rvw_ttl?ie=UTF8&ASIN=B0B8YTQHKM,"3.0 "," the United States "," December 20, 2023",Color: PurpleSize: X-Large,Verified Purchase,"I can’t wear any of the tops, but was able to fit in the bottoms",
Jacklyn martin,"Nice breathable soft material, absolutely loved it",https://www.amazon.com/gp/customer-reviews/R1G8JKHNMVVSYV/ref=cm_cr_getr_d_rvw_ttl?ie=UTF8&ASIN=B0B8YTQHKM,"4.0 "," the United States "," August 2, 2021",,Verified Purchase,"Extremely comfortable breathable fabric. package was a little small so I was worried I got too small a  size, but everything fits great. The fabric stretches nicely while exercising and is pretty soft definitely not a bad price at all either. My only issue was with the leggings I thought the shorts might come off them but they do not it's the actual design of them but that isn't that big of an issue they still look cute as they are.",
