﻿评论用户,评论概述,评论链接,星级评分,评论地点,评论时间,类型,是否购买,评论详情,觉得该评论有帮助的人数
Cindy A. McCormick,Comfortable and easy to take care of,https://www.amazon.com/gp/customer-reviews/R2FIG57ETZ5YR9/ref=cm_cr_arp_d_rvw_ttl?ie=UTF8&ASIN=B08XLV17FS,"5.0 "," the United States "," October 4, 2024",Size: MediumColor: Red Floral Black,Verified Purchase,"I love these shirts, and now have six of them. They come out of the wash and dryer in perfect condition with no wrinkles. They are a nice loose-ish Fit in are flattering.",
Amazon Customer,Amazing shirt for golf or otherwise!,https://www.amazon.com/gp/customer-reviews/R2FXXD83DZXPPF/ref=cm_cr_arp_d_rvw_ttl?ie=UTF8&ASIN=B08XLV17FS,"5.0 "," the United States "," September 12, 2024",Size: LargeColor: Paisley Dack Blue,Verified Purchase,"I have now purchased four of these shirts in various colors and patterns because I love them so much! The material is thin and moisture wicking, but not see-through. I am 5'6"" and weigh between 160-165 lbs. 36D bra size. I have worn two of these shirts to separate golf outings, but they are also perfect for everyday summer use on the boat. They are very comfortable and fit nicely. I have washed them a few times and let them air dry with no pilling or shrinkage. I normally wear a medium shirt, but did purchase a large in this and feel that it fits perfectly. I purchased the large mainly to accommodate a D bust size.... I potentially could have gone to a medium but I'm happy with this fit.",
DeLorean,Nice,https://www.amazon.com/gp/customer-reviews/R20T23N0IH1U0Q/ref=cm_cr_arp_d_rvw_ttl?ie=UTF8&ASIN=B08XLV17FS,"4.0 "," the United States "," September 28, 2024",Size: SmallColor: Grey,Verified Purchase,"It’s a nice work out shirt, thin and light weight. Love the zipper and color. Simple. Unfortunately the small is too big, it’s not fitted at all- returned it.",
Lisa Glowacki,Comfortable!,https://www.amazon.com/gp/customer-reviews/R1I4IW9SDKMU0N/ref=cm_cr_arp_d_rvw_ttl?ie=UTF8&ASIN=B08XLV17FS,"5.0 "," the United States "," July 22, 2024",Size: LargeColor: Tie Dye,Verified Purchase,"Purchased this shirt for a recent golf tournament I was in and it was both comfortable and kept me cool while the temperature for the day reached 84 degrees. Love the style, colors and way it looks. Great shirt and great price. Love it! True to size as well.",
Amazon Customer,Good quality and perfect fit!,https://www.amazon.com/gp/customer-reviews/RQFSJULGDZ60/ref=cm_cr_arp_d_rvw_ttl?ie=UTF8&ASIN=B08XLV17FS,"5.0 "," the United States "," December 6, 2024",Size: SmallColor: Ink Wash,Verified Purchase,Love the shirt! Fits perfectly and quality is great!,
LadyOfTheHouse,Cute top but SMELLS bad,https://www.amazon.com/gp/customer-reviews/RR234260UYDUH/ref=cm_cr_arp_d_rvw_ttl?ie=UTF8&ASIN=B08XLV17FS,"3.0 "," the United States "," January 30, 2024",Size: LargeColor: Paisley Dack Blue,Verified Purchase,"This review is for: LURANEE Women's Short Sleeve Moisture Wicking Athletic Shirts Quarter Zip Pullover. The product arrived on time and is in excellent shape.  It smells like someone sprayed it with heavily with perfume, I washed it twice (once with vinegar) to try to get rid of the smell, but it will need a third wash to hopefully get the smell out.  I purchased a size up and the shirt fits nicely, the zipper can be up for a higher neckline or lowered for more of a v-neck appearance.  It's a cute top and would order others if the smell would not have been so horrid.",5
LLMB,Very pleased with purchase.,https://www.amazon.com/gp/customer-reviews/R2DCGU04JT2RU1/ref=cm_cr_arp_d_rvw_ttl?ie=UTF8&ASIN=B08XLV17FS,"5.0 "," the United States "," December 10, 2024",Size: X-LargeColor: Black Geometry,Verified Purchase,"Fit great!  No too clingy, and not too big.  Very comfortable to bowl in😃.",
Olga,I love this shirt!,https://www.amazon.com/gp/customer-reviews/R3DS602YWJHY5B/ref=cm_cr_arp_d_rvw_ttl?ie=UTF8&ASIN=B08XLV17FS,"5.0 "," the United States "," December 20, 2024",Size: X-LargeColor: Tie Dye,Verified Purchase,"Material is nice, size is good, colors are perfect!",
Amazon Customer,Great product,https://www.amazon.com/gp/customer-reviews/R2QYWZABT0KKXK/ref=cm_cr_arp_d_rvw_ttl?ie=UTF8&ASIN=B08XLV17FS,"5.0 "," the United States "," January 16, 2025",Size: LargeColor: Marble,Verified Purchase,Great shirt.  Our golf team of 14 each purchased this shirt and it was a hit.,
Amazon Customer,Golf shirt,https://www.amazon.com/gp/customer-reviews/R155NOCUNXJJUK/ref=cm_cr_arp_d_rvw_ttl?ie=UTF8&ASIN=B08XLV17FS,"5.0 "," the United States "," January 10, 2025",Size: LargeColor: Red Floral Black,Verified Purchase,I liked the feel and fit of the shirt.,
Yogigolfgal,Nice golf top,https://www.amazon.com/gp/customer-reviews/R2U2HK9R0NJ05C/ref=cm_cr_getr_d_rvw_ttl?ie=UTF8&ASIN=B08XLV17FS,"5.0 "," the United States "," January 5, 2025",Size: MediumColor: Black Blue Floral,Verified Purchase,Nice fit nice golf top Medium 5’4 140,
SRH,Fits well,https://www.amazon.com/gp/customer-reviews/R3DLQTDL1XMNIA/ref=cm_cr_getr_d_rvw_ttl?ie=UTF8&ASIN=B08XLV17FS,"4.0 "," the United States "," November 4, 2024",Size: X-LargeColor: White Leaf Blue,Verified Purchase,"Comfortable and fits well. The inside is not printed or lined, so when you lay the zipped collar down it shows. That isn’t ideal, but isn’t a deal breaker for me. The fabric feels a little swimwear-like, but again wasn’t a deal breaker.",
carolinagirl13,Nice activewear top,https://www.amazon.com/gp/customer-reviews/R1SHKL5P2MX7FC/ref=cm_cr_getr_d_rvw_ttl?ie=UTF8&ASIN=B08XLV17FS,"4.0 "," the United States "," October 21, 2024",Size: X-LargeColor: Marble,Verified Purchase,Color was listed as marble but it appears to be navy instead of black??  Fit is good but wrinkles a bit horizontally at bottom of zipper.  Sleeves are comfortable and length is good.,
R AE,Great shirt,https://www.amazon.com/gp/customer-reviews/R1KR2KCMZ6L92I/ref=cm_cr_getr_d_rvw_ttl?ie=UTF8&ASIN=B08XLV17FS,"5.0 "," the United States "," November 20, 2024",,Verified Purchase,"I love this shirt. Great fabric, been in dozen of washes and still looks as new.",
Donald P. Johnson,Comfortable,https://www.amazon.com/gp/customer-reviews/R1RDDENBS20CMY/ref=cm_cr_getr_d_rvw_ttl?ie=UTF8&ASIN=B08XLV17FS,"5.0 "," the United States "," November 13, 2024",Size: LargeColor: Blue Leaf,Verified Purchase,"Perfect short for active person whether it’s golfing, hiking or another activity. Shirt is quick dry, doesn’t wrinkle, and travels well.",
Golfer,Just ok,https://www.amazon.com/gp/customer-reviews/RJMIWWSYMFEWX/ref=cm_cr_getr_d_rvw_ttl?ie=UTF8&ASIN=B08XLV17FS,"3.0 "," the United States "," January 9, 2025",Size: X-LargeColor: Geometry White,Verified Purchase,Sizes aren’t true,
esther dickson,Shirt,https://www.amazon.com/gp/customer-reviews/R1N5HO78XOVV8M/ref=cm_cr_getr_d_rvw_ttl?ie=UTF8&ASIN=B08XLV17FS,"5.0 "," the United States "," November 18, 2024",Size: LargeColor: Purple-1,Verified Purchase,Loved the color and fit of this shirt,
BakoJewell,"Fits nice, thin and cool",https://www.amazon.com/gp/customer-reviews/R2PIRBGOZCQ4K1/ref=cm_cr_getr_d_rvw_ttl?ie=UTF8&ASIN=B08XLV17FS,"4.0 "," the United States "," July 30, 2024",Size: X-LargeColor: Ink Wash,Verified Purchase,"I like it and the colors are great. The collar is a bit flimsy and needs help to fold and lay right. The zip up opening may have something to do with that. Overall, I pleased. Its hard to find sports shirts in a print.",
Maddy,Gym Blouse,https://www.amazon.com/gp/customer-reviews/R1BR34DF2QADDZ/ref=cm_cr_getr_d_rvw_ttl?ie=UTF8&ASIN=B08XLV17FS,"5.0 "," the United States "," November 7, 2024",Size: XX-LargeColor: Black Geometry,Verified Purchase,The fit and the fabric are awesome.,
Shelly M,Top runs small,https://www.amazon.com/gp/customer-reviews/R3SOHO19A9ERI2/ref=cm_cr_getr_d_rvw_ttl?ie=UTF8&ASIN=B08XLV17FS,"4.0 "," the United States "," June 25, 2024",Size: LargeColor: Purple-1,Verified Purchase,"I am 130 lb,  32A and a medium was way too tight under the arms I had to go to a size large. I like the shirt a lot. nice quality seems very comfortable and good quality.",
K.F.,Love it!,https://www.amazon.com/gp/customer-reviews/R2L3I1942QOYH8/ref=cm_cr_getr_d_rvw_ttl?ie=UTF8&ASIN=B08XLV17FS,"4.0 "," the United States "," August 3, 2024",Size: LargeColor: Black Geometry,Verified Purchase,"Nice looking, fits well, and smooth material.",
Janet K,Sizing is way off,https://www.amazon.com/gp/customer-reviews/R1X2VI84F10J4C/ref=cm_cr_getr_d_rvw_ttl?ie=UTF8&ASIN=B08XLV17FS,"3.0 "," the United States "," October 19, 2024",Size: SmallColor: Geometry Hot Pink,Verified Purchase,"I wear a size Large, and that's what I ordered.  The shirt was incredibly small. There's no way I could get this thing on.  It's unfortunate because the shirt itself seemed to be of good quality.",
steinbeck,This is long!,https://www.amazon.com/gp/customer-reviews/R2NEGVCSF9409S/ref=cm_cr_getr_d_rvw_ttl?ie=UTF8&ASIN=B08XLV17FS,"4.0 "," the United States "," May 26, 2024",,Verified Purchase,Material is nice. Fits nicely however it is long!  I am 5’8” 175 bought a large. It’ goes down to my hips and is not flattering. Does not hug the hips but is loose and I have big hips!,
JD,Comfy!  Nice looking,https://www.amazon.com/gp/customer-reviews/R3UN8EPAHBN9CU/ref=cm_cr_getr_d_rvw_ttl?ie=UTF8&ASIN=B08XLV17FS,"4.0 "," the United States "," July 17, 2024",Size: MediumColor: Dark Grey,Verified Purchase,"True to size.  Looks nice, good purchase.",
Amazon Customer,Nice shirt for horseback riding,https://www.amazon.com/gp/customer-reviews/R30KSU1Y436PR3/ref=cm_cr_getr_d_rvw_ttl?ie=UTF8&ASIN=B08XLV17FS,"5.0 "," the United States "," September 30, 2024",Size: LargeColor: Paisley Dack Blue,Verified Purchase,This shirt is cool and comfortable and very pretty. Much less expensive than purpose-made riding shirts with similar performance. Very pleased with this purchase.,
Tammy G.,Perfect!,https://www.amazon.com/gp/customer-reviews/R1GQDSPTPG3FOF/ref=cm_cr_getr_d_rvw_ttl?ie=UTF8&ASIN=B08XLV17FS,"5.0 "," the United States "," August 19, 2024",Size: X-LargeColor: Paisley Dack Blue,Verified Purchase,"Love this shirt! It's very light weight and well made. I usually wear L or XL (5'5"" 165 lbs). I bought a XL to play it safe as I have broad shoulders and long torso. It was a perfect fit! I will definitely be purchasing more of these awesome shirts. I highly recommend.",
DeDi,nice looking shirt,https://www.amazon.com/gp/customer-reviews/RRHVP4NXK0MNU/ref=cm_cr_getr_d_rvw_ttl?ie=UTF8&ASIN=B08XLV17FS,"4.0 "," the United States "," June 5, 2024",Size: X-LargeColor: White Leaf Blue,Verified Purchase,This shirt is nice looking. I have the white leaf blue. Although this shirt has 50+ UPF it didn't really feel breathable.,
LT,Nice athletic shirt,https://www.amazon.com/gp/customer-reviews/R2F789FK8AP6ZR/ref=cm_cr_getr_d_rvw_ttl?ie=UTF8&ASIN=B08XLV17FS,"5.0 "," the United States "," September 30, 2024",Size: X-LargeColor: Geometry White,Verified Purchase,As advertised.  I wear for golf and pickleball.  Comfortable and accurate size and fit.,
Life Is Good,Bright color.,https://www.amazon.com/gp/customer-reviews/R1N0C5O7ZMGFXP/ref=cm_cr_getr_d_rvw_ttl?ie=UTF8&ASIN=B08XLV17FS,"5.0 "," the United States "," October 5, 2024",Size: LargeColor: Geometry Hot Pink,Verified Purchase,Top is exactly like it is in the picture. Wears nicely.,
Marilyn B,Very comfortable,https://www.amazon.com/gp/customer-reviews/R15YXCZWH5V1AP/ref=cm_cr_getr_d_rvw_ttl?ie=UTF8&ASIN=B08XLV17FS,"5.0 "," the United States "," September 29, 2024",Size: 3X-LargeColor: Tie Dye,Verified Purchase,Purchased for a National Doubles bowling event - this shirt was cool and comfortable,
Joanne,Great shirt fits wonderful,https://www.amazon.com/gp/customer-reviews/R2RRXW9YLFFP27/ref=cm_cr_getr_d_rvw_ttl?ie=UTF8&ASIN=B08XLV17FS,"5.0 "," the United States "," August 14, 2024",Size: XX-LargeColor: White Leaf Black,Verified Purchase,I ordered 2 of these shirt in long sleeves for an Alaska trip in June. You can hand wash them easily. I got so many compliments on them I ordered 2 more for a summer trip. great value.,
Sem,Neck,https://www.amazon.com/gp/customer-reviews/R1A7MKZBDCOTYO/ref=cm_cr_getr_d_rvw_ttl?ie=UTF8&ASIN=B08XLV17FS,"4.0 "," the United States "," April 7, 2024",Size: SmallColor: Black Geometry,Verified Purchase,"The neck when zippered is a little stiff and loose on me but I ordered a small and I really needed a xs Please add xs sizing. Overall I really like these, have a short sleeved and a 3/4 sleeved one. Would recommend.",
neatnik,Flattering and comfortable.,https://www.amazon.com/gp/customer-reviews/R3FTGT3UN9OAIQ/ref=cm_cr_getr_d_rvw_ttl?ie=UTF8&ASIN=B08XLV17FS,"5.0 "," the United States "," September 24, 2024",Size: SmallColor: White Leaf Black,Verified Purchase,This fits well and I plan to purchase more in other patterns.,
Janiegirl,BOWLING,https://www.amazon.com/gp/customer-reviews/R1LBZ86KH9H2C2/ref=cm_cr_getr_d_rvw_ttl?ie=UTF8&ASIN=B08XLV17FS,"5.0 "," the United States "," October 8, 2024",Size: X-LargeColor: Tie Dye,Verified Purchase,"Soft material, not clingy",
Chandler Leeann Reigh,So comfortable,https://www.amazon.com/gp/customer-reviews/R2KBG7OD5XO6KT/ref=cm_cr_getr_d_rvw_ttl?ie=UTF8&ASIN=B08XLV17FS,"5.0 "," the United States "," September 10, 2024",Size: MediumColor: White Leaf Black,Verified Purchase,I love these shirts! I play disc golf and they are the most comfortable and flexible shirts I’ve tried,
Standown$1,True to size,https://www.amazon.com/gp/customer-reviews/R1C3EKOW0R5N63/ref=cm_cr_getr_d_rvw_ttl?ie=UTF8&ASIN=B08XLV17FS,"5.0 "," the United States "," August 14, 2024",Size: XX-LargeColor: Ink Wash,Verified Purchase,Very nice material that is cool to the skin. The pattern is very unique and I can wear it with multiple bottoms of different colors in the shirt. It fits great as well.,
JC,True to seller's description.,https://www.amazon.com/gp/customer-reviews/RUK8S5VARQN5E/ref=cm_cr_getr_d_rvw_ttl?ie=UTF8&ASIN=B08XLV17FS,"4.0 "," the United States "," May 11, 2024",Size: MediumColor: Dark Blue,Verified Purchase,"Lightweight wicking fabric. The style is a bit long for my liking, but a nice fit overall.",
pmreader,Exactly as expected,https://www.amazon.com/gp/customer-reviews/REUGCZ3Q7YC0G/ref=cm_cr_getr_d_rvw_ttl?ie=UTF8&ASIN=B08XLV17FS,"4.0 "," the United States "," May 27, 2024",Size: MediumColor: Purple-1,Verified Purchase,Good color and washes well. Fit is flattering.,
Jeannette Cooper,As described,https://www.amazon.com/gp/customer-reviews/R2TG6NT5ZO2F67/ref=cm_cr_getr_d_rvw_ttl?ie=UTF8&ASIN=B08XLV17FS,"5.0 "," the United States "," September 30, 2024",Size: X-LargeColor: Ink Wash,Verified Purchase,Comfortable and good sizing,
Ashley Alexander,So glad I bought a few!,https://www.amazon.com/gp/customer-reviews/R2U1LHRLUZSG0J/ref=cm_cr_getr_d_rvw_ttl?ie=UTF8&ASIN=B08XLV17FS,"5.0 "," the United States "," June 13, 2024",Size: XX-LargeColor: White Leaf Black,Verified Purchase,"I actually bought a few different colors of this shirt for a bowling tournament. They were all so beautiful. They breathed well and despite playing 6 games a day, they kept me cool and we're easy to move in. Material is great and washed well. Did not shrink. I will definitely be buying more colors soon and told others I got them on Amazon!",
Sandy K S,Great fit!,https://www.amazon.com/gp/customer-reviews/RH13KMGUEE4R5/ref=cm_cr_getr_d_rvw_ttl?ie=UTF8&ASIN=B08XLV17FS,"5.0 "," the United States "," September 3, 2024",Size: LargeColor: Paisley Dack Blue,Verified Purchase,The shirt is sporty and stylish! It looks great with gym shorts or regular shorts.,
Nelly,Fits well on my body,https://www.amazon.com/gp/customer-reviews/R2B1GT82TRPFBG/ref=cm_cr_getr_d_rvw_ttl?ie=UTF8&ASIN=B08XLV17FS,"5.0 "," the United States "," August 16, 2024",Size: LargeColor: Purple-1,Verified Purchase,"There is no company logo, but it’s not a problem for me…. I love the color, material and the shape of the blouse…",
Beckie Panzero,Comfortable top,https://www.amazon.com/gp/customer-reviews/RNWN366QQLOWM/ref=cm_cr_getr_d_rvw_ttl?ie=UTF8&ASIN=B08XLV17FS,"5.0 "," the United States "," June 17, 2024",Size: MediumColor: Paisley Dack Blue,Verified Purchase,"The colors are like the description and true to size.  I washed it before wearing it and did not shrink.  I am 5.2, weight 125 and bought a size small.  It is a little long for my height but works ok for me.  It’s not tight.",2
Cathy,Love these comfortable shirts,https://www.amazon.com/gp/customer-reviews/RR04K0Q5WY2MN/ref=cm_cr_getr_d_rvw_ttl?ie=UTF8&ASIN=B08XLV17FS,"5.0 "," the United States "," September 9, 2024",Size: LargeColor: Marble,Verified Purchase,Great golf shirts.  Very comfortable.,
Cindy Irwin,Love the shirt!,https://www.amazon.com/gp/customer-reviews/R1DT5QA2414JTF/ref=cm_cr_getr_d_rvw_ttl?ie=UTF8&ASIN=B08XLV17FS,"5.0 "," the United States "," July 23, 2024",Size: LargeColor: Green,Verified Purchase,"Fits perfect, exactly as described!  Great quality, moisture wicking fabric and helps keep you cool when working outside in the Texas heat!!  I highly recommend!!!",2
Betsy,Updated style for outdoor sports,https://www.amazon.com/gp/customer-reviews/R2KJ6RM7D0MGHL/ref=cm_cr_getr_d_rvw_ttl?ie=UTF8&ASIN=B08XLV17FS,"5.0 "," the United States "," May 20, 2024",Size: XX-LargeColor: Black Geometry,Verified Purchase,"This shirt is just what I was looking for, I love the zip up with collar. I am using it for bicycling. I got the X-Large because I didn’t want a tight fit (in the stomach area) and it’s perfect. Just like one I got from vineyard vines only much much less$$",
Houston Girl,Runs very small and shirt tail is more rounded and pronounced than in the picture,https://www.amazon.com/gp/customer-reviews/R3Q1CGXL4PK63M/ref=cm_cr_getr_d_rvw_ttl?ie=UTF8&ASIN=B08XLV17FS,"3.0 "," the United States "," June 24, 2024",Size: MediumColor: Blue,Verified Purchase,"I usually wear small, but ordered up to a medium. Size medium fits like a snug small. Also curved bottom hem is much more pronounced than in the picture. No idea why they make so many extra long shirts with super curved bottoms. So unbecoming! Seems like good quality but will be returning.",
Susan West,Cute and comfy,https://www.amazon.com/gp/customer-reviews/R3NNELPYUBGJAN/ref=cm_cr_getr_d_rvw_ttl?ie=UTF8&ASIN=B08XLV17FS,"5.0 "," the United States "," August 12, 2024",Size: X-LargeColor: Black Geometry,Verified Purchase,The fit was excellent and the design modern and flattering,
carols,Fits as described,https://www.amazon.com/gp/customer-reviews/RJ9WYGGI8RIQR/ref=cm_cr_getr_d_rvw_ttl?ie=UTF8&ASIN=B08XLV17FS,"5.0 "," the United States "," June 11, 2024",,Verified Purchase,"This shirt is super stretchy and fits true to size. Very flattering. The zipper works well. The length is a bit longer than described but that is just an added bonus. Overall, very nice shirt for the money.",
SoCal,Love it!,https://www.amazon.com/gp/customer-reviews/R2PLO9XH5CNT3J/ref=cm_cr_getr_d_rvw_ttl?ie=UTF8&ASIN=B08XLV17FS,"5.0 "," the United States "," May 1, 2024",Size: SmallColor: Dark Blue,Verified Purchase,like the fit and material. Not to tight but had a nice slim fit not boxy. For reference I am 5 ft 2 in and 124 lbs. Was looking for something that would pack well and look nice with casual around town in the heat. Color was great as well.,
Susan,Comfortable and breathable material,https://www.amazon.com/gp/customer-reviews/R2M155EIPLQI09/ref=cm_cr_getr_d_rvw_ttl?ie=UTF8&ASIN=B08XLV17FS,"5.0 "," the United States "," May 13, 2024",Size: SmallColor: Marble,Verified Purchase,"I ordered a medium, true to size. The material was lite and comfortable. It stayed in place so it did not interfere in my golf game with tugging and riding up the back. Great shirt. I am going to buy a few more in different prints.",
Laurie Lueders,Material,https://www.amazon.com/gp/customer-reviews/RXU3KD9QV1RUM/ref=cm_cr_getr_d_rvw_ttl?ie=UTF8&ASIN=B08XLV17FS,"4.0 "," the United States "," March 7, 2024",,Verified Purchase,Not as lite as I’m use to but lots of compliments and pretty cute!,
Lealand T. Wallin,Good quality and true to size.,https://www.amazon.com/gp/customer-reviews/R35LPMP0CJ526J/ref=cm_cr_getr_d_rvw_ttl?ie=UTF8&ASIN=B08XLV17FS,"5.0 "," the United States "," August 28, 2024",Size: MediumColor: Black Geometry,Verified Purchase,Very satisfied with product,
Amazon Customer,Comfortable and Cool Temp,https://www.amazon.com/gp/customer-reviews/R26DB1I2DJ4O2D/ref=cm_cr_getr_d_rvw_ttl?ie=UTF8&ASIN=B08XLV17FS,"5.0 "," the United States "," August 10, 2024",Size: MediumColor: White Leaf Black,Verified Purchase,"This shirt is not only very comfortable, but cool in temperature.",
Kindle Customer,BEAUTIFUL!,https://www.amazon.com/gp/customer-reviews/R1G8LYDO1X4ZTC/ref=cm_cr_getr_d_rvw_ttl?ie=UTF8&ASIN=B08XLV17FS,"5.0 "," the United States "," July 22, 2024",Size: X-LargeColor: Tie Dye,Verified Purchase,"The colors are beautiful & bright.  I love it!  Very soft, can't wait to wear it.",
"DR, Texas",NICE SHIRT!,https://www.amazon.com/gp/customer-reviews/R285893WB5IM2F/ref=cm_cr_getr_d_rvw_ttl?ie=UTF8&ASIN=B08XLV17FS,"5.0 "," the United States "," June 17, 2024",,Verified Purchase,Fits well (just wish it was a little more fitted around the hips for me). Mint green is a beautiful color - received lots of compliments on it.  Comfortable and launders well.,
Amazon Customer,Comfort,https://www.amazon.com/gp/customer-reviews/RZVGOXDJYA4EA/ref=cm_cr_getr_d_rvw_ttl?ie=UTF8&ASIN=B08XLV17FS,"4.0 "," the United States "," April 21, 2024",Size: MediumColor: Blue,Verified Purchase,Comfortable,
Nikki Keister,"Great fit, great quality",https://www.amazon.com/gp/customer-reviews/R2RYL256NBQBF2/ref=cm_cr_getr_d_rvw_ttl?ie=UTF8&ASIN=B08XLV17FS,"5.0 "," the United States "," August 6, 2024",Size: XX-LargeColor: Purple Black,Verified Purchase,"Love this shirt!  Firs nicely, super comfortable and great quality.",
laura kane,"Comfortable, and beautiful pattern",https://www.amazon.com/gp/customer-reviews/R1H7E9J0TC8V0P/ref=cm_cr_getr_d_rvw_ttl?ie=UTF8&ASIN=B08XLV17FS,"5.0 "," the United States "," June 10, 2024",Size: LargeColor: Ink Wash,Verified Purchase,"I bought this too for my friend who plays pickle ball, and I loved the fit and the color patterns so much that I bought myself 5 because I am a golfer, and they’re perfect!",
K K Schwartz,"Fit is small , easy care, comfortable to wear",https://www.amazon.com/gp/customer-reviews/R2D1VIEEPZYST9/ref=cm_cr_getr_d_rvw_ttl?ie=UTF8&ASIN=B08XLV17FS,"4.0 "," the United States "," June 30, 2022",Size: X-LargeColor: Grey,Verified Purchase,"The two athletic shirts in my picture are supposed to be the same size. The Luranee shirt runs on the small size, so I wish I had purchased the next size up. It’s comfortable to wear and easy to launder. I washed the shirt in cold water and dried on medium heat and the shirt came out of the dryer with no wrinkles.",3
Bookdiver2,"quality fabric, good fit",https://www.amazon.com/gp/customer-reviews/R15R85P8U51447/ref=cm_cr_getr_d_rvw_ttl?ie=UTF8&ASIN=B08XLV17FS,"5.0 "," the United States "," May 18, 2024",Size: 3X-LargeColor: White Leaf Black,Verified Purchase,"This top can be washed in a hotel sink and be dry to fly in the morning. No wrinkles, no fuss, Looks good with pants, capris, shorts, skirts... even my kids said, "" nice shirt""!",2
Lucy Riley,Comfortable,https://www.amazon.com/gp/customer-reviews/R1QXN2HXQ38S10/ref=cm_cr_getr_d_rvw_ttl?ie=UTF8&ASIN=B08XLV17FS,"5.0 "," the United States "," August 16, 2024",Size: 3X-LargeColor: Purple Black,Verified Purchase,Perfect fit. Soft fabric,
Peggy K,Runs large,https://www.amazon.com/gp/customer-reviews/R2N6SK5HXVO0HG/ref=cm_cr_getr_d_rvw_ttl?ie=UTF8&ASIN=B08XLV17FS,"3.0 "," the United States "," July 13, 2024",Size: MediumColor: Blue,Verified Purchase,"Good quality, nice blue color.  I liked it at first but the medium is a little big.  Don’t care for the collar.",
Michelle Peltier,Comfortable,https://www.amazon.com/gp/customer-reviews/R3I0LTXQVY1FLD/ref=cm_cr_getr_d_rvw_ttl?ie=UTF8&ASIN=B08XLV17FS,"5.0 "," the United States "," July 17, 2024",Size: X-LargeColor: Blue Leaf,Verified Purchase,Comfort is what I was looking for and that’s exactly what I got.,
Wildcat Mom,Very Pretty and Comfortable,https://www.amazon.com/gp/customer-reviews/R2LMC01UDZP1FM/ref=cm_cr_getr_d_rvw_ttl?ie=UTF8&ASIN=B08XLV17FS,"5.0 "," the United States "," May 14, 2024",Size: MediumColor: Blue,Verified Purchase,This shirt is extremely comfortable.  Washing it is a breeze.  Take it out of the washer and hang it to dry.  No wrinkles.  It is also very flattering.,
Dawn,Love this shirt!,https://www.amazon.com/gp/customer-reviews/R2AQ55EH0LY380/ref=cm_cr_getr_d_rvw_ttl?ie=UTF8&ASIN=B08XLV17FS,"5.0 "," the United States "," May 14, 2024",Size: LargeColor: Black Geometry,Verified Purchase,"This shirt fit great and felt great! I am planning on getting more! I am 6’ tall and a 36D, and the large was perfect. Length was great, and fit was great.",
lavwest,Easy Care comfort!,https://www.amazon.com/gp/customer-reviews/R20N5FISG71QIW/ref=cm_cr_getr_d_rvw_ttl?ie=UTF8&ASIN=B08XLV17FS,"5.0 "," the United States "," June 18, 2024",Size: MediumColor: Marble,Verified Purchase,Good value and flattering  - easy to care for and comfortable! I have several of these shirts and love them all!!,
Kathi K,Nice top for exercising,https://www.amazon.com/gp/customer-reviews/R1IWY22FHSDJFB/ref=cm_cr_getr_d_rvw_ttl?ie=UTF8&ASIN=B08XLV17FS,"5.0 "," the United States "," May 14, 2024",Size: SmallColor: White Leaf Black,Verified Purchase,Cute top that fits well and not snug. Lightweight and like the short sleeves. Usually wear a small and so it is true to size and bought a small size.,
Jean Rundle,Golf shirt,https://www.amazon.com/gp/customer-reviews/R2FH9EUMKY4SXJ/ref=cm_cr_getr_d_rvw_ttl?ie=UTF8&ASIN=B08XLV17FS,"5.0 "," the United States "," July 19, 2024",Size: MediumColor: Green,Verified Purchase,I like the style and the fit was as advertised,
Susan,Great for Pickleball,https://www.amazon.com/gp/customer-reviews/R1G5QQH40MGJA2/ref=cm_cr_getr_d_rvw_ttl?ie=UTF8&ASIN=B08XLV17FS,"5.0 "," the United States "," June 11, 2024",Size: X-LargeColor: Black Geometry,Verified Purchase,The top kept me cooler for summer heat. I liked the zip down in the front. The material and colors are a great choice.,
M.Stone,Love these shirts!,https://www.amazon.com/gp/customer-reviews/R1FD270XENQ0O9/ref=cm_cr_getr_d_rvw_ttl?ie=UTF8&ASIN=B08XLV17FS,"5.0 "," the United States "," June 3, 2024",Size: XX-LargeColor: Purple Black,Verified Purchase,I was amazed at the quality and comfort of these shirts. Loved my first one so much ordered 2 more. The colors are so vibrant wash beautifully.,
Amazon Customer,Beautiful top,https://www.amazon.com/gp/customer-reviews/R9MYJP7OFYPI2/ref=cm_cr_getr_d_rvw_ttl?ie=UTF8&ASIN=B08XLV17FS,"5.0 "," the United States "," June 9, 2024",Size: LargeColor: Tie Dye,Verified Purchase,It is a beautiful blouse! If you like bright color this is a good choice! Fabric is cool and comfortable and washes great!,
Kristie,Perfect,https://www.amazon.com/gp/customer-reviews/R3Q3C26AKHIKN0/ref=cm_cr_getr_d_rvw_ttl?ie=UTF8&ASIN=B08XLV17FS,"5.0 "," the United States "," July 9, 2024",Size: XX-LargeColor: White Leaf Blue,Verified Purchase,I literally bought almost all the different designed shirts...Love these shirts.,
Reel Police Video,Comfortable shirt fits well,https://www.amazon.com/gp/customer-reviews/RWULS0B3YP4CI/ref=cm_cr_getr_d_rvw_ttl?ie=UTF8&ASIN=B08XLV17FS,"5.0 "," the United States "," July 5, 2024",Size: MediumColor: Paisley Dack Blue,Verified Purchase,"Sporty shirt, fits well and comfortable. Will buy again",
Ape,Great shirt for the heat!,https://www.amazon.com/gp/customer-reviews/RMB2A4SJSXZLO/ref=cm_cr_getr_d_rvw_ttl?ie=UTF8&ASIN=B08XLV17FS,"5.0 "," the United States "," July 8, 2024",Size: SmallColor: Grey,Verified Purchase,Great shirt for having to be out in the heat.,
Amazon Customer,Lurannee Black and white 1/2 zip athletic shirt,https://www.amazon.com/gp/customer-reviews/R3HILBLTLTP06W/ref=cm_cr_getr_d_rvw_ttl?ie=UTF8&ASIN=B08XLV17FS,"5.0 "," the United States "," April 1, 2024",Size: XX-LargeColor: Marble,Verified Purchase,Delivered fast and  in excellent shape. Design and color is great! Love the look on and very slimming. I like the material as well as covers the body bulges a little more. Would recommend this shirt.,
teresa,Fabulous Material & Comfortable!,https://www.amazon.com/gp/customer-reviews/R6BMXVGYXNLMW/ref=cm_cr_getr_d_rvw_ttl?ie=UTF8&ASIN=B08XLV17FS,"5.0 "," the United States "," June 6, 2024",,Verified Purchase,This shirt is very comfortable and I love the paisley pattern!  You can dress it up or dress it down.,
JeepgirlMD,Love it!,https://www.amazon.com/gp/customer-reviews/R1O7P03T1W9H2X/ref=cm_cr_getr_d_rvw_ttl?ie=UTF8&ASIN=B08XLV17FS,"5.0 "," the United States "," April 20, 2024",Size: LargeColor: Blue,Verified Purchase,Soft and as pictured.  My only issue is that the gray one fits better than the white &black.  The white & black one fits tighter than I would like.,
Joan,nice quality,https://www.amazon.com/gp/customer-reviews/R2SS7WCGX98CFZ/ref=cm_cr_getr_d_rvw_ttl?ie=UTF8&ASIN=B08XLV17FS,"5.0 "," the United States "," March 19, 2024",Size: X-LargeColor: Black Geometry,Verified Purchase,"It's a little boxier than I'd like, and  runs a little big, but it's nice quality and I'll keep it.  Material is soft and comfortable.  Should be cool for pickleball, or just on hot days.",3
Joanna,So comfy,https://www.amazon.com/gp/customer-reviews/R2ZQP6SLXRV193/ref=cm_cr_getr_d_rvw_ttl?ie=UTF8&ASIN=B08XLV17FS,"5.0 "," the United States "," May 14, 2024",Size: LargeColor: Black Geometry,Verified Purchase,It fits just right and is soft.  The design is unusual too.  I bought the same shirt in many other designs.,
sue roy,The material is great…,https://www.amazon.com/gp/customer-reviews/R1R4RBHGOW39XH/ref=cm_cr_getr_d_rvw_ttl?ie=UTF8&ASIN=B08XLV17FS,"5.0 "," the United States "," March 12, 2024",Size: X-LargeColor: Geometry White,Verified Purchase,I really like the material of my shirt…it is light and moved with you…I have bought 2 so far.. Highly recommend this product …. Our group of ladies actually bought for our team shirts this year …,
Jane,Love it!,https://www.amazon.com/gp/customer-reviews/R390ML8BX6VUFA/ref=cm_cr_getr_d_rvw_ttl?ie=UTF8&ASIN=B08XLV17FS,"5.0 "," the United States "," July 19, 2024",Size: X-LargeColor: Tie Dye,Verified Purchase,"Great fit, good quality!",
Christine h.,Love it,https://www.amazon.com/gp/customer-reviews/R3TDNT32BOAKYX/ref=cm_cr_getr_d_rvw_ttl?ie=UTF8&ASIN=B08XLV17FS,"5.0 "," the United States "," May 28, 2024",Size: X-LargeColor: Purple Black,Verified Purchase,"Love it, and the fact that it’s moisture wicking and lightweight yet stylish at the same time",
Julie Roach,Top,https://www.amazon.com/gp/customer-reviews/RM9NLXD9YZZSL/ref=cm_cr_getr_d_rvw_ttl?ie=UTF8&ASIN=B08XLV17FS,"5.0 "," the United States "," July 16, 2024",Size: LargeColor: Green,Verified Purchase,Fits true to size,
100acre Mom,True to size,https://www.amazon.com/gp/customer-reviews/R1FOJ5AK5NXBTW/ref=cm_cr_getr_d_rvw_ttl?ie=UTF8&ASIN=B08XLV17FS,"4.0 "," the United States "," August 4, 2023",Size: X-LargeColor: Paisley Dack Blue,Verified Purchase,I sized up to an XL b/c usually I like a fitted shirt to be a little bit loose.  No need to size up on this shirt.  Likely it would have been more flattering if I had gotten a large.  Comfortable and pretty design.,
Amazon Customer,Great fabric and fit!,https://www.amazon.com/gp/customer-reviews/R13NJGPI4LMSFW/ref=cm_cr_getr_d_rvw_ttl?ie=UTF8&ASIN=B08XLV17FS,"5.0 "," the United States "," May 17, 2024",Size: MediumColor: Geometry Hot Pink,Verified Purchase,This is a very comfortable and beautiful top.  Fits perfectly and looks exactly as pictured online!,
SorrySooz,Terrific Golf Top!,https://www.amazon.com/gp/customer-reviews/R1J239V6G5NPIF/ref=cm_cr_getr_d_rvw_ttl?ie=UTF8&ASIN=B08XLV17FS,"5.0 "," the United States "," July 24, 2023",Size: LargeColor: Paisley Dack Blue,Verified Purchase,I ordered almost every color and print in this top. They wash and dry well and are moisture wicking. I am very pleased with how they fit and the colors offered. I wear them constantly and get tons of compliments. They are true to size and you will be very pleased with the quality of the color and tailoring. They have not faded at all with many washes.,
laura,Golf shirt,https://www.amazon.com/gp/customer-reviews/R1O8X58TPSRUS2/ref=cm_cr_getr_d_rvw_ttl?ie=UTF8&ASIN=B08XLV17FS,"4.0 "," the United States "," September 7, 2023",Size: XX-LargeColor: Marble,Verified Purchase,I must confess I had to send this back the sizing is small. My aunt loved these shirts so I thought I would try them. I would reorder but didn’t have my size.,
Lindylou,Cool and comfortable!,https://www.amazon.com/gp/customer-reviews/R11F89M92LX7JZ/ref=cm_cr_getr_d_rvw_ttl?ie=UTF8&ASIN=B08XLV17FS,"4.0 "," the United States "," October 14, 2023",Size: MediumColor: Blue,Verified Purchase,"The collar seems a bit high, but folds down easily. Fits well and is flattering. Very cool and comfortable for an active lifestyle.",2
Joann,Size and shape,https://www.amazon.com/gp/customer-reviews/R5NZ3LG9MK1QF/ref=cm_cr_getr_d_rvw_ttl?ie=UTF8&ASIN=B08XLV17FS,"5.0 "," the United States "," May 13, 2024",Size: X-LargeColor: Ink Wash,Verified Purchase,Very nice top. Fits as it should. I also the have purchased 2 long sleeve. Luv them,
Emmy,"Neatly taylored, striking print",https://www.amazon.com/gp/customer-reviews/R3KX3UI2MBBYN8/ref=cm_cr_getr_d_rvw_ttl?ie=UTF8&ASIN=B08XLV17FS,"5.0 "," the United States "," May 27, 2024",Size: X-LargeColor: Marble,Verified Purchase,"The print is bold with a neat appearance, I really like it",
life is good,fit,https://www.amazon.com/gp/customer-reviews/R1V5OEX8G1H6H8/ref=cm_cr_getr_d_rvw_ttl?ie=UTF8&ASIN=B08XLV17FS,"5.0 "," the United States "," May 3, 2024",Size: SmallColor: Black Blue Floral,Verified Purchase,Beautiful top  The colors are s vivid.  Great shirt.,
Jane Donut,A bit too big,https://www.amazon.com/gp/customer-reviews/R9P6Z5PQTKW0L/ref=cm_cr_getr_d_rvw_ttl?ie=UTF8&ASIN=B08XLV17FS,"4.0 "," the United States "," September 20, 2023",Size: SmallColor: Ink Wash,Verified Purchase,"I like this top but it’s a bit big on me.  I’m 5 ft, 110 lbs.  I wish it came in an xtra small.",
JDawg,Size is accurate,https://www.amazon.com/gp/customer-reviews/R1XGOVWFGDT5CH/ref=cm_cr_getr_d_rvw_ttl?ie=UTF8&ASIN=B08XLV17FS,"5.0 "," the United States "," June 3, 2024",Size: LargeColor: Marble,Verified Purchase,The quality was good,
Mea,Looks exactly as pictured,https://www.amazon.com/gp/customer-reviews/R3NMTP75QHNEQX/ref=cm_cr_getr_d_rvw_ttl?ie=UTF8&ASIN=B08XLV17FS,"5.0 "," the United States "," January 24, 2024",,Verified Purchase,"I love this shirt.  The color is pretty and the cut is flattering (even to large women like me).  I love that the fabric is wicking, too.  Just the ticket for our vacation in the tropics.",
Nancy A.,quality and stylish,https://www.amazon.com/gp/customer-reviews/R131SEX8BG4W6L/ref=cm_cr_getr_d_rvw_ttl?ie=UTF8&ASIN=B08XLV17FS,"5.0 "," the United States "," March 10, 2024",Size: MediumColor: Ink Wash,Verified Purchase,"I wear it as a workout shirt. I am 60 years old, 5' 6"" 139 pounds, medium. I like that it is light weight and stylish.",2
T. Neville,Maybe order up,https://www.amazon.com/gp/customer-reviews/R38G6PY20L0KXU/ref=cm_cr_getr_d_rvw_ttl?ie=UTF8&ASIN=B08XLV17FS,"5.0 "," the United States "," June 5, 2023",Size: X-LargeColor: Black Geometry,Verified Purchase,"I typically wear a Lg, but after reading some reviews I decided to go with XL. It has plenty of room without being too baggy. I don't like to golf with a tight shirts (especially since those hug my chubby mid-section), so I'm glad I ordered up! I feel like the pattern makes it even more appealing than the solid colors, but to each their own on that.",2
Kathy Johnson,Lovely golf shirt,https://www.amazon.com/gp/customer-reviews/R2USG4K0GH81Z9/ref=cm_cr_getr_d_rvw_ttl?ie=UTF8&ASIN=B08XLV17FS,"5.0 "," the United States "," June 5, 2024",Size: LargeColor: Blue,Verified Purchase,"Fits perfect, quality fabric, and beautiful color light blue.",
Linda Lemmen,Golf shirt,https://www.amazon.com/gp/customer-reviews/RA609IF78P8T2/ref=cm_cr_getr_d_rvw_ttl?ie=UTF8&ASIN=B08XLV17FS,"5.0 "," the United States "," June 20, 2024",Size: XX-LargeColor: White Leaf Black,Verified Purchase,It was what I expected.,
Denise50,Comfortable,https://www.amazon.com/gp/customer-reviews/R670511S74OV7/ref=cm_cr_getr_d_rvw_ttl?ie=UTF8&ASIN=B08XLV17FS,"5.0 "," the United States "," October 14, 2023",Size: X-LargeColor: Black Geometry,Verified Purchase,I love this shirt!!  It’s the second one I’ve purchased.  It’s part of my daily walking attire.  The material is a soft polyester/ spandex blend  nice looking and covers alot of flaws along the way.  I would wear this top to run errands..  The zipper gives  your athletic wear a touch of class.  I recommend.,
