﻿评论用户,评论概述,评论链接,星级评分,评论地点,评论时间,类型,是否购买,评论详情,觉得该评论有帮助的人数
Lori M. Spano,Love it!,https://www.amazon.com/gp/customer-reviews/R2PLLIDZJOGZY0/ref=cm_cr_arp_d_rvw_ttl?ie=UTF8&ASIN=B0DQJHS4WD,"5.0 "," the United States "," December 31, 2024",Size: LargeColor: A Purple,Verified Purchase,"I am 5’8”, slim to medium build. I got a large in purple. The color is a lovely true lavender color. I love the sleeve length which comes to about my knuckles. The length is perfect so that you don’t lift your arms and show your stomach. It is soft and is a lighter weight, perfect for year round weather.",12
"I love it!!! Made well, nice material and very beautiful! Color vibrant and well represented in pics.",It’s gorgeous!!,https://www.amazon.com/gp/customer-reviews/R27MNIBUQ3O02H/ref=cm_cr_arp_d_rvw_ttl?ie=UTF8&ASIN=B0DQJHS4WD,"5.0 "," the United States "," January 9, 2025",Size: XX-LargeColor: A Rose,Verified Purchase,I love it!! It’s beautiful and soft and well made. Not too thick but not thin at all. I can’t wait to wear it!!! It fits great!,
Sandra,Not the Same,https://www.amazon.com/gp/customer-reviews/R18X3ZYB2K7JR4/ref=cm_cr_arp_d_rvw_ttl?ie=UTF8&ASIN=B0DQJHS4WD,"4.0 "," the United States "," November 25, 2024",Size: X-LargeColor: A Spinach Green,Verified Purchase,"I purchased the Blue & Sail Blue in an XL.  I'm 5'8"", 195 lbs.  I love this sweatshirt!  It's more of a French terry, which I like because it's not so heavy.  It's soft & has a nice stretch.  The bottom is nice & loose and the fit is just slightly boxy.  It fits my 40D chest nicely.  The side slits are a nice touch.  I liked them so much I ordered the Spinach Green.  The reason for the title, Not the Same, is because this color is a different fabric.  While the 2 blue ones were 95% poly, 5% Spandex, the Spinach Green one is 50% cotton & 50% poly.  Totally different fabric.  It is heavier & obviously has no stretch.  So the fit feels more ""snug"".  Also the color is darker than what shows on Amazon.  I'm keeping it because it's an ok sweatshirt, I just don't love it like the other 2.",44
laura t houwers,Smells like cologne!,https://www.amazon.com/gp/customer-reviews/R11ZLC997GCG25/ref=cm_cr_arp_d_rvw_ttl?ie=UTF8&ASIN=B0DQJHS4WD,"3.0 "," the United States "," December 31, 2024",Size: MediumColor: A Pink,Verified Purchase,"Got this product really quick which was great. It’s also very soft and color was pretty. That being said, it was obviously worn by someone, as it reeked of someone’s cologne which was kind of gross and it was also sized really big.",10
MJB,"The perfect lightweight, oversized sweatshirt!",https://www.amazon.com/gp/customer-reviews/RWR9FXUIMD8IX/ref=cm_cr_arp_d_rvw_ttl?ie=UTF8&ASIN=B0DQJHS4WD,"5.0 "," the United States "," December 19, 2024",Size: MediumColor: A Mint Green,Verified Purchase,"Exactly what I was looking for and couldn't be happier. Purchased in 4 colors. Machine washed (cold) and placed in dryer (medium heat). Very little shrinkage. I'm 5'4"" and normally wear a size medium to large. I ordered this in medium and love the oversized fit! Nice and comfortable!",11
Jenny Strasser,Love the color and the fit,https://www.amazon.com/gp/customer-reviews/R5FERKQP57PTQ/ref=cm_cr_arp_d_rvw_ttl?ie=UTF8&ASIN=B0DQJHS4WD,"5.0 "," the United States "," January 12, 2025",Size: MediumColor: A Simply Taupe,Verified Purchase,This sweatshirt is exactly what I was looking for. I had tried a few others and returned them because I didn't like the fit or the color was not what I expected. I go it in taupe and the color is beautiful.  I am a bit big in the chest and I hate to buy large because then it is too big all over.  I bought a medium and it fits perfect.,
Arteesticmom,"Soft, Great Quality",https://www.amazon.com/gp/customer-reviews/R3839QZBYZ1MWP/ref=cm_cr_arp_d_rvw_ttl?ie=UTF8&ASIN=B0DQJHS4WD,"5.0 "," the United States "," January 14, 2025",Size: LargeColor: A Mint Green,Verified Purchase,"Super soft,  pretty,  great quality,  perfect for anytime.  Definitely buying more from this company!",
Elizabeth,"Very nice, downgraded from 4 to 5",https://www.amazon.com/gp/customer-reviews/R26JNI0I2DFYQJ/ref=cm_cr_arp_d_rvw_ttl?ie=UTF8&ASIN=B0DQJHS4WD,"4.0 "," the United States "," December 5, 2023",Size: MediumColor: A Yellow,Verified Purchase,"This is a nice basic oversized shirt. Sort of a sweatshirt but a little more thin. That said, I like it. It is not fuzzy. It can go with jeans or leggings. Obviously not ideal for nicer events or evenings out or work when you need something nice. But great casual shirt. I will buy more in more colors. Update: So I did buy a couple of these. One issue is that they stain SUPER easily and when I try to use stain remover to get the stains out, it discolors the shirt. It is such an issue that I can't buy anymore even though I like the fit and the material because essentially the shirt is nearly unwearable once you get one thing on it. I am not that un-messy, especially in a shirt that is not going to be a dress shirt, so I down graded it from five to four stars. I have this in red, blue, teal, gray, and yellow but I can only wear the gray because the others got stained and/or discolored from my efforts to remove said stains which don't come out of this mateiral very easily at all.",19
Amazon Customer,Not flattering on me,https://www.amazon.com/gp/customer-reviews/R3SG41114N1EKD/ref=cm_cr_arp_d_rvw_ttl?ie=UTF8&ASIN=B0DQJHS4WD,"4.0 "," the United States "," January 14, 2025",Size: LargeColor: A Spinach Green,Verified Purchase,"Nice weight of the ""sweat"" flocking inside...not too heavy.  The color I ordered (Spinach) wasn't flattering on me.  I thought it looked like a grayish green, but no, it really is the color of Spinach.  In order to have it drape over my bum, I ordered a large.  It did the trick there, but then the arms were too long and overly boxy in torso.  It will be lovely on a slimmer, taller body type.",
Jerri Sue DeTray,Light Blue sweatshirt,https://www.amazon.com/gp/customer-reviews/R2TB2X2F6X4MGW/ref=cm_cr_arp_d_rvw_ttl?ie=UTF8&ASIN=B0DQJHS4WD,"4.0 "," the United States "," January 9, 2025",Size: MediumColor: A Sky Blue,Verified Purchase,"I ordered what it said what size I should. I'm a small person it told me to order a medium, I should of ordered a small. It runs big. The material is soft and I really like the color and wasn't too bothered by the size.  I was comfy wearing it. I ordered a bright blue one too. I would recommend ordering the sweatshirt . The value of the shirt was worth it.",
kukuroo,Almost perfect,https://www.amazon.com/gp/customer-reviews/R2Z88BV011HQBD/ref=cm_cr_getr_d_rvw_ttl?ie=UTF8&ASIN=B0DQJHS4WD,"4.0 "," the United States "," December 21, 2024",Size: MediumColor: A Sail Blue,Verified Purchase,"These sweatshirts are just the right weight for California winters. Super cozy with leggings and medium is just right (I’m 5’7”, 150 lbs) but I worry about shrinking in the wash. I have three colors.  BUT be aware that this material shows EVERY little thing! A tiny speck from lunch, or you leaned against a counter? Now you have a super obvious splotch that doesn’t fade.  Seems to come out in the wash, but I’ve been changing in the middle of the day, which I usually never do. Other than that, these shorts are awesome.",2
Kindle Customer,Nice lightweight shirt,https://www.amazon.com/gp/customer-reviews/R35VG7PJMC3LJW/ref=cm_cr_getr_d_rvw_ttl?ie=UTF8&ASIN=B0DQJHS4WD,"4.0 "," the United States "," January 10, 2025",Size: SmallColor: A White,Verified Purchase,"I like the weight of this shirt for workouts. The first wash was fine although I dried it in the dryer separately so it didn't get wrinkled. No, I'm not going to iron sweatshirts! I ordered three colors. The hot pink hasn't been washed yet. We will see.",
BjFish,wrong color shipped,https://www.amazon.com/gp/customer-reviews/R2LPI59UYEAYBC/ref=cm_cr_getr_d_rvw_ttl?ie=UTF8&ASIN=B0DQJHS4WD,"4.0 "," the United States "," December 29, 2024",Size: MediumColor: A Yellow,Verified Purchase,"I love the sweatshirt-soft, comfy, wide band bottom. I ordered pale yellow (as another reviewer stated) and got the bright golden yellow instead. Since I love the sweatshirt I'm keeping it, but seriously...ship what the customer ordered or change your photos accordingly.",
Dean M.,Nice!,https://www.amazon.com/gp/customer-reviews/R196JPBEWP6B6H/ref=cm_cr_getr_d_rvw_ttl?ie=UTF8&ASIN=B0DQJHS4WD,"4.0 "," the United States "," January 17, 2025",Size: MediumColor: A Pink,Verified Purchase,"I love the comfort, look and feel, but wish the bottom was looser.",
Amazon Customer,Runs big,https://www.amazon.com/gp/customer-reviews/R144DOF6JIUAWQ/ref=cm_cr_getr_d_rvw_ttl?ie=UTF8&ASIN=B0DQJHS4WD,"4.0 "," the United States "," January 5, 2025",Size: XX-LargeColor: A Burgundy,Verified Purchase,This is a very nice sweater/sweatshirt. It runs a little big but perfect to wear we with thermals under it.. beautiful color and washes great,
Sena,"Soft and comfy, but really is oversized!",https://www.amazon.com/gp/customer-reviews/R1Z9J6R60YII1I/ref=cm_cr_getr_d_rvw_ttl?ie=UTF8&ASIN=B0DQJHS4WD,"4.0 "," the United States "," December 17, 2024",Size: XX-LargeColor: A Blue,Verified Purchase,"Love, love the sweatshirt, just wish I would have sized down.  This is such a soft shirt - I really love it, but I really did order it too big - I wanted it to fit big, but not quite this ""baggy"".  My fault, should have read the reviews and ordered a size smaller.",2
Delores K.,Sleeves are long,https://www.amazon.com/gp/customer-reviews/R2VICVR0L983GW/ref=cm_cr_getr_d_rvw_ttl?ie=UTF8&ASIN=B0DQJHS4WD,"4.0 "," the United States "," January 11, 2025",Size: XX-LargeColor: A Blue,Verified Purchase,"I like the color, shape and weight but the sleeves are a tad too long.",
Deb Mercora,Nice,https://www.amazon.com/gp/customer-reviews/R3NJJUW6KOQ16U/ref=cm_cr_getr_d_rvw_ttl?ie=UTF8&ASIN=B0DQJHS4WD,"4.0 "," the United States "," January 6, 2025",Size: X-LargeColor: A Peacock Blue,Verified Purchase,The green color was not as expected- a little to bright and Christmasy. Good and warm though.,
stacie hayes,Love love love,https://www.amazon.com/gp/customer-reviews/R1S0RUX8WLJ9WP/ref=cm_cr_getr_d_rvw_ttl?ie=UTF8&ASIN=B0DQJHS4WD,"5.0 "," the United States "," December 30, 2024",Size: SmallColor: A Khaki,Verified Purchase,I absolutely love these sweatshirts. I have no idea why this is a “frequently returned item”…..I have bought 5! They do come vacuum sealed when they are shipped so they are very wrinkled at first. This has not been as issue tho as they come out basically wrinkle free after washed/dryed. I also have a steamer that works on the wrinkles too. I am 5’4” 125 lbs and the small fits a little big……but that’s the way I like it. Love the length too.,
Pam Allsman,It runs big,https://www.amazon.com/gp/customer-reviews/R1NOEXKYPW07F/ref=cm_cr_getr_d_rvw_ttl?ie=UTF8&ASIN=B0DQJHS4WD,"4.0 "," the United States "," December 22, 2024",Size: X-LargeColor: A Orange,Verified Purchase,I returned it due to it being too big. I needed a large not an x-large. They went up in price after I returned mine or I would have ordered another one.,
Andrea,Wonderful color,https://www.amazon.com/gp/customer-reviews/R3VXZTOCEGJ781/ref=cm_cr_getr_d_rvw_ttl?ie=UTF8&ASIN=B0DQJHS4WD,"4.0 "," the United States "," December 29, 2024",Size: LargeColor: A Tillandsia Purple,Verified Purchase,This has a vibrant color but the shape is very boxy and it does not provide much warmth,
Francis H. S. Shephard,More rust than burgundy,https://www.amazon.com/gp/customer-reviews/R33BTITO1O9UK0/ref=cm_cr_getr_d_rvw_ttl?ie=UTF8&ASIN=B0DQJHS4WD,"4.0 "," the United States "," December 18, 2024",Size: X-LargeColor: A Burgundy,Verified Purchase,"I like the sweatshirt. It is roomy and comfy and covers the bootie. The color is not burgundy, however. It leans way towards dark rust. I still like it, though.",
Quilter Gail,Very comfy!,https://www.amazon.com/gp/customer-reviews/RFY4ONLBN1DOE/ref=cm_cr_getr_d_rvw_ttl?ie=UTF8&ASIN=B0DQJHS4WD,"4.0 "," the United States "," December 7, 2024",Size: LargeColor: A Peacock Blue,Verified Purchase,"I love this sweatshirt, good fit, warm for cold winter days, not too bulky under a jacket, long enough (just right length)! I ordered peacock blue which should be an aqua color but it is as green as the grass!! I kept it bc it’s so comfy!",2
Susan,Runs small,https://www.amazon.com/gp/customer-reviews/REPOBRN1YY1GV/ref=cm_cr_getr_d_rvw_ttl?ie=UTF8&ASIN=B0DQJHS4WD,"4.0 "," the United States "," January 4, 2025",Size: 3X-LargeColor: A Simply Taupe,Verified Purchase,Size runs small,
Jakermeister,Winter outfit Done!,https://www.amazon.com/gp/customer-reviews/RTH1QXU540889/ref=cm_cr_getr_d_rvw_ttl?ie=UTF8&ASIN=B0DQJHS4WD,"5.0 "," the United States "," December 12, 2024",Size: SmallColor: A White,Verified Purchase,"I got this white sweater because I was in need of something new. After 6 years of wearing the same sweater I'm due for a upgrade. I prefer the  simple look. This did the job. It will match most anything I have. I was able to even tuck it in with a long straight skirt. Worth the closet, it didn't shrink after washing, warm, and the material was soft. I'm 5ft and 130 lb with a Mom belly. I would get again and maybe in a different color or a few.",
KMR,Great colors and softness,https://www.amazon.com/gp/customer-reviews/R28EDT1FJH9YML/ref=cm_cr_getr_d_rvw_ttl?ie=UTF8&ASIN=B0DQJHS4WD,"4.0 "," the United States "," December 2, 2024",Size: MediumColor: A Spinach Green,Verified Purchase,Really like this sweatshirt. Have several colors. It is really soft.  Great fabric weight.  It is a bit on the fitted side so size up if you want a more loose fit look.,
Laurie Cox,Comfy sweatshirt,https://www.amazon.com/gp/customer-reviews/R3J4OMBHAEYHYL/ref=cm_cr_getr_d_rvw_ttl?ie=UTF8&ASIN=B0DQJHS4WD,"5.0 "," the United States "," January 2, 2025",Size: LargeColor: A White,Verified Purchase,Very good quality for the price. Very soft. Durable. I bought a large and it I could have went with a medium. But works well with leggings to cover your butt with a large.  Overall I love the comfort and size and durability. I will repurchase in other colors.,
Amazon Customer,Very soft,https://www.amazon.com/gp/customer-reviews/R3C99X1O1Z71Q4/ref=cm_cr_getr_d_rvw_ttl?ie=UTF8&ASIN=B0DQJHS4WD,"5.0 "," the United States "," January 9, 2025",Size: SmallColor: A Simply Taupe,Verified Purchase,"This sweatshirt is very soft and I love the color.  It is shorter than I thought it would be from the picture, as I wanted to wear it with leggings.",
Mrs.S.Niebel,"Wish it were longer, and maybe a little looser",https://www.amazon.com/gp/customer-reviews/R37E81K1U4W842/ref=cm_cr_getr_d_rvw_ttl?ie=UTF8&ASIN=B0DQJHS4WD,"4.0 "," the United States "," October 20, 2024",Size: SmallColor: A Gray,Verified Purchase,"The picture looks as if it’s longer. I am 5’5”, 134 pounds. I went by the bust size that was bigger than my personal measurement. I got a small. It just fits, but... It isn’t long enough to go over my “toosh” like it looks in pic. I wish the description gave a height and weight of the model to go by, and what size she was wearing. This would be more helpful. It is a pretty sweatshirt as far as I can tell, without washing and wearing a few times. I will return this.",2
Rachel Wasserman,Cozy crewneck,https://www.amazon.com/gp/customer-reviews/R3T5GJYZJ7VVK3/ref=cm_cr_getr_d_rvw_ttl?ie=UTF8&ASIN=B0DQJHS4WD,"4.0 "," the United States "," December 16, 2024",Size: LargeColor: A Rose,Verified Purchase,This fit perfectly.  Loved the color.,
wrightmarybeth,Grea,https://www.amazon.com/gp/customer-reviews/RE4SK7HBADM1B/ref=cm_cr_getr_d_rvw_ttl?ie=UTF8&ASIN=B0DQJHS4WD,"5.0 "," the United States "," January 15, 2025",Size: 3X-LargeColor: A Tillandsia Purple,Verified Purchase,"This sweatshirt is comfortable,warm,beautiful  colorant good quality. I have bought 2 and I want to get more  colors!!",
lynn,How wrinkle this crew neck arrived,https://www.amazon.com/gp/customer-reviews/R23J40AHVTRKNC/ref=cm_cr_getr_d_rvw_ttl?ie=UTF8&ASIN=B0DQJHS4WD,"4.0 "," the United States "," December 17, 2024",Size: X-LargeColor: A White,Verified Purchase,The color,
Ann Hester,GREAT QUALITY!,https://www.amazon.com/gp/customer-reviews/R3GUFT9DE98ZAJ/ref=cm_cr_getr_d_rvw_ttl?ie=UTF8&ASIN=B0DQJHS4WD,"5.0 "," the United States "," January 6, 2025",Size: X-LargeColor: A Orange,Verified Purchase,I was pleasantly surprised at the quality and style of the shirt. I'm glad that I ordered the XL. I am definitely going to order several more.,
FM Holmes,Perfect for Fall,https://www.amazon.com/gp/customer-reviews/R1HPUKA0PDUATD/ref=cm_cr_getr_d_rvw_ttl?ie=UTF8&ASIN=B0DQJHS4WD,"5.0 "," the United States "," January 16, 2025",Size: LargeColor: A Orange,Verified Purchase,"I love this for Fall… stylish, comfortable, love the color🤗👍",
Joan E.,Soft and comfortable,https://www.amazon.com/gp/customer-reviews/R279H572ZAP2RP/ref=cm_cr_getr_d_rvw_ttl?ie=UTF8&ASIN=B0DQJHS4WD,"4.0 "," the United States "," November 4, 2024",Size: X-LargeColor: A Green,Verified Purchase,"I am so glad that I finally found this sweatshirt. I hate tight bands on sweatshirts. This one has an open bottom and it’s very easy to wear. It is not really heavy, but yet it is warm.  If you’re looking for a comfortable sweatshirt, I would not hesitate to recommend it.",2
Amy Stritzinger,Pale “A” yellow is actually mustard yellow,https://www.amazon.com/gp/customer-reviews/R3UIVI1FC1YJ3/ref=cm_cr_getr_d_rvw_ttl?ie=UTF8&ASIN=B0DQJHS4WD,"4.0 "," the United States "," November 15, 2024",Size: LargeColor: A Yellow,Verified Purchase,"A-Yellow too bright, also size Large wasn’t roomy enough for me. Will be returning for another color in XL because it is a nice quality sweatshirt.  I am 5’7” 175 lbs",3
lori b.,Really soft.,https://www.amazon.com/gp/customer-reviews/R39I6T66YFZ0VV/ref=cm_cr_getr_d_rvw_ttl?ie=UTF8&ASIN=B0DQJHS4WD,"5.0 "," the United States "," January 12, 2025",Size: MediumColor: A Spinach Green,Verified Purchase,Really cozy and soft material.  Bought as a gift.  She really loves it,
Dogmom96,Loved it so much I bought 2,https://www.amazon.com/gp/customer-reviews/R2N92PLKA59SBM/ref=cm_cr_getr_d_rvw_ttl?ie=UTF8&ASIN=B0DQJHS4WD,"5.0 "," the United States "," January 2, 2025",Size: XX-LargeColor: A Black,Verified Purchase,Perfect oversize sweatshirt that is comfy and cute! Arm length is perfect and it is a boxier fit which I love since I have broad shoulders.,3
Cara Brandell,Not exactly what's pictured.,https://www.amazon.com/gp/customer-reviews/R1ISBT4K9TQM7Z/ref=cm_cr_getr_d_rvw_ttl?ie=UTF8&ASIN=B0DQJHS4WD,"3.0 "," the United States "," January 13, 2025",Size: 3X-LargeColor: A Yellow,Verified Purchase,"The fit is true to size,the arm length is generous especially for someone who is tall (I'm 5'9) and the sleeves hit at my wrist. The issue I have is the with the sweatshirts ribbed hem it's tapered and fits tighter through the hips and there's not any stretch. I purchased other colors of the same sweatshirt and this is not an issue with those. Also about the color it was disappointing.  A pretty pastel yellow is pictured but is actually a yellow mustard color.",
Melinda J. Norris,Color different than picture.,https://www.amazon.com/gp/customer-reviews/RVIO0TMVSJKFY/ref=cm_cr_getr_d_rvw_ttl?ie=UTF8&ASIN=B0DQJHS4WD,"4.0 "," the United States "," November 7, 2024",Size: X-LargeColor: A Orange,Verified Purchase,I have this sweatshirt in several colors.  Love the softness and it washes well.  I am disappointed in the color of this one. I thought it would be more of a butterscotch but it is more of a melon color.,
Louise V. Marston,Great quick cover up,https://www.amazon.com/gp/customer-reviews/R2QGKQCY61ZG62/ref=cm_cr_getr_d_rvw_ttl?ie=UTF8&ASIN=B0DQJHS4WD,"4.0 "," the United States "," November 12, 2024",Size: LargeColor: A Peacock Blue,Verified Purchase,I like this sweat shirt. It wasn't the peacock green I thought it was from the picture but the color is nice anyway.  The material was soft as well.,
Heather Pounds,Cute but color is lighter,https://www.amazon.com/gp/customer-reviews/R14PQJI1J9C7YQ/ref=cm_cr_getr_d_rvw_ttl?ie=UTF8&ASIN=B0DQJHS4WD,"4.0 "," the United States "," November 25, 2024",Size: LargeColor: A Dark Yellow,Verified Purchase,Shirt is comfy. The yellow is much lighter than the one shown.,
Cheryl,Great material good fit,https://www.amazon.com/gp/customer-reviews/R2HXKJXG2W5NJ9/ref=cm_cr_getr_d_rvw_ttl?ie=UTF8&ASIN=B0DQJHS4WD,"5.0 "," the United States "," January 13, 2025",Size: SmallColor: A Simply Taupe,Verified Purchase,Very comfortable washes up nicely,
Crystal Ellertson,Burgundy is true to color,https://www.amazon.com/gp/customer-reviews/R1KSNH38LE51B9/ref=cm_cr_getr_d_rvw_ttl?ie=UTF8&ASIN=B0DQJHS4WD,"4.0 "," the United States "," October 31, 2024",Size: LargeColor: A Burgundy,Verified Purchase,I didn't get the yellow because the saturation in the image has clearly been messed with. The burgundy is true to color and is a nice light shirt. It's a lose fit but I like it that way.,
D. Moore,Just OK,https://www.amazon.com/gp/customer-reviews/R2ZIW6BC7LMI6J/ref=cm_cr_getr_d_rvw_ttl?ie=UTF8&ASIN=B0DQJHS4WD,"4.0 "," the United States "," September 25, 2024",Size: MediumColor: A Moonlight Jade,Verified Purchase,"Positives:  Soft & comfortable.  The mint green is nice and quality seems fine.  Didn't shrink with washing.Negatives:  Baggy & not as stylish as it seemed.  I normally wear  medium in shirts, and that's the size I bought.  It's quite baggy in all respects, including having dropped shoulders, causing bagginess in the armpits. I don't think it's because of the size I bought; it's just the way it's styled.  Comes across as very casual and not at all stylish.",32
Sweetbah,Fantastic Sweatshirt,https://www.amazon.com/gp/customer-reviews/R2EHQGYE830FVP/ref=cm_cr_getr_d_rvw_ttl?ie=UTF8&ASIN=B0DQJHS4WD,"5.0 "," the United States "," January 4, 2025",Size: XX-LargeColor: A Dark Yellow,Verified Purchase,I love this sweatshirt. It is soft and fits perfectly. I bought the yellow one and do enjoy it.,
Happy with item. 👍,Sweatshirt in taupe.,https://www.amazon.com/gp/customer-reviews/R1YU8ELPBC5CRN/ref=cm_cr_getr_d_rvw_ttl?ie=UTF8&ASIN=B0DQJHS4WD,"5.0 "," the United States "," December 31, 2024",Size: 3X-LargeColor: A Khaki,Verified Purchase,Sweatshirt arrived well packaged. It is comfortable & live the color on me. Happy with my order. 👍💗,
proshopper,Sweatshirt,https://www.amazon.com/gp/customer-reviews/R3IJHCQIXTQUWS/ref=cm_cr_getr_d_rvw_ttl?ie=UTF8&ASIN=B0DQJHS4WD,"4.0 "," the United States "," November 19, 2024",Size: X-LargeColor: A White,Verified Purchase,Looks more like a basic sweatshirt than tunic. Material is soft.,
Amazon Customer,Soft sweatshirt,https://www.amazon.com/gp/customer-reviews/R2B82RHWRRINVJ/ref=cm_cr_getr_d_rvw_ttl?ie=UTF8&ASIN=B0DQJHS4WD,"5.0 "," the United States "," January 12, 2025",Size: LargeColor: A Gray,Verified Purchase,Love the fit and feel,
Roxane,Love It,https://www.amazon.com/gp/customer-reviews/R1L995IDAKC5H9/ref=cm_cr_getr_d_rvw_ttl?ie=UTF8&ASIN=B0DQJHS4WD,"5.0 "," the United States "," December 17, 2024",Size: LargeColor: A Yellow,Verified Purchase,So Soft and thick and bright... I love the yellow.  Was a little bigger than I thought it would be but its still a great sweat shirt. I ordered a L will reorder again and get a M. Great with leggings or jeans.,
kende hare,The yellow is super bright,https://www.amazon.com/gp/customer-reviews/R10U95GKJCC3RW/ref=cm_cr_getr_d_rvw_ttl?ie=UTF8&ASIN=B0DQJHS4WD,"4.0 "," the United States "," October 15, 2024",Size: LargeColor: A Yellow,Verified Purchase,"The picture of yellow is a muted kind of banana color which I wanted. This one is bright gold yellow. I’m thinking about bleaching it, or dying it black 🤷🏽‍♀️ I like the oversized fit of it so I don’t want to return it. It’s the perfect weight and relaxed fit, but the color isnt my favorite.",
Kindle Customer,Attractive and comfortable,https://www.amazon.com/gp/customer-reviews/R2BUEN5RE97227/ref=cm_cr_getr_d_rvw_ttl?ie=UTF8&ASIN=B0DQJHS4WD,"5.0 "," the United States "," January 5, 2025",Size: SmallColor: A Peacock Blue,Verified Purchase,Love to wear it as it's comfortable on and get compliments.,
Love them smell great!!,Great fit,https://www.amazon.com/gp/customer-reviews/RD2X1J28EVROU/ref=cm_cr_getr_d_rvw_ttl?ie=UTF8&ASIN=B0DQJHS4WD,"5.0 "," the United States "," January 8, 2025",Size: 3X-LargeColor: A Blue,Verified Purchase,Love it fits well warm and great color,
Amazon Customer,Blue sweatshirt.,https://www.amazon.com/gp/customer-reviews/RLVJFXCHYD5IJ/ref=cm_cr_getr_d_rvw_ttl?ie=UTF8&ASIN=B0DQJHS4WD,"5.0 "," the United States "," January 7, 2025",Size: X-LargeColor: A Sky Blue,Verified Purchase,Nice color.  Soft,
Kristy Boyles,Super soft and large,https://www.amazon.com/gp/customer-reviews/RUQ1IKSLUUZG2/ref=cm_cr_getr_d_rvw_ttl?ie=UTF8&ASIN=B0DQJHS4WD,"4.0 "," the United States "," November 12, 2024",Size: LargeColor: A Blue,Verified Purchase,I got a large and probably should have gotten a medium. Super soft and love the color.,
Lonnie,"Very, very soft",https://www.amazon.com/gp/customer-reviews/RI3IELW60PN6P/ref=cm_cr_getr_d_rvw_ttl?ie=UTF8&ASIN=B0DQJHS4WD,"5.0 "," the United States "," January 1, 2025",Size: LargeColor: A Red,Verified Purchase,My granddaughter uses only this brand because it is very soft and comfortable. She highly recommends it,
Brenda,How it fits,https://www.amazon.com/gp/customer-reviews/R2MC3D2OKJR4FI/ref=cm_cr_getr_d_rvw_ttl?ie=UTF8&ASIN=B0DQJHS4WD,"4.0 "," the United States "," November 14, 2024",Size: MediumColor: A Orange,Verified Purchase,I bought a small and it still runs a little big,
barbara j whelan,COLORS NOT ACCURATE,https://www.amazon.com/gp/customer-reviews/R3KKPCWT56N30L/ref=cm_cr_getr_d_rvw_ttl?ie=UTF8&ASIN=B0DQJHS4WD,"4.0 "," the United States "," November 4, 2024",Size: X-LargeColor: A Peacock Blue,Verified Purchase,"Good quality, however, colors totally off!  If you want KELLY green order the Blue!",
June Young,Comfy Swestshirt,https://www.amazon.com/gp/customer-reviews/R364V1UNJA9F2/ref=cm_cr_getr_d_rvw_ttl?ie=UTF8&ASIN=B0DQJHS4WD,"5.0 "," the United States "," December 26, 2024",Size: MediumColor: A Green,Verified Purchase,"Love the color, fit and so comfy. Loved it so much I ordered 3 others in different colors and all are great. Highly recommended.",
Teresa L. Todela,Great fit and material,https://www.amazon.com/gp/customer-reviews/R2M72GBF8GT7O1/ref=cm_cr_getr_d_rvw_ttl?ie=UTF8&ASIN=B0DQJHS4WD,"5.0 "," the United States "," January 8, 2025",Size: MediumColor: A Purple,Verified Purchase,True to size! Love it.,
Amazon Customer,Instant favorite!,https://www.amazon.com/gp/customer-reviews/R3UDFXJZSA5GFK/ref=cm_cr_getr_d_rvw_ttl?ie=UTF8&ASIN=B0DQJHS4WD,"5.0 "," the United States "," December 17, 2024",Size: LargeColor: A Gray,Verified Purchase,"This sweatshirt is thinner than expected, but it’s absolutely perfect. Great length, good fit. Runs true or slightly big. And it’s one of those materials that somehow never looks dirty or worn. Very happy with this purchase.",
Amazon Customer,Comfortable style,https://www.amazon.com/gp/customer-reviews/R8D78OSCB8F0/ref=cm_cr_getr_d_rvw_ttl?ie=UTF8&ASIN=B0DQJHS4WD,"4.0 "," the United States "," October 11, 2024",Size: MediumColor: A Blue,Verified Purchase,"The fit, comfort and color are very good but I would have probably not have purchased it if I knew it was not recommended to be put in the dryer. I will see how long I remember to take it out of the washer and hang it up?!?",2
Margo,Color is Off,https://www.amazon.com/gp/customer-reviews/RWKUDHQDSKLW4/ref=cm_cr_getr_d_rvw_ttl?ie=UTF8&ASIN=B0DQJHS4WD,"4.0 "," the United States "," October 27, 2024",Size: XX-LargeColor: A Dark Yellow,Verified Purchase,"While I love the fit, style and overall quality of the sweatshirt, it is far from the mustard color I chose. This is a butter yellow… very light yellow.",
Weskal,Pullover long sleeve top,https://www.amazon.com/gp/customer-reviews/R1OIOLSQKDVW01/ref=cm_cr_getr_d_rvw_ttl?ie=UTF8&ASIN=B0DQJHS4WD,"5.0 "," the United States "," December 25, 2024",Size: XX-LargeColor: A Blue,Verified Purchase,"Nice color, and feels great. Washes and dries great with no wrinkles. For me size runs small so I would suggest sizing up.",
Lawsm,Perfect!,https://www.amazon.com/gp/customer-reviews/R1ZKSW1F8G2OXL/ref=cm_cr_getr_d_rvw_ttl?ie=UTF8&ASIN=B0DQJHS4WD,"5.0 "," the United States "," January 3, 2025",Size: X-LargeColor: A Simply Taupe,Verified Purchase,"The color, fit and material were all really great!!",
Amazon Customer,Sweatshirt,https://www.amazon.com/gp/customer-reviews/R1XMY9VHES6WRN/ref=cm_cr_getr_d_rvw_ttl?ie=UTF8&ASIN=B0DQJHS4WD,"4.0 "," the United States "," November 16, 2024",Size: LargeColor: A Spinach Green,Verified Purchase,"Looks good, but it was heavier than I expected.",
Christine Tucker Culver,Cozy,https://www.amazon.com/gp/customer-reviews/R1XNT7X57C1YK1/ref=cm_cr_getr_d_rvw_ttl?ie=UTF8&ASIN=B0DQJHS4WD,"4.0 "," the United States "," November 12, 2024",Size: X-LargeColor: A Spinach Green,Verified Purchase,"Cozy, soft, and pretty color of green. Very tight at the bottom,  though.",
Catherine Porter,Quality women’s top,https://www.amazon.com/gp/customer-reviews/R1G2EP59OYPNYW/ref=cm_cr_getr_d_rvw_ttl?ie=UTF8&ASIN=B0DQJHS4WD,"5.0 "," the United States "," December 22, 2024",Size: MediumColor: A Pink,Verified Purchase,I love the material!!  It is so comfortable and the fit is great!  Going to order a couple in other colors!!,2
Rita M,The picture does not depict the actual color.,https://www.amazon.com/gp/customer-reviews/R1BNRZXH6O8B4B/ref=cm_cr_getr_d_rvw_ttl?ie=UTF8&ASIN=B0DQJHS4WD,"3.0 "," the United States "," January 14, 2025",Size: XX-LargeColor: A Yellow,Verified Purchase,"I have the sweatshirt in other colors and I like the quality of the shirt, but the picture does not depict the actual color of the yellow. It is a school bus yellow instead of the soft yellow in the picture. Very disappointed.",
Baileygirll,Comfortable,https://www.amazon.com/gp/customer-reviews/RRGYHSY5NR4MH/ref=cm_cr_getr_d_rvw_ttl?ie=UTF8&ASIN=B0DQJHS4WD,"4.0 "," the United States "," November 13, 2024",Size: LargeColor: A Orange,Verified Purchase,Nice and comfortable material.,
Jana H.,Lightweight,https://www.amazon.com/gp/customer-reviews/R3OJNMQIEVN04M/ref=cm_cr_getr_d_rvw_ttl?ie=UTF8&ASIN=B0DQJHS4WD,"5.0 "," the United States "," December 29, 2024",Size: SmallColor: A Dark Yellow,Verified Purchase,Loved the lightweight feature! Will be buying more. Great price.,
Bootbaby,LOVE!💕 Gorgeous green color!,https://www.amazon.com/gp/customer-reviews/RVFSYU2OFU7I6/ref=cm_cr_getr_d_rvw_ttl?ie=UTF8&ASIN=B0DQJHS4WD,"5.0 "," the United States "," December 26, 2024",Size: MediumColor: A Green,Verified Purchase,"Gorgeous’s color, true to size, I bought several more just like it! The fit is loose and comfy!",
Siba,Item replaced by Amazon had the same defect,https://www.amazon.com/gp/customer-reviews/R1UDDYWFXWEPV3/ref=cm_cr_getr_d_rvw_ttl?ie=UTF8&ASIN=B0DQJHS4WD,"3.0 "," the United States "," January 1, 2025",Size: SmallColor: A White,Verified Purchase,"Love the look and feel of the sweater. The first one arrived and there were ink marks on the front top where some top stitching was. I returned on 12/30 and received the second one 12/31. Opened it and, to my surprise, blue ink dots in the same place. I am in the process of returning it now. Gee, I’m so disappointed.",4
Kindle Customer,Have it in another color to,https://www.amazon.com/gp/customer-reviews/RM76JZHGJ9XP9/ref=cm_cr_getr_d_rvw_ttl?ie=UTF8&ASIN=B0DQJHS4WD,"5.0 "," the United States "," December 27, 2024",Size: LargeColor: A Black,Verified Purchase,"Love this, comfortable, sizing is great, quality is great, washed and dryed and no shrinking.",
Judy Larson,Wxtra large was to big.,https://www.amazon.com/gp/customer-reviews/R2636EZP5SV81H/ref=cm_cr_getr_d_rvw_ttl?ie=UTF8&ASIN=B0DQJHS4WD,"5.0 "," the United States "," December 16, 2024",Size: X-LargeColor: A Peacock Blue,Verified Purchase,Washes and drys beautifully. Fits perfectly. I bought a large fits hreat also bought extra large and its neck is to large but i kept it.,
Bonnie,Size,https://www.amazon.com/gp/customer-reviews/R2437MLX9OLA4S/ref=cm_cr_getr_d_rvw_ttl?ie=UTF8&ASIN=B0DQJHS4WD,"5.0 "," the United States "," December 26, 2024",Size: XX-LargeColor: A Green,Verified Purchase,They ran small so I went up one size.  Perfect,
Its_Cin,"Really comfy, soft",https://www.amazon.com/gp/customer-reviews/R2G41IHWQ43V3M/ref=cm_cr_getr_d_rvw_ttl?ie=UTF8&ASIN=B0DQJHS4WD,"5.0 "," the United States "," December 1, 2024",Size: XX-LargeColor: A Pink,Verified Purchase,"I have to say I really love this sweatshirt, after washing it, it has that nice comfy feel, I like mine bigger so I ordered up a size, and when I say I love them, I mean it so far I have about 9 of them in various colors.",
Amazon Customer,Comfortable,https://www.amazon.com/gp/customer-reviews/R30O9CAJEOP8S4/ref=cm_cr_getr_d_rvw_ttl?ie=UTF8&ASIN=B0DQJHS4WD,"5.0 "," the United States "," December 16, 2024",Size: LargeColor: A Blue,Verified Purchase,Very comfortable. Fits true to size. Perfect to wear with leggings as length is a little longer. Lightweight but still warm.,
MImi  Johnson,Sweatshirt,https://www.amazon.com/gp/customer-reviews/RWIP1MZIKR6DH/ref=cm_cr_getr_d_rvw_ttl?ie=UTF8&ASIN=B0DQJHS4WD,"5.0 "," the United States "," December 30, 2024",Size: XX-LargeColor: A Rose,Verified Purchase,Sleeves were too long,
MizPosey,Perfect straight from the package!,https://www.amazon.com/gp/customer-reviews/R2TP1T9E15K372/ref=cm_cr_getr_d_rvw_ttl?ie=UTF8&ASIN=B0DQJHS4WD,"5.0 "," the United States "," December 11, 2024",Size: X-LargeColor: A Spinach Green,Verified Purchase,The minute I took this out of the package I knew it was going to be a favorite. It has that soft worn feel and the green color was perfect.,
gadget girl,Super soft casual shirt!,https://www.amazon.com/gp/customer-reviews/R2G3JPAL9NXEEF/ref=cm_cr_getr_d_rvw_ttl?ie=UTF8&ASIN=B0DQJHS4WD,"5.0 "," the United States "," December 16, 2024",Size: X-LargeColor: A Sky Blue,Verified Purchase,Great fit and good material that washes well.  Ordered in several colors-the button detail on the sleeve is great and dresses it up perfectly!,7
Amazon Customer,Nice color,https://www.amazon.com/gp/customer-reviews/R3K7K9VXPH97UP/ref=cm_cr_getr_d_rvw_ttl?ie=UTF8&ASIN=B0DQJHS4WD,"4.0 "," the United States "," November 4, 2024",Size: MediumColor: A Light Blue,Verified Purchase,Size a little snug,
RRH,It’s worth every nickel,https://www.amazon.com/gp/customer-reviews/R2X9V3XRQF0BUY/ref=cm_cr_getr_d_rvw_ttl?ie=UTF8&ASIN=B0DQJHS4WD,"5.0 "," the United States "," December 23, 2024",Size: MediumColor: A Blue,Verified Purchase,As described by seller. Color is gorgeous though there are a variety .,
L. Fleming,Not Brown,https://www.amazon.com/gp/customer-reviews/R3U97ZSW6KM1TX/ref=cm_cr_getr_d_rvw_ttl?ie=UTF8&ASIN=B0DQJHS4WD,"3.0 "," the United States "," January 6, 2025",Size: MediumColor: A Dark Brown,Verified Purchase,I ordered the dark brown sweatshirt. The fit is good so I’m keeping it but I’d is maroon. Not even close to brown which is disappointing because I bought it for a specific outfit.,
Gravois,Its just ok.....,https://www.amazon.com/gp/customer-reviews/R31JMN0DWXBKAQ/ref=cm_cr_getr_d_rvw_ttl?ie=UTF8&ASIN=B0DQJHS4WD,"3.0 "," the United States "," December 17, 2024",Size: LargeColor: A Blue,Verified Purchase,I hate when an item does not look anything like the picture shown. The color and quantity is there but the fit is literally like a square. I think some of the picks shown on customers look right but obviously they were not all cut the same. I will probably return for something else.,4
George Bark,A good fall addition,https://www.amazon.com/gp/customer-reviews/R1GZATCBUTZQOM/ref=cm_cr_getr_d_rvw_ttl?ie=UTF8&ASIN=B0DQJHS4WD,"4.0 "," the United States "," October 24, 2024",Size: X-LargeColor: A Green,Verified Purchase,"Love the color, feel, and thickness of this.",2
jackie,Love It!,https://www.amazon.com/gp/customer-reviews/R1QOGOX9ZG8W4L/ref=cm_cr_getr_d_rvw_ttl?ie=UTF8&ASIN=B0DQJHS4WD,"5.0 "," the United States "," December 11, 2024",,Verified Purchase,I like everything about this sweat shirt. Its super comfortable and doesn't fit to tight or ride up on my neck. I want one in every color ASAP.,
Christina Capps,Cute and comfy,https://www.amazon.com/gp/customer-reviews/RAUUZRTV6EPAU/ref=cm_cr_getr_d_rvw_ttl?ie=UTF8&ASIN=B0DQJHS4WD,"5.0 "," the United States "," December 16, 2024",Size: LargeColor: A Yellow,Verified Purchase,Warm cute and comfy True to size,
Trace,Beautiful color,https://www.amazon.com/gp/customer-reviews/RDSMNNM20IXA8/ref=cm_cr_getr_d_rvw_ttl?ie=UTF8&ASIN=B0DQJHS4WD,"5.0 "," the United States "," December 3, 2024",Size: LargeColor: A Red,Verified Purchase,Color is very vibrant and expensive looking. Runs true to size but I sized up to wear with leggings. Material is thinner than a typical sweatshirt.,
Tammie Peace,Soft material and beautiful color,https://www.amazon.com/gp/customer-reviews/R1OIWA88F3GRCI/ref=cm_cr_getr_d_rvw_ttl?ie=UTF8&ASIN=B0DQJHS4WD,"5.0 "," the United States "," November 10, 2024",Size: XX-LargeColor: A Moonlight Jade,Verified Purchase,"This shirt is warm without being heavy  . Sporty looking , pretty color (Mint Green) , fabric is soft inside and out . Great fit - I got the XXL and I’m 5’5” and 215-220 . It’s non clingy and just a tad boxy ; just how I like my shirts . I LOVE this color !! Going to order the  khaki color as well …",18
Linda Garrity,Mixed review,https://www.amazon.com/gp/customer-reviews/R1I080ER0B61BY/ref=cm_cr_getr_d_rvw_ttl?ie=UTF8&ASIN=B0DQJHS4WD,"3.0 "," the United States "," December 17, 2024",Size: LargeColor: A Mint Green,Verified Purchase,These run extremely large. I ordered blue and green. The blue is sooo soft but the green is a different material and not soft.,2
Sami,Super comfy and great quality,https://www.amazon.com/gp/customer-reviews/RR8MCE90T4OYK/ref=cm_cr_getr_d_rvw_ttl?ie=UTF8&ASIN=B0DQJHS4WD,"5.0 "," the United States "," December 8, 2024",Size: MediumColor: A Green,Verified Purchase,"I have this in a few colors, super comfy and I love the colors.  Fits like you would expect",7
Georgiana J.,A decent fit on clothes,https://www.amazon.com/gp/customer-reviews/RIAU9US5GT0BX/ref=cm_cr_getr_d_rvw_ttl?ie=UTF8&ASIN=B0DQJHS4WD,"3.0 "," the United States "," December 13, 2024",Size: X-LargeColor: A Pink,Verified Purchase,I bought two of these Pink t-shirts one large and one extra large and they are so out of shape whoever wears them they make me look fat and dumpy I would not recommend these to anyone.,
Rachel G,The color received is nowhere near the color in the picture!!,https://www.amazon.com/gp/customer-reviews/R3OZKVFIYRRLSS/ref=cm_cr_getr_d_rvw_ttl?ie=UTF8&ASIN=B0DQJHS4WD,"3.0 "," the United States "," December 5, 2024",Size: LargeColor: A Yellow,Verified Purchase,"I purchased this sweatshirt in a green color and totally loved the feel and overall loose fit.  It also washes really well without ""pilling"".  I decided to purchase the light yellow one, but what arrived was a bright/mustard yellow one.  I had read that in another review but decided to try it anyways.  That's why I am giving this purchase 3 stars.",6
Book Lover,Color Difference,https://www.amazon.com/gp/customer-reviews/R1WCI4YGAXNVT5/ref=cm_cr_getr_d_rvw_ttl?ie=UTF8&ASIN=B0DQJHS4WD,"3.0 "," the United States "," December 15, 2024",Size: XX-LargeColor: A Rose,Verified Purchase,"This sweatshirt is lightweight and hangs nicely. Runs LARGE and the color is hot pink and not ""rose"" There are better quality sweatshirts on Amazon, so I would not buy from this seller again.",
Amazon Customer,Quality,https://www.amazon.com/gp/customer-reviews/R27LDCMZPWFJJW/ref=cm_cr_getr_d_rvw_ttl?ie=UTF8&ASIN=B0DQJHS4WD,"5.0 "," the United States "," December 19, 2024",Size: XX-LargeColor: A White,Verified Purchase,Excellent quality - fit true to size.  Would order again!,
Lindsey P.,Love!,https://www.amazon.com/gp/customer-reviews/R3VVW6Y3KV2AT9/ref=cm_cr_getr_d_rvw_ttl?ie=UTF8&ASIN=B0DQJHS4WD,"5.0 "," the United States "," November 17, 2024",Size: SmallColor: A Gray,Verified Purchase,"This is the second of these shirts I have purchased, they are super comfortable and you can dress them up or make them look super casual with leggings. I first purchased a medium, which I think was OK and then I bought the gray in the small and that also fits great.",
S. R.,Very Soft!!,https://www.amazon.com/gp/customer-reviews/R94AQQWGMNPD5/ref=cm_cr_getr_d_rvw_ttl?ie=UTF8&ASIN=B0DQJHS4WD,"5.0 "," the United States "," December 23, 2024",Size: SmallColor: A Moonlight Jade,Verified Purchase,This is a great sweatshirt,
Tricia,Just as advertised,https://www.amazon.com/gp/customer-reviews/R1BCZD994FH30O/ref=cm_cr_getr_d_rvw_ttl?ie=UTF8&ASIN=B0DQJHS4WD,"5.0 "," the United States "," December 12, 2024",Size: MediumColor: A Orange,Verified Purchase,Soft and comfortable. Great value. Would purchase other colors,
Laura's kindle,Fit wasn't what I expected.,https://www.amazon.com/gp/customer-reviews/R1PNNGXMSNIM7I/ref=cm_cr_getr_d_rvw_ttl?ie=UTF8&ASIN=B0DQJHS4WD,"3.0 "," the United States "," January 1, 2025",Size: X-LargeColor: A Tillandsia Purple,Verified Purchase,"Soft material, great color, but  I like a set in sleeve for a nicer fit.",
