﻿评论用户,评论概述,评论链接,星级评分,评论地点,评论时间,类型,是否购买,评论详情,觉得该评论有帮助的人数
Mrs Lopez,Corre pequeño de muslos,https://www.amazon.com/gp/customer-reviews/R39TEVQMXA83RE/ref=cm_cr_getr_d_rvw_ttl?ie=UTF8&ASIN=B09QLVHF7Z,"2.0 "," the United States "," November 4, 2024",Color: 2050 BlackSize: Medium,Verified Purchase,No es para latinas. Las costruras del pantalon aprietan mucho en el area de los muslos.,
Corinne Carey,Let down,https://www.amazon.com/gp/customer-reviews/R1DRIWI6AHPPRV/ref=cm_cr_getr_d_rvw_ttl?ie=UTF8&ASIN=B09QLVHF7Z,"1.0 "," the United States "," November 3, 2024",,Verified Purchase,This is a cute set but it was WAY too tight on me. I got a small and I'm 5 feet 105lbs. It stretched so much it was see thru. The bra pads were warped from shipping.,
Lucas Hatley,Bra & pants do not match in size,https://www.amazon.com/gp/customer-reviews/R2OMB8VN6WHMQ2/ref=cm_cr_getr_d_rvw_ttl?ie=UTF8&ASIN=B09QLVHF7Z,"3.0 "," the United States "," October 28, 2024",,Verified Purchase,"This workout set was actually very cute. The color was pretty, the fabric felt nice and was of really good value for the price. That being said, I ordered a small and found the bra way too tight and fit more like an extra small. The pants fit like a small. So I gave this three stars because I cannot buy them as separate and for the sizing being a bit off.",
Fernanda,Broken .,https://www.amazon.com/gp/customer-reviews/R78VE3BML20H0/ref=cm_cr_getr_d_rvw_ttl?ie=UTF8&ASIN=B09QLVHF7Z,"1.0 "," the United States "," October 17, 2024",Color: 1917 RedSize: Large,Verified Purchase,Not good material!!,
Erika,My new favorite!,https://www.amazon.com/gp/customer-reviews/R2SGLTZSNOL8IZ/ref=cm_cr_getr_d_rvw_ttl?ie=UTF8&ASIN=B09QLVHF7Z,"5.0 "," the United States "," July 6, 2024",Color: 1917 Teal GreenSize: Small,Verified Purchase,I absolutely love this workout set! It looks great in and true to size. It’s very comfortable. The material is great quality and squat proof!,
Nanouma Joachin,Great but runs small,https://www.amazon.com/gp/customer-reviews/R2DXIMSCREEBEP/ref=cm_cr_getr_d_rvw_ttl?ie=UTF8&ASIN=B09QLVHF7Z,"2.0 "," the United States "," July 2, 2024",Color: 1917 Teal GreenSize: Large,Verified Purchase,"The fabric is amazing, it feels nice but this large runs to small for me",
Jamanda,Comfortable!,https://www.amazon.com/gp/customer-reviews/R6VGXC4SHV1EO/ref=cm_cr_getr_d_rvw_ttl?ie=UTF8&ASIN=B09QLVHF7Z,"5.0 "," the United States "," May 21, 2024",Color: 1917s RedSize: Small,Verified Purchase,"Great material, comfortable, very stretchy, and looks amazing. The material keeps everything sucked in nicely lol. I’ve worn this set to the gym twice and received compliments on the fit and color!",
nadia,Material is very hard and stiff to put on,https://www.amazon.com/gp/customer-reviews/R1XR1823OY3U4I/ref=cm_cr_getr_d_rvw_ttl?ie=UTF8&ASIN=B09QLVHF7Z,"1.0 "," the United States "," May 8, 2024",Color: 1917 Teal GreenSize: Medium,Verified Purchase,I am a size S I couldn’t even put the leggings past my feet. Really tight material hard to pull up not comfortable for workouts.. which is the whole point. Do not recommend,
Lyndsey T,Cute and comfy,https://www.amazon.com/gp/customer-reviews/R3GEVI7LVUGDCA/ref=cm_cr_getr_d_rvw_ttl?ie=UTF8&ASIN=B09QLVHF7Z,"5.0 "," the United States "," April 29, 2024",,Verified Purchase,"Good material that performs well while working out.  Stretchy,  comfortable, cute.",
np,Fabric Issues,https://www.amazon.com/gp/customer-reviews/ROVMT0BO82LNU/ref=cm_cr_getr_d_rvw_ttl?ie=UTF8&ASIN=B09QLVHF7Z,"1.0 "," the United States "," April 22, 2024",Color: 1917 BrownSize: Medium,Verified Purchase,"After about 5-6 wears, and after washing in cold water, line dry - the fabric has become itchy and piled.",
lyllian,Comfort,https://www.amazon.com/gp/customer-reviews/R1BW6V3UBTCVW7/ref=cm_cr_getr_d_rvw_ttl?ie=UTF8&ASIN=B09QLVHF7Z,"5.0 "," the United States "," April 21, 2024",,Verified Purchase,Move with your body. Great yoga pants,
MH923,Good quality and fit,https://www.amazon.com/gp/customer-reviews/R1R8257IYCG835/ref=cm_cr_getr_d_rvw_ttl?ie=UTF8&ASIN=B09QLVHF7Z,"5.0 "," the United States "," April 20, 2024",,Verified Purchase,These are thick and good quality material. I also love the fit. My only complaint is that I had to order two more of the same thing because there were strange dark lines on the front and top of the pants. I just chose the one that had the least amount of those lines but am very happy with the purchase.,
Natasha,Love!!!,https://www.amazon.com/gp/customer-reviews/R3U34Q6Y94HTXG/ref=cm_cr_getr_d_rvw_ttl?ie=UTF8&ASIN=B09QLVHF7Z,"5.0 "," the United States "," April 1, 2024",Color: 1917s BrownSize: Small,Verified Purchase,"Please make more colors!!! 🥰  I’m 5’4, 122 & ordered a small. Fits perfect!",2
Roshni,You get what you pay for,https://www.amazon.com/gp/customer-reviews/R16KP3W0K9GIQ5/ref=cm_cr_getr_d_rvw_ttl?ie=UTF8&ASIN=B09QLVHF7Z,"2.0 "," the United States "," March 29, 2024",Color: 1917 BrownSize: Medium,Verified Purchase,"Bad fit, poor quality",
Amie,I don't like the color.,https://www.amazon.com/gp/customer-reviews/R4E7LP4KR90RN/ref=cm_cr_getr_d_rvw_ttl?ie=UTF8&ASIN=B09QLVHF7Z,"1.0 "," the United States "," March 22, 2024",Color: Sage GreenSize: Medium,Verified Purchase,The color turned me off when I opened the bag. I didn't even try it on but return.,
Ly T,Go one size up!,https://www.amazon.com/gp/customer-reviews/R2W2MROS1KLKK7/ref=cm_cr_getr_d_rvw_ttl?ie=UTF8&ASIN=B09QLVHF7Z,"5.0 "," the United States "," March 11, 2024",Color: 1917 Living CoralSize: Medium,Verified Purchase,Nice material and color but it does run one size too small.,
Ella,So flattering 🤩,https://www.amazon.com/gp/customer-reviews/RQOHZVTCO1O7V/ref=cm_cr_getr_d_rvw_ttl?ie=UTF8&ASIN=B09QLVHF7Z,"5.0 "," the United States "," February 25, 2024",,Verified Purchase,This set is supper flattering! I love how it hugs my body and keeps everything nice and tight. I’m short (5’1”)so it almost looks like a body suit lol. Definitely recommend 💯,2
Vicki L Bullard,Adorable,https://www.amazon.com/gp/customer-reviews/R1BWVD95CBD8S7/ref=cm_cr_getr_d_rvw_ttl?ie=UTF8&ASIN=B09QLVHF7Z,"5.0 "," the United States "," February 21, 2024",,Verified Purchase,This yoga outfit fit perfect. Great material For working out.,
Jenny Bowen,This runs small.,https://www.amazon.com/gp/customer-reviews/R1TAYEDRZTJMN8/ref=cm_cr_getr_d_rvw_ttl?ie=UTF8&ASIN=B09QLVHF7Z,"3.0 "," the United States "," February 20, 2024",Color: 1917 RedSize: Large,Verified Purchase,This is adorable on its a little snug! But I love the vibrant red! They are a little more sheer than I like.,
Vivian,"leggings fit, top isn’t big boobs friendly!",https://www.amazon.com/gp/customer-reviews/R393FT6TRZEO1S/ref=cm_cr_getr_d_rvw_ttl?ie=UTF8&ASIN=B09QLVHF7Z,"4.0 "," the United States "," January 12, 2024",Color: 1917 BrownSize: Medium,Verified Purchase,,
Gigi M. Wing,Not sheer and very intact in your body,https://www.amazon.com/gp/customer-reviews/R2O6J6ESQWMIHK/ref=cm_cr_getr_d_rvw_ttl?ie=UTF8&ASIN=B09QLVHF7Z,"5.0 "," the United States "," December 19, 2023",Color: 1917 Teal GreenSize: Medium,Verified Purchase,"I really like this set. The color I bought is green. My first impression was that the fabric is very sturdy, firm and thick. It really holds my girls so well, that I can jump and exercise safely. Y'all know what I mean! I think this set is supposed to last for a long time. I am planning on getting another set in a different color and size because M was tight on me so I think that the L will be better. Super affordable and you will not regret getting this!",
arlene f gerontzos,runs  small,https://www.amazon.com/gp/customer-reviews/RUNN28DJK7OGS/ref=cm_cr_getr_d_rvw_ttl?ie=UTF8&ASIN=B09QLVHF7Z,"5.0 "," the United States "," November 18, 2023",Color: 1917 Teal GreenSize: Medium,Verified Purchase,Quality was  good  but  runs  1  size  smaller  so  I ordered  medium  and large  would be better.,
nadine,You can’t tell me nothing,https://www.amazon.com/gp/customer-reviews/R3E98CANKR2JPP/ref=cm_cr_getr_d_rvw_ttl?ie=UTF8&ASIN=B09QLVHF7Z,"5.0 "," the United States "," September 26, 2023",Color: 1917 Teal GreenSize: Medium,Verified Purchase,"If you want to just feel good, I suggest this set ok . It fits fine and material is great",
Srushti,Perfect Fit,https://www.amazon.com/gp/customer-reviews/R1WJYDMZNKKJTH/ref=cm_cr_getr_d_rvw_ttl?ie=UTF8&ASIN=B09QLVHF7Z,"5.0 "," the United States "," September 17, 2023",,Verified Purchase,The size runs a little small but the quality is really good.,
Todra,Looks great!,https://www.amazon.com/gp/customer-reviews/R2ZBI8KPN8IWNP/ref=cm_cr_getr_d_rvw_ttl?ie=UTF8&ASIN=B09QLVHF7Z,"5.0 "," the United States "," September 11, 2023",,Verified Purchase,I purchased this for an actress to wear in my short film. She's tiny (size 2-4) and she had me order a small (I would have thought an extra small). It fit well and she looked amazing in it.,
Best outdoor furniture pieces!!!  Very sturdy and beautiful,Loveeeee!!,https://www.amazon.com/gp/customer-reviews/R2LP1PCPZIT7B5/ref=cm_cr_getr_d_rvw_ttl?ie=UTF8&ASIN=B09QLVHF7Z,"5.0 "," the United States "," September 2, 2023",,Verified Purchase,"This workout set is so sturdy, thick and comfortable!! I loveeee it !!",
Gisselle,BUY IT BUY IT!!,https://www.amazon.com/gp/customer-reviews/R1XQV9W46YHWR/ref=cm_cr_getr_d_rvw_ttl?ie=UTF8&ASIN=B09QLVHF7Z,"5.0 "," the United States "," August 17, 2023",Color: 1917 Living CoralSize: Small,Verified Purchase,the stretch to this… AMAZING!! not only to mention it sucks you in!!!,
Andrea A.,No es lo que esperaba,https://www.amazon.com/gp/customer-reviews/RBHCIBRT33YJT/ref=cm_cr_getr_d_rvw_ttl?ie=UTF8&ASIN=B09QLVHF7Z,"4.0 "," the United States "," August 9, 2023",Color: 1917 Teal GreenSize: Medium,Verified Purchase,"Es muy bonito, pero demasiado pequeño, compre mi talla habitual M, pero no estira nada, el top muy apretado, la tela no era lo esperado, no transparenta nada, pero se marca si sudas mucho.",
Chloe Jordan,You get what you pay for,https://www.amazon.com/gp/customer-reviews/R2YJ8LAQY38DT5/ref=cm_cr_getr_d_rvw_ttl?ie=UTF8&ASIN=B09QLVHF7Z,"2.0 "," the United States "," August 6, 2023",Color: 1917 Teal GreenSize: Large,Verified Purchase,"Yes this set is affordable but it also isn’t the best quality . I would size up because it only stretches a tad then you start hearing things pop or crack, you know that sounds when you’re breaking something in ! Also it is pretty see though definitely not squat proof not even stand proof. I took this sweaty pic about an hour after my yoga session and it still had dark sweat marks .",3
Meryah,NOT SQUAT PROOF,https://www.amazon.com/gp/customer-reviews/R2U4GVU16MBXP1/ref=cm_cr_getr_d_rvw_ttl?ie=UTF8&ASIN=B09QLVHF7Z,"2.0 "," the United States "," July 25, 2023",Color: 1917 Teal GreenSize: Large,Verified Purchase,Thick tight and stretchy material. See through even with a size up especially for thicker people. I have to wear spandex under to make it opaque.,
Crystal Benjamin,Buy it...,https://www.amazon.com/gp/customer-reviews/R17LHMOWTDEIGN/ref=cm_cr_getr_d_rvw_ttl?ie=UTF8&ASIN=B09QLVHF7Z,"5.0 "," the United States "," July 25, 2023",Color: 1917 BrownSize: Medium,Verified Purchase,I love it. True to size. Everyone loved it.,
Shalleese,Feel confident while working out!,https://www.amazon.com/gp/customer-reviews/R2KYWC0MH3ITHI/ref=cm_cr_getr_d_rvw_ttl?ie=UTF8&ASIN=B09QLVHF7Z,"5.0 "," the United States "," July 22, 2023",Color: 1917 Teal GreenSize: Large,Verified Purchase,This is cutest workout set ever! At first I was a little skeptical because it looked super small and I got a size L. But this outfit had so much stretch in it and fit my body perfect! This material is very breathable and I did not have to adjust myself any while working out!! If you want to look good and feel good at the gym get this!!,3
Lynn Ellerbrock,Very tight,https://www.amazon.com/gp/customer-reviews/R1MZF6OQEPBX44/ref=cm_cr_getr_d_rvw_ttl?ie=UTF8&ASIN=B09QLVHF7Z,"2.0 "," the United States "," July 5, 2023",Color: 1917 Teal GreenSize: Small,Verified Purchase,"These are pretty tight. The pants were ok for me, but the top was way too small. I purchased a few brands and ran into the same problem with all of them. I guess for my body type (petite all over), the matching set in one size doesn't work.  I'm kind of surprised, though, because I am very large on top, however the bra in this set was impossibly small.",
Alexia Ramirez,High compression,https://www.amazon.com/gp/customer-reviews/RRCIYACF1S2TD/ref=cm_cr_getr_d_rvw_ttl?ie=UTF8&ASIN=B09QLVHF7Z,"5.0 "," the United States "," June 21, 2023",,Verified Purchase,"Super high compression , really holds you in and makes you feel secure and comfortable .",
April Doniece,Comfy workout set,https://www.amazon.com/gp/customer-reviews/RO2A1XE1T9ZYY/ref=cm_cr_getr_d_rvw_ttl?ie=UTF8&ASIN=B09QLVHF7Z,"5.0 "," the United States "," June 1, 2023",Color: 1917 Teal GreenSize: Large,Verified Purchase,Bought this set to work out in. Very comfy and cute,
Iris Ort,It for perfectly,https://www.amazon.com/gp/customer-reviews/R3CBD2L60L9KO1/ref=cm_cr_getr_d_rvw_ttl?ie=UTF8&ASIN=B09QLVHF7Z,"5.0 "," the United States "," April 18, 2023",Color: 1917 Living CoralSize: Medium,Verified Purchase,It fit perfectly the color is beautiful,
Karen808,Perfect,https://www.amazon.com/gp/customer-reviews/R1916Q8IYCLB37/ref=cm_cr_getr_d_rvw_ttl?ie=UTF8&ASIN=B09QLVHF7Z,"5.0 "," the United States "," April 1, 2023",Color: 1917 BrownSize: Large,,Great fit and stretch!!!!,
Lisa,Perfect for work out,https://www.amazon.com/gp/customer-reviews/R3UMOK5AZAKJ1J/ref=cm_cr_getr_d_rvw_ttl?ie=UTF8&ASIN=B09QLVHF7Z,"5.0 "," the United States "," March 26, 2023",Color: 1917 Teal GreenSize: Medium,Verified Purchase,Very supportive I do high intensity workout. Everything stays in place. No shifting.,
Sheridan,Nice fit but needs pulled up often,https://www.amazon.com/gp/customer-reviews/R264JDGZQ3N2K9/ref=cm_cr_getr_d_rvw_ttl?ie=UTF8&ASIN=B09QLVHF7Z,"4.0 "," the United States "," March 7, 2023",Color: 1917 BrownSize: Medium,Verified Purchase,I love the color and fit. But it slides down quite a bit and has to be pulled up. I got a medium but feel if I sized down it would be way too tight!,
AKmom,Uneven sizes,https://www.amazon.com/gp/customer-reviews/RLYEZFCB54YLN/ref=cm_cr_getr_d_rvw_ttl?ie=UTF8&ASIN=B09QLVHF7Z,"3.0 "," the United States "," February 28, 2023",Color: 1917 BrownSize: Large,Verified Purchase,"Second time purchasing. I’m one of those medium to large women. The bra is perfect, the pants are super tight like uncomfortable tight. But, my 13 year old loves them. So we split the Large set-twice . She gets the bottoms and I get the bra. She’s a small/medium and I’m a medium/large. Thick thick material, like the stretchy bands on each part. Hope that helps.",
Rianne,Good for lounging not working out,https://www.amazon.com/gp/customer-reviews/R39HXA70SDOYIY/ref=cm_cr_getr_d_rvw_ttl?ie=UTF8&ASIN=B09QLVHF7Z,"3.0 "," the United States "," February 15, 2023",Color: 1917 Teal GreenSize: Large,Verified Purchase,The leggings roll down with every movement and the sport bra doesn’t offer much support.,
Belen C.,No favorece la figura,https://www.amazon.com/gp/customer-reviews/R3HKI6F3FPW2EU/ref=cm_cr_getr_d_rvw_ttl?ie=UTF8&ASIN=B09QLVHF7Z,"2.0 "," the United States "," February 14, 2023",,Verified Purchase,Se ve como mallas o medias nylon no como licra de ejercicio. Si marca la celulitis y es súper ajustada entonces la piel extra se escurre entre el sostén y la licra. No sostiene la panzita porque tiene una parte que es ribbed que podría sostener pero luego abajo es llana y se ve hasta el ombligo. No me siento cómoda usándola pero el precio es bueno para la calidad que si vale la pena.,
Martin Llamas,Only 4 stars,https://www.amazon.com/gp/customer-reviews/R37MJWQZJ817WZ/ref=cm_cr_getr_d_rvw_ttl?ie=UTF8&ASIN=B09QLVHF7Z,"4.0 "," the United States "," February 8, 2023",Color: 1917 RedSize: Large,Verified Purchase,I love this set! The color is very vibrant the only down side is that it’s a little see through when bending over.,2
Cyn,Hugs every curve,https://www.amazon.com/gp/customer-reviews/R1NQI0WW1G4S8L/ref=cm_cr_getr_d_rvw_ttl?ie=UTF8&ASIN=B09QLVHF7Z,"5.0 "," the United States "," February 2, 2023",Color: 1917 Teal GreenSize: Medium,Verified Purchase,Great for working out or running errands.,
Carla,"This yoga set is super cute, but a little see-through",https://www.amazon.com/gp/customer-reviews/R1PRHC8Z59AWAO/ref=cm_cr_getr_d_rvw_ttl?ie=UTF8&ASIN=B09QLVHF7Z,"4.0 "," the United States "," January 27, 2023",,Verified Purchase,This yoga set is cute. But the leggings are a little see-through. And I had to remove the bra pads because one was wrinkled.,4
Marisa,Love it!,https://www.amazon.com/gp/customer-reviews/REKJP41YZ1M87/ref=cm_cr_getr_d_rvw_ttl?ie=UTF8&ASIN=B09QLVHF7Z,"5.0 "," the United States "," January 26, 2023",Color: 1917 BrownSize: Large,Verified Purchase,"First off, outfit arrived way earlier than expected which is a nice surprise. Amazing quality! The color is nicer than the original picture. Great deal for sure! I’d totally buy this again",
Sarah Marlowe,Run down the backside of leggings,https://www.amazon.com/gp/customer-reviews/R3R6UCSE88PHVK/ref=cm_cr_getr_d_rvw_ttl?ie=UTF8&ASIN=B09QLVHF7Z,"1.0 "," the United States "," January 23, 2023",Color: 1917 RedSize: Large,Verified Purchase,Leggings tore like when you get a run in pantyhose. Such a bummer because this is a gorgeous set!,
J Holterman,Nice but not pink,https://www.amazon.com/gp/customer-reviews/R2EFQ4IPRC3SZO/ref=cm_cr_getr_d_rvw_ttl?ie=UTF8&ASIN=B09QLVHF7Z,"3.0 "," the United States "," January 18, 2023",Color: 2050 PinkSize: Small,Verified Purchase,We were looking for pink and it was delivered looking more coral,
Sarah Bissonette,Wayyyy too small,https://www.amazon.com/gp/customer-reviews/R1M2FFBMU7K13N/ref=cm_cr_getr_d_rvw_ttl?ie=UTF8&ASIN=B09QLVHF7Z,"1.0 "," the United States "," January 12, 2023",Color: 2050 PinkSize: Medium,Verified Purchase,All the reviews said true to size. I wear a medium in every single pair of workout pants I own. So of course I ordered medium. I’m super disappointed because the color is really cute and the material is nice but these pants are not even close to a medium. They are more like an extra small. I couldn’t even pull them all the way up. That’s just ridiculous. They would probably fit my tiny little 11 year old daughter perfectly. I didn’t even bother trying the top on because the pants are so poorly sized.,
Samantha Arendale,Good fit and material,https://www.amazon.com/gp/customer-reviews/R2GKKY3XY66NXB/ref=cm_cr_getr_d_rvw_ttl?ie=UTF8&ASIN=B09QLVHF7Z,"5.0 "," the United States "," January 3, 2023",,Verified Purchase,"Squat proof leggings with good stretch. not much contouring, which may or may not be a good thing (I do prefer leggings that feel like legging instead of shape wear so that’s a plus in my book). I love the color and the fit I may end up being a return customer!",
Amazon Customer,Cute!,https://www.amazon.com/gp/customer-reviews/R1I1OWZSOKAMTC/ref=cm_cr_getr_d_rvw_ttl?ie=UTF8&ASIN=B09QLVHF7Z,"5.0 "," the United States "," December 30, 2022",Color: 1917 Teal GreenSize: Medium,Verified Purchase,I love the green color but I feel like the medium fits more like a small. I’d size up next time. The fabric is nice and not sheer.,
Catherine,Good not great,https://www.amazon.com/gp/customer-reviews/R1ZA359TPQOXWR/ref=cm_cr_getr_d_rvw_ttl?ie=UTF8&ASIN=B09QLVHF7Z,"3.0 "," the United States "," December 29, 2022",Color: 2050 BlackSize: Small,Verified Purchase,I love the style of this outfit it’s such a good lulu dupe…..but the leggings are super tight. I normally wear and xs-s 0-2 I order a small and I can barely get them over my calves and once they’re up it’s not flattering…I didn’t return simply to keep the top because for the price it’s good!,
Diana D,"Great workout outfit, just not squat proof",https://www.amazon.com/gp/customer-reviews/R2FCAXPNUVKYOT/ref=cm_cr_getr_d_rvw_ttl?ie=UTF8&ASIN=B09QLVHF7Z,"4.0 "," the United States "," December 17, 2022",,,"Cute workout outfit. Fit great, if you are bigger Chested I recommend going a little smaller so it will hold them down more because it’s not super supportive for bigger Chested women. Overall cute, just not squat proof",
Princess Allin,Order Up,https://www.amazon.com/gp/customer-reviews/RFIJLHVOZJD8Y/ref=cm_cr_getr_d_rvw_ttl?ie=UTF8&ASIN=B09QLVHF7Z,"2.0 "," the United States "," December 7, 2022",Color: 1917 Living CoralSize: Medium,Verified Purchase,The color and quality are great but the stretchiness could be better. It's a little smaller than exact fit and if you are tall it's just too small.,
Kenya,Great set,https://www.amazon.com/gp/customer-reviews/R1FXG33M7MNMJ3/ref=cm_cr_getr_d_rvw_ttl?ie=UTF8&ASIN=B09QLVHF7Z,"5.0 "," the United States "," December 7, 2022",Color: 1917 Teal GreenSize: Large,Verified Purchase,I have this set in 5 colors. It’s very flattering. Great stretch. Great for the gym and not transparent at all. Would highly recommend,2
Jayyyyyy,Love them!!,https://www.amazon.com/gp/customer-reviews/R2P27KKAW0QJN7/ref=cm_cr_getr_d_rvw_ttl?ie=UTF8&ASIN=B09QLVHF7Z,"5.0 "," the United States "," November 30, 2022",Color: 1917 Living CoralSize: Medium,Verified Purchase,Very soft and squat proof!,
Candace Heki,Camel toe,https://www.amazon.com/gp/customer-reviews/R1GU2I63DBSDLZ/ref=cm_cr_getr_d_rvw_ttl?ie=UTF8&ASIN=B09QLVHF7Z,"3.0 "," the United States "," November 26, 2022",Color: 1917 Living CoralSize: Small,Verified Purchase,"Bra is fine but leggings, even though “seamless” gave me terrible camel toe.",
Monica Arnold,Cute and snug!,https://www.amazon.com/gp/customer-reviews/R1NMZ000NDRU83/ref=cm_cr_getr_d_rvw_ttl?ie=UTF8&ASIN=B09QLVHF7Z,"5.0 "," the United States "," November 23, 2022",Color: 1917 BrownSize: Large,Verified Purchase,"Got the brown colored set and it is very cute! The material is stretchy, but firm. I just had a baby 13 weeks ago and needed something flattering that I can wear around the house/out and about. This will hug/hold you in, in all of the right places! I plan to buy more colors! Love that it is high waisted too!",3
Customer 12345,I love this set,https://www.amazon.com/gp/customer-reviews/R12HFPER0FOQDS/ref=cm_cr_getr_d_rvw_ttl?ie=UTF8&ASIN=B09QLVHF7Z,"4.0 "," the United States "," November 16, 2022",Color: 1917 BrownSize: Large,Verified Purchase,I have this in two colors. It’s so comfy and fits as expected. It’s good for the gym or just lounging.,2
Ruth Torchia,LOVE,https://www.amazon.com/gp/customer-reviews/R21TBHLMPT6ZQB/ref=cm_cr_getr_d_rvw_ttl?ie=UTF8&ASIN=B09QLVHF7Z,"4.0 "," the United States "," November 9, 2022",,Verified Purchase,I absolutely love this product. It’s super flattering and comfortable. Looks just like photo.,
Dylan T.,Totally worth it!,https://www.amazon.com/gp/customer-reviews/R1809FA25UH1DH/ref=cm_cr_getr_d_rvw_ttl?ie=UTF8&ASIN=B09QLVHF7Z,"5.0 "," the United States "," November 8, 2022",Color: 1917 Teal GreenSize: Large,Verified Purchase,Possibly size down? I was a little worried throughout my workout that my boobs might slip out the bottom of the bra. Ordered a large but probably could’ve handled a medium. The material is unlike any of my other sets. It keeps you really warm! I love the color and the ribbed band is so flattering. Highly recommend.,2
D,Nice.,https://www.amazon.com/gp/customer-reviews/R1BBWJNB6MSP0Y/ref=cm_cr_getr_d_rvw_ttl?ie=UTF8&ASIN=B09QLVHF7Z,"5.0 "," the United States "," November 8, 2022",Color: 1917 Teal GreenSize: Large,Verified Purchase,Exactly described is what you get! Nice not see through quality.,
Desiree,Buena calidad,https://www.amazon.com/gp/customer-reviews/R2PT07GU9ZOEYB/ref=cm_cr_getr_d_rvw_ttl?ie=UTF8&ASIN=B09QLVHF7Z,"5.0 "," the United States "," November 3, 2022",Color: 1917 BrownSize: Medium,,Color hermoso y buena calidad,
Mazi Chiles,It’s ok for the price,https://www.amazon.com/gp/customer-reviews/R2IO8ZS8CD4ZDE/ref=cm_cr_getr_d_rvw_ttl?ie=UTF8&ASIN=B09QLVHF7Z,"3.0 "," the United States "," November 2, 2022",Color: 1917 BrownSize: Medium,Verified Purchase,I would recommend getting the black if you plan on sweating at all. The material is not the most comfortable. It you are looking for cheap workout clothes then maybe this would work for you but I would not buy again.,
Gisele M.,Material is not stretchy,https://www.amazon.com/gp/customer-reviews/R3US7PFMSF0IKL/ref=cm_cr_getr_d_rvw_ttl?ie=UTF8&ASIN=B09QLVHF7Z,"3.0 "," the United States "," October 24, 2022",Color: 1917 Teal GreenSize: Small,Verified Purchase,"I’ve owned a fair amount of leggings, this material was my least favorite. Too stiff for workout leggings",
Amazon Customer,Love,https://www.amazon.com/gp/customer-reviews/R3UUNFJX14DW8L/ref=cm_cr_getr_d_rvw_ttl?ie=UTF8&ASIN=B09QLVHF7Z,"5.0 "," the United States "," October 19, 2022",Color: 1917 Teal GreenSize: Large,Verified Purchase,Love a set I can throw on. I ordered a L I’m 5’9 200lbs. fits perfect super and everyone compliments,
Daniela Suárez,"I really like it. The fabric is very good, and the colour is wonderful.",https://www.amazon.com/gp/customer-reviews/R3SZ93XH75IL5O/ref=cm_cr_getr_d_rvw_ttl?ie=UTF8&ASIN=B09QLVHF7Z,"5.0 "," the United States "," October 15, 2022",Color: 1917 Teal GreenSize: Medium,Verified Purchase,"The fabric is very good, and the colour is wonderful.",
Rosa Harrell,Great,https://www.amazon.com/gp/customer-reviews/R2U5IF0SI4TTE0/ref=cm_cr_getr_d_rvw_ttl?ie=UTF8&ASIN=B09QLVHF7Z,"5.0 "," the United States "," October 13, 2022",,,Comfortable to wear.,
Amber M,Darker Color in Person,https://www.amazon.com/gp/customer-reviews/ROREJHOT320JM/ref=cm_cr_getr_d_rvw_ttl?ie=UTF8&ASIN=B09QLVHF7Z,"4.0 "," the United States "," October 10, 2022",Color: 1917 Living CoralSize: Medium,Verified Purchase,The color of the garment is a lot darker than online it’s more of like a mauve plum color than pink. Was expecting us to be blush pink but it’s definitely pretty dark. The overall fit though fits very well so I’m going to try to make it work since I ordered these for a photo shoot. The leggings are a little long however I am 5’3” with a 28” inseam. I don’t mind since I’ll be using us for yoga but if you mind they are pretty long. I was actually quite surprised with how much the garment stretched because when I removed it out of the packaging I thought it was too small but it fits perfect! Wish the color matched but so far I love the fit. As far as squirrel proof this color is a squat proof I can’t say the same for the other colors. Only 4 stars cuz color is way off.,19
Deannadarcel,Love Leopard,https://www.amazon.com/gp/customer-reviews/R3UYHVQUITCE96/ref=cm_cr_getr_d_rvw_ttl?ie=UTF8&ASIN=B09QLVHF7Z,"5.0 "," the United States "," October 7, 2022",,Verified Purchase,"Love the leopard print, doesn’t fade and fits great. High waisted.",
Ava,Obsessed!,https://www.amazon.com/gp/customer-reviews/R297YQY2HIFXNY/ref=cm_cr_getr_d_rvw_ttl?ie=UTF8&ASIN=B09QLVHF7Z,"5.0 "," the United States "," October 2, 2022",Color: 1917 Teal GreenSize: Medium,Verified Purchase,Love this set so much. Great compression.  Loved the ribbed detail at the waist. It's snug but it's supposed to be. Size up for a looser fit. Color is gorgeous. Want this in all the colors.,
Lucy,"great bra, leggings have some weird seaming",https://www.amazon.com/gp/customer-reviews/R187SIGWBC2HOL/ref=cm_cr_getr_d_rvw_ttl?ie=UTF8&ASIN=B09QLVHF7Z,"3.0 "," the United States "," September 30, 2022",Color: 1917 Teal GreenSize: Small,Verified Purchase,"The bra is very supportive. I ordered a small and the teal color. The leggings are a bit long (I am 5'4) and the seaming around the bum is not the most flattering. The bra is great for the price, and leggings are fine. Not sheer at all.",
Cam's Corner,True to size!,https://www.amazon.com/gp/customer-reviews/R31ZPGSDX301Q4/ref=cm_cr_getr_d_rvw_ttl?ie=UTF8&ASIN=B09QLVHF7Z,"5.0 "," the United States "," September 22, 2022",Color: 1917 Teal GreenSize: Medium,Verified Purchase,At first I was a bit skeptical because I usually don't buy workout clothing online-- but this piece was true to size & fits amazingly! Will definitely continue to purchase.,
Maria,Not the cutest,https://www.amazon.com/gp/customer-reviews/R1PA2GJMJ41LB3/ref=cm_cr_getr_d_rvw_ttl?ie=UTF8&ASIN=B09QLVHF7Z,"2.0 "," the United States "," September 17, 2022",Color: 1917 BrownSize: Medium,Verified Purchase,I’m not sure what it is about this legging but it makes the crotch part so weird looking. It’s supposed to be seem less but it bunches up super weird there. Not a pair you can go comando in forsure.,
Michael Leino,Awesome!,https://www.amazon.com/gp/customer-reviews/R1PAQ9AKU7XDUG/ref=cm_cr_getr_d_rvw_ttl?ie=UTF8&ASIN=B09QLVHF7Z,"5.0 "," the United States "," September 14, 2022",Color: 1917 Teal GreenSize: Medium,Verified Purchase,Really great and amazing price,
Robin,Tight fitting,https://www.amazon.com/gp/customer-reviews/R19Y7386RNPBXO/ref=cm_cr_getr_d_rvw_ttl?ie=UTF8&ASIN=B09QLVHF7Z,"3.0 "," the United States "," September 4, 2022",Color: 1917 Living CoralSize: Medium,Verified Purchase,I got breast so it took a min before I was able to get in there lol but it fits good tho the bottoms however are little tight but still a stretch if u have a belly it definitely will be poking out. It’s still cute though,
Ck,Great workout set,https://www.amazon.com/gp/customer-reviews/RM1Q72VGGO96K/ref=cm_cr_getr_d_rvw_ttl?ie=UTF8&ASIN=B09QLVHF7Z,"5.0 "," the United States "," September 2, 2022",Color: 1917 Teal GreenSize: Medium,Verified Purchase,"I’m 5’2,129 pounds. Initially got the small and had to return it because the pants were way too tight and flattened on my glutes. Medium fits perfect. I’ll probably be ordering additional sets.",
Linda A.,GORGEOUS COLOR and fit,https://www.amazon.com/gp/customer-reviews/RXF0FJU9E7SNC/ref=cm_cr_getr_d_rvw_ttl?ie=UTF8&ASIN=B09QLVHF7Z,"5.0 "," the United States "," August 31, 2022",Color: 1917 Teal GreenSize: Medium,Verified Purchase,Love love love this color been looking for a set in this color for so long. I’m usually a xs-s in everything except workout clothes so i sized up to a M to be comfy and it fits PERFECT. I’m 5’4 123 lbs and got a M. Order it!!,2
yamilet,The fit is weird,https://www.amazon.com/gp/customer-reviews/R1VWLFI41FS6WP/ref=cm_cr_getr_d_rvw_ttl?ie=UTF8&ASIN=B09QLVHF7Z,"2.0 "," the United States "," August 27, 2022",,Verified Purchase,"Does not fit like other sets I’ve bought from Amazon, the padding inside the bra is always weird and moves around",
Yasmine,Very cute,https://www.amazon.com/gp/customer-reviews/R2A6WCQDG7OLCI/ref=cm_cr_getr_d_rvw_ttl?ie=UTF8&ASIN=B09QLVHF7Z,"4.0 "," the United States "," August 27, 2022",Color: 1917 Living CoralSize: Small,Verified Purchase,I love this. It’s stetchy and flattering to the body. I got two colors.,
Mark+Hollie,Beautiful Brown Color,https://www.amazon.com/gp/customer-reviews/R2EEKLEK4YKB0O/ref=cm_cr_getr_d_rvw_ttl?ie=UTF8&ASIN=B09QLVHF7Z,"5.0 "," the United States "," August 20, 2022",,Verified Purchase,"This fits like a glove and has amazing compression around the tummy area but is lightweight to wear running or for yoga. I went with a size small, the sports bra has removable padding & gives a push up effect on my size 32/DD chest, medium support. If you don’t want the top to be super revealing maybe size up. I like that the leggings are very high waisted so there is not a lot of skin showing but that’s just my personal preference. I want to buy this set in more colors because it’s so comfortable & cute, I wear it lounging around the house, to work out or even to run and get coffee. Great quality for the price.",5
Chynna Rowe,Loved this set for LEG DAY,https://www.amazon.com/gp/customer-reviews/ROXT876ASZ16I/ref=cm_cr_getr_d_rvw_ttl?ie=UTF8&ASIN=B09QLVHF7Z,"5.0 "," the United States "," August 18, 2022",Color: 1917 Teal GreenSize: Medium,Verified Purchase,This set was priced great and had very good quality. I got a medium in the green color. I felt cute and it was not see through for my squats. I actually purchased another set in another color because I liked it soo much.,
Katie,I’m a snob and this is a great outfit,https://www.amazon.com/gp/customer-reviews/R1E30UVKTYHG3Q/ref=cm_cr_getr_d_rvw_ttl?ie=UTF8&ASIN=B09QLVHF7Z,"5.0 "," the United States "," August 17, 2022",Color: 1917 Teal GreenSize: Small,Verified Purchase,The quality is there considering the low price. Many compliments.,
Trevor Addison,Great color,https://www.amazon.com/gp/customer-reviews/R6SUMBF8PZR7V/ref=cm_cr_getr_d_rvw_ttl?ie=UTF8&ASIN=B09QLVHF7Z,"4.0 "," the United States "," August 15, 2022",Color: 1917 Teal GreenSize: Large,Verified Purchase,I really love it,
Kymme Couture,I love it,https://www.amazon.com/gp/customer-reviews/R3AKSH1UTFOA1J/ref=cm_cr_getr_d_rvw_ttl?ie=UTF8&ASIN=B09QLVHF7Z,"4.0 "," the United States "," August 14, 2022",Color: 1917 Teal GreenSize: Small,Verified Purchase,I loved it . It was comfortable and soft,3
Andrea,Not great,https://www.amazon.com/gp/customer-reviews/R3UINB8LG3AXI2/ref=cm_cr_getr_d_rvw_ttl?ie=UTF8&ASIN=B09QLVHF7Z,"1.0 "," the United States "," August 13, 2022",Color: 1917 Teal GreenSize: Medium,Verified Purchase,The material is not comfortable to exercise in.,
Lala,Loveeee,https://www.amazon.com/gp/customer-reviews/R10U432BWJ6KYL/ref=cm_cr_getr_d_rvw_ttl?ie=UTF8&ASIN=B09QLVHF7Z,"5.0 "," the United States "," August 12, 2022",Color: 1917 BrownSize: Medium,Verified Purchase,Fits so well . Love how it feels on my waist . Definitely getting more colors!,
Jo,Just as seen in picture,https://www.amazon.com/gp/customer-reviews/R2IJ0X9WJRAFG/ref=cm_cr_getr_d_rvw_ttl?ie=UTF8&ASIN=B09QLVHF7Z,"5.0 "," the United States "," August 11, 2022",Color: 1917 Teal GreenSize: Medium,Verified Purchase,This 2 piece set of cloth is very good at the price and the quality is really great. I would be ordering another soon.,
David & Sarah,Unflattering,https://www.amazon.com/gp/customer-reviews/R5EZ6SNT591VB/ref=cm_cr_getr_d_rvw_ttl?ie=UTF8&ASIN=B09QLVHF7Z,"4.0 "," the United States "," August 6, 2022",Color: 1917 Living CoralSize: Small,Verified Purchase,"I usually order a XS-S for sports bra, and a S-M for leggings. I LOVE the matching set. The material was SO good. But for someone who has varying sizes a 2 piece set just doesn’t work for me. I would have kept the top, and gone to a medium for bottom. Unfortunately I had to return.  Leggings was bought size Small. I have post-partum belly fat/loose skin that was not flattering. Go a size up if you have similar concerns.",2
dolores,Me encanta,https://www.amazon.com/gp/customer-reviews/R35U2GCGX3KT6L/ref=cm_cr_getr_d_rvw_ttl?ie=UTF8&ASIN=B09QLVHF7Z,"5.0 "," the United States "," July 24, 2022",,Verified Purchase,Me encanta lo cómodo y agradable que es recibo mucho cumplido quiero más variedad 5;4 150 libras talla M,
Sarah,Love it,https://www.amazon.com/gp/customer-reviews/R2EKHU9TPFOA3V/ref=cm_cr_getr_d_rvw_ttl?ie=UTF8&ASIN=B09QLVHF7Z,"5.0 "," the United States "," July 23, 2022",,Verified Purchase,Great quality for the price! Sequoia brown is more like a mauve.,
Carla Benavidez,Wish they didn’t ride down when jumping,https://www.amazon.com/gp/customer-reviews/R3J58FHZ71ZQB3/ref=cm_cr_getr_d_rvw_ttl?ie=UTF8&ASIN=B09QLVHF7Z,"4.0 "," the United States "," July 22, 2022",Color: 1917 Teal GreenSize: Large,Verified Purchase,Love everything minus the fact that they slide down when doing jumping movement/exercises,
DN,"Wanted to love, but just not it",https://www.amazon.com/gp/customer-reviews/RAPJF8NIP9GN4/ref=cm_cr_getr_d_rvw_ttl?ie=UTF8&ASIN=B09QLVHF7Z,"3.0 "," the United States "," July 22, 2022",Color: 1917 BrownSize: Large,Verified Purchase,"Wanted to love this but it just wasn’t it! I gained some pregnancy weight but I fit medium still and decided to get a large for my 36c chest and the top fit fine, but the pants were soooo tight although they are stretchy, and NOT see through they are soooo unflattering around the front of your Yoo-hoo area, like bunching and created a v that is like, here’s my Yoo-hoo. Such a bummer so I’ll be returning! Color is super cute though.",
Vanessa Flores,"¡MEJOR DE LO QUE ESPERABA, TALLA ""M""!",https://www.amazon.com/gp/customer-reviews/R289NN1UJ1C6QB/ref=cm_cr_getr_d_rvw_ttl?ie=UTF8&ASIN=B09QLVHF7Z,"5.0 "," the United States "," July 19, 2022",Color: 1917 Living CoralSize: Medium,Verified Purchase,"Me sentí GUAPISIMA con mi nuevo OUTFIT deportivo!!! Me pedí TALLA M; mi peso es: 66 KG. Mis medidas son: Cintura 76 cm Cadera 98 cm  Las medidas que ponen en la publicación del producto no son tan reales, la M me quedó perfecta!! Me siento una POTRA EMPODERADA!!",
Grazie,See through,https://www.amazon.com/gp/customer-reviews/R3BM6JO4H3U4I/ref=cm_cr_getr_d_rvw_ttl?ie=UTF8&ASIN=B09QLVHF7Z,"1.0 "," the United States "," July 19, 2022",Color: 1917 BrownSize: Medium,Verified Purchase,This set runs small. And it’s completely see through. I love the color and wanted to love it so badly but can’t get out of the house wearing that. Returned.,
Mackenzie Mann,Sweat sweat sweat,https://www.amazon.com/gp/customer-reviews/R3PY65CZJBLZAZ/ref=cm_cr_getr_d_rvw_ttl?ie=UTF8&ASIN=B09QLVHF7Z,"2.0 "," the United States "," July 14, 2022",Color: 1917 Teal GreenSize: Medium,Verified Purchase,So I’m a sweaty girl and I like working out pretty hard… when I tell you it literally looked like I peed my pants after the workout absolutely embarrassing. I can typically workout thru the embarrassment but it was unbearable I do not recommend if you’re going to workout in these and it be a tough workout,
Michaela Rempkowski,Do not workout in this!!! Shows all sweat!!!,https://www.amazon.com/gp/customer-reviews/R306F3HUFXVUOP/ref=cm_cr_getr_d_rvw_ttl?ie=UTF8&ASIN=B09QLVHF7Z,"2.0 "," the United States "," July 13, 2022",Color: 1917 BrownSize: Large,Verified Purchase,Do not work out in this set - you can see all the sweat spots! Cute otherwise.,
Amazon Customer,Size L for big hips,https://www.amazon.com/gp/customer-reviews/R2U0R21IFYCZCS/ref=cm_cr_getr_d_rvw_ttl?ie=UTF8&ASIN=B09QLVHF7Z,"5.0 "," the United States "," July 7, 2022",Color: 1917 Teal GreenSize: Large,Verified Purchase,"Beautiful, if you have big hips and skinny waist like me, size L is for you. Amazing fabric and design.",
Marlea Mastropolo,Love IT,https://www.amazon.com/gp/customer-reviews/R1HHBFHEXKVBHL/ref=cm_cr_getr_d_rvw_ttl?ie=UTF8&ASIN=B09QLVHF7Z,"5.0 "," the United States "," June 27, 2022",Color: 1917 Living CoralSize: Small,Verified Purchase,Absolutely love it. I wear it a few times a week to work out. I have 0 worries about see through squats or anything like that. I like that the top is more tank top like than a sports bra so I feel less exposed. Definitely worth every penny.,
Taylor,Favorite workout fit,https://www.amazon.com/gp/customer-reviews/R25TGNKZ6XW4TV/ref=cm_cr_getr_d_rvw_ttl?ie=UTF8&ASIN=B09QLVHF7Z,"5.0 "," the United States "," June 25, 2022",,Verified Purchase,"This is legit my favorite workout set from Amazon. It fits like a literal glove, so comfortable. Couldn’t be happier with it!",
