﻿评论用户,评论概述,评论链接,星级评分,评论地点,评论时间,类型,是否购买,评论详情,觉得该评论有帮助的人数
Alejandro Talavera,Very comfortable,https://www.amazon.com/gp/customer-reviews/R18MCU8ZB2DIJL/ref=cm_cr_arp_d_rvw_ttl?ie=UTF8&ASIN=B0922Z2GNQ,"5.0 "," the United States "," August 30, 2024",Size: MediumColor: White Yoga Evolution,Verified Purchase,I love this yoga tank top! The material is soft and high quality. The print on the back is very cute and it fits perfectly.,
dee,Organic cotton,https://www.amazon.com/gp/customer-reviews/ROV865W5VXRVG/ref=cm_cr_arp_d_rvw_ttl?ie=UTF8&ASIN=B0922Z2GNQ,"5.0 "," the United States "," June 18, 2024",Size: MediumColor: Black With White Moons,Verified Purchase,"This is a great tank top. I am usually a small or medium and I ordered a medium and it’s form fitting. I would say it runs a bit small, but it’s perfect on me. 34 C, 125 lbs ordered a medium.",3
Pdxmama,Good material. Fits as expected. White os opaque.,https://www.amazon.com/gp/customer-reviews/RIRR0CIHE42AB/ref=cm_cr_arp_d_rvw_ttl?ie=UTF8&ASIN=B0922Z2GNQ,"4.0 "," the United States "," April 8, 2018",Size: MediumColor: White Yoga Evolution,Verified Purchase,"Nice top. I'm 5'4"" 124lbs with no tone- so pudgy and in the early works of making fitness my routine. Its comfortable, soft. And breathable. Got a medium after seeing others say it ran small, I also wear 32ff bra so thought medium would compensate for the larger ladies. I have to say. I COULD have gotten away with a small easily. This is almost too long but I DO have a short torso, and the straps dont fit to my shoulders as snugly without pulling too down to expose more the cleavage as I'd like for public use. Will be GREAT for home use, but I think I will order a small for classes and public spaces. Also, the white is very opaque. Not just a little. A small in white would be worse, so I'll order probably order a black. Will look more flattering when I tone up, but I didn't buy this to look sexy so.it does the job.  I'm more surprised this fit so large on me after all the reviews of it fitting small. Did not expect that.",19
Amazon Customer,Breathable and cute!,https://www.amazon.com/gp/customer-reviews/RTDET6U3JAMES/ref=cm_cr_arp_d_rvw_ttl?ie=UTF8&ASIN=B0922Z2GNQ,"5.0 "," the United States "," December 1, 2024",Size: MediumColor: Black I Love Yoga,Verified Purchase,"I love this tank top from Treelance! It is comfortable, and so cute! I usually wear it to my yoga classes and get tons of compliments! Can’t wait to keep adding items to my wardrobe from this amazing shop!",
NOEL SOCORRO JR,Love it!!,https://www.amazon.com/gp/customer-reviews/R3KV84B2SINIC5/ref=cm_cr_arp_d_rvw_ttl?ie=UTF8&ASIN=B0922Z2GNQ,"5.0 "," the United States "," August 15, 2024",Size: X-SmallColor: Black With White Moons,Verified Purchase,"I absolutely love this yoga tank top! The material is incredibly soft and comfortable, making it perfect for my workouts. The quality is top-notch, and I especially appreciate that it's made by a small, women-owned business. The minimalistic print on the back adds a stylish touch without being too flashy. I highly recommend this tank top to anyone looking for a great combination of comfort, quality, and supporting a small business.",2
Virginia Kay,Way too small,https://www.amazon.com/gp/customer-reviews/R1WYTP6JCHXXUX/ref=cm_cr_arp_d_rvw_ttl?ie=UTF8&ASIN=B0922Z2GNQ,"3.0 "," the United States "," July 13, 2024",Size: MediumColor: Black With White Moons,Verified Purchase,"This looks like a loose fit tank that you could move and do yoga in. I love the moon cycles down the back of it, and I'm not a large person, but the tank fit very tightly in my usual size, M. I don't think going up a size would have helped me at all.  Sadly, I had to return, but would love a looser tank with the moon cycles!",
Heidi,Love this tank and it’s gots certified organic cotton,https://www.amazon.com/gp/customer-reviews/R34OIOM917SU9F/ref=cm_cr_arp_d_rvw_ttl?ie=UTF8&ASIN=B0922Z2GNQ,"5.0 "," the United States "," May 23, 2024",Size: X-LargeColor: White With Black Moons,Verified Purchase,"I bought 2 of these and plan to buy more. They are soft and stretchy. I also confirmed with the seller that these are made of GOTS certified cotton and fiber reactive dyes that are GOTS certified.  I have found a number of places that use GOTS certified organic cotton but use only low impact dyes which are better than regular dyes but they still have heavy metals, formaldehydes and many other chemicals. GOTS certified fiber reactive dyes are what you want. GOTS prohibits these chemicals.  I am thankful to find these and the seller is very friendly and accommodating. I have chemical allergies and thankful to find this clothing line.",
Elizabeth Lundquist,Yoga shirt,https://www.amazon.com/gp/customer-reviews/R24J2ENFHYCTA5/ref=cm_cr_arp_d_rvw_ttl?ie=UTF8&ASIN=B0922Z2GNQ,"4.0 "," the United States "," March 20, 2024",Size: LargeColor: White With Black Moons,Verified Purchase,The shirt is beautiful in design and quality. Runs very small though. Would go up about two sizes.,
EVA WOLF,Organic cotton tanks,https://www.amazon.com/gp/customer-reviews/R3NHT6FCOLESGT/ref=cm_cr_arp_d_rvw_ttl?ie=UTF8&ASIN=B0922Z2GNQ,"4.0 "," the United States "," December 8, 2024",Size: MediumColor: Black Namaste,Verified Purchase,"Love these tanks. Arrived just as described. The best part is that they are made of organic cotton, however sustainability is very important to me. I loved the brown paper bag they were wrapped in. But they were also wrapped in plastic! Please get rid of the plastic wrapper. Otherwise I would have given a 5 star. No more plastic!! Please",
JK,"Words on my boob, but I am impressed with their customer service.",https://www.amazon.com/gp/customer-reviews/R149KRN8I11I6T/ref=cm_cr_arp_d_rvw_ttl?ie=UTF8&ASIN=B0922Z2GNQ,"3.0 "," the United States "," April 1, 2023",Size: SmallColor: Black I Love Yoga,Verified Purchase,"Original review: I was horrified to find that the company decided to take what would have otherwise been a cute top that actually had some length to it and use it to label my left boob. They seriously need to consider repositioning their words. I sent it back, because it looked stupid and made me feel self conscious. I'm small chested, so I don't' know if it would fit everybody this way or not, but I didn't like it. I would never pin a corsage across my nipple! I would pin it up a bit higher. Name tags? Same thing. I'm just not comfortable with the placement of the words. Just make a quality shirt and leave my breasts alone.  Updated review: Wow! I don't know what to think. This company evidently reads the reviews and cares what customers think. I did not write to the company, because I simply returned the item through Amazon, but... in response to my review, the company e-mailed me (through Amazon) the following:  ""We sincerely apologize for any inconvenience regarding your order and would like to offer you a full refund for your purchase. If you would like a full refund: please reply 'Full refund'. We hope that you give us another chance. Thank you very much. Best regards, TREELANCE Please note – sellers are not allowed to ask for a customer’s personal information including email or phone number: and you are not expected to change your review due to this outreach or any potential resolution.""  I won't, of course, ask for a refund, since Amazon already did that for me, but as it's becoming increasingly more difficult for customers to receive respect, I felt obligated to let everybody know that this company went out of their way to contact me. I am raising my 1 star review to 3. I still wouldn't want words across my breast, but customer service means a lot to me. I may not have liked this particular shirt, but I will most definitely be checking out their other products, because I'd love to do business with a company that wants happy customers. I would suspect that a company that reads reviews might also be using that feedback to improve or create products that customers want or need. I felt like I'd been heard, even though I hadn't contacted them. :-) So, 1 star for this particular product and 5 stars for customer service.",5
Brianna,Love this shirt for yoga!,https://www.amazon.com/gp/customer-reviews/RQ5A815O45GB4/ref=cm_cr_getr_d_rvw_ttl?ie=UTF8&ASIN=B0922Z2GNQ,"5.0 "," the United States "," November 20, 2024",Size: XX-LargeColor: Grey With Moons,Verified Purchase,I bought this lovely shirt for my mom as a gift for doing yoga.  It is so nice that I am going to buy myself one too!,
Cynthia Hernandez,Cute and good quality,https://www.amazon.com/gp/customer-reviews/R1V2OCI4LVTVKH/ref=cm_cr_getr_d_rvw_ttl?ie=UTF8&ASIN=B0922Z2GNQ,"5.0 "," the United States "," November 18, 2024",Size: LargeColor: White With Black Moons,Verified Purchase,I have gotten many compliments. Nice organic fabric.,
Blanca Coyne,Best Organic,https://www.amazon.com/gp/customer-reviews/R3CTMYN8EFB41G/ref=cm_cr_getr_d_rvw_ttl?ie=UTF8&ASIN=B0922Z2GNQ,"5.0 "," the United States "," October 3, 2024",Size: LargeColor: Grey With Moons,Verified Purchase,"I loved these Organic breathable lightweight tank tops so much that I ordered 2 more , and getting ready to order another two!",
Amazon Customer,Small,https://www.amazon.com/gp/customer-reviews/R32I6PZSQSSD0H/ref=cm_cr_getr_d_rvw_ttl?ie=UTF8&ASIN=B0922Z2GNQ,"3.0 "," the United States "," September 30, 2024",Size: XX-LargeColor: Black Namaste,Verified Purchase,"This is nice, but runs very small.",
Fraulein Michaud,Runs small. Size up!,https://www.amazon.com/gp/customer-reviews/R212CV80KKAIA9/ref=cm_cr_getr_d_rvw_ttl?ie=UTF8&ASIN=B0922Z2GNQ,"3.0 "," the United States "," June 29, 2023",Size: MediumColor: White Freedom,Verified Purchase,"I wear a medium in just about everything so naturally, I ordered a medium in this tank top. When it was delivered I tried it on immediately and it’s so skin tight that you can see every bulge on my body plus this is not thick material so you could literally see my bra and my nipples right through this white tank top. I’m returning it.  ***Update - I returned the white tank top and got a black one in a size Large. The large fits me better than the medium, but it’s very long on me. Because it’s so long, the moon phase print on the back bunches up and looks more like a spine print on my back versus the moon phases. I will admit that I am short and my body is just stupid so this tank top isn’t going to look on me the way the way it looks on the model. The black is not see through at least. Perhaps this tank will shrink a little in the wash. I still like this tank top despite the length.",2
KDS,These are awesome I ordered all styles and I love them,https://www.amazon.com/gp/customer-reviews/R32724V55DR1NK/ref=cm_cr_getr_d_rvw_ttl?ie=UTF8&ASIN=B0922Z2GNQ,"4.0 "," the United States "," April 11, 2023",Size: XX-LargeColor: Plain Black,Verified Purchase,"If you are between sizes go with the smaller one (if you dont want to wear a bra with it and the bigger if you do). These are definitely made for taller people than myself 5’4, I would say perfect at 5’7 probably, and for that reason I had to go with a 4 instead of 5, but the material is great and I have had some I put in the dryer and some I didnt, they both did fine without any shrinking and have held up through several washes so far good as new. The length is really long, which I appreciate it covering the crotch area when wearing leggings.",
Nor,Great fit,https://www.amazon.com/gp/customer-reviews/R1RGK3L9TSM6EA/ref=cm_cr_getr_d_rvw_ttl?ie=UTF8&ASIN=B0922Z2GNQ,"5.0 "," the United States "," August 3, 2024",Size: XX-LargeColor: Black With White Moons,Verified Purchase,This top is so comfortable it moves with you. It's perfect for stretch and yoga classes.  I choose 1 size up from regular size.  I recieved a lot of compliments from,
Leslie Beadle,Runs small,https://www.amazon.com/gp/customer-reviews/R14V7SZNK96982/ref=cm_cr_getr_d_rvw_ttl?ie=UTF8&ASIN=B0922Z2GNQ,"3.0 "," the United States "," July 28, 2024",Size: LargeColor: Yoga People,Verified Purchase,"Runs smaller/tighter than I've ever owned. Size up at least 1 size. Material is soft, but too thick if you want for hot yoga.",
Ava.Artemis,Just wish it came in other colors!,https://www.amazon.com/gp/customer-reviews/R4ZQ6R9EVIEJ7/ref=cm_cr_getr_d_rvw_ttl?ie=UTF8&ASIN=B0922Z2GNQ,"5.0 "," the United States "," June 22, 2023",Size: MediumColor: Black With White Moons,Verified Purchase,"I am super happy to find an organic cotton tank at a very reasonable price. The fabric is nice, it fits well, and because it's organic cotton, it's breathable! I only wish it came in more colors. I used to wear black ALL the time, especially in outdoor gear and gym clothes, but now I prefer charcoal gray or other dark heather-ed colors. A lot of that is just because pure black often doesn't age well. It shows dirt, lint and pilling, so especially for wearing to the gym, etc., I'd rather have something else. Also, it's hot in the sun! I don't like slogans or sayings on my clothes either, but I do love the moons. Overall, I'm happy to have found an organic cotton tank at this price.",
nexy jo,Stretchy and Tight with a Nice Long Torso,https://www.amazon.com/gp/customer-reviews/R291GNM80YV0WI/ref=cm_cr_getr_d_rvw_ttl?ie=UTF8&ASIN=B0922Z2GNQ,"4.0 "," the United States "," March 29, 2021",Size: LargeColor: Plain Black,Verified Purchase,"I've been searching for the ultimate tank top and this one hit a lot of my non-negotiable aspects.  It's nearly all cotton, has a bit of stretch, and has a longer torso.  As a taller woman of 5'10"",  need the extra length and this was perfect in that area.  It may be a bit too stretchy, but I can live with it.  It is a little tight, so I'm glad I got the large.  A lot of my tanks are medium, but I've gained a little weight during the pandemic, so I went for the large.  It's still a bit tight, so when I washed it, I did not put it in the dryer, but hung it to dry instead.  It was a bit pricey, so I'm still looking around.  But for the time being, this will do.  4 stars.",
Sequoia,Beautiful tank top,https://www.amazon.com/gp/customer-reviews/R2QQ7AD5AONNKP/ref=cm_cr_getr_d_rvw_ttl?ie=UTF8&ASIN=B0922Z2GNQ,"5.0 "," the United States "," August 23, 2022",Size: 3X-LargeColor: Black With White Moons,Verified Purchase,"Lovely cotton, attractive solid black front and perfectly not too low cut-- the fit of the top is exactly what I would have hoped for, and more.  I'm a size 12-14, and ordered the 3xxx (!!!) which fit perfectly, except, the patterns of moon phases started halfway down my back, and so many simply disappeared down my bottom past the point of visibility-- and some got hidden in a fold of fat or two-- so the moon phase pattern looked kind of awful on me, with a few hidden phases.  Which was too bad, because the fabric and fit were otherwise divine.  So, sadly, I sent it back.  Still, it's a great top; I hope it works out better for you in your size.",
J. Mckenney,Great wardrobe staple,https://www.amazon.com/gp/customer-reviews/RDQ80GSR26N7R/ref=cm_cr_getr_d_rvw_ttl?ie=UTF8&ASIN=B0922Z2GNQ,"5.0 "," the United States "," November 23, 2023",Size: SmallColor: Plain Black,Verified Purchase,I buy these as a wardrobe staple in plain black. The fit is flattering on me as they are form fitting and the fabric is good quality and thick enough so that it has some support in the chest and isn’t see-through if worn with no bra under another shirt.  I wear them to sleep in and under as a base layer under other tops. One of the best quality tank tops I’ve found.,2
LANA LINDEN,Slim fit and too thick of fabric,https://www.amazon.com/gp/customer-reviews/RTFUTOEPSB9Y7/ref=cm_cr_getr_d_rvw_ttl?ie=UTF8&ASIN=B0922Z2GNQ,"3.0 "," the United States "," March 21, 2024",Size: MediumColor: Black Yoga Evolution,Verified Purchase,I didn’t like this tank top because it’s too tight in the midsection even if I would’ve gone up and size it still would’ve been that way it’s uncomfortable and the fabric is too thick,
Ck,Gorgeous fabric,https://www.amazon.com/gp/customer-reviews/R1Y21DY8JLQPNF/ref=cm_cr_getr_d_rvw_ttl?ie=UTF8&ASIN=B0922Z2GNQ,"5.0 "," the United States "," June 22, 2023",Size: MediumColor: White Compassion,Verified Purchase,"I was looking for Organic Cotton tanks tops and came across this store.  I ordered  the compassion white and an all black one. The length and fit are perfect. Exactly what I wanted, it's perfectly snug and not tight, it's not to low in the chest area (which can be an issue for us small chested girls)  perfect for yoga lounging, errands, anything. The customer service for this small business is EXCELLENT.  I went and followed the store on IG. Can't wait to order some for gifts",
Skygal,Size 3 sizes up!!!!,https://www.amazon.com/gp/customer-reviews/R3H2RVL9RFV281/ref=cm_cr_getr_d_rvw_ttl?ie=UTF8&ASIN=B0922Z2GNQ,"4.0 "," the United States "," July 1, 2022",Size: XX-LargeColor: Black With White Moons,Verified Purchase,"The reviews saying to size 3 sizes up aren’t lying!!!! Im about 170-175 (5’3) & 36DD & I ordered the XXL! Photos are in comparison to a medium in the amazon essentials active tanks (not even the relaxed ones!!!). Normally I wear about a med-large…. It’s not SUUUUPER stretchy because it’s only 5% spandex but it’s very thick cotton. The screen print is bright and thin (not like the gross puffy kind lol). I’ll update after I wash if it fades fast or shrinks ridiculously, BUT SERIOUSLY SIZE UP AT LEAST 3 SIZES",3
Sar Sto,Modified Review - Great Seller Experience,https://www.amazon.com/gp/customer-reviews/RTM4OWM98N8X5/ref=cm_cr_getr_d_rvw_ttl?ie=UTF8&ASIN=B0922Z2GNQ,"5.0 "," the United States "," August 13, 2023",Size: MediumColor: Black I Love Yoga,Verified Purchase,"*After posting a review that was, and is, honest for me but not in a positive light of the item I purchased, the seller contacted me offering a refund. As she pointed out, every body is different. My experience may not be everyone's. Please read all reviews to make the best decision for you.  Original review: I don't like this tank. The writing is too far to the side and under the breast. I didn't return it but I've also never wore it.",
ddeter,Runs very small/ Not breathable,https://www.amazon.com/gp/customer-reviews/RJHGL6QDC4NYS/ref=cm_cr_getr_d_rvw_ttl?ie=UTF8&ASIN=B0922Z2GNQ,"2.0 "," the United States "," October 5, 2024",Size: LargeColor: Black With White Moons,Verified Purchase,"Adorable but runs extremely small. I wear a medium, and the large was too small. It's very form fitting. The material is not breathable at all. Highly unlikely that it's Organic cotton from China.",
Daniel Robson,Very Cute Top,https://www.amazon.com/gp/customer-reviews/R1F2TF38P0S4L8/ref=cm_cr_getr_d_rvw_ttl?ie=UTF8&ASIN=B0922Z2GNQ,"5.0 "," the United States "," March 18, 2024",Size: MediumColor: White With Black Moons,Verified Purchase,"I get many compliments with this top, it is very comfortable and it looks great on. The moon phases on the back look like they are cut through even though they are not.",
kim bonomi,BEST TANKS!,https://www.amazon.com/gp/customer-reviews/R3SRE62NFJNK41/ref=cm_cr_getr_d_rvw_ttl?ie=UTF8&ASIN=B0922Z2GNQ,"5.0 "," the United States "," April 11, 2024",Size: X-SmallColor: Black Chakras,Verified Purchase,"I LOVE THESE TANKS, STYLISH, COMFORTABLE AND WEAR UNDER ANYTHING OR ALONE. HAVE ALL COLORS AND DESIGNS! WOULD BUY IN OTHER COLORS IF THEY MAKE THEM!",
WhiteLotusOM,Love This Yoga Tank Top,https://www.amazon.com/gp/customer-reviews/R3RQVXMFTRWIRD/ref=cm_cr_getr_d_rvw_ttl?ie=UTF8&ASIN=B0922Z2GNQ,"5.0 "," the United States "," March 16, 2024",Size: XX-LargeColor: Black Chakras,Verified Purchase,This is the 2nd one I’ve purchased as I just love the style and design on back but you do have to size up as it runs very small!,2
Raych,Sweet Spot,https://www.amazon.com/gp/customer-reviews/R378GXFF5426SH/ref=cm_cr_getr_d_rvw_ttl?ie=UTF8&ASIN=B0922Z2GNQ,"5.0 "," the United States "," February 16, 2024",Size: MediumColor: Black With White Moons,Verified Purchase,"This tank is just as described, no surprises. The length and overall fit are great. I’m very happy with this piece, it hits the sweet spot of style and functionality. I highly recommend it!",
Barbara Ashley-Kemp,It has a small amount of stretch…but not much.,https://www.amazon.com/gp/customer-reviews/RLS8G9QGIK2VL/ref=cm_cr_getr_d_rvw_ttl?ie=UTF8&ASIN=B0922Z2GNQ,"5.0 "," the United States "," April 30, 2024",Size: X-LargeColor: Black Chakras,Verified Purchase,I love the top it is very good for exercise or yoga…then again just for wearing out.,
CG.,I’m a yoga teacher- buy these,https://www.amazon.com/gp/customer-reviews/R2OJBYEMNZUG67/ref=cm_cr_getr_d_rvw_ttl?ie=UTF8&ASIN=B0922Z2GNQ,"5.0 "," the United States "," November 16, 2022",Size: MediumColor: Yoga People,Verified Purchase,"I teach yoga for a living. I have a huge athleisure assortment for work. These cute tank tops are perfect for Yoga and casual wear. They are super soft, made with skin-friendly organic cotton, I love how they stay in place during my yoga practice. I’ve been sponsored by lululemon and athleta but I love Supporting small businesses like Treelance Yoga. I will get more for my friends as gifts since they come in beautiful eco-friendly packaging, with a bookmark, and a great presentation. Happy customer!",2
Amazon Customer,Size up! Runs long!,https://www.amazon.com/gp/customer-reviews/R4CA0DWLOLLWN/ref=cm_cr_getr_d_rvw_ttl?ie=UTF8&ASIN=B0922Z2GNQ,"3.0 "," the United States "," May 25, 2023",Size: 3X-LargeColor: Black With White Moons,Verified Purchase,"I am usually a XL. I sized up to XXL and it was still very tight! (I had washed it because I trusted sizing and Amazon's ideal size recommendation). I got the XXXL (3X) as well and it is still quite tight. It is also very long! It goes past my hips if I pull it so there are no wrinkles. The printing (back moon phases) starts mid-back and runs to the hem. With how long it is, the printing only half shows when I wear it typically.",
Amber,Tight but cute,https://www.amazon.com/gp/customer-reviews/R2ANKETH93USZN/ref=cm_cr_getr_d_rvw_ttl?ie=UTF8&ASIN=B0922Z2GNQ,"4.0 "," the United States "," April 4, 2021",Size: X-LargeColor: Black With White Moons,Verified Purchase,"It’s a really cute top but it fits snugger than expected. It’s not so tight I can’t or won’t wear it, but I prefer my tank tops just a little big. It’s made of soft, stretchy material, perfect for yoga or other exercises, which I think that’s what it’s made for lol i ordered the XL but I normally wear a L, or sometimes a Medium, but mainly a Large due to my chest size. It’s not too tight around my chest or belly pouch that I acquired after having 2 children. I would definitely order at least 1 size up or 2 if you don’t want a form fitting shirt.",3
Nancy S.,Great Quality,https://www.amazon.com/gp/customer-reviews/R2UYSLOMNM7O9T/ref=cm_cr_getr_d_rvw_ttl?ie=UTF8&ASIN=B0922Z2GNQ,"5.0 "," the United States "," October 21, 2022",Size: 3X-LargeColor: Black Chakras,Verified Purchase,"Everyone compliments me on how cool these shirts are.  I go to Bikram Hot Yoga and they are perfect afor that.  They are snug to the body so no lifting over the head-on upside-down poses.  Just super comfortable and the designs are awesome.  I bought one and loved it, so I bought a 2nd one.  Thank you for making a quality item.  I wash it daily and put it in dryer and it's still in great condition.",
C. Harper,Nice tank,https://www.amazon.com/gp/customer-reviews/R1F8Z5CLENOGE6/ref=cm_cr_getr_d_rvw_ttl?ie=UTF8&ASIN=B0922Z2GNQ,"5.0 "," the United States "," January 14, 2024",Size: LargeColor: Grey With Moons,Verified Purchase,"I like this top alot. I did take the advice of previous reviews and size up. This top does run small. Overall nice a little bit stretchy, good weigh to the fabric. Happy with my purchase!",
Amazon Customer,Size up,https://www.amazon.com/gp/customer-reviews/RS2MNV4AC8QJ2/ref=cm_cr_getr_d_rvw_ttl?ie=UTF8&ASIN=B0922Z2GNQ,"4.0 "," the United States "," May 22, 2023",Size: X-LargeColor: Grey With Moons,Verified Purchase,XL should be a tiny bit baggy on me. This is tight. I love the design and material but it’ll be a while before I can wear it in class,
Shanti,Fits great,https://www.amazon.com/gp/customer-reviews/R24AI7GZIZ74EI/ref=cm_cr_getr_d_rvw_ttl?ie=UTF8&ASIN=B0922Z2GNQ,"5.0 "," the United States "," April 16, 2024",Size: LargeColor: Grey Namaste,Verified Purchase,"Love this shirt. Beautifully made and very flattering. Thanks for your talent .Shanti, Shanti, shanti",
Amazon Customer,Made smaller,https://www.amazon.com/gp/customer-reviews/R31P4KGP7BK3R6/ref=cm_cr_getr_d_rvw_ttl?ie=UTF8&ASIN=B0922Z2GNQ,"3.0 "," the United States "," February 28, 2024",Size: SmallColor: Grey With Moons,Verified Purchase,Its made on the smaller side would size up,
Amazon Customer,I ♡ Hantstands,https://www.amazon.com/gp/customer-reviews/R2Y79BP5WIZXSH/ref=cm_cr_getr_d_rvw_ttl?ie=UTF8&ASIN=B0922Z2GNQ,"5.0 "," the United States "," April 14, 2023",Size: MediumColor: Black I Love Handstands,Verified Purchase,I love this tank top! I love handstands so much so this was perfect for my upsidedown world. The fabric is soft and durable. The length of it is so perfect and fits my physique very nicely! Thank you for creating such a fabulous tank top! ♡♡ Fits true to size I'm a medium through and through and this fit perfect!,3
Colorado,Awesome tops!!!,https://www.amazon.com/gp/customer-reviews/R1JVHPG6RLSSUR/ref=cm_cr_getr_d_rvw_ttl?ie=UTF8&ASIN=B0922Z2GNQ,"5.0 "," the United States "," May 10, 2020",Size: X-LargeColor: Black Soul Searcher,Verified Purchase,"These tank tops are the best tank tops I have ever found.  They fit very well, they are extremely comfortable, provide the perfect thickness of coverage, and come in some fun patterns and great colors.  The best part, of course, is that they are made from organic cotton, and yet are very fairly priced for such a high-quality product.  I wear these every single day now that I am at home quarantining, so they are getting washed more often than most of my older tanks.  The previous tanks that I have owned start to look worn out and get misshapen after numerous washings, but not these.  Whether you buy these for yoga classes or yoga at home, you will not be disappointed.  Highly recommend!",
K. P.,"So far, so good",https://www.amazon.com/gp/customer-reviews/R3QKA61U2J48N3/ref=cm_cr_getr_d_rvw_ttl?ie=UTF8&ASIN=B0922Z2GNQ,"4.0 "," the United States "," March 7, 2017",Size: LargeColor: Black With White Moons,Verified Purchase,"I haven't worn this top yet and will update if anything comes up, but after receiving and trying it on, I'm happy with my purchase. I was worried about sizing issues after reading other reviews, but I heeded the warnings about a small fit and ordered up to a large (I usually wear a medium in tops), and it fits great, though if you want it to fit a little loosely, I'd recommend going two sizes up. It also is a nice, long length, which I also was concerned about after reading reviews saying it was too short. The fabric also seems like good quality. As long as this wears and washes well, I'll be very pleased, and will update to five stars! It's super cute!",9
Mama Sia,"Great quality, but runs small",https://www.amazon.com/gp/customer-reviews/R1HL33ND21PDH/ref=cm_cr_getr_d_rvw_ttl?ie=UTF8&ASIN=B0922Z2GNQ,"4.0 "," the United States "," April 22, 2021",Size: LargeColor: Black Chakras,Verified Purchase,"I wanted and like the extra tight fit, though I wish it was longer. I’m generally a medium in tops, but I sized up as suggested and got a Large. I am honestly wondering if the XL would’ve been better. Also, the arm holes/neckline is cut a bit different than I am used to. The neckline is high and the armholes are wide in the front exposing in the wrong place. I love the quality of the chakra pattern and the material though so I am overall happy with this product.",
nanciorama,"fits well, not too low cut, and the back design is cute",https://www.amazon.com/gp/customer-reviews/R139VE8OAZKYIB/ref=cm_cr_getr_d_rvw_ttl?ie=UTF8&ASIN=B0922Z2GNQ,"5.0 "," the United States "," March 18, 2021",Size: SmallColor: Grey Namaste,Verified Purchase,"The tops are great, well-made, basic tanks. As advertised, it is fitted so it doesn't slide up during yoga. The back design is cute. I have washed it once and the design did not peel or flake. The quality of the top seems good. I have both the grey (namaste and elephant on back) and a black one (lotus on back). The black is a bit looser and the material a little softer than the grey, but I am happy with both. I am really happy that they fit over my chest without pulling the front hem way up or otherwise messing up the fit.  For reference, I am 120 lbs, 5'2.5"", and I wear a 32G bra.",
Nell,Nice but sm,https://www.amazon.com/gp/customer-reviews/R2LO6NAFJJ6Q6U/ref=cm_cr_getr_d_rvw_ttl?ie=UTF8&ASIN=B0922Z2GNQ,"4.0 "," the United States "," August 3, 2023",Size: MediumColor: Black Soul Searcher,Verified Purchase,Got a Medium & it fits like a SM or XS.,
KSK Enterprises Ltd.,Awesome yoga top and great gift for the woman in your life!,https://www.amazon.com/gp/customer-reviews/REKALCZWZFQ0E/ref=cm_cr_getr_d_rvw_ttl?ie=UTF8&ASIN=B0922Z2GNQ,"5.0 "," the United States "," September 22, 2016",Size: SmallColor: Black With White Moons,Verified Purchase,"I bought this as a gift for my best friend who happens to be a high level yoga instructor and teacher as well as a personal trainer.  She absolutely LOVED it!  She put it on right away and taught two classes immediately after I gave it to her.  After her classes, she mentioned how a couple of  students complemented her on the top saying they liked the simple but stylish design and asked her where she got it from. Furthermore, she told me that she loved that the material because it is extremely soft and comfortable and the shirt didn't ride up or bunch up like some other yoga shirts do.  As a guy, I can definitely tell you that you can't go wrong with giving this tank top as a gift to any women in your life who enjoys yoga, fitness, and clothing.  Highly recommended!",32
KAThy    =^..^=,Nice,https://www.amazon.com/gp/customer-reviews/RNK430CMDZT3W/ref=cm_cr_getr_d_rvw_ttl?ie=UTF8&ASIN=B0922Z2GNQ,"4.0 "," the United States "," July 30, 2023",Size: LargeColor: Grey Namaste,Verified Purchase,For granddaughter,
Xesia,"Great fit,quality and so cute!",https://www.amazon.com/gp/customer-reviews/RFI29RDDE1EXF/ref=cm_cr_getr_d_rvw_ttl?ie=UTF8&ASIN=B0922Z2GNQ,"5.0 "," the United States "," June 27, 2023",Size: LargeColor: Black With White Moons,Verified Purchase,"This is the best quality top Ib have gotten via Amazon in a long time.. I am thinking of getting another! If you like the design I urge you to get one (or two) they for like a glove, and the material is so nice!",
Gail Bakken,Would have got the black,https://www.amazon.com/gp/customer-reviews/RQEGIISSMABDL/ref=cm_cr_getr_d_rvw_ttl?ie=UTF8&ASIN=B0922Z2GNQ,"5.0 "," the United States "," February 15, 2024",Size: SmallColor: White With Black Moons,Verified Purchase,"But it was double the price. The white is really good though, high quality.",
Ceejay Thorne,Favorite,https://www.amazon.com/gp/customer-reviews/R2SYEONUB3JTD2/ref=cm_cr_getr_d_rvw_ttl?ie=UTF8&ASIN=B0922Z2GNQ,"5.0 "," the United States "," September 26, 2023",Size: MediumColor: Black Compassion,Verified Purchase,"I like shirts that remind people to be kind, compassionate, and all that fun stuff, so this was right up my alley. If it’s nice, it’s comfortable it is feeding a little bit after about a year.",
Natalie,Perfect!,https://www.amazon.com/gp/customer-reviews/R1UUAHQ8JFT9IC/ref=cm_cr_getr_d_rvw_ttl?ie=UTF8&ASIN=B0922Z2GNQ,"5.0 "," the United States "," July 30, 2023",Size: MediumColor: White Yoga Evolution,Verified Purchase,I ordered a medium and it fits perfect. The material is excellent quality. I washed it on cold and dried it on low. I did turn it inside out to help keep the transfer intact. Will order another one soon!,
Jonas,They fill over the material and how it fits.. Love  the design  too!!,https://www.amazon.com/gp/customer-reviews/R1O16SHGXHJEOP/ref=cm_cr_getr_d_rvw_ttl?ie=UTF8&ASIN=B0922Z2GNQ,"5.0 "," the United States "," January 9, 2020",Size: X-LargeColor: Black Namaste,Verified Purchase,I love the way the shirt feels and fits !! the material feels really soft and nice and with some give.. It’s going to make me a great yoga shirt for my practice:) As far as the size I would go up one or maybe two sizes from what you normally wear.. they run small.. i’m 150 pounds five 5 1/2 and I got an extra large and it fits me form which I like for it to be a little bit looser so I guess depending on how you like your fit.. thank you very much I will enjoy it:) 🥰 I love my design in the back Namaste,
Deb1234,Best tank tops ever!!,https://www.amazon.com/gp/customer-reviews/R16ACUGBDH9PQA/ref=cm_cr_getr_d_rvw_ttl?ie=UTF8&ASIN=B0922Z2GNQ,"5.0 "," the United States "," August 11, 2017",Size: LargeColor: Black Compassion,Verified Purchase,"I order so much stuff from Amazon I rarely write reviews but I have to give my thanks to Treelance for their awesome tank tops. I am a long-time yogi that does daily hot Vinyasa and these tops have it all ... quality material that fits well in every area (belly, chest, arm holes), straps not too think or thick, and top not too loose and not ridiciusly tight (just right for staying in place during inversions!). Hug the body nicely and very slimming. I initially ordered three styles and have been getting tons of compliments. Just ordered 4 more. I wash on gentle cycle and hang to dry and they are holding up great! Great price too. If they made more I'd buy em'! Highly recommended. Thank you Treelance. Namaste'!",12
Priyanka K,Comfortable Stylish Yogic Tank !!!,https://www.amazon.com/gp/customer-reviews/REOYOHL36HDQY/ref=cm_cr_getr_d_rvw_ttl?ie=UTF8&ASIN=B0922Z2GNQ,"5.0 "," the United States "," October 9, 2016",Size: MediumColor: Black With White Moons,Verified Purchase,"This tank is what I expected. I have been looking for some comfortable one's, this was amazingly comfortable. This are true to the size listed ...  Cons : 1. Material is flexible , durable and made up of cotton. 2. Color of the material doesn't fade when washed. 3. Patterns are beautiful yogic prints 4. The size is as expected . I ordered medium. 5. Color is good. 6. Good quality tank. 7. Length of the tank is good. 8. Comfortable  Cons: none yet .  I received it at discounted price as part of the promotion. But review is my true opinion. I promise you will love the product . The product came with a coupon , to buy next product at 25%. I am going to buy it again , specially other beautiful design ....",2
E. Land,Love this,https://www.amazon.com/gp/customer-reviews/R2QNUKYO1IC1FJ/ref=cm_cr_getr_d_rvw_ttl?ie=UTF8&ASIN=B0922Z2GNQ,"5.0 "," the United States "," January 17, 2024",Size: LargeColor: Grey With Moons,Verified Purchase,Love my new yoga shirt. It fits great and stays in place while going through my yoga practice.,
Mimi's Mama,Soft and well made,https://www.amazon.com/gp/customer-reviews/R2IZTHX7KE2LPA/ref=cm_cr_getr_d_rvw_ttl?ie=UTF8&ASIN=B0922Z2GNQ,"5.0 "," the United States "," January 19, 2024",Size: MediumColor: Black Yoga Evolution,Verified Purchase,Love it. Runs a bit small but yet was very comfortable. Will buy more from this brand,
Snoopy,"Fantastic. I bought this in black and grey.  I wish they offered more designs, I'd buy more.",https://www.amazon.com/gp/customer-reviews/R12VH76OA2HVU3/ref=cm_cr_getr_d_rvw_ttl?ie=UTF8&ASIN=B0922Z2GNQ,"5.0 "," the United States "," August 15, 2022",Size: SmallColor: Grey With Moons,Verified Purchase,"Fantastic. I bought this in black and grey.  I wish they offered more designs, I'd buy more.Stretchy, Comfy.  TOP Quality.  I've also gifted a black one, but the recipient thought the design was printed on the front and not the back.  Said she did not have it on backwards.  Who knows.  I love mine.",
TheUpsetter,Amazing tank!,https://www.amazon.com/gp/customer-reviews/R3KFLLSUXQFLHG/ref=cm_cr_getr_d_rvw_ttl?ie=UTF8&ASIN=B0922Z2GNQ,"5.0 "," the United States "," May 7, 2021",Size: SmallColor: White Yoga Evolution,Verified Purchase,Firstly.. I had to purchase this tank because I loved the evolution simulation in the back and luckily for me it was on sale...and my favorite. I got one in white in black. Also it is organic!  I purchased size small. I am 5'8 125lbs and it fit me perfectly. But it did fit me like an xs ( which I do wear also) so maybe size up.  It is very soft/ no riding up/ and long enough for my tall frame!  Will purchase from treeline again!,
T Ross,Bought this shirt two times!,https://www.amazon.com/gp/customer-reviews/R2JA4E38AEYE09/ref=cm_cr_getr_d_rvw_ttl?ie=UTF8&ASIN=B0922Z2GNQ,"5.0 "," the United States "," July 4, 2019",Size: X-LargeColor: Black Compassion,Verified Purchase,"I bought this shirt in a XL and when it arrived, it was snug....I returned it (free returns and credited to my carde) and I reached out to Treelance explaining that I loved the shirt but it was a Wee bit too tight.  Their customer service is GREAT!  I have been working out at the YMCA and lost a little weight and I simply loved this shirt....so I did what any girl that Loves something does....I bought it again as a reward for my weight loss.....Shirt fits great....tight as a glove...lots of compliments.  Love TreeLance...they sent me info on helping with my tree pose....Namaste!",
Christina King,"Nice shirt, but shorter than they used to be",https://www.amazon.com/gp/customer-reviews/R1RGK112IJ4HV5/ref=cm_cr_getr_d_rvw_ttl?ie=UTF8&ASIN=B0922Z2GNQ,"4.0 "," the United States "," September 3, 2019",Size: X-LargeColor: Black With White Moons,Verified Purchase,"I was so excited to receive my shirt because I already had one that I loved so much I wore it out! The shirt is still high quality and lovely, but it is shorter than my first one, which is the thing that made me love it so much in the first place. If you like your tanks regular and not long-line, it's a great garment. Unfortunately I look for and prefer long line shirts.",
Sillacey,Great shirts- long enough,https://www.amazon.com/gp/customer-reviews/R3BOQ20DCNAP8M/ref=cm_cr_getr_d_rvw_ttl?ie=UTF8&ASIN=B0922Z2GNQ,"5.0 "," the United States "," September 28, 2020",Size: MediumColor: Black Yoga Evolution,Verified Purchase,"I ordered two because the reviews are good and said the shirts were long, which is also depicted in the pictures. These are some of the best quality tank tops I have been able to find in awhile. The material is soft and the doesn't dig into my arm pits. Unfortunately, the first two I ordered were too short, but the design has been redone so they are longer now, which is great. I also really like the designs on the shirts and will definitely be ordering more in the future.",
Kristy Quinn,I love my tank top!,https://www.amazon.com/gp/customer-reviews/R3D46YZ1Q6NVOV/ref=cm_cr_getr_d_rvw_ttl?ie=UTF8&ASIN=B0922Z2GNQ,"5.0 "," the United States "," January 28, 2020",Size: LargeColor: White Compassion,Verified Purchase,"Oh my gosh, I love this shirt! The description was right. It's super soft with the perfect amount of stretch. It holds well to the body making it perfect for Yoga and Pilates. They're really inexpensive for Organic cotton. And on top of that my tank top is sooo comfortable, making this shirt in my opinion altogether perfect! UPDATE: Over a year later I still love my shirt. It shrunk a little but that's to be expected with cotton. I love it so much that I just purchased my 3rd tank top from this company!!",
Lena,Can't wait to order more of your tank tops!,https://www.amazon.com/gp/customer-reviews/R2JIY8IS3JMLL9/ref=cm_cr_getr_d_rvw_ttl?ie=UTF8&ASIN=B0922Z2GNQ,"5.0 "," the United States "," July 6, 2018",Size: MediumColor: Grey With Moons,Verified Purchase,This tank top is adorable! I got lots of compliments when I wore it to yoga this week - and it was even comfortable wearing while doing some yard yoga in the 90 degree weather this week! The fabric is thick enough that you don't have to worry about it being see-thru or clinging funny. The seller told me that it tends to run a little small so I ordered a medium when I usually get a small and the medium fit like a dream! I would definitely suggest sizing up and then wearing it all the time! I am thinking about ordering it in white too! So flattering. Thank you!,2
Hf. Hall,Runs small. Very good quality!,https://www.amazon.com/gp/customer-reviews/R1FRURUUI7PV9A/ref=cm_cr_getr_d_rvw_ttl?ie=UTF8&ASIN=B0922Z2GNQ,"5.0 "," the United States "," July 25, 2018",Size: MediumColor: Grey Namaste,Verified Purchase,"After reading reviews, I ordered a medium rather than my usual small. I do love it! The medium definitely fits like a small or even xs. It is long, so if you have a short torso it might be too long. I am 5'3"", so it is pretty long on me. I spend a lot of yoga time inverted so I appreciate that the top stays where it's supposed to when I move around. I got the gray top with the namaste & elephants print. Also I need to mention this got to my house in less than 24 hours after I ordered it. Kudos Treelance & Amazon prime. That's impressive.",
Whitney McKim,Great product- mixed message,https://www.amazon.com/gp/customer-reviews/R19SR4XAD3B1EL/ref=cm_cr_getr_d_rvw_ttl?ie=UTF8&ASIN=B0922Z2GNQ,"5.0 "," the United States "," March 10, 2023",Size: LargeColor: Black Compassion,Verified Purchase,Great product- great objective- however all of the work and intention is lost when it’s wrapped in plastic anyway. I understand the role of plastic to product products in transit but this came in a box as well.,
Fallingfairies,Fits perfect! Love it! Logo could be higher up.,https://www.amazon.com/gp/customer-reviews/R1DQ2WJZNP1BFQ/ref=cm_cr_getr_d_rvw_ttl?ie=UTF8&ASIN=B0922Z2GNQ,"5.0 "," the United States "," September 23, 2018",Size: MediumColor: Black Compassion,Verified Purchase,"I was nervous for it not to fit well because of reviews, but it fits perfectly! It’s not too tight at all. I love the shirt, feels like a nice cotton. The only thing I would prefer to be different is the word placement. The word “compassion.” is placed low on the chest. On the tank top I received, it tends to want to sit just on the underside of the breasts. Luckily I am small chested so I can pull the logo down below my breasts and you can still see it. Overall I am very happy I bought this shirt...mainly because it says compassion! 💜",
Mom of 2,Order up a size,https://www.amazon.com/gp/customer-reviews/R24ELQ9M0IPE9U/ref=cm_cr_getr_d_rvw_ttl?ie=UTF8&ASIN=B0922Z2GNQ,"4.0 "," the United States "," August 28, 2020",Size: MediumColor: Black Compassion,Verified Purchase,"Love the eco friendly material and simple message.  This shirt is a supportive/fitting tank.  I sized up to a medium (normally I wear a small) , unfortunately I should have gone up at least 2-3 sizes for looser fit I desired.  The medium was skin tight and fit like an extra small which would be fine if you want a supportive/fitting tank.",
Amazon Customer,Super small fit.,https://www.amazon.com/gp/customer-reviews/RXL6PSH2Y6BLO/ref=cm_cr_getr_d_rvw_ttl?ie=UTF8&ASIN=B0922Z2GNQ,"4.0 "," the United States "," December 12, 2020",Size: X-LargeColor: Black With White Moons,Verified Purchase,"Only flattering if you are already super fit. I imagine it would be awesome for that population. But if you are still working on things in the gym.... beware.  I am keeping it in my closet as an incentive for when I get there, because I do really like this shirt. I just really wanted to like it onme NOW!",
jennifer Gilmore,Looks and fits great!,https://www.amazon.com/gp/customer-reviews/R22G6W8RYP6IE5/ref=cm_cr_getr_d_rvw_ttl?ie=UTF8&ASIN=B0922Z2GNQ,"5.0 "," the United States "," March 18, 2024",Size: SmallColor: Black With White Moons,Verified Purchase,Looks great!!!,
Krystall,"Nice quality, runs very small",https://www.amazon.com/gp/customer-reviews/R23X93GO24MKZL/ref=cm_cr_getr_d_rvw_ttl?ie=UTF8&ASIN=B0922Z2GNQ,"3.0 "," the United States "," August 16, 2023",Size: X-LargeColor: Black Compassion,Verified Purchase,Love the print and fabric but the sizes just aren't accurate. Ordered am XL or Large when I usually wear a medium and it fit overly snug.,
ZebraYogi,Cute n’ Comfy!,https://www.amazon.com/gp/customer-reviews/R81TRKD0O7UPB/ref=cm_cr_getr_d_rvw_ttl?ie=UTF8&ASIN=B0922Z2GNQ,"5.0 "," the United States "," January 19, 2020",Size: SmallColor: Black With White Moons,Verified Purchase,"I love how comfy and stretchy the fabric is! This is probably my new fav tank!  I am 5’2, 150lbs and the small fit me perfectly. I am petite with my weight in my booty and chest. I believe if I got a medium like the size chart says I wouldn’t have been as pleased with my purchase. I like my yoga tanks to be fitted and usually get an XS in my tops because of my shoulders and tiny waist. The small works really really great for me!!",
Vegan Gaab,Cute but...,https://www.amazon.com/gp/customer-reviews/R2NLM7MAFALD38/ref=cm_cr_getr_d_rvw_ttl?ie=UTF8&ASIN=B0922Z2GNQ,"4.0 "," the United States "," May 27, 2021",Size: MediumColor: Black Compassion,Verified Purchase,"The wording (compassion) is placed too low. It sits directly under my boobs, where it's not easy to read, thereby making people look like they are staring at my girls for the wrong reason. I'd gladly give it five stars if the writing were placed higher. Otherwise, super soft, comfy, and nicely made.",
Robin W.,Very cute shirts!!!,https://www.amazon.com/gp/customer-reviews/RZ53XX5Q6NQC8/ref=cm_cr_getr_d_rvw_ttl?ie=UTF8&ASIN=B0922Z2GNQ,"5.0 "," the United States "," September 7, 2023",Size: MediumColor: White Freedom,Verified Purchase,"Very cute Pilates/Yoga shirts. Suggest ordering the next size up, given they run a little small... preventing them from falling to your shoulders  with downward dog!!",
Jonna,Order a size larger than usual,https://www.amazon.com/gp/customer-reviews/RB66PGS3R64YD/ref=cm_cr_getr_d_rvw_ttl?ie=UTF8&ASIN=B0922Z2GNQ,"4.0 "," the United States "," May 9, 2020",Size: LargeColor: Grey With Moons,Verified Purchase,"I like it and is well made, but be sure to order at least a size up. It is very form fitting. Kind of spandex-y. I have never bought a “yoga” top but I guess that is how my yoga pants are. I just didn’t think it would be so snug. I usually wear a medium but ordered a large and it is snug.",
Superkitty,"Great for yoga poses, awareness  & embodyment of (message)",https://www.amazon.com/gp/customer-reviews/RDT8N1X9NLIN8/ref=cm_cr_getr_d_rvw_ttl?ie=UTF8&ASIN=B0922Z2GNQ,"5.0 "," the United States "," February 8, 2018",Size: MediumColor: Black Compassion,Verified Purchase,"I was wearing the “compassion” tank, so I was doing heart opening poses. Later, I went walking in my neighborhood and arrived at a Starbucks only to find the barista working on her cellphone. I chose to smile and say “excuse me.” After I got my drink, I noticed quite a few kindness acts involving elderly men and women—a car driver waiting patiently for a man with a walker at the crosswalk, for example. I am not usually aware of this sort of things, but with the tank I feel I am compassionate and I notice compassionate people. I highly recommend, and the fabric feels wonderful, not to mention the very basic.",9
Rit05,Feels very good cotton,https://www.amazon.com/gp/customer-reviews/R3TGK7NI327YEX/ref=cm_cr_getr_d_rvw_ttl?ie=UTF8&ASIN=B0922Z2GNQ,"5.0 "," the United States "," January 30, 2018",Size: X-LargeColor: Black With White Moons,Verified Purchase,I was looking for organic cotton tanks and let me tell you was not easy than I saw this cute tank top with back moon phase and decided to try . Like other reviewers say it is thick enough but not heavy I love the fact that is not a  short tank I love long tanks and this fits me just perfect so much that I ordered one the same. Unfortunately I am not a fan of the other designs and never wrote any garment with any writing on it so I am waiting for more simple minimal design but now I am content with the moon phase design.,6
Natalig,Average fit meh,https://www.amazon.com/gp/customer-reviews/RCRO43BUS5ZAV/ref=cm_cr_getr_d_rvw_ttl?ie=UTF8&ASIN=B0922Z2GNQ,"3.0 "," the United States "," October 14, 2021",Size: MediumColor: Black Chakras,Verified Purchase,"I was so excited to get this top. It looked real cool in the pictures. Unfortunately the top is real stiff material, not soft at all and is super long. I loved the design on the back so I kept the top for that reason. I ended up cutting it shorter so it could look half way decent. I would advice to go 2 sizes larger but then it would be super long and not too tight. Either way I cant win with this top",
Dyethesky,Placement of “compassion” is weird.,https://www.amazon.com/gp/customer-reviews/R119Z12XHVH1CW/ref=cm_cr_getr_d_rvw_ttl?ie=UTF8&ASIN=B0922Z2GNQ,"3.0 "," the United States "," February 12, 2019",Size: X-LargeColor: Black Compassion,Verified Purchase,"The quality of the tank top seems great. The thick and stretchy material appears that it will last a while.  My reason for taking off 2 stars is the placement of the word “compassion.” In the pictures it looks like it sits on top of the breast area. Cool.  Mine however, hides just underneath, like an underboob. And I’m not even that big anymore ( thanks to all this fitness). The word is almost lost when wearing a regular bra and barely noticeable when wearing a sports bra. Pretty disappointed as I really liked the design and simplicity of it! Will be returning :(",
Rosie,Beautiful tank,https://www.amazon.com/gp/customer-reviews/R22DYJC1E46MIL/ref=cm_cr_getr_d_rvw_ttl?ie=UTF8&ASIN=B0922Z2GNQ,"5.0 "," the United States "," November 23, 2022",Size: MediumColor: Black I Love Handstands,Verified Purchase,"I love this company. Their products are so good that i also need to get this tank. Perfect fir, with right amount of stretch and very flattering for my body. I use it for yoga and gym. Will have to buy the other prints:)",
tangelo17,Great shirt,https://www.amazon.com/gp/customer-reviews/R2D0TCIDA6C6YC/ref=cm_cr_getr_d_rvw_ttl?ie=UTF8&ASIN=B0922Z2GNQ,"5.0 "," the United States "," January 15, 2019",Size: MediumColor: White With Black Moons,Verified Purchase,"I enjoy this shirt for Kundalini yoga class. It's cotton, and it has a cool, yet understated design on the back. I am 5'3"", 120 lbs and ordered a medium. I should have ordered a small, but the medium is still working out for me. I just offer that as a tip for others who may be my size.  No one would think the shirt is too big, but it's my preference to have had a smaller shirt. Therefore, I think it's true to size, actually. I just ordered medium, when I should have ordered small.",
Lan,Fit me 100%!,https://www.amazon.com/gp/customer-reviews/R1XR6XRS2HX7HL/ref=cm_cr_getr_d_rvw_ttl?ie=UTF8&ASIN=B0922Z2GNQ,"5.0 "," the United States "," February 5, 2020",Size: SmallColor: White Freedom,Verified Purchase,"Got 4 tanks of different designs and must say they fit perfectly and bring me GREAT comfort! I’m petite (5’3, cup A) and size Small fits 100%. I can also wear size Medium comfortably. The material is durable but also soft. I practice yoga and do high intensity workouts regularly and I can move easily with these tanks on. Also, it’s nice to know that the apparels are made in environmentally ethical fashion.",2
mudpie1234,Quality product,https://www.amazon.com/gp/customer-reviews/R1W4ZGLLTHYOOS/ref=cm_cr_getr_d_rvw_ttl?ie=UTF8&ASIN=B0922Z2GNQ,"4.0 "," the United States "," December 1, 2018",Size: LargeColor: Black With White Moons,Verified Purchase,"Nice quality yoga/workout top. The scoop of the back neckline, length and overall fit is well designed. This might fit better on tall ladies >5.6'<6.0'. I'd like to see an option with black or grey moons on black or dark grey fabric. The size if the moon phases is a bit larger than I'd prefer. This would make a nice gift. Comes w/25% off coupon for future purchases.",
Amazon Customer,Great quality !,https://www.amazon.com/gp/customer-reviews/R31QH952Q2YQ8Y/ref=cm_cr_getr_d_rvw_ttl?ie=UTF8&ASIN=B0922Z2GNQ,"5.0 "," the United States "," February 5, 2024",Size: MediumColor: White With Black Moons,Verified Purchase,Love it !!,
Jennie,"Adorable Tank!!! - fits snug, order a size up!",https://www.amazon.com/gp/customer-reviews/R225KUWW58UL6S/ref=cm_cr_getr_d_rvw_ttl?ie=UTF8&ASIN=B0922Z2GNQ,"5.0 "," the United States "," January 27, 2021",Size: MediumColor: Black I Love Handstands,Verified Purchase,"It’s true these tanks run very small. I suggest you order a size larger than usual. What earned this tank a 5 star rating was the customer support from Karina, the shop owner. I appreciated the offer to replace (when I left a poor rating originally) and this personalized reach out was the catalyst for an improved rating. Measure yourself and order with confidence. The shirt is supposed to fit snug. The graphic is adorable.",
Cassandra,Great yoga shirt,https://www.amazon.com/gp/customer-reviews/R1LZ2TSCYUXNT2/ref=cm_cr_getr_d_rvw_ttl?ie=UTF8&ASIN=B0922Z2GNQ,"5.0 "," the United States "," September 22, 2023",Size: X-SmallColor: Plain Black,Verified Purchase,I am 5’1” and around 123 lbs. I bought the XS and it fits perfectly. Feels great. Doesn’t slide in poses.,2
Sylvia M. Smith,The fit is flattering,https://www.amazon.com/gp/customer-reviews/R3GVM5IBJTUX4F/ref=cm_cr_getr_d_rvw_ttl?ie=UTF8&ASIN=B0922Z2GNQ,"5.0 "," the United States "," July 9, 2023",Size: SmallColor: White Freedom,Verified Purchase,"I love that it's organic cotton, the fit is flattering and the great message on the front! I will buy more styles from this company!",2
Amazon Customer,Sizing runs extremely small,https://www.amazon.com/gp/customer-reviews/R3G91S4H0UCCKG/ref=cm_cr_getr_d_rvw_ttl?ie=UTF8&ASIN=B0922Z2GNQ,"3.0 "," the United States "," January 9, 2021",Size: X-LargeColor: Black Chakras,Verified Purchase,"I usually wear a Women's Size 14 shirt - sometimes Large, sometimes XL, depending on the style.  I ordered an XL so it would be loose and comfortable for yoga.  I assumed it was a Womens XL as the model is female.  When it arrived, the packaging said ""Mens XL.""  When I tried it on, it was skin tight.  Sizing must run at least 2 sizes small.",
SEC,I love these tanks,https://www.amazon.com/gp/customer-reviews/RBFC644750M1X/ref=cm_cr_getr_d_rvw_ttl?ie=UTF8&ASIN=B0922Z2GNQ,"5.0 "," the United States "," October 1, 2017",Size: LargeColor: Plain Black,Verified Purchase,"I love these tanks.  I tried to find the perfect tank top for my Crossfit workouts - one that wouldn't be too tight but that would not ride up or fall around my my head when I am in a handstand.  The ones with the moons on the back are a little imperfect - the moons don't line up perfectly with the center of the tank, so they don't line up exactly on my spine.  It doesn't bother me, but it is notable.  They are best in black.",
Health Coach Queen,I absolutely LOVE these shirts,https://www.amazon.com/gp/customer-reviews/R31W42R3JSYUKI/ref=cm_cr_getr_d_rvw_ttl?ie=UTF8&ASIN=B0922Z2GNQ,"5.0 "," the United States "," January 23, 2021",Size: SmallColor: Black With White Moons,Verified Purchase,These fit me perfectly and I love that I don't even need to wear a bra under it.  I am small in that area and just supportive and thick enough.  Is fitted and a great length!  I have a skin condition and can only wear cotton.  These are the best.  I am a fitness professional and these tops are all I wear.  You will love them!,
titamandarica,Good quality but order a size bigger,https://www.amazon.com/gp/customer-reviews/R30PFBDA9UW9U4/ref=cm_cr_getr_d_rvw_ttl?ie=UTF8&ASIN=B0922Z2GNQ,"5.0 "," the United States "," June 25, 2023",Size: MediumColor: White Freedom,Verified Purchase,"This shirt runs small but the quality is very good. Order a size up.  Even if you stretch it, it holds shape.",
Laura Beth,Yoga teacher approved & recommended.,https://www.amazon.com/gp/customer-reviews/RO212QEDUUUK/ref=cm_cr_getr_d_rvw_ttl?ie=UTF8&ASIN=B0922Z2GNQ,"5.0 "," the United States "," May 12, 2020",Size: XX-LargeColor: Black With White Moons,Verified Purchase,"As a yoga teacher, it's important to me that I find modest yet stylish tanks that don't require me to adjust them over and over again throughout instructing a class. That being said, I love the fabric! Love how this tank hugs and holds my body! Love that I don't need a bra to wear this tank and I love that it truly doesn't ride up as advertised!!  These tanks are yoga teacher tested and approved!!!",2
Cheryl,My daughter loved it!,https://www.amazon.com/gp/customer-reviews/RUCU43QDWN5YL/ref=cm_cr_getr_d_rvw_ttl?ie=UTF8&ASIN=B0922Z2GNQ,"5.0 "," the United States "," March 1, 2023",Size: SmallColor: Black Chakras,Verified Purchase,I bought this as a gift for my daughter’s birthday. She commented several times how soft it was. She loved it! We both like that it is organic cotton. Thank you!,
Carlos N,She is very happy with this product and it is one of her ...,https://www.amazon.com/gp/customer-reviews/R1JPKZ6F5W6XO8/ref=cm_cr_getr_d_rvw_ttl?ie=UTF8&ASIN=B0922Z2GNQ,"5.0 "," the United States "," March 6, 2017",Size: SmallColor: White With Black Moons,Verified Purchase,I bought this product as a gift for my girlfriend who loves yoga.  She is very happy with this product and it is one of her favorite tops to go to the yoga studio and also for lounging around the apartment.  It is made out of very soft cotton and very top quality.  She likes the designs on the back too.  Really the cotton of this top is what makes a big difference from other products.  We recommend it highly for anyone who wants a breezy comfortable top to do yoga with or also just to hang out.  5/5 stars without hesitation!,14
Anastasia,Cute tank top - runs small,https://www.amazon.com/gp/customer-reviews/R2XY79X41QNKK7/ref=cm_cr_getr_d_rvw_ttl?ie=UTF8&ASIN=B0922Z2GNQ,"4.0 "," the United States "," December 22, 2019",Size: MediumColor: Black With White Moons,Verified Purchase,The shirt is super cute but the reviews are very accurate. The shirt runs small. I’m typically a small or even extra small with tank tops and ordered a medium to be safe. The medium fits but is a little tight. I think a large would be too big. But I like it.,
Dina Jenney,Excellent quality and looks great!,https://www.amazon.com/gp/customer-reviews/R701JOCH09IHP/ref=cm_cr_getr_d_rvw_ttl?ie=UTF8&ASIN=B0922Z2GNQ,"5.0 "," the United States "," June 22, 2022",Size: LargeColor: Black Compassion,Verified Purchase,"I LOVE my new yoga tank! It is very soft, and has a flattering fit. It's fitted but not too tight. This is an excellent quality item at a great price for organic cotton! I will definitely be purchasing different versions of it!",
Nonna,Nice item Returned,https://www.amazon.com/gp/customer-reviews/R38EA3RZMF0K0Z/ref=cm_cr_getr_d_rvw_ttl?ie=UTF8&ASIN=B0922Z2GNQ,"4.0 "," the United States "," June 7, 2017",Size: LargeColor: White With Black Moons,Verified Purchase,"I like buying items from small Made in USA companies and do so whenever I can. I received great service from the company, TREELANCE, but the tank top was too tight for me.  Normally I wear a medium.  I ordered a large which did not work.  The top was made very well, however, for my needs, the fabric could have been a bit smoother, softer.  This was another reason for the return.",2
Amber Bray,Great Quality!,https://www.amazon.com/gp/customer-reviews/R60G5CEOKG4ZP/ref=cm_cr_getr_d_rvw_ttl?ie=UTF8&ASIN=B0922Z2GNQ,"5.0 "," the United States "," November 10, 2021",Size: X-SmallColor: Black I Love Handstands,Verified Purchase,"This shirt was way better than I was expecting! It’s a thicker, durable material, it’s going to last a long time! I actually got this for my 8 year old daughter. I got the extra small, so the sleeves/straps were a little too long, but easy to manage. I’d love to see some kids options! Overall great purchase!",
Twiggy,Great quality and very tidy cute packaging,https://www.amazon.com/gp/customer-reviews/R2QZW5UXMPU3X0/ref=cm_cr_getr_d_rvw_ttl?ie=UTF8&ASIN=B0922Z2GNQ,"5.0 "," the United States "," January 17, 2023",Size: SmallColor: Grey Namaste,Verified Purchase,I loved the shirt -it fits well and it is cute and good quality. But I also noticed the cute organic paper pouch in which it was packaged-it was very neat and clever.,2
Pettite,Muy buena calidad y servicio! Amo esta marca!,https://www.amazon.com/gp/customer-reviews/R2BQROBED8UZFU/ref=cm_cr_getr_d_rvw_ttl?ie=UTF8&ASIN=B0922Z2GNQ,"5.0 "," the United States "," February 12, 2023",Size: MediumColor: White Freedom,Verified Purchase,"Me encanta el material, super buen servicio!, amo esta tienda y sus proiductos son de muy buena calidad y el servicio es excelente! gracias infinitas!!",
