﻿评论用户,评论概述,评论链接,星级评分,评论地点,评论时间,类型,是否购买,评论详情,觉得该评论有帮助的人数
Maria Aguilar,Wrinkle Sweater,https://www.amazon.com/gp/customer-reviews/R3KGAMOF5XEYPV/ref=cm_cr_getr_d_rvw_ttl?ie=UTF8&ASIN=B07DX33LD4,"2.0 "," the United States "," January 12, 2025",Size: X-LargeColor: 2-dark Gray Heather,Verified Purchase,When I received the sweater it was wrinkled. Few days later it is still wrinkled.,
Sarah Rambeck,Love it,https://www.amazon.com/gp/customer-reviews/R2FOPFHIHDDTFL/ref=cm_cr_getr_d_rvw_ttl?ie=UTF8&ASIN=B07DX33LD4,"5.0 "," the United States "," January 10, 2025",Size: MediumColor: 3-grey,Verified Purchase,"This is super soft, comfy and lightweight. It is not too short for my long torso.",
Kelly Loeffelholz,Love it!,https://www.amazon.com/gp/customer-reviews/R30B281NBO318A/ref=cm_cr_getr_d_rvw_ttl?ie=UTF8&ASIN=B07DX33LD4,"5.0 "," the United States "," January 9, 2025",Size: LargeColor: 4-wine,Verified Purchase,I love it. I'm 5'11 with long arms and both body and arm lengths are perfect.,
Amazon Customer,Product description,https://www.amazon.com/gp/customer-reviews/R3SLG4O6KT3NIK/ref=cm_cr_getr_d_rvw_ttl?ie=UTF8&ASIN=B07DX33LD4,"2.0 "," the United States "," January 7, 2025",Size: XX-LargeColor: 8-black-grey Tie Dye,Verified Purchase,"The product description is way off. It clearly states that this is a fleece lined hoodie. There is actually no lining at all, fleece ir otherwise.",
Valerie,Mom loves fit (long and tight) BUT PILLS within 3 wears,https://www.amazon.com/gp/customer-reviews/R2KOS65UZGPO5O/ref=cm_cr_getr_d_rvw_ttl?ie=UTF8&ASIN=B07DX33LD4,"3.0 "," the United States "," January 7, 2025",Size: SmallColor: 903-burgundy,Verified Purchase,"For the price, I did not expect pilling all over the front so fast (I only washed it by hand once).  Mom still likes it because she likes things that fit long, but it is very sad how fast the fabric gets damaged. Its pretty thin, but still ok for spring fall.",
Yorkie Servant,Thin hoodie,https://www.amazon.com/gp/customer-reviews/R3887Q3N4XAZAO/ref=cm_cr_getr_d_rvw_ttl?ie=UTF8&ASIN=B07DX33LD4,"4.0 "," the United States "," January 1, 2025",Size: XX-LargeColor: 1-solid Black,Verified Purchase,"Not fleece inside, very thin and color was off than shown online but still nice for in between needs.",
Melanie,Very wrinkled…it’s a No for me,https://www.amazon.com/gp/customer-reviews/R3GY4MXH9JL5TR/ref=cm_cr_getr_d_rvw_ttl?ie=UTF8&ASIN=B07DX33LD4,"1.0 "," the United States "," December 28, 2024",Size: SmallColor: 1-solid Black,Verified Purchase,"Fabric thin, not what I expected.  Very wrinkled.  Didn’t look good on.",
Stephanie B,Bought New Recieved Used,https://www.amazon.com/gp/customer-reviews/R32JHMPGZ30DRE/ref=cm_cr_getr_d_rvw_ttl?ie=UTF8&ASIN=B07DX33LD4,"2.0 "," the United States "," December 18, 2024",Size: XX-LargeColor: 1-solid Black,Verified Purchase,"The hoodie itself if fine, however I purchased a new item, but received a used item. It had trash left in the pocket.",
Holly Knippers,Fit is true to size,https://www.amazon.com/gp/customer-reviews/REL7VHABSPC06/ref=cm_cr_getr_d_rvw_ttl?ie=UTF8&ASIN=B07DX33LD4,"5.0 "," the United States "," December 17, 2024",Size: SmallColor: 5-green Heather,Verified Purchase,"Fits perfect and looks amazing. The fabric is comfortable and breathable, I’d buy again!",
Robin from Georgia,It is not lined,https://www.amazon.com/gp/customer-reviews/RLEUW3ZZ014QR/ref=cm_cr_getr_d_rvw_ttl?ie=UTF8&ASIN=B07DX33LD4,"1.0 "," the United States "," December 17, 2024",Size: LargeColor: 2-dark Gray Heather,Verified Purchase,It is a cheaply made product. Totally disappointed,
Rachel,Loved it,https://www.amazon.com/gp/customer-reviews/RRXR6C74KT0MY/ref=cm_cr_getr_d_rvw_ttl?ie=UTF8&ASIN=B07DX33LD4,"5.0 "," the United States "," December 10, 2024",Size: XX-LargeColor: 7-propylene Blue,Verified Purchase,Great fit and so comfortable! Just what I was looking for.,
Kindle Customer,Not stretchy,https://www.amazon.com/gp/customer-reviews/R3D4QN5CVFY2A/ref=cm_cr_getr_d_rvw_ttl?ie=UTF8&ASIN=B07DX33LD4,"3.0 "," the United States "," December 7, 2024",Size: XX-LargeColor: 8-black-grey Tie Dye,Verified Purchase,"Not stretchy Barley kept me warm The fit was okay Style was great, it was same as picture Comfort was not all bad it just super tight and the zipper broke off",
Amazon Customer,Comfy,https://www.amazon.com/gp/customer-reviews/R1ZK57SDSO9QM5/ref=cm_cr_getr_d_rvw_ttl?ie=UTF8&ASIN=B07DX33LD4,"4.0 "," the United States "," December 5, 2024",Size: LargeColor: 6-blue,Verified Purchase,I love this jacket not to thick and very soft!,
They said that this was a fleece lined Hoodie it was not it was very thin.,Don't buy this,https://www.amazon.com/gp/customer-reviews/R23LK2MRXCZDLS/ref=cm_cr_getr_d_rvw_ttl?ie=UTF8&ASIN=B07DX33LD4,"1.0 "," the United States "," December 3, 2024",Size: XX-LargeColor: 3-grey,Verified Purchase,It. Is not what they say it is,
MCUrsua,Love it,https://www.amazon.com/gp/customer-reviews/R6DZGTT4TY337/ref=cm_cr_getr_d_rvw_ttl?ie=UTF8&ASIN=B07DX33LD4,"5.0 "," the United States "," December 1, 2024",Size: X-LargeColor: 1-solid Black,Verified Purchase,Love these material. Lightweight. Comfy. True to size.,
Kay,Not fleece lined.,https://www.amazon.com/gp/customer-reviews/R2DNGA80MI6MZP/ref=cm_cr_getr_d_rvw_ttl?ie=UTF8&ASIN=B07DX33LD4,"1.0 "," the United States "," November 28, 2024",Size: LargeColor: 5-green Heather,Verified Purchase,This sweat shirt is not fleece lined. Not warm. Very thin material. I also feel it runs a bit small.,2
Myra Thomas,Not true to size. Not fleece lined.,https://www.amazon.com/gp/customer-reviews/R32NLATRXJV7G9/ref=cm_cr_getr_d_rvw_ttl?ie=UTF8&ASIN=B07DX33LD4,"1.0 "," the United States "," November 18, 2024",Size: X-LargeColor: 1-solid Black,Verified Purchase,The fabric was very thin. The size was not true to size.,
Shopper,Trash. Orange and blue colors bleed into white.,https://www.amazon.com/gp/customer-reviews/R26M320FCGQI1Q/ref=cm_cr_getr_d_rvw_ttl?ie=UTF8&ASIN=B07DX33LD4,"1.0 "," the United States "," November 15, 2024",Size: SmallColor: 904-orange,Verified Purchase,Ruined.,
donnabean,soft & super stretchy,https://www.amazon.com/gp/customer-reviews/R238MACV15A97O/ref=cm_cr_getr_d_rvw_ttl?ie=UTF8&ASIN=B07DX33LD4,"5.0 "," the United States "," November 15, 2024",Size: MediumColor: 2-dark Gray Heather,Verified Purchase,Very comfortable and I like the longer length. The neckline is very open even when zipped up all the way so I need a scarf with this on a windy day. The sleeves are perfect if you have long and skinny arms as I do. Haven't washed it yet but the fabric feels durable enough.,
christina svitak,Comfort and secret pockets,https://www.amazon.com/gp/customer-reviews/R3N68UJG3H8RW3/ref=cm_cr_getr_d_rvw_ttl?ie=UTF8&ASIN=B07DX33LD4,"5.0 "," the United States "," November 14, 2024",Size: XX-LargeColor: 901-geometric,Verified Purchase,Sizing is true and fit is comfortable. I live the secret inside pockets for my phone.,
Donna,Womens Jacket,https://www.amazon.com/gp/customer-reviews/R38ZAOKE9WO9MC/ref=cm_cr_getr_d_rvw_ttl?ie=UTF8&ASIN=B07DX33LD4,"5.0 "," the United States "," November 10, 2024",Size: MediumColor: 1-solid Black,Verified Purchase,Looks great but is a lil bit tight!  Usually wear a Med. but could've used a Lg. in this!,
BKF,Pretty good,https://www.amazon.com/gp/customer-reviews/R2XNF9S6WW6IWP/ref=cm_cr_getr_d_rvw_ttl?ie=UTF8&ASIN=B07DX33LD4,"4.0 "," the United States "," November 3, 2024",Size: SmallColor: 9-maroon,Verified Purchase,"This jacket is thin, but because the material has a sort of ""plastic-y"" feel, it's pretty warm. It's not bulky and a bit longer (over the hips) which I like. Good for layering. Has a weird, synthetic feel to it, but it'll work.",
Petie,Massive wrinkles,https://www.amazon.com/gp/customer-reviews/R3CBBGQ4HFXSDY/ref=cm_cr_getr_d_rvw_ttl?ie=UTF8&ASIN=B07DX33LD4,"1.0 "," the United States "," October 27, 2024",Size: XX-LargeColor: 2-dark Gray Heather,Verified Purchase,"This hoodie came out of the package with deep, impossible to remove, wrinkles. I am still working on it with a cool iron and steam. Really upset that this hoodie may be a lost cause.",4
Kath-a-lou,thin fabric,https://www.amazon.com/gp/customer-reviews/R3NOSJSAAXM1GO/ref=cm_cr_getr_d_rvw_ttl?ie=UTF8&ASIN=B07DX33LD4,"3.0 "," the United States "," October 25, 2024",Size: LargeColor: 7-propylene Blue,Verified Purchase,"Nicely made, I wanted something snuggly, this is warm and thin.",
Mel,Color shown in picture not accurate,https://www.amazon.com/gp/customer-reviews/R1P6AZ5J9PF2G0/ref=cm_cr_getr_d_rvw_ttl?ie=UTF8&ASIN=B07DX33LD4,"3.0 "," the United States "," October 22, 2024",Size: MediumColor: 5-green Heather,Verified Purchase,The heather green color shown in picture is not what arrived.  What I got was more blue.  I liked the material and would have kept it if color was correct but I returned it.,
Sharon E. Evans.,Garment is attractive,https://www.amazon.com/gp/customer-reviews/R1ZO9FETF6YHZI/ref=cm_cr_getr_d_rvw_ttl?ie=UTF8&ASIN=B07DX33LD4,"4.0 "," the United States "," October 17, 2024",Size: X-LargeColor: 9-maroon,Verified Purchase,I liked the stretchy fabric and its color.,
BloopBloop,Not what I expected,https://www.amazon.com/gp/customer-reviews/R3O3PHMOF2KR1H/ref=cm_cr_getr_d_rvw_ttl?ie=UTF8&ASIN=B07DX33LD4,"2.0 "," the United States "," October 16, 2024",Size: X-LargeColor: 2-dark Gray Heather,Verified Purchase,"Although the size was accurate, thats all the positive I can say. It came wrinkled (hand-wash only) it's October (45°F) outside right now. Did not keep me warm. It just felt like wearing a thin long sleeve outside. You could still wear it, but it won't keep you warm for winter.",
Dr. B,Beautiful and soft,https://www.amazon.com/gp/customer-reviews/R2VHFOROYL8034/ref=cm_cr_getr_d_rvw_ttl?ie=UTF8&ASIN=B07DX33LD4,"5.0 "," the United States "," October 15, 2024",Size: MediumColor: 903-burgundy,Verified Purchase,"I was v pleasantly surprised at how nice this is! It is super soft with bright colors (the red is a pretty cranberry color). It does run long, but since I'm only 5'2 that's not unexpected.",3
TG,Returned,https://www.amazon.com/gp/customer-reviews/R2JOHV61XXWMQR/ref=cm_cr_getr_d_rvw_ttl?ie=UTF8&ASIN=B07DX33LD4,"1.0 "," the United States "," October 7, 2024",Size: X-LargeColor: 3-grey,Verified Purchase,Not what I expected,
tonya,"Fit great, very comfy",https://www.amazon.com/gp/customer-reviews/R24RWR1CCF3C0S/ref=cm_cr_getr_d_rvw_ttl?ie=UTF8&ASIN=B07DX33LD4,"5.0 "," the United States "," September 28, 2024",Size: MediumColor: 3-grey,Verified Purchase,Love it,
Diane,Coat,https://www.amazon.com/gp/customer-reviews/R3ROII219MF0JG/ref=cm_cr_getr_d_rvw_ttl?ie=UTF8&ASIN=B07DX33LD4,"3.0 "," the United States "," September 24, 2024",Size: SmallColor: 2-dark Gray Heather,Verified Purchase,"This jacket is nice, but runs big. I had to send back.",
Lesa Weiss,Soft and comfy,https://www.amazon.com/gp/customer-reviews/R3K9UDJOULWCTY/ref=cm_cr_getr_d_rvw_ttl?ie=UTF8&ASIN=B07DX33LD4,"5.0 "," the United States "," September 20, 2024",Size: X-LargeColor: 4-wine,Verified Purchase,Exactly as described.  Perfect weight for cooler fall evenings. Soft comfortable. Athletic cut so size up if you like a looser fit.,2
Daisylulu,Worse material!!!,https://www.amazon.com/gp/customer-reviews/R30SMPNLFBINGQ/ref=cm_cr_getr_d_rvw_ttl?ie=UTF8&ASIN=B07DX33LD4,"1.0 "," the United States "," September 18, 2024",Size: MediumColor: 9-maroon,Verified Purchase,This is made out of some kind of spandex and plastic. It feels awful and very sweaty. Avoid!!,
Threat Level Midnight,"Complete trash, don't waste your money",https://www.amazon.com/gp/customer-reviews/R49X0HJMXR9KY/ref=cm_cr_getr_d_rvw_ttl?ie=UTF8&ASIN=B07DX33LD4,"1.0 "," the United States "," September 14, 2024",Size: XX-LargeColor: 8-black-grey Tie Dye,,"After ONE use, the fabric has started to ball up and looks awful. I will be returning this jacket, don't waste your money. I loved the jacket at first but it looks like crap after one use, not worth my money.",
fran jones,Comfortable,https://www.amazon.com/gp/customer-reviews/RGXTO0EN8VAV2/ref=cm_cr_getr_d_rvw_ttl?ie=UTF8&ASIN=B07DX33LD4,"5.0 "," the United States "," September 6, 2024",Size: XX-LargeColor: 1-solid Black,Verified Purchase,Like the fit and look.,
D M,Not good,https://www.amazon.com/gp/customer-reviews/R2QN20HLZSW0JM/ref=cm_cr_getr_d_rvw_ttl?ie=UTF8&ASIN=B07DX33LD4,"1.0 "," the United States "," August 30, 2024",Size: MediumColor: 904-orange,Verified Purchase,"The jacket arrived in a shrink wrapped bag.  It had an off smell.  I figured these things would be fixed once I washed it…but then noticed the blue dye on the white color.  Not worth it to purchase.  Surprised at such a low quality item, yet such a high price.",
Jody Smith,The fabric pills on the first wear.,https://www.amazon.com/gp/customer-reviews/R19RMX6FZJ32ZH/ref=cm_cr_getr_d_rvw_ttl?ie=UTF8&ASIN=B07DX33LD4,"1.0 "," the United States "," August 25, 2024",Size: X-LargeColor: 8-black-grey Tie Dye,Verified Purchase,"While I love the fit and the cut of this jacket, the fabric pills up and starts to disintegrate on the first wear. The cuffs were covered in pills just an hour after I put it on. The front showed wear within a few hours from my very small purse strap. I would not recommend this product.",2
Josiane Jones,Great travel hoodie,https://www.amazon.com/gp/customer-reviews/R28D1GJFB2QKFQ/ref=cm_cr_getr_d_rvw_ttl?ie=UTF8&ASIN=B07DX33LD4,"5.0 "," the United States "," August 7, 2024",Size: X-LargeColor: 3-grey,Verified Purchase,I'm 6' tall 190 #s and my concern is always sleeve and body length. This is perfect. I like a zipper for easy putting on and off and pockets. This hoodie is all those things.,2
Sara Campbell,Too Long,https://www.amazon.com/gp/customer-reviews/R35K2NQXNEKTEM/ref=cm_cr_getr_d_rvw_ttl?ie=UTF8&ASIN=B07DX33LD4,"3.0 "," the United States "," August 4, 2024",Size: X-LargeColor: 3-grey,Verified Purchase,"It's fine. Just a lot longer than I'd prefer. For reference I am 5'7, average arm length, average torso length. I did size up because I'm busty so maybe that's why it seems so long but it hits around mid-low butt and sleeves almost cover my thumbs. It's not bad, just fine. Not what I would've preferred",
Pamela Fields,Stylish and functional hoodie jacket,https://www.amazon.com/gp/customer-reviews/R3OWG4406U5167/ref=cm_cr_getr_d_rvw_ttl?ie=UTF8&ASIN=B07DX33LD4,"5.0 "," the United States "," July 30, 2024",Size: SmallColor: 6-blue,Verified Purchase,"Not your usual baggy or boring lightweight hoodie jacket, this one is more fitted, but also made with a stretchy material for comfort. I like the pattern and color and especially appreciate the hidden inside pocket!",4
Becky Reed,Great quality!,https://www.amazon.com/gp/customer-reviews/R2K5H1JRUFQLRS/ref=cm_cr_getr_d_rvw_ttl?ie=UTF8&ASIN=B07DX33LD4,"5.0 "," the United States "," July 22, 2024",Size: LargeColor: 7-propylene Blue,Verified Purchase,I really love this jacket! Good quality material and I love the way it fits and looks!,
Krystal LeBlanc,Great quality,https://www.amazon.com/gp/customer-reviews/R2QV37FDQCA6E1/ref=cm_cr_getr_d_rvw_ttl?ie=UTF8&ASIN=B07DX33LD4,"5.0 "," the United States "," June 27, 2024",Size: LargeColor: 1-solid Black,Verified Purchase,Super light and cozy!,
Jax Keene,Hoodie,https://www.amazon.com/gp/customer-reviews/R1ZPMB6TIRQ7MP/ref=cm_cr_getr_d_rvw_ttl?ie=UTF8&ASIN=B07DX33LD4,"3.0 "," the United States "," June 21, 2024",,Verified Purchase,Fits small needed to return,
CA Latvian,soft and comfortable,https://www.amazon.com/gp/customer-reviews/R31VRHAGHYZWTU/ref=cm_cr_getr_d_rvw_ttl?ie=UTF8&ASIN=B07DX33LD4,"5.0 "," the United States "," June 6, 2024",Size: LargeColor: 4-wine,Verified Purchase,"It is exactly the color I wanted.It matches and dark red/burgandy but since it is marbled with white, it is not dark. Good for a spring wrap.",
RIBECLE,Muy largo para mi,https://www.amazon.com/gp/customer-reviews/R3HDRJMXQ3PAQW/ref=cm_cr_getr_d_rvw_ttl?ie=UTF8&ASIN=B07DX33LD4,"4.0 "," the United States "," June 1, 2024",Size: LargeColor: 5-green Heather,Verified Purchase,Es bonito y es perfecto solo que muy largo para mi se los voy a Dar a mi hija porque compre 2,
Amazon Customer,VERY cheap,https://www.amazon.com/gp/customer-reviews/R20L5WGE57JLVF/ref=cm_cr_getr_d_rvw_ttl?ie=UTF8&ASIN=B07DX33LD4,"1.0 "," the United States "," May 29, 2024",Size: MediumColor: 903-burgundy,Verified Purchase,"Not fleece lined as advertised. It's just the outer shell of a hoodie that's meant to have an inner lining. Very cheaply made, not at all warm, very synthetic materials, hand-wash only, no dryer. The epitome of crap fast fashion.",3
margaret,jacket,https://www.amazon.com/gp/customer-reviews/RGAM13UXUWVD4/ref=cm_cr_getr_d_rvw_ttl?ie=UTF8&ASIN=B07DX33LD4,"1.0 "," the United States "," May 15, 2024",Size: XX-LargeColor: 904-orange,Verified Purchase,dont like material,
Miquelle,Nice!,https://www.amazon.com/gp/customer-reviews/R8SJ6HI2VOTY8/ref=cm_cr_getr_d_rvw_ttl?ie=UTF8&ASIN=B07DX33LD4,"5.0 "," the United States "," May 3, 2024",Size: LargeColor: 903-burgundy,Verified Purchase,I would go a size lower than what you are - ran a little big but really attractive and soft material,
krystal,my fave hoodie,https://www.amazon.com/gp/customer-reviews/R3AZQBXVJN7MXJ/ref=cm_cr_getr_d_rvw_ttl?ie=UTF8&ASIN=B07DX33LD4,"5.0 "," the United States "," April 24, 2024",Size: XX-LargeColor: 4-wine,Verified Purchase,"I love this hoodie and wear it frequently. I will be ordering in more colors. I like the casual, comfy laid back look in my wardrobe,,so lots of hoodies, yoga pants and tennis shoes",
Steven Huonker,Exactly aa pictured,https://www.amazon.com/gp/customer-reviews/R2A82SAOWBGB07/ref=cm_cr_getr_d_rvw_ttl?ie=UTF8&ASIN=B07DX33LD4,"5.0 "," the United States "," April 21, 2024",Size: X-LargeColor: 3-grey,Verified Purchase,It fit snugly and was very pretty.,
Mama Dee,"Great Jacket, sleeves a bit snug",https://www.amazon.com/gp/customer-reviews/R10RMF4ICCCHTG/ref=cm_cr_getr_d_rvw_ttl?ie=UTF8&ASIN=B07DX33LD4,"4.0 "," the United States "," April 11, 2024",Size: X-LargeColor: 2-dark Gray Heather,Verified Purchase,"Great Jacket, sleeves are just a snugger fit than I like so my shirts bunch up underneath.",
kayla,Love it!,https://www.amazon.com/gp/customer-reviews/R1R9OCQ0U18C6V/ref=cm_cr_getr_d_rvw_ttl?ie=UTF8&ASIN=B07DX33LD4,"5.0 "," the United States "," April 10, 2024",Size: LargeColor: 8-black-grey Tie Dye,Verified Purchase,Super soft n warm. Wear it daily basically. Breathable fabric n true to size.,
gilberta bozeman,Disappointed,https://www.amazon.com/gp/customer-reviews/RDBPP108JMWL1/ref=cm_cr_getr_d_rvw_ttl?ie=UTF8&ASIN=B07DX33LD4,"1.0 "," the United States "," April 5, 2024",Size: MediumColor: 1-solid Black,Verified Purchase,"This is not  sweat shirt, very very thin, not able to wear anything with sleeves underneath, the sleeves are so tight, very disappointing, not at all like picture",
Patricia Cory,Pills easily,https://www.amazon.com/gp/customer-reviews/R1VH89R52MRRPG/ref=cm_cr_getr_d_rvw_ttl?ie=UTF8&ASIN=B07DX33LD4,"2.0 "," the United States "," March 27, 2024",Size: LargeColor: 2-dark Gray Heather,Verified Purchase,The fabric pills very quickly. Disappointed.,
Amanda Gordon,Women's zip up hoodie,https://www.amazon.com/gp/customer-reviews/RUS4AQ2DK82AH/ref=cm_cr_getr_d_rvw_ttl?ie=UTF8&ASIN=B07DX33LD4,"5.0 "," the United States "," March 27, 2024",Size: X-LargeColor: 902-mint Green,Verified Purchase,"I liked the color, pattern and material of this zip up hoodie. It is soft and comfortable and cozy.",
Rachel Mosley,Weird fit and fabric,https://www.amazon.com/gp/customer-reviews/R2LZ94TLIDVNGF/ref=cm_cr_getr_d_rvw_ttl?ie=UTF8&ASIN=B07DX33LD4,"1.0 "," the United States "," March 24, 2024",Size: XX-LargeColor: 8-black-grey Tie Dye,Verified Purchase,Just not cool at all,
Keith and Polly Webb,Great fabric but very long,https://www.amazon.com/gp/customer-reviews/R16D8YHXLS0VPI/ref=cm_cr_getr_d_rvw_ttl?ie=UTF8&ASIN=B07DX33LD4,"4.0 "," the United States "," March 21, 2024",Size: X-LargeColor: 3-grey,Verified Purchase,I ordered it a bit bigger to ensure it fits but it was really long. I love the feel of the fabric.,
Natalie Baggett,"Comfy, athletic women’s jacket",https://www.amazon.com/gp/customer-reviews/R3PZMDDS7VI7DE/ref=cm_cr_getr_d_rvw_ttl?ie=UTF8&ASIN=B07DX33LD4,"5.0 "," the United States "," March 13, 2024",Size: MediumColor: 3-grey,Verified Purchase,"This jacket is comfy, athletic, and a great addition to my wardrobe! Love the color too… easy to match with much of my wardrobe!",
CWH,Fit is Great,https://www.amazon.com/gp/customer-reviews/RV1KDWQSJCOJQ/ref=cm_cr_getr_d_rvw_ttl?ie=UTF8&ASIN=B07DX33LD4,"5.0 "," the United States "," March 13, 2024",Size: MediumColor: 8-black-grey Tie Dye,Verified Purchase,"Soft inside and just perfect, covers my bum!",
Tammy Cobble,Love it!,https://www.amazon.com/gp/customer-reviews/RE0U24W2SWF5P/ref=cm_cr_getr_d_rvw_ttl?ie=UTF8&ASIN=B07DX33LD4,"5.0 "," the United States "," March 13, 2024",Size: X-LargeColor: 3-grey,Verified Purchase,"Love the length, material and fit. Just love it!",
Justine,Worth the money,https://www.amazon.com/gp/customer-reviews/R114OBFIYI9NJ9/ref=cm_cr_getr_d_rvw_ttl?ie=UTF8&ASIN=B07DX33LD4,"5.0 "," the United States "," March 8, 2024",Size: LargeColor: 1-solid Black,Verified Purchase,Exactly what 8 was looking for and well made,
Pam,Great!,https://www.amazon.com/gp/customer-reviews/R2D4UO4HB9RRDC/ref=cm_cr_getr_d_rvw_ttl?ie=UTF8&ASIN=B07DX33LD4,"5.0 "," the United States "," February 27, 2024",Size: LargeColor: 1-solid Black,Verified Purchase,Fabric is nice and it fits well.,
Rosemarie Miranda,Not thick enough,https://www.amazon.com/gp/customer-reviews/R1PNPUU3COAV3X/ref=cm_cr_getr_d_rvw_ttl?ie=UTF8&ASIN=B07DX33LD4,"3.0 "," the United States "," February 22, 2024",Size: X-LargeColor: 2-dark Gray Heather,Verified Purchase,I thought it was a warm sweater. It’s thin and not warm enough in cold weather. It’s nice to wear in cool weather,
DM,Very Thin,https://www.amazon.com/gp/customer-reviews/R3KM49WPMEXS4N/ref=cm_cr_getr_d_rvw_ttl?ie=UTF8&ASIN=B07DX33LD4,"3.0 "," the United States "," February 21, 2024",Size: X-LargeColor: 2-dark Gray Heather,Verified Purchase,Wanted to love it ! Material is very thin not worth $28 dollars.,
Brenda M,Nice!!,https://www.amazon.com/gp/customer-reviews/R1PSH8DD5IZQI8/ref=cm_cr_getr_d_rvw_ttl?ie=UTF8&ASIN=B07DX33LD4,"5.0 "," the United States "," February 15, 2024",Size: XX-LargeColor: 5-green Heather,Verified Purchase,Out of the package I am loving this. The sleeves are long enough. The torso is long enough. Love the color. Looks like it was made well.,2
Jennifer Delgado,Love the fabric,https://www.amazon.com/gp/customer-reviews/R287WZOFADR606/ref=cm_cr_getr_d_rvw_ttl?ie=UTF8&ASIN=B07DX33LD4,"5.0 "," the United States "," February 13, 2024",Size: LargeColor: 1-solid Black,Verified Purchase,Perfect size. Very warm and cozy,
Anji,Fits Great.,https://www.amazon.com/gp/customer-reviews/R33PQ06GCT7JN/ref=cm_cr_getr_d_rvw_ttl?ie=UTF8&ASIN=B07DX33LD4,"5.0 "," the United States "," February 6, 2024",Size: LargeColor: 2-dark Gray Heather,Verified Purchase,"Soft, comfortable, and fits true to size.",
Janet Walsh,There no “fleece” lining.,https://www.amazon.com/gp/customer-reviews/RQCKQYMWXJ71A/ref=cm_cr_getr_d_rvw_ttl?ie=UTF8&ASIN=B07DX33LD4,"2.0 "," the United States "," February 2, 2024",Size: XX-LargeColor: 8-black-grey Tie Dye,Verified Purchase,Not only that it didn’t have the fleece line you were expecting ( very very thin if any) it feels and looks more like a silk shirt.,
Dr. Kymxverlee,Jacket,https://www.amazon.com/gp/customer-reviews/R1Z7H2F2FN4B3U/ref=cm_cr_getr_d_rvw_ttl?ie=UTF8&ASIN=B07DX33LD4,"1.0 "," the United States "," February 1, 2024",Size: LargeColor: 1-solid Black,Verified Purchase,"I'm returning it never said it was a thin, flimsy jacket. One of the only product I got in Colombia.",
Julia G.,Fits nicely,https://www.amazon.com/gp/customer-reviews/RLE5N45IUJIOD/ref=cm_cr_getr_d_rvw_ttl?ie=UTF8&ASIN=B07DX33LD4,"4.0 "," the United States "," January 31, 2024",Size: X-LargeColor: 4-wine,Verified Purchase,"This jacket fits nice but it is thin, there isn't fleece in it like I thought would be.",
Miko,Not as advertised,https://www.amazon.com/gp/customer-reviews/R1KIRXAXZQ5NN7/ref=cm_cr_getr_d_rvw_ttl?ie=UTF8&ASIN=B07DX33LD4,"3.0 "," the United States "," January 28, 2024",Size: LargeColor: 1-solid Black,Verified Purchase,"Looks more structured in the picture. I would not describe this as fleece lined. Very light weight and very soft, just not what I was expecting per the pictures and description.",4
mgwilson,Tall girl friendly,https://www.amazon.com/gp/customer-reviews/RJ7GAYJYRVT69/ref=cm_cr_getr_d_rvw_ttl?ie=UTF8&ASIN=B07DX33LD4,"5.0 "," the United States "," January 22, 2024",Size: XX-LargeColor: 901-geometric,,"I ordered this for a trip because I wanted something with an inside pocket to carry my phone/passport close to my body and well concealed as we'll be in a city known for pickpockets and thieves. This fit the bill. It's not bulky, but still warm and has long enough sleeves for this 6' 2"" girl. Can't wait to try it out!",
Amazon Customer,Hoodie No Fleece.,https://www.amazon.com/gp/customer-reviews/R2OVAUF2M9ZQ60/ref=cm_cr_getr_d_rvw_ttl?ie=UTF8&ASIN=B07DX33LD4,"1.0 "," the United States "," January 18, 2024",Size: X-LargeColor: 8-black-grey Tie Dye,Verified Purchase,This Hooded jacket came with NO fleece lining!! 😳,
Lucky Norwood,Does not look like the picture,https://www.amazon.com/gp/customer-reviews/R24OMJEJKGD4C5/ref=cm_cr_getr_d_rvw_ttl?ie=UTF8&ASIN=B07DX33LD4,"1.0 "," the United States "," January 12, 2024",Size: X-LargeColor: 6-blue,Verified Purchase,It did not look like the picture  .was different color look cheap  flimsy  would not buy again.,
Amazon Customer,Not machine washable or dryable.,https://www.amazon.com/gp/customer-reviews/R51DEB1HQW1OQ/ref=cm_cr_getr_d_rvw_ttl?ie=UTF8&ASIN=B07DX33LD4,"1.0 "," the United States "," January 9, 2024",Size: LargeColor: 2-dark Gray Heather,Verified Purchase,"They sent it shrunk up to a tiny package and I doubt the wrinkles would ever come out.  Also it's advertised as machine washable and the tag says hand wash, do not tumble dry. I sent it back.  I probably would have liked it if it wasn't so wrinkled and you could wash and dry it normally.",6
Stephanie,Not what I had before,https://www.amazon.com/gp/customer-reviews/RTZ1TVLX3V0M2/ref=cm_cr_getr_d_rvw_ttl?ie=UTF8&ASIN=B07DX33LD4,"3.0 "," the United States "," January 9, 2024",Size: LargeColor: 1-solid Black,Verified Purchase,I have one already in a different color (maroon ish) but this black one fits differently. I love my other one and order a second but I’m not in love with this one.,
Valentine,I’m satisfied,https://www.amazon.com/gp/customer-reviews/R1LQ5V5SW1A13I/ref=cm_cr_getr_d_rvw_ttl?ie=UTF8&ASIN=B07DX33LD4,"5.0 "," the United States "," January 8, 2024",Size: XX-LargeColor: 3-grey,Verified Purchase,It’s cut small so I had to reorder a xxl. Material is soft will be nice under my vest so not to be bulky. Thanks,8
Lillian,So tight,https://www.amazon.com/gp/customer-reviews/R38MTYYX5FXI2/ref=cm_cr_getr_d_rvw_ttl?ie=UTF8&ASIN=B07DX33LD4,"1.0 "," the United States "," January 7, 2024",Size: LargeColor: 1-solid Black,Verified Purchase,The sweatshirt I received is very tight. Can’t even have a long sleeve shirt under it.,
Leo,Color and size,https://www.amazon.com/gp/customer-reviews/R1PFT74Z5IC4UX/ref=cm_cr_getr_d_rvw_ttl?ie=UTF8&ASIN=B07DX33LD4,"5.0 "," the United States "," January 4, 2024",Size: MediumColor: 3-grey,Verified Purchase,It was comfortable,
myron schwarz,"my wife liked it but I ordered a large and received a 2 X-large,",https://www.amazon.com/gp/customer-reviews/R3SD0C4O1M8LBQ/ref=cm_cr_getr_d_rvw_ttl?ie=UTF8&ASIN=B07DX33LD4,"2.0 "," the United States "," December 31, 2023",Size: LargeColor: 903-burgundy,Verified Purchase,"liked the product but didn't get the size I ordered. didn't make her happy after a late Christmas gift. My fault on late gift but she was looking forward to it being, I told her what size I ordered.",
Katz,Hoodie,https://www.amazon.com/gp/customer-reviews/R126RAZD6NH196/ref=cm_cr_getr_d_rvw_ttl?ie=UTF8&ASIN=B07DX33LD4,"5.0 "," the United States "," December 30, 2023",Size: X-LargeColor: 904-orange,Verified Purchase,"Love it, but there were a couple stains in the fabric.  I returned it for a replacement of the same hoodie because it’s so cute.",
George Theoclis,Came in in package that made it very wrinkly,https://www.amazon.com/gp/customer-reviews/R1NIC44EWE657B/ref=cm_cr_getr_d_rvw_ttl?ie=UTF8&ASIN=B07DX33LD4,"3.0 "," the United States "," December 27, 2023",Size: LargeColor: 2-dark Gray Heather,Verified Purchase,Fit a little snug,
Nicole M,Not soft,https://www.amazon.com/gp/customer-reviews/R3FI7GWOALS600/ref=cm_cr_getr_d_rvw_ttl?ie=UTF8&ASIN=B07DX33LD4,"4.0 "," the United States "," December 25, 2023",,Verified Purchase,Thinnest fleece possible.,
Smags72,Very nice. Runs big,https://www.amazon.com/gp/customer-reviews/R1W1HHIHM22CV6/ref=cm_cr_getr_d_rvw_ttl?ie=UTF8&ASIN=B07DX33LD4,"5.0 "," the United States "," December 25, 2023",Size: XX-LargeColor: 2-dark Gray Heather,Verified Purchase,"Nice fabric, comfortable length, good pockets, nice big hood.  Runs a bit big in my opinion. Highly Recommend.",
Bonnie Hill,The wrong color combination was sent.  Yellow should have been at the bottom.,https://www.amazon.com/gp/customer-reviews/R5TQFXQLONVBD/ref=cm_cr_getr_d_rvw_ttl?ie=UTF8&ASIN=B07DX33LD4,"5.0 "," the United States "," December 19, 2023",Size: XX-LargeColor: 904-orange,Verified Purchase,"Like the product, but wrong color combination was sent.  Yellow should have been at the bottom according to the picture I saw.",
Bambi Wineland,It came vacuum sealed-please stop doing that!,https://www.amazon.com/gp/customer-reviews/RQKWUX88OHGCB/ref=cm_cr_getr_d_rvw_ttl?ie=UTF8&ASIN=B07DX33LD4,"2.0 "," the United States "," December 18, 2023",Size: X-LargeColor: 4-wine,Verified Purchase,"I love these hoodies. I have purchased 3 now but this one came vacuum sealed and was so difficult to get the wrinkles out I almost sent it back, but I'd already cut the tags off it. I spritzed it with water - that did nothing. I washed it - no change. I finally had to iron it on a very low setting for 15 minutes to get the wrinkles out. While I was wearing it this weekend I realized I still didn't get out all the wrinkles so back to the ironing board. And it was so tedious! Grrrrrr...I will never keep anything that is vacuum sealed again. Clothing should not be vacuum sealed. Doing that literally assures that the wrinkles will never come out.",2
Sunny77,Cute but tiny!!,https://www.amazon.com/gp/customer-reviews/R3B9PKKFBZB1MS/ref=cm_cr_getr_d_rvw_ttl?ie=UTF8&ASIN=B07DX33LD4,"1.0 "," the United States "," December 18, 2023",Size: XX-LargeColor: 8-black-grey Tie Dye,Verified Purchase,Runs very small,
Kindle Customer,It's a favorite!,https://www.amazon.com/gp/customer-reviews/RK34PG7A1ONA3/ref=cm_cr_getr_d_rvw_ttl?ie=UTF8&ASIN=B07DX33LD4,"5.0 "," the United States "," December 17, 2023",Size: MediumColor: 903-burgundy,Verified Purchase,"I love it very much. It fits a little bigger on me, I will buy again but small this time!",
diane sullivan,Wrong color sent,https://www.amazon.com/gp/customer-reviews/R2C8LSPQ56W8VU/ref=cm_cr_getr_d_rvw_ttl?ie=UTF8&ASIN=B07DX33LD4,"1.0 "," the United States "," December 15, 2023",Size: SmallColor: 5-green Heather,Verified Purchase,"Ok, but disappointed that the wrong color was sent, and it is a Christmas present.",
Amazon Customer,Good fit pleased with product,https://www.amazon.com/gp/customer-reviews/R15U3CSUV8T01O/ref=cm_cr_getr_d_rvw_ttl?ie=UTF8&ASIN=B07DX33LD4,"4.0 "," the United States "," December 15, 2023",Size: X-LargeColor: 2-dark Gray Heather,Verified Purchase,Weird hood - doesn’t clasp anywhere but generally pleased with priduct,
Amazon Customer,Arm width,https://www.amazon.com/gp/customer-reviews/R3AGEV9Y2MWCEK/ref=cm_cr_getr_d_rvw_ttl?ie=UTF8&ASIN=B07DX33LD4,"3.0 "," the United States "," December 11, 2023",Size: XX-LargeColor: 902-mint Green,Verified Purchase,It seems that the width of the arms are always tight.  I have lymphedema from cancer and my arms are large for a 3x.  The full figure female will have difficulty with this item.,4
Sanfre,Feminine,https://www.amazon.com/gp/customer-reviews/R11UXGX723Q28I/ref=cm_cr_getr_d_rvw_ttl?ie=UTF8&ASIN=B07DX33LD4,"5.0 "," the United States "," December 11, 2023",Size: MediumColor: 3-grey,Verified Purchase,"I like the feminine look and fit of this hoody. There's no lining so it's not bulky. I wore it with a collared golf shirt to a family dinner and received many compliments on my outfit. Update.. I bought the geometric one and I don't like it. The inside is white and it clashes with the outside colors. Kind of looks like scrubs. The color is grey and black , and the material doesn't feel the same, not soft and comfortable like the other 2 . I don't recommend it at all.",3
Jackie,Very nice,https://www.amazon.com/gp/customer-reviews/R32FZ1YBQY5GQE/ref=cm_cr_getr_d_rvw_ttl?ie=UTF8&ASIN=B07DX33LD4,"5.0 "," the United States "," December 4, 2023",Size: LargeColor: 3-grey,Verified Purchase,"I bought it for a Christmas gift, but I'm thinking about getting one for myself.  I like it",
Teri B.,Nice fabric,https://www.amazon.com/gp/customer-reviews/RK8VLZS7B7GEZ/ref=cm_cr_getr_d_rvw_ttl?ie=UTF8&ASIN=B07DX33LD4,"4.0 "," the United States "," December 3, 2023",Size: LargeColor: 6-blue,Verified Purchase,"Thicker fabric, but not lined as I thought it would be. Still what I wanted, so I’m keeping. Nice transitional workout jacket. Feminine cut.",
Jennifer Arevalo,Got for a bday gift for my mom,https://www.amazon.com/gp/customer-reviews/RPLOS0J1CFLDC/ref=cm_cr_getr_d_rvw_ttl?ie=UTF8&ASIN=B07DX33LD4,"5.0 "," the United States "," December 2, 2023",Size: MediumColor: 4-wine,Verified Purchase,She loved it and the color and perfect for the cooler Cali weather,
LGQ,Nice but runs small,https://www.amazon.com/gp/customer-reviews/R35GEZ49GLXXXT/ref=cm_cr_getr_d_rvw_ttl?ie=UTF8&ASIN=B07DX33LD4,"4.0 "," the United States "," December 2, 2023",Size: XX-LargeColor: 2-dark Gray Heather,Verified Purchase,The jacket is nice but runs small.,
Theo,Stylish and warm,https://www.amazon.com/gp/customer-reviews/R1DVSZ5TBTRE1F/ref=cm_cr_getr_d_rvw_ttl?ie=UTF8&ASIN=B07DX33LD4,"2.0 "," the United States "," November 29, 2023",Size: X-LargeColor: 1-solid Black,Verified Purchase,Fits well did order an xl due to shoulder comfort,
Craig Denny,Paper thin,https://www.amazon.com/gp/customer-reviews/R319ADKMZXTPCZ/ref=cm_cr_getr_d_rvw_ttl?ie=UTF8&ASIN=B07DX33LD4,"2.0 "," the United States "," November 28, 2023",Size: LargeColor: 8-black-grey Tie Dye,Verified Purchase,"Ending up returning this item; jacket is paper thin and very long. Not fleece lined like the description says, just simply soft on the inside. Will not keep you warm. The printed design only being on one side looks cheap, as well.",
DeeDee,Best lightweight sweater,https://www.amazon.com/gp/customer-reviews/R3JU2PKALNOPGY/ref=cm_cr_getr_d_rvw_ttl?ie=UTF8&ASIN=B07DX33LD4,"5.0 "," the United States "," November 27, 2023",Size: MediumColor: 3-grey,Verified Purchase,I love it so much I will be buying several different colors it's absolutely comfortable and warm but also thin enough to wear under a jacket if needed especially if you don't like wearing coat during the winter season.,2
P D Hill,"Sleeves are short, and it overall fit is skimpy",https://www.amazon.com/gp/customer-reviews/R2LEBJEOB6ET2U/ref=cm_cr_getr_d_rvw_ttl?ie=UTF8&ASIN=B07DX33LD4,"3.0 "," the United States "," November 26, 2023",Size: LargeColor: 1-solid Black,Verified Purchase,I usually wear a size medium in outerwear so I figured a size large would work to ensure the sleeves would be long enough. Wrong! Plus it seems to have shrunk after washing in cold water and hanging to dry.,
