﻿评论用户,评论概述,评论链接,星级评分,评论地点,评论时间,类型,是否购买,评论详情,觉得该评论有帮助的人数
Margaret,Love this outfit!,https://www.amazon.com/gp/customer-reviews/R23VNPQGG46E21/ref=cm_cr_arp_d_rvw_ttl?ie=UTF8&ASIN=B099K2ZM68,"5.0 "," the United States "," January 10, 2025",Color: 2i-deep GreySize: Large,Verified Purchase,"I really like this very comfortable lounge set! It fits me perfect and has a little warmth to it it’s not too think or too thick! I’m 5’1 and weigh 150 and I ordered an extra large. You can run errands in it or wear around the house as a lounger!  I ordered the dark gray and I love the color with the white stripes down the leg! I washed it in cold water and hung the top to dry but put the pants in dryer and they washed and dried well and didn’t shrink. Pants have pockets, outfit has a lil stretch to it, not see through and not thin.",5
donna nunamaker,Fun Casual anytime set,https://www.amazon.com/gp/customer-reviews/R1S56I5GX9D0HG/ref=cm_cr_arp_d_rvw_ttl?ie=UTF8&ASIN=B099K2ZM68,"5.0 "," the United States "," December 26, 2024",Color: 2a-blackSize: X-Large,Verified Purchase,I like this so much I ordered a solid black without the stripes .. I think it will be fun with cute jewelry The fit was perfect and the fabric very comfortable . I just am a little Leary of drying in case of shrinkage .. I’ll re-evaluate once I wash it. I bought this black with white stripes for a great price and almost didn’t order the solid bc of the increase in price,12
Mandie,"Cute and comfy , I would size up",https://www.amazon.com/gp/customer-reviews/RPHR2VQQ5OBI3/ref=cm_cr_arp_d_rvw_ttl?ie=UTF8&ASIN=B099K2ZM68,"4.0 "," the United States "," December 2, 2024",Color: 2a-blackSize: XX-Large,Verified Purchase,"I had this saved for later for a few months, I was unsure based on some reviews. I finally figured I'd just take a chance.  I think it's polyester mostly, I'm not a huge fan of the fabric. I wish it were cotton. But all of that is stated in the description so I was aware! I think after a couple washes it would get softer and the fabric would feel better. That's just personal, I'm not a huge fan of the way polyester feels on the skin.  I've seen people say they wouldn't wear it in public, the fabric quality etc. Maybe they have different patches because mine is very thick, it's not see through whatsoever. I would have no problem wearing this in public.  I average size 18 and I ordered 2x. It fits nicely. It does fit more like a fitted jogger. I think I would have sized up to a 3X just to have a more roomy fit, and to account for if there's any shrinkage in the wash.  Overall I really like this and I think I would order another set again. I live in a climate that doesn't get super cold in the winter, but it can be in the '30s in the mornings. It's nice to have an option that I feel a little more put together to do school drop offs, morning errands etc.",43
JM,Sexy and Comfortable,https://www.amazon.com/gp/customer-reviews/R3UXGTCSV781IT/ref=cm_cr_arp_d_rvw_ttl?ie=UTF8&ASIN=B099K2ZM68,"5.0 "," the United States "," January 7, 2025",Color: 2a-blackSize: X-Large,Verified Purchase,"This is comfortable, good looking lines and style. Quality material. The drawstring pants allow for perfect fit. The top is long enough and loose enough to fit perfectly, as well.  A definite keeper.",
Lara Byrnside,Adorable - but faded!,https://www.amazon.com/gp/customer-reviews/RTA1N4ZUVC6BT/ref=cm_cr_arp_d_rvw_ttl?ie=UTF8&ASIN=B099K2ZM68,"3.0 "," the United States "," November 24, 2024",Color: 2a-blackSize: Medium,Verified Purchase,"I absolutely loved this! I wore it once and received several compliments. However, I washed it and the black faded onto white. I’ve now washed about 4-6 times with color catchers & without hoping to save it, but it was a no go! Other than that, it runs true to size, felt great, but in the end, I have to chunk it after one wear.",14
Lynn,"True to size, comfortable",https://www.amazon.com/gp/customer-reviews/RFMHDEVX3J5YO/ref=cm_cr_arp_d_rvw_ttl?ie=UTF8&ASIN=B099K2ZM68,"5.0 "," the United States "," January 1, 2025",Color: Multicolor 2Size: X-Large,Verified Purchase,"I’m glad I bought the XL. The fit was just right. Not too loose and comfortable. The length was just a bit long but that’s my preference. Pockets are deep. Material is soft, thinner than traditional “sweat pants/shirt” but thick enough to be warm on a cool day or lounge around in at home. I’m 5’7”, 205lbs",11
Sheri,Cute and Comfortable!,https://www.amazon.com/gp/customer-reviews/RDKK3Q5K7FKI8/ref=cm_cr_arp_d_rvw_ttl?ie=UTF8&ASIN=B099K2ZM68,"5.0 "," the United States "," December 25, 2024",Color: 2a-blackSize: XX-Large,Verified Purchase,"This lives up to the ads I have seen on social media.  I ordered up a size and it fits perfectly… not snug or too loose.  It’s a polyester spandex blend (more poly than spandex), so it was not wrinkled when I opened the air sealed packaging. I feel this will be an easy wash and wear outfit. I am 5’ 10”, and the length is just right.  I would buy again.",12
Lurline M. Morrow,So cute!,https://www.amazon.com/gp/customer-reviews/R1L29COQJ62HVP/ref=cm_cr_arp_d_rvw_ttl?ie=UTF8&ASIN=B099K2ZM68,"4.0 "," the United States "," January 3, 2025",Color: 2a-blackSize: Large,Verified Purchase,"I ordered this this morning and got it this evening!  It runs true to size, for me, anyway.  The fabric is soft and comfortable.  The only complaint is that the elastic in the waistband is too small.  That is true of every pair of pants I’ve ever gotten that was made in China.  They have small people over there, and they must allocate resources, like elastic, based on Chinese standard size🤦‍♀️🤦‍♀️🤦‍♀️.",6
Brent,Love this set!,https://www.amazon.com/gp/customer-reviews/R267NQ444Q0PY8/ref=cm_cr_arp_d_rvw_ttl?ie=UTF8&ASIN=B099K2ZM68,"4.0 "," the United States "," December 1, 2024",Color: 2a-blackSize: Large,Verified Purchase,"I immediately ordered 6 more colors in this set! It’s very light weight and comfortable. The fabric isn’t as soft as I would like it to be, which is why I gave it 4 stars instead of 5. I guess on some level you can expect that with a 95% polyester fabric. I’m hoping it will soften with a few washes. I’m 5’6 and about165 lbs I ordered a M and it works well for me. The top is a bit more fitted than the bottoms, so if you are a bigger chested lady, you may want to size up. I’m a 36 DD for reference. I would recommend overall.",2
vicky manuel,I love this set very comfortable will be ordering more of theses,https://www.amazon.com/gp/customer-reviews/R1D6F6Z31JR3TD/ref=cm_cr_arp_d_rvw_ttl?ie=UTF8&ASIN=B099K2ZM68,"5.0 "," the United States "," January 8, 2025",Color: 2a-blackSize: XX-Large,Verified Purchase,"The package was left out on my trash can at the road , he didn’t put it under the carport or garage and he definitely did hand the package to me personally, and my trash was being picked up that day so I had to get my son to go get it off the trash can before they picked up",
carol kumler,Good purchase,https://www.amazon.com/gp/customer-reviews/R34VQGWXDJD31B/ref=cm_cr_getr_d_rvw_ttl?ie=UTF8&ASIN=B099K2ZM68,"4.0 "," the United States "," January 11, 2025",Color: 2a-blackSize: Medium,Verified Purchase,Not crazy about the fabric but washed nicely and  is comfortable and cute.,
Earnaut,Super comfortable!,https://www.amazon.com/gp/customer-reviews/R17D2EE3K0SO8W/ref=cm_cr_getr_d_rvw_ttl?ie=UTF8&ASIN=B099K2ZM68,"5.0 "," the United States "," January 16, 2025",Color: 2a-blackSize: Medium,Verified Purchase,"I love this so much, I was skeptical about it when I ordered it but it's a great purchase. The material is soft and it fits just right. I plan to use it as a travel outfit for vacations. LOVE!!",
V. Moore,Great casual outfit,https://www.amazon.com/gp/customer-reviews/R34Y54JG3I96QL/ref=cm_cr_getr_d_rvw_ttl?ie=UTF8&ASIN=B099K2ZM68,"5.0 "," the United States "," January 17, 2025",Color: 2a-blackSize: Small,Verified Purchase,I read the reviews so thought i would try it. I got the small. Im 5’5 and 135. It fits great. My only complaint is the neck is a little weird. Meaning it doesnt lay proper,
Lisa S m,Very comfortable outfit,https://www.amazon.com/gp/customer-reviews/R2CIEJXLJSBE7H/ref=cm_cr_getr_d_rvw_ttl?ie=UTF8&ASIN=B099K2ZM68,"5.0 "," the United States "," January 15, 2025",Color: Multicolor 2Size: X-Large,Verified Purchase,True to size and super comfy.  I ordered several because they fit so well.  I have lost a lot of weight and am down to an XL from a 2X and this outfit is just perfect.,
Amazon Customer,Great set,https://www.amazon.com/gp/customer-reviews/R319VIJBRG8PCG/ref=cm_cr_getr_d_rvw_ttl?ie=UTF8&ASIN=B099K2ZM68,"5.0 "," the United States "," January 10, 2025",Color: 2a-blackSize: X-Large,Verified Purchase,"I received this product yesterday and I am so pleased. The material has nice weight to it, not paper thin see through material at all. I'll be visiting this company's site to see if they have other color. Sizing is true. I highly recommend",
Smores,Super comfy casual set,https://www.amazon.com/gp/customer-reviews/RNS1GWUDCH2TI/ref=cm_cr_getr_d_rvw_ttl?ie=UTF8&ASIN=B099K2ZM68,"4.0 "," the United States "," December 9, 2024",Color: 2a-blackSize: 3X-Large,Verified Purchase,"I really like the outfit.  It fits loose and comfy, like a lounge set should.  My only concern is quality of the material.  The material is a little rough and seams don't seem very sturdy.  I do worry it may fray or split at seams after too many washes.",2
Kindle Customer,Sizing runs small.,https://www.amazon.com/gp/customer-reviews/R3RUR03VWFI5YH/ref=cm_cr_getr_d_rvw_ttl?ie=UTF8&ASIN=B099K2ZM68,"4.0 "," the United States "," December 10, 2024",Color: 5a-grey PinkSize: Medium,Verified Purchase,"The fabric is soft and washes well, but order one or two sizes up. I can usually wear a small, but ordered a medium, expecting loose comfort, but the pants are still so tight around the waist they are very uncomfortable. I would not order again.",
Customer,Fit,https://www.amazon.com/gp/customer-reviews/RFR0YDABJH3E7/ref=cm_cr_getr_d_rvw_ttl?ie=UTF8&ASIN=B099K2ZM68,"4.0 "," the United States "," January 5, 2025",Color: 2a-blackSize: Medium,Verified Purchase,Fits a little small,
Marguerite,VERY SATISFIED,https://www.amazon.com/gp/customer-reviews/R1KXGOUKQ1LN0O/ref=cm_cr_getr_d_rvw_ttl?ie=UTF8&ASIN=B099K2ZM68,"5.0 "," the United States "," January 18, 2025",Color: 2a-blackSize: 3X-Large,Verified Purchase,The material is soft and fits really good. I bought this for my mother and she loves it. Size is also what it says....,
Kelly Forest,Casual lounge/comfort 2 piece,https://www.amazon.com/gp/customer-reviews/R38Y0EHG8CGWGJ/ref=cm_cr_getr_d_rvw_ttl?ie=UTF8&ASIN=B099K2ZM68,"4.0 "," the United States "," November 20, 2024",Color: 2a-blackSize: Large,Verified Purchase,"I like the softness and comfortable fit, look for everyday wear.  Washes beautifully.  My only complaint is that the arm fits a bit more snug than I think it should.  I like to push my sleeves up and this limits it to just short off the wrist. I like it because I can wear it grocery shopping and errands.  I it's warm without being too much weight.  I  recommend it.",5
Lydia,Bleeding,https://www.amazon.com/gp/customer-reviews/R2Y8M31SEKCP0E/ref=cm_cr_getr_d_rvw_ttl?ie=UTF8&ASIN=B099K2ZM68,"4.0 "," the United States "," December 17, 2024",Color: 2a-blackSize: X-Large,Verified Purchase,What a shame because this is a great product fits perfect smart look. I wash all my clothes in cold water however still bleeds.,
Brenda Brown,Good find,https://www.amazon.com/gp/customer-reviews/R3TNH4VV1NK7LM/ref=cm_cr_getr_d_rvw_ttl?ie=UTF8&ASIN=B099K2ZM68,"5.0 "," the United States "," December 26, 2024",Color: 2a-blackSize: 3X-Large,Verified Purchase,I am 5’7 about 245 and ordered a 3x it fit well and comfy!! In black with white stripe! I will order again but I want to try the 2x I have not washed my set yet but I trust it will be fine! Can’t wait to go out in my set!!,
Elaine,Comfortable,https://www.amazon.com/gp/customer-reviews/R109IXGONXIMQZ/ref=cm_cr_getr_d_rvw_ttl?ie=UTF8&ASIN=B099K2ZM68,"5.0 "," the United States "," December 31, 2024",Color: 2n-light BlueSize: X-Small,Verified Purchase,Item is well made especially the elastic band which is thick. Most drawstring bottoms are thin and no matter how tied during washing cycle they don't stay in place. It is expensive for a lounge outfit but also good to do quick errands.,
Judy,Flamingo Lady,https://www.amazon.com/gp/customer-reviews/R2P9XHZVEX293N/ref=cm_cr_getr_d_rvw_ttl?ie=UTF8&ASIN=B099K2ZM68,"4.0 "," the United States "," December 11, 2024",Color: 9t-rose FuchsiaSize: Large,Verified Purchase,"Nice quality set. Fit is true to size. Wish it came in petite. The pants are long. I'm 5'2"".",
Amw,Nice but.....,https://www.amazon.com/gp/customer-reviews/R1CL2J8R2SY976/ref=cm_cr_getr_d_rvw_ttl?ie=UTF8&ASIN=B099K2ZM68,"4.0 "," the United States "," October 25, 2024",Color: 2a-blackSize: Medium,Verified Purchase,"It looks good and fits well.  I am 5'4"", 140 lbs, and ordered a medium.  I like and it looks good but it is not as soft on the inside next to your skin ad I would like.  When I first tried it on it was a little scratchy on the skin.  I washed it and put a fabric softener sheet in the dryer.  It helped a lot but still has a tiny bit of scratchyness.  I will still wear it but probably not order a second one.",3
tari horbury,2 piece set,https://www.amazon.com/gp/customer-reviews/R3OWCVMLXD0DW5/ref=cm_cr_getr_d_rvw_ttl?ie=UTF8&ASIN=B099K2ZM68,"5.0 "," the United States "," January 15, 2025",Color: 2a-blackSize: Medium,Verified Purchase,Quality and price was great.  Very comfortable and looks just like photo,
ED,Total comfort and pretty,https://www.amazon.com/gp/customer-reviews/R1TEFWJV8HP7BB/ref=cm_cr_getr_d_rvw_ttl?ie=UTF8&ASIN=B099K2ZM68,"5.0 "," the United States "," December 29, 2024",Color: 2a-blackSize: X-Large,Verified Purchase,"This is advertised as a travel outfit and it’s actually ideal for wearing at home, running errands, etc. even for casual lunch with a friend.. It is comfortable; it also looks good. It doesn’t look like a sweatsuit.",
Amazon Customer,Delivered quickly,https://www.amazon.com/gp/customer-reviews/R2WQB48WC7T64Z/ref=cm_cr_getr_d_rvw_ttl?ie=UTF8&ASIN=B099K2ZM68,"4.0 "," the United States "," December 19, 2024",Color: 2a-blackSize: XX-Large,Verified Purchase,Liked it very much!,
Amazon Customer,Comfy and quality,https://www.amazon.com/gp/customer-reviews/R2D3A4AFCBA5DI/ref=cm_cr_getr_d_rvw_ttl?ie=UTF8&ASIN=B099K2ZM68,"5.0 "," the United States "," January 12, 2025",Color: 2a-blackSize: Large,Verified Purchase,I love the quality of the material And it looks great and fits true to size,
ann nell miller,Great fit,https://www.amazon.com/gp/customer-reviews/R29M68F5VIHHF7/ref=cm_cr_getr_d_rvw_ttl?ie=UTF8&ASIN=B099K2ZM68,"5.0 "," the United States "," January 11, 2025",Color: 2f-blueSize: X-Large,Verified Purchase,I love my outfit.  Sooo comfortable love fabric pockets and style. Thinking of getting another,
Tammy Lynn Smith,Love!,https://www.amazon.com/gp/customer-reviews/R1QFB1L5YQVOTG/ref=cm_cr_getr_d_rvw_ttl?ie=UTF8&ASIN=B099K2ZM68,"5.0 "," the United States "," January 16, 2025",Color: 2a-blackSize: X-Large,Verified Purchase,Fit perfectly. I’m 5’1 & the pant length was perfect.,
Sherri,runs large,https://www.amazon.com/gp/customer-reviews/R1GCBX5DULPYK8/ref=cm_cr_getr_d_rvw_ttl?ie=UTF8&ASIN=B099K2ZM68,"4.0 "," the United States "," December 18, 2024",Color: 2a-blackSize: Medium,Verified Purchase,Very large,
Kindle Customer,Blk sweat suit,https://www.amazon.com/gp/customer-reviews/RG168E6ZT2M1K/ref=cm_cr_getr_d_rvw_ttl?ie=UTF8&ASIN=B099K2ZM68,"5.0 "," the United States "," January 18, 2025",Color: 2a-blackSize: Small,Verified Purchase,Really comfortable could wear all day,
Tonide,Love it!!,https://www.amazon.com/gp/customer-reviews/R343WVT9NTK40J/ref=cm_cr_getr_d_rvw_ttl?ie=UTF8&ASIN=B099K2ZM68,"5.0 "," the United States "," January 4, 2025",Color: 3c-wine RedSize: Large,Verified Purchase,"Great little set. Comfy, great color& fabric. Being polyester and spandex it should hold its color and not shrink. Will go back and get another color..",
Amazon Customer,Completely Satisfied!,https://www.amazon.com/gp/customer-reviews/R174RJYYP5EMJT/ref=cm_cr_getr_d_rvw_ttl?ie=UTF8&ASIN=B099K2ZM68,"5.0 "," the United States "," December 2, 2024",Color: 2j-light BlueSize: Small,Verified Purchase,"I was nervous about ordering and am happy I did.  This sweatshirt and sweatpants set is so comfortable and fits so well.  I absolutely love it!  I will be ordering more! I ordered the blue one and the Cranberry & Gray one. I didn't like the pink one and I returned it. The color was s little off. I'm 5'2 and work in a daycare, so they are so comfortable.  I received compliments on how cute they were.",3
Bwilson,Soft & comfortable,https://www.amazon.com/gp/customer-reviews/RGCSII6UCKZYX/ref=cm_cr_getr_d_rvw_ttl?ie=UTF8&ASIN=B099K2ZM68,"4.0 "," the United States "," October 31, 2024",Color: 2f-blueSize: Medium,Verified Purchase,"Love the royal blue, the softness. And it's very comfortable. The material is thin, but not too thin.  I am 5'7, 140 lbs and ordered Size medium. It fits loosely, which is wearable, but wish I had ordered a small. I washed and dried it on low, but the wrinkles from the packages remained, so I steamed but the wrinkles would not come out, thus a rating of 4.",3
Amazon Customer,I want in every color!,https://www.amazon.com/gp/customer-reviews/R26AG4GLETG5C1/ref=cm_cr_getr_d_rvw_ttl?ie=UTF8&ASIN=B099K2ZM68,"5.0 "," the United States "," January 1, 2025",Color: 2b-coffeeSize: Large,Verified Purchase,"Bought for traveling and went back for more. Super comfortable and nice quality. Material is soft and breathable. TTS I bought L. I’m 5’8”, 160lbs.",
R. Maddox,Perfect fit,https://www.amazon.com/gp/customer-reviews/R3HWH1MX9B0RHL/ref=cm_cr_getr_d_rvw_ttl?ie=UTF8&ASIN=B099K2ZM68,"5.0 "," the United States "," December 23, 2024",Color: 2k-khakiSize: Large,Verified Purchase,"I am 5’7, 195 lbs and this outfit fits perfectly. I love that it’s long enough because it’s sometimes a struggle to get the long bottoms. It’s thin, loose and comfortable. I will be ordering in other colors.",
K,Deep pockets,https://www.amazon.com/gp/customer-reviews/R2W14P3RT1DTBH/ref=cm_cr_getr_d_rvw_ttl?ie=UTF8&ASIN=B099K2ZM68,"4.0 "," the United States "," October 7, 2024",Color: 2i-deep GreySize: X-Large,Verified Purchase,"This is a fantastic two-piece outfit, perfect for traveling, running errands, or picking up the kids. It’s an easy, go-to option that’s both stylish and practical. The deep pockets are a great feature, and the fabric is soft, flexible, and comfortable. There’s also elastic at the bottom of the legs, which isn’t tight at all. I love the fabric! I ordered an extra-large, and it fits well. I prefer my clothes a bit looser, but going up a size would have been too big for me. Overall, I highly recommend this outfit!",23
maryann,Fit,https://www.amazon.com/gp/customer-reviews/R1X1JFRCURAP9O/ref=cm_cr_getr_d_rvw_ttl?ie=UTF8&ASIN=B099K2ZM68,"5.0 "," the United States "," January 3, 2025",Color: 2f-blueSize: Large,Verified Purchase,Really liked the way this wore . Sizes were accurate and fit well . Lot of compliments.,
pamela harris,runs small,https://www.amazon.com/gp/customer-reviews/R1B1UE7KKTLD5Q/ref=cm_cr_getr_d_rvw_ttl?ie=UTF8&ASIN=B099K2ZM68,"5.0 "," the United States "," January 8, 2025",Color: 6a-blackSize: Small,Verified Purchase,washed well. comfy and lightweight. same fabric as a tee shirt,
cherylyarr,Comfortable,https://www.amazon.com/gp/customer-reviews/RXBMFV3ZKA4S/ref=cm_cr_getr_d_rvw_ttl?ie=UTF8&ASIN=B099K2ZM68,"5.0 "," the United States "," January 9, 2025",Color: 2a-blackSize: Medium,Verified Purchase,Product fits well and is warm,
Debra Woods Jenkins,Pretty,https://www.amazon.com/gp/customer-reviews/R3V0IMNYBJ6M74/ref=cm_cr_getr_d_rvw_ttl?ie=UTF8&ASIN=B099K2ZM68,"5.0 "," the United States "," January 9, 2025",Color: 2k-khakiSize: XX-Large,Verified Purchase,Good looking and so very comfortable!!,
Diana T. Jacob,Comfortable sporty casual Sweatsuit,https://www.amazon.com/gp/customer-reviews/RA0VA7M4X8NG2/ref=cm_cr_getr_d_rvw_ttl?ie=UTF8&ASIN=B099K2ZM68,"5.0 "," the United States "," January 7, 2025",Color: 2m-navy BlueSize: 3X-Large,Verified Purchase,"Fit well, washed well, looks good on the body.",
Nelma P,Fits well,https://www.amazon.com/gp/customer-reviews/R253M4331Z1C0P/ref=cm_cr_getr_d_rvw_ttl?ie=UTF8&ASIN=B099K2ZM68,"5.0 "," the United States "," January 6, 2025",Color: 2a-blackSize: XX-Large,Verified Purchase,It was just what I wanted and expected,
LeaAnn,Comfortable,https://www.amazon.com/gp/customer-reviews/RLSDAZRRGBKPQ/ref=cm_cr_getr_d_rvw_ttl?ie=UTF8&ASIN=B099K2ZM68,"4.0 "," the United States "," November 11, 2024",Color: 2j-light BlueSize: Large,Verified Purchase,"Perfect for going on errands, or relaxing with the family. Stylish & comfortable! Material is slightly thin, but still great for fall days.",
Jeannette,Sports outfit,https://www.amazon.com/gp/customer-reviews/R6BLLV6L5Z8BR/ref=cm_cr_getr_d_rvw_ttl?ie=UTF8&ASIN=B099K2ZM68,"5.0 "," the United States "," January 11, 2025",Color: 2a-blackSize: Medium,Verified Purchase,Love this.,
glynis simpson,Good fit.,https://www.amazon.com/gp/customer-reviews/R2RMTE6BQY8WVN/ref=cm_cr_getr_d_rvw_ttl?ie=UTF8&ASIN=B099K2ZM68,"4.0 "," the United States "," October 20, 2024",Color: 3b-apricotSize: X-Large,Verified Purchase,"Surprisingly I like this outfit,tried it on and it fits very well (the exception being that the pants is just a bit longer than I expected)but it’s within range of being comfortable. I can pull it on over thermals and will still do just fine.",
Esmeralda Cantu,The fabric is itchy.,https://www.amazon.com/gp/customer-reviews/R3HLO9F9450NCH/ref=cm_cr_getr_d_rvw_ttl?ie=UTF8&ASIN=B099K2ZM68,"4.0 "," the United States "," November 12, 2024",Color: 2a-blackSize: X-Large,Verified Purchase,It is very nice looking but the fabric is a little itchy.,
Ms. KC,I want more !!!!,https://www.amazon.com/gp/customer-reviews/R32L5M1DCLY0G/ref=cm_cr_getr_d_rvw_ttl?ie=UTF8&ASIN=B099K2ZM68,"5.0 "," the United States "," December 28, 2024",Color: 2a-blackSize: XX-Large,Verified Purchase,"Love this suit, comfortable, soft and got many compliments on it!!!",
Marie Sheridan,Good in a cold climate,https://www.amazon.com/gp/customer-reviews/RHJA6AX3ZK68Z/ref=cm_cr_getr_d_rvw_ttl?ie=UTF8&ASIN=B099K2ZM68,"3.0 "," the United States "," October 25, 2024",Color: 2a-blackSize: X-Large,Verified Purchase,"Got the black with white stripes, size XL, fit as expected. Not too tight or too loose with no weird stitching or oddly unflattering cuts. The material isn't great but they are well made.  Can't lie, these are...inexpensive. Looking. A little scratchy.  However, they hold in heat so well that I wish I had them for the one time I went ice fishing in Vermont. I can't imagine anything cold penetrating this set. Initially, I got them to sleep in during the cooler months, but as stated -- a little scratchy. They would be absolutely fine wearing an under layer.  As I am moving from the Deep South (US) to the Frozen North (again) I'm keeping them. They washed well enough; I put them in both washer and dryer and there was slight pilling on the pants but that was there *before* they hit the machines. After only 2 wears. Like I said, they are...ahem...inexpensive. Keep in mind I couldn't be bothered to read the washing instructions but they're polyester. And poly is as poly does.  Would I buy them again? No. But I'm not donating them either.",6
Chuck Gaskins,Very nice!,https://www.amazon.com/gp/customer-reviews/RL7BTGGC5WZQX/ref=cm_cr_getr_d_rvw_ttl?ie=UTF8&ASIN=B099K2ZM68,"5.0 "," the United States "," December 29, 2024",Color: 2j-light BlueSize: X-Large,Verified Purchase,These are very nice and comfortable! Fit very well. I am purchasing another set!,
Laura G,Light and soft! Fit is spot on. Don't like the shirt to much.,https://www.amazon.com/gp/customer-reviews/R1GOOM56MANV7O/ref=cm_cr_getr_d_rvw_ttl?ie=UTF8&ASIN=B099K2ZM68,"4.0 "," the United States "," September 15, 2024",Color: 2f-blueSize: X-Large,Verified Purchase,"Love these 2 peice sets. I got 3 colors Black,dark blue and pink.  Rolled up the cuff to just below my knee and they are staying put. Super comfy for working overnights in. The shift fits really snug and don't like the way the material clings to my body. I look nothing like those models so that's to be expected.  Price was just right ✅️ Size fit perfect 👌 Wish the shirt was more like the models on my but I'll take it. I'm 5'1 and 190lbs",9
LeTitia Speed,Good material and very nice looking as pictured.,https://www.amazon.com/gp/customer-reviews/R1HO77RL976BH0/ref=cm_cr_getr_d_rvw_ttl?ie=UTF8&ASIN=B099K2ZM68,"4.0 "," the United States "," November 13, 2024",Color: 3f-dark GreenSize: X-Large,Verified Purchase,"Good material but, I would go up a size if you are tall.",
Kristina Difelice,Beautiful,https://www.amazon.com/gp/customer-reviews/R1QZ2VZ1GXDU3Y/ref=cm_cr_getr_d_rvw_ttl?ie=UTF8&ASIN=B099K2ZM68,"4.0 "," the United States "," September 25, 2024",Color: 3f-dark GreenSize: Large,Verified Purchase,"Size: Large  Color: Green  Material is very nice, not heavy, not too thinOk, so first, the color is absolutely beautiful!  The size, well, the pants fit great, the top is a little tight for my liking.  I am debating on buying an extra large just for the top..",7
Amazon Customer,Fits perfect,https://www.amazon.com/gp/customer-reviews/R241XAMFGD4GJG/ref=cm_cr_getr_d_rvw_ttl?ie=UTF8&ASIN=B099K2ZM68,"5.0 "," the United States "," December 12, 2024",Color: 2a-blackSize: X-Large,Verified Purchase,I find this outfit quite pleasing. The material is substantial yet feels comfortable against my skin. I anticipate that traveling in this outfit would be very comfortable. I purchased it in black with white side stripes.,8
LauraH,Perfect,https://www.amazon.com/gp/customer-reviews/R1DGROIF75H98/ref=cm_cr_getr_d_rvw_ttl?ie=UTF8&ASIN=B099K2ZM68,"5.0 "," the United States "," December 26, 2024",Color: 2a-blackSize: Medium,Verified Purchase,Perfect lounge set - fits well and super soft!! Buying another set,
Jerilynn Visocky,Women’s sweatsuit,https://www.amazon.com/gp/customer-reviews/R1IIXKX6C5QF7D/ref=cm_cr_getr_d_rvw_ttl?ie=UTF8&ASIN=B099K2ZM68,"4.0 "," the United States "," October 18, 2024",Color: 2d-light GraySize: X-Large,Verified Purchase,"Lightweight, fits well (I’m 5’7 & 186 lbs) Elastic at ankle is a little looser than I prefer but not bad. Over all good purchase. I haven’t washed it yet though.",
Amazon Customer,Was so beautiful my size perfect great perfect thank you I’m so Happy,https://www.amazon.com/gp/customer-reviews/R2HI0D14NRA442/ref=cm_cr_getr_d_rvw_ttl?ie=UTF8&ASIN=B099K2ZM68,"5.0 "," the United States "," December 29, 2024",Color: 2a-blackSize: XX-Large,Verified Purchase,Style color warmth great❤️🌹🥰,
Pistoldan,Awesome fit!,https://www.amazon.com/gp/customer-reviews/R1XTVW9QBYRNH7/ref=cm_cr_getr_d_rvw_ttl?ie=UTF8&ASIN=B099K2ZM68,"5.0 "," the United States "," December 12, 2024",Color: 2i-deep GreySize: X-Small,Verified Purchase,I’m 5 foot 3 inches and 118 pounds and I got The small. Fits perfect great for running strands and a nice look. Thank you!,
Yvonne,Really nice outfit,https://www.amazon.com/gp/customer-reviews/RG28WH9CI44IE/ref=cm_cr_getr_d_rvw_ttl?ie=UTF8&ASIN=B099K2ZM68,"5.0 "," the United States "," December 29, 2024",Color: 2a-blackSize: 3X-Large,Verified Purchase,"Nice material, comfortable & looks great on!!",
Leslie,Comfortable but attracts hair and fur!!!,https://www.amazon.com/gp/customer-reviews/R3J0MQQKPMI47J/ref=cm_cr_getr_d_rvw_ttl?ie=UTF8&ASIN=B099K2ZM68,"3.0 "," the United States "," January 10, 2025",Color: 2a-blackSize: Medium,Verified Purchase,This is cute and comfy but I can’t wear it around people because it attracts my hair and my dogs fur. Every time I wash it it’s the only piece of clothing covered in hair and it’s poking through and weaving through the fabric so it doesn’t come off with a lint roller!,
Sherry K.,Very comfortable,https://www.amazon.com/gp/customer-reviews/R2X20CPBFJQEHH/ref=cm_cr_getr_d_rvw_ttl?ie=UTF8&ASIN=B099K2ZM68,"4.0 "," the United States "," October 30, 2024",Color: 2b-coffeeSize: XX-Large,Verified Purchase,I love the fit and one of my favorite outfits.,
Jimmy Lambert,Comfort and Class!,https://www.amazon.com/gp/customer-reviews/R28F4GEYO2CP5D/ref=cm_cr_getr_d_rvw_ttl?ie=UTF8&ASIN=B099K2ZM68,"5.0 "," the United States "," December 21, 2024",Color: 2a-blackSize: 3X-Large,Verified Purchase,"Perfect thickness, shirt is nice and long, pants, gorgeous 😍",
Donna,Top runs to small,https://www.amazon.com/gp/customer-reviews/RVZL7ILZBJTMA/ref=cm_cr_getr_d_rvw_ttl?ie=UTF8&ASIN=B099K2ZM68,"3.0 "," the United States "," January 18, 2025",Color: 2a-blackSize: Medium,Verified Purchase,"I got M size pants fits good the top runs smaller I'm 37 to38 bust the runs like a S to tight, I like just a little more room like other sweat tops",
John,Cute,https://www.amazon.com/gp/customer-reviews/RQHO1UTI57KN1/ref=cm_cr_getr_d_rvw_ttl?ie=UTF8&ASIN=B099K2ZM68,"4.0 "," the United States "," October 31, 2024",Color: 9u-halloween OrangeSize: Small,Verified Purchase,Good fit and comfy,
TDodd,Quality,https://www.amazon.com/gp/customer-reviews/R3O0J3RN8CGW1F/ref=cm_cr_getr_d_rvw_ttl?ie=UTF8&ASIN=B099K2ZM68,"4.0 "," the United States "," November 4, 2024",Color: 2a-blackSize: X-Small,Verified Purchase,Durable,
Nice material,Looked like the ad,https://www.amazon.com/gp/customer-reviews/R1YWAOK3PIJ72X/ref=cm_cr_getr_d_rvw_ttl?ie=UTF8&ASIN=B099K2ZM68,"5.0 "," the United States "," December 29, 2024",Color: 2a-blackSize: Large,Verified Purchase,Material was nice,
SuzanneR,"Pants are great, didn’t love the top",https://www.amazon.com/gp/customer-reviews/R3UBV2DTHN168B/ref=cm_cr_getr_d_rvw_ttl?ie=UTF8&ASIN=B099K2ZM68,"3.0 "," the United States "," January 1, 2025",Color: 2a-blackSize: Medium,Verified Purchase,I bought this so I could be comfortable and look good for a flight to Europe. The pants were very comfortable. The top was not. I think the decorative white accents had no stretch so I didn’t wear the top. It just was not comfortable.,5
Karen Smith,"Very comfy, but",https://www.amazon.com/gp/customer-reviews/R3CHEMCAYSIAC1/ref=cm_cr_getr_d_rvw_ttl?ie=UTF8&ASIN=B099K2ZM68,"4.0 "," the United States "," September 28, 2024",Color: 3c-wine RedSize: 3X-Large,Verified Purchase,"Very comfy, but washing it by hand or cold water the color leaks onto the white of the material and makes it a different shade so that’s not such a great idea. Have white For to turn pink.",3
Shelia D. In VA,This is beautiful,https://www.amazon.com/gp/customer-reviews/R1CI4MT6QY2EY4/ref=cm_cr_getr_d_rvw_ttl?ie=UTF8&ASIN=B099K2ZM68,"5.0 "," the United States "," December 18, 2024",Color: 2a-blackSize: Large,Verified Purchase,This set is so comfy and fits perfectly. I did hang mine up to dry.,
michele,Return policy.,https://www.amazon.com/gp/customer-reviews/R3JH14U4W5V42H/ref=cm_cr_getr_d_rvw_ttl?ie=UTF8&ASIN=B099K2ZM68,"4.0 "," the United States "," September 27, 2024",Color: 3b-apricotSize: Small,Verified Purchase,"TOO BIG ALL OVER. the material seems nice ( I got a blue Xs), I'm just hoping it doesn't get balled up from washer/dryer  Too Big All-over Material seems nice, it is also wrinkle resistant",
Amazon Customer,Work out good looking sets,https://www.amazon.com/gp/customer-reviews/R3S3SOX6TT1NY5/ref=cm_cr_getr_d_rvw_ttl?ie=UTF8&ASIN=B099K2ZM68,"4.0 "," the United States "," October 5, 2024",Color: 2a-blackSize: Medium,Verified Purchase,I like this sweatsuit but didn’t realize it runs so big. I have ordered another set in a smaller size.,3
NovaB,Love!!!,https://www.amazon.com/gp/customer-reviews/R1CULURTTIPO6F/ref=cm_cr_getr_d_rvw_ttl?ie=UTF8&ASIN=B099K2ZM68,"5.0 "," the United States "," December 8, 2024",Color: 2a-blackSize: XX-Large,Verified Purchase,"I love the length of the shirt, I don’t like how some sets tend to be crop length and too short for me. This is perfect.",
Kathleen Donahue,Size,https://www.amazon.com/gp/customer-reviews/R3PTNLD8YF3SUW/ref=cm_cr_getr_d_rvw_ttl?ie=UTF8&ASIN=B099K2ZM68,"5.0 "," the United States "," December 25, 2024",Color: 3d-purpleSize: 3X-Large,Verified Purchase,Perfect size and good quality,
Cyclegirl,Great outfit for overnight travel on a plane,https://www.amazon.com/gp/customer-reviews/R3V5XU2GFQYVGD/ref=cm_cr_getr_d_rvw_ttl?ie=UTF8&ASIN=B099K2ZM68,"4.0 "," the United States "," September 14, 2024",Color: 5d-pinkSize: Large,Verified Purchase,"I really like this outfit, but wish I could have bought it in separates.  I need a larger top than bottom, so I will have to return it.  Otherwise, the material is absolutely wonderful -- very cozy and not lightweight, but not like regular sweats.  I really wish it fit.",2
Becky Canterbury,Love,https://www.amazon.com/gp/customer-reviews/R1Q34968B1A5MB/ref=cm_cr_getr_d_rvw_ttl?ie=UTF8&ASIN=B099K2ZM68,"5.0 "," the United States "," December 23, 2024",Color: 2a-blackSize: X-Large,Verified Purchase,The fit and look are great,
Gibson,Outfit,https://www.amazon.com/gp/customer-reviews/R3AF7SHP65730Z/ref=cm_cr_getr_d_rvw_ttl?ie=UTF8&ASIN=B099K2ZM68,"5.0 "," the United States "," December 22, 2024",Color: 2a-blackSize: Medium,Verified Purchase,It's a good item,
Cassandra,Love it!,https://www.amazon.com/gp/customer-reviews/R39F1NBQ040QTX/ref=cm_cr_getr_d_rvw_ttl?ie=UTF8&ASIN=B099K2ZM68,"5.0 "," the United States "," December 8, 2024",Color: 2a-blackSize: X-Large,Verified Purchase,"This set is everything!  It washes, without producing “pills”, maintains color and no shrinkage.  I’m going to order more.",
It’s very cute. I love it. My daughter is going to love it.,It came on time. It was amazing. I love it.,https://www.amazon.com/gp/customer-reviews/R1VDLQI3QNAF1R/ref=cm_cr_getr_d_rvw_ttl?ie=UTF8&ASIN=B099K2ZM68,"5.0 "," the United States "," December 13, 2024",Color: 2m-navy BlueSize: 3X-Large,Verified Purchase,Love the outfit so comfortable that a friend of mine ordered it too she loved it,
Sandra Suarez,Not what I imagined,https://www.amazon.com/gp/customer-reviews/R201X6ZNPGLC7K/ref=cm_cr_getr_d_rvw_ttl?ie=UTF8&ASIN=B099K2ZM68,"3.0 "," the United States "," October 11, 2024",Color: 2a-blackSize: XX-Large,Verified Purchase,"I saw this set because someone recommend it but I was sadly not impressed.  I'm  5ft2 weigh 200+ so I'm  looking for clothes for this fall/winter season that are comfortable,  easy fot and cozy. But this 2 piece was not it for me. Let's  start with the pros: the bottoms great fit, the material thickness is thin, has nice deep pockets. Thankfully. It is wrinkle resistance from what I can see the cons: this material is itchy to me, that's a bit annoying.The sleeves are tight around the forearms and that's strange to me. I have big arms but it's only tight in the forearm areas so I can't pull them up. Overall it's  alright. Definitely would not get another pair. All I have to check know is how well do they in the wash. Hope this was helpful.",35
Michael Adams,ok for everyday,https://www.amazon.com/gp/customer-reviews/R3IWOS6HYU7CWZ/ref=cm_cr_getr_d_rvw_ttl?ie=UTF8&ASIN=B099K2ZM68,"3.0 "," the United States "," January 17, 2025",Color: 2a-blackSize: Large,Verified Purchase,ok for every day Waist small not as large as chart shows Small area near neck not sown,
Lou Koz,Looks great,https://www.amazon.com/gp/customer-reviews/R1FTC4KOBJXS0K/ref=cm_cr_getr_d_rvw_ttl?ie=UTF8&ASIN=B099K2ZM68,"5.0 "," the United States "," December 18, 2024",Color: 2a-blackSize: Large,Verified Purchase,Gave it to my girlfriend,
Yolanda Matthews,Fabulous & 50,https://www.amazon.com/gp/customer-reviews/R376W4EN2RWLQP/ref=cm_cr_getr_d_rvw_ttl?ie=UTF8&ASIN=B099K2ZM68,"5.0 "," the United States "," December 23, 2024",Color: 2e-greenSize: Medium,Verified Purchase,,5
PATRICIA LEE OLSON,Accurate sizing,https://www.amazon.com/gp/customer-reviews/RY38K18YWXBLM/ref=cm_cr_getr_d_rvw_ttl?ie=UTF8&ASIN=B099K2ZM68,"5.0 "," the United States "," December 12, 2024",Color: 2f-blueSize: Medium,Verified Purchase,Attractive enough to wear to the store. It’s pretty lightweight for winter.,
unknown,Soft and warm,https://www.amazon.com/gp/customer-reviews/R9OLNTPS28V9O/ref=cm_cr_getr_d_rvw_ttl?ie=UTF8&ASIN=B099K2ZM68,"5.0 "," the United States "," December 7, 2024",Color: 2a-blackSize: Medium,Verified Purchase,"Looks elegant, comfortable because it’s soft and keep one warm. I like it so much I’d like to buy another color.",2
Jill Moore,Careful on sizing,https://www.amazon.com/gp/customer-reviews/R1P6I69AQO8F4Y/ref=cm_cr_getr_d_rvw_ttl?ie=UTF8&ASIN=B099K2ZM68,"4.0 "," the United States "," July 8, 2024",Color: 2a-blackSize: XX-Large,Verified Purchase,"Seems to run a little small - had to return the first one and order a size up.  I do like the look of this suit, but I will be honest - not in love with the fabric.  It is heavy on the polyester, and I can already see that it is going to be prone to getting ""pilly"".  I'm being careful with the laundering to try to make it last as long as possible - when it starts to pill, I'll just use it as an ""around the house"" lounge set.  Really cute, though...just wish the fabric was better.",29
Al,Love it,https://www.amazon.com/gp/customer-reviews/R202EI79L46DMF/ref=cm_cr_getr_d_rvw_ttl?ie=UTF8&ASIN=B099K2ZM68,"5.0 "," the United States "," December 17, 2024",Color: 2m-navy BlueSize: Medium,Verified Purchase,Great clothing . So comfy,
Begley,BUYER BEWARE!!! Shrink-wrapping is awful!!!,https://www.amazon.com/gp/customer-reviews/R3SVA3DUJ7AMNQ/ref=cm_cr_getr_d_rvw_ttl?ie=UTF8&ASIN=B099K2ZM68,"3.0 "," the United States "," November 30, 2024",Color: 2f-blueSize: Small,Verified Purchase,"I ordered and received this outfit in black-and-white. I loved it so much that I immediately ordered it in two other colors. What I hadn’t yet realized is that the wrinkles from the shrink wrapping are impossible to get out! Since I’ve already laundered them, I won’t be returning them. But I probably won’t be wearing them to the gym as planned. Very disappointing!!!",5
Shelly Ann Kocher,I Love this!,https://www.amazon.com/gp/customer-reviews/R1983M8B3KZNYW/ref=cm_cr_getr_d_rvw_ttl?ie=UTF8&ASIN=B099K2ZM68,"5.0 "," the United States "," November 29, 2024",Color: 2d-light GraySize: X-Large,Verified Purchase,Omg…. You see the picture! You get what you ordered. 😊 PERFECT! I love it… I bought the black and grey.  Did I say I love it!!!!!!!,
Betty Ruth Williams,Love this outfit,https://www.amazon.com/gp/customer-reviews/R2X2EG7LXWRAIR/ref=cm_cr_getr_d_rvw_ttl?ie=UTF8&ASIN=B099K2ZM68,"5.0 "," the United States "," November 27, 2024",Color: 2a-blackSize: Large,Verified Purchase,Normally a large. Lost 16 pounds so considered ordering a medium. Glad I didn’t.  I think runs small.  But I love it. Very comfortable. Looks nice.,
Renieg49,Runs small,https://www.amazon.com/gp/customer-reviews/R2ZEEEYCH65P3R/ref=cm_cr_getr_d_rvw_ttl?ie=UTF8&ASIN=B099K2ZM68,"3.0 "," the United States "," December 11, 2024",Color: 2a-blackSize: 3X-Large,Verified Purchase,Not true to size.  I take xxxl my arms are a little snug and around hips and waist.  Don’t know if it will fit after washing.  Arms and legs are ok as far as length.  Doesn’t feel like it breathes well.?  Love the deep pockets.,
LaLa K,Wrinkles hard to remove.,https://www.amazon.com/gp/customer-reviews/R1FZFXTC5VRLH5/ref=cm_cr_getr_d_rvw_ttl?ie=UTF8&ASIN=B099K2ZM68,"3.0 "," the United States "," December 21, 2024",Color: 2a-blackSize: Small,Verified Purchase,"I’ve gotten several vacuum packed items that said wrinkles would come out after washing and hanging up. Everything has had to be ironed at least twice. I do not like this packaging, but I did like product if you could get wrinkles out.",
Lottie,Very comfortable.,https://www.amazon.com/gp/customer-reviews/RZ9DYVEWVW7PB/ref=cm_cr_getr_d_rvw_ttl?ie=UTF8&ASIN=B099K2ZM68,"5.0 "," the United States "," December 13, 2024",Color: 2a-blackSize: 3X-Large,Verified Purchase,So soft and comfortable. A great value.,
Patricia Colagioia,Jogger set,https://www.amazon.com/gp/customer-reviews/R38VI4Q8NC4AIE/ref=cm_cr_getr_d_rvw_ttl?ie=UTF8&ASIN=B099K2ZM68,"5.0 "," the United States "," December 14, 2024",Color: 2a-blackSize: Large,Verified Purchase,It was comfortable and I love the look,
linda w.,Love it,https://www.amazon.com/gp/customer-reviews/R2JM22Q3Y5FIER/ref=cm_cr_getr_d_rvw_ttl?ie=UTF8&ASIN=B099K2ZM68,"5.0 "," the United States "," November 30, 2024",Color: 2a-blackSize: Large,Verified Purchase,"I just got this outfit, and I love it. I am 5'2 and 185# and the large fits me perfectly. I am going to order another color.",
Jackson8x,Great,https://www.amazon.com/gp/customer-reviews/R34KEY5G76SYG1/ref=cm_cr_getr_d_rvw_ttl?ie=UTF8&ASIN=B099K2ZM68,"5.0 "," the United States "," December 14, 2024",Color: 2a-blackSize: X-Large,Verified Purchase,Fast delivery in less then 4 hrs. As shown,
Ren Cherry,Excellent 👌,https://www.amazon.com/gp/customer-reviews/RS0ASFGFW5NF8/ref=cm_cr_getr_d_rvw_ttl?ie=UTF8&ASIN=B099K2ZM68,"5.0 "," the United States "," December 13, 2024",Color: 4b-red Haig SnowSize: XX-Large,Verified Purchase,Perfection,
Dre King,So soft,https://www.amazon.com/gp/customer-reviews/R2AP0FEX7CTQC8/ref=cm_cr_getr_d_rvw_ttl?ie=UTF8&ASIN=B099K2ZM68,"5.0 "," the United States "," November 29, 2024",Color: 2c-pinkSize: Small,Verified Purchase,"This was a great buy very soft and comfortable. Size is true. Not too heavy, love the pockets",2
GVAZ21,Soft & light weight material,https://www.amazon.com/gp/customer-reviews/R12KCD6CZ83UJE/ref=cm_cr_getr_d_rvw_ttl?ie=UTF8&ASIN=B099K2ZM68,"5.0 "," the United States "," October 28, 2024",Color: 5c-coffeeSize: XX-Large,Verified Purchase,"I live in Southern Arizona, where it rarely gets to be winter. So I appreciate this is lightweight material. I’ll wear it next month and probably through February out here. I love the color, fits great… I got the extra large and I’m 5’4 & 220. My only issue is the sleeves are proportionally way too long. But they can’t be folded up. I’ll use it as a casual sweatsuit for lounging or I’d even run to the store in it.",31
