﻿评论用户,评论概述,评论链接,星级评分,评论地点,评论时间,类型,是否购买,评论详情,觉得该评论有帮助的人数
Cindy Rouse,Quality,https://www.amazon.com/gp/customer-reviews/R38B8P2BX9NI4E/ref=cm_cr_arp_d_rvw_ttl?ie=UTF8&ASIN=B0CHPMYGCG,"5.0 "," the United States "," January 2, 2025",Color: Light KhakiSize: X-Large Petite,Verified Purchase,"The pants are made of a fabric that feels soft, smooth, and luxurious to the touch.  Whether wearing when exercising or going out to shop - the fit is flattering!  These pants can be worn to any type of event - due to the quality of the material, the workmanship, and the style!  These pants are a timeless garment that needs to be added to every woman’s wardrobe!",6
Lindsay,"Love, love, love these yoga pants!!",https://www.amazon.com/gp/customer-reviews/R3P2C7KF1YK3I1/ref=cm_cr_arp_d_rvw_ttl?ie=UTF8&ASIN=B0CHPMYGCG,"5.0 "," the United States "," December 10, 2024",Color: BlackSize: 3X-Large,Verified Purchase,"Highly recommend, these are opaque, super soft, high wasted and smooths out the tummy area but aren’t so tight that they are uncomfortable.  I’m 5’6” and these are long enough that I can wear Birks with them and my socks don’t show. They can be dressed up or down. You could totally get away with wearing these to work and not look like you’re wearing yoga pants.  I’ve already repurchased and planning on getting more!!",20
Dreamscometrue,"Pretty wonderful, have two pair…",https://www.amazon.com/gp/customer-reviews/R303TPPDGCGVGO/ref=cm_cr_arp_d_rvw_ttl?ie=UTF8&ASIN=B0CHPMYGCG,"4.0 "," the United States "," August 20, 2023",Color: Royal BlueSize: Medium Petite,Verified Purchase,"Am 5’6, 28” inseam 130ish lbs - bought the wide leg in white as a med 30” inseam as for some reason i though they might run short - they don’t, that’s fine - they are way more flattering tight rolled giving them a jogger/harem look so I’ll stuck with them. Also, the medium is loose enough on me that while i do have to pay some attention to underwear color, they are not see thru and don’t show any cellulite - a tighter fit might show more details there, but they are more opaque than many white pants I’ve tried while not being too thick for cooler summer weather (over about 85°F, no humidity & these are too thick for me.) Color is ever so slightly cream, almost a winter white - could pass as either white or winter white if that matters to you.  Second pair is another wide leg in “royal blue” M, 28” inseam and they *almost* touch the floor when I’m barefoot, the ideal break on flatter shoes IMHO. The color is a match to the photo, a navy blue - the pants are *not the brighter blue I associate with royal blue* at all, but I was willing to gamble, it’s a very nice true shade of navy, not too green, purple or grey in undertone. The darker color is slightly more flattering than the white, but not much.  If thigh slenderizing is high priority for you these wide leg ones are not your pants…they aren’t terribly unflattering, but they do me the least favors out of every pair of bottoms I own, old pajamas included, hence 4 instead of 5 stars.  The best part is they are wildly comfy and present much dressier than many of their equivalents in comfort! Easily yoga pants or even sleep wear. The medium loosely skims my frame without looking sloppy-baggy; would fit a small I’m sure, but I like wide leg pants to fit on the looser end. Front pockets are deep enough to for my phone with room left over. The exposed stitching of the flat seams make them extra comfortable, but knocks them out of being the true dress pants they could pass for with invisible stitching - they could easily pass as dressy enough for a great many occasions where jeans are a no-go for but aren’t up to par if you’re expected to be much dressier than business casual, purely because of the LEG seams, IMHO. (Am great with that and wish the waist seams were also flat, they’d be phenomenally comfy then - but if these folks offered an additional variety of these pants and sold them as the dressy version with all invisible stitching and leg seams in a more flattering position, these could easily be cocktail attire and definitely pass in any business setting.)",96
Viviannuchis,Comfortable and Flattering Yoga Pants!,https://www.amazon.com/gp/customer-reviews/R2C5Z4EG65QNBF/ref=cm_cr_arp_d_rvw_ttl?ie=UTF8&ASIN=B0CHPMYGCG,"5.0 "," the United States "," November 26, 2024",Color: BlackSize: Medium Tall,Verified Purchase,"These wide-leg yoga pants are a dream! The fabric is incredibly soft and lightweight, making them perfect for yoga, lounging, or even running errands. The wide-leg design gives me plenty of freedom to move, and they’re so flattering on any body type. I ordered a size M, and while they fit well, I think a size S would have been a better fit for me. The waistband is stretchy but stays in place without digging in, which is a huge plus during workouts. They’re stylish enough to wear outside the house, and I’ve already gotten so many compliments on them. Highly recommend these if you’re looking for a mix of comfort and style!",12
L. Gay,Super Comfortable!,https://www.amazon.com/gp/customer-reviews/R190B3MNGHSQ4Y/ref=cm_cr_arp_d_rvw_ttl?ie=UTF8&ASIN=B0CHPMYGCG,"5.0 "," the United States "," January 2, 2025",Color: BlackSize: X-Large,Verified Purchase,Love the fit. Wide leg is stylish. Wide waist band doesn’t roll. Pockets are great. Well made - great fabric.,4
Trevor Gettmann,"Pros: look dressy. CON: length off, no compression.",https://www.amazon.com/gp/customer-reviews/RECRJ2PMVA32Z/ref=cm_cr_arp_d_rvw_ttl?ie=UTF8&ASIN=B0CHPMYGCG,"3.0 "," the United States "," September 10, 2024",Color: Deep GreySize: Medium,Verified Purchase,"I am 5’4 and 140 pounds. I ordered this in black, grey and beige/khaki tan. I started with the black size medium short/petite but the length was too short even with flats. The wide leg doesn’t look right unless it’s almost touching the heel of your shoes. Next I ordered the medium (not short or tall just medium) in the grey & tan. I didn’t like the color of the lighter pair, the pockets were sewed differently and they were shorter inside and the fit in the crotch wasn’t the same as the grey. I also observed that the grey didn’t look as dressy as the black. Basic wide leg yoga pants. Trying on clothes from the closet I paired black pants with 3 different dress tops & a pashmina, both a Jean & leather jacket. All ok with flats albeit an inch short. But with boot, nope. boots (The pockets really help make them look more like regular pants, but only in the black. Not so much in the lighter colors.  Cons: 1. sizing is off. For 5’4 and a 29 length the petite length should be at least 1.5 inches longer.  2. no compression or tummy control. Absolutely zero—actually made my tummy a little more pronounced.  3. pucker at the pockets due to their placement. I’d go down to a small or xs but the pockets stick out already in a medium  4. price had already jumped from $25 to $35 in a week.  5. These are not worth $35 in my opinion being that they do nothing for tummy control. But for comfort, material and thickness these are 4 star. Just don’t expect these to replace shapewear. It won’t. If they go on sale again I will purchase another pair in maybe the darker blue but I will definitely get the Small Tall and see if that helps. Otherwise I’ll stick with the medium I’ve got. I NEVER wear heels and have short legs (my Jean size is a Lee size 8 short petite.) which means that the petite is ever too short for saddles and flat Dansko fur lined boots. The sandles looked a little better being just a cork type sole like a Birkenstock but less money. But I find them very comfortable, my husband thinks they are sexy and they are perfect for a long event (wedding/bsby shower/work) where your wanting to look dressed up without loosing comfort. I had a pair of compression tights on under these and they came off after 2 hours and I honestly felt like I was wearing pj bottoms. They haven’t wrinkled in the slightest, and I don’t typically “fold” or hand my pants after wearing. These were picked up after a week folded in half or in a ball on the floor and worn to church. They DO NOT NEED IRONED! Because they have some elastic I’d still recommend line drying and washing inside out in cold water in a mesh laundry bag. Elastic breaks down over time and I hang mine in the shower to dry in the winter when I don’t want to use the clothes line. Amazon sells these really cool hanger clips and I hang all my underwear and socks and everything else in the shower to dry.  Also, dirt wipes off easily and dog hair doesn’t stick to these.",121
Kelly,Love these pants!,https://www.amazon.com/gp/customer-reviews/R3KUH1QLOITX8W/ref=cm_cr_arp_d_rvw_ttl?ie=UTF8&ASIN=B0CHPMYGCG,"5.0 "," the United States "," January 1, 2025",Color: BlackSize: X-Large Petite,Verified Purchase,"Love these! They work great as dress pants. These are a little thicker than most yoga pants so they hold their shape and are super flattering and comfortable. I am 5ft tall, 165 and the XL petite is a perfect fit. Highly recommend!!",
Amazon Customer,Best fit,https://www.amazon.com/gp/customer-reviews/R17OGIDTAIONGB/ref=cm_cr_arp_d_rvw_ttl?ie=UTF8&ASIN=B0CHPMYGCG,"5.0 "," the United States "," January 3, 2025",Color: BlackSize: Large Petite,Verified Purchase,The pants are my favorite.  They are so comfortable and I they look professional.  The quality material is perfect strong but not to heavy.,
Rabita,LOVE,https://www.amazon.com/gp/customer-reviews/R3G5R6NCL1MK3I/ref=cm_cr_arp_d_rvw_ttl?ie=UTF8&ASIN=B0CHPMYGCG,"5.0 "," the United States "," January 9, 2025",Color: BlackSize: Large Petite,Verified Purchase,"I love these pants so much, I literally have 6 pairs. I'm 5 feet tall, size 12/14 and the petite large is perfect on me (although I would probably get away with a medium as well). They're super comfortable and versatile - I wear them at home, for going to the gym, to yoga, just out and about running errands, etc. Normally I wouldn't wear loungewear outside my home or the gym but these look so polished, they're good for wearing out normally as well. They're perfect for travel too - again, I'm not one to wear lounge clothes on flights because I think it's in poor taste to wear like sweatpants at the airport, but these look so elevated, they could just be trousers. And again, super comfy!! Honestly I have to stop myself from buying more cause I have enough lol.",
Kathryn,Not Even Joking,https://www.amazon.com/gp/customer-reviews/R3IQ0UT2SPIAT0/ref=cm_cr_arp_d_rvw_ttl?ie=UTF8&ASIN=B0CHPMYGCG,"5.0 "," the United States "," December 29, 2024",Color: Dark NavySize: Small Petite,Verified Purchase,"Literally best pants I have. So comfortable like pajamas but classy enough to wear for business casual. I slept in these because I forgot to take them off. Cooling. Elastic. Good size pockets. Hugs the butt without making the thighs look thick at all. Slims you down. Hides the hips a bit. 10/10. I bought navey blue. Hides the ankles if you forget to shave. If you get a dark color, the wrinkles barely show. I could wear this for the rest of my life ngl. I'm 5'1 and I bought a small. I bought it for myself but makes a great gift. You can tell it was made by women. Very practical. If you don't trust comments usually, trust this one because I like never write reviews unless I realllly liked the product. Don't even second guess what you're buying just buy the pants theyr'e amazing.",2
John Jones,Decent but not fantastic,https://www.amazon.com/gp/customer-reviews/R1LGQAYWDJXQE9/ref=cm_cr_getr_d_rvw_ttl?ie=UTF8&ASIN=B0CHPMYGCG,"4.0 "," the United States "," January 8, 2025",Color: BlackSize: Small Petite,Verified Purchase,"I am 5’2, 133lbs Bought a small and medium petite because I wasn’t sure about size. I kept the small. The pants are cute And initially thought the leg was too wide. After trying on pants, width and length perfect . The material Is thin so there is not much too hold in Belly bulges but design helps hide it a bit. If they had More tummy Control would have given it 5 stars. I did not find that they ran large as in other reviews.",
Blessed320,Super Comfortable,https://www.amazon.com/gp/customer-reviews/R3MKF67VJJ1GSX/ref=cm_cr_getr_d_rvw_ttl?ie=UTF8&ASIN=B0CHPMYGCG,"5.0 "," the United States "," January 17, 2025",Color: BlackSize: Small Petite,Verified Purchase,"I decided to buy these because they were available in petite. I have really enjoyed wearing them. They fit great and are really comfortable. The length is perfect for me, and I wear them all of the time. They can be dressed up or dressed down. For reference, I’m 5’3, 130 lbs and I decided to get a small because I did not want the waist part being too tight on my stomach area.",
Crystal,Comfy and flattering,https://www.amazon.com/gp/customer-reviews/RCS9F53L614EX/ref=cm_cr_getr_d_rvw_ttl?ie=UTF8&ASIN=B0CHPMYGCG,"4.0 "," the United States "," January 4, 2025",Color: BlackSize: Small Petite,Verified Purchase,"I was pleasantly surprised by the fit and shape of these pants. They’re super comfortable and have a nice stretch while remaining form-flattering. I like that it’s easy to dress up or down. I took one star away because I’m being nit-picky about the visible seams, particularly the one running down the backside (right down butt-crack, for lack of better words).  I’m 5’3” with an athletic build and the Petite Small fit perfectly! It’s not often I find pants at the perfect length.",
Donna B.,Outstanding Fit!,https://www.amazon.com/gp/customer-reviews/R14INYZULYVPNT/ref=cm_cr_getr_d_rvw_ttl?ie=UTF8&ASIN=B0CHPMYGCG,"5.0 "," the United States "," January 17, 2025",Color: Grey SageSize: Large Petite,Verified Purchase,"I purchased the L petite. Now I see why people pay over $30 for these pants (when they should be about $10 cheaper). It’s the fit. They look exceptionally good on and are particularly slimming. It’s the perfect wide leg. The waist is somewhat fitted, so if you’re unsure about sizing, definitely go up. I’ve already ordered my 2nd pair!",
Renee,Quality & price,https://www.amazon.com/gp/customer-reviews/R3LUXH9J1AUASY/ref=cm_cr_getr_d_rvw_ttl?ie=UTF8&ASIN=B0CHPMYGCG,"4.0 "," the United States "," January 13, 2025",Color: BlackSize: Small,Verified Purchase,Like the high waist. Very comfortable pants. I wear them casual days. Not the fabric I would likely choose for dressing up. Could wear as workout but wide leg not as good as joggers for most machine exercises. Heavier Weight & fabric good quality. Not see through. Price point good.,
Susan M,Terrific pants,https://www.amazon.com/gp/customer-reviews/R1R5XE8OB1UGFE/ref=cm_cr_getr_d_rvw_ttl?ie=UTF8&ASIN=B0CHPMYGCG,"5.0 "," the United States "," January 8, 2025",Color: BlackSize: Large Petite,Verified Purchase,"It is so hard to find wide leg yoga pants that fit me length wise as a petite girl. I weigh 163 and I am 5'2"".  I ordered a large and I love everything about these pants!  These pants come in PETITE.AWESOME! They are so flattering, and I love the pockets and the soft feel of the fabric.  I just placed an order for 3 more pairs. I highly recommend these!",
UmmJibril,Amazing,https://www.amazon.com/gp/customer-reviews/R22XVN4HU7T9ZM/ref=cm_cr_getr_d_rvw_ttl?ie=UTF8&ASIN=B0CHPMYGCG,"5.0 "," the United States "," January 18, 2025",Color: BlackSize: Small Petite,Verified Purchase,"I love this! I’m 5’3” and I got the petite size S. It’s thick, comfortable and the length is perfect. I’m so glad it has pockets. I don’t like wearing tight pants, I think it’s kind of inappropriate, I prefer modest loose pants. I will definitely order more in different colors.",
Mr. Mole,Love these. The wide legs help camoflage ‘saddlebags’’,https://www.amazon.com/gp/customer-reviews/RZAYIWUVCV18T/ref=cm_cr_getr_d_rvw_ttl?ie=UTF8&ASIN=B0CHPMYGCG,"5.0 "," the United States "," January 3, 2025",Color: BlackSize: XX-Large Tall,Verified Purchase,"Really like these, i had had Danskin relaxed wide leg yoga pants for yrs, that got real faded, I couldnt find any recently, so i tried these. Very nice quality, they are a little bit ‘dressier’ than my Danskins, if that makes sense  These run more snug than the relaxed fit XL danskins, im 5’8”, 160 lb, so i returned the XL of these new brand for XXL as i want to de-emphasize the saddlebags on outside of thighs. Love these and highly recommend.",
KMCD,Comfortable fit,https://www.amazon.com/gp/customer-reviews/R368PS0U7SZTHR/ref=cm_cr_getr_d_rvw_ttl?ie=UTF8&ASIN=B0CHPMYGCG,"5.0 "," the United States "," January 4, 2025",Color: Royal BlueSize: Small,Verified Purchase,"I love these pants. I can wear them for just about any event. Perfect fit. I originally bought medium and loved the pants, but decided to get a small for my 3rd pair and live the fit even more. The fabric and high quality so they do not accent unwanted areas. Wear with a sweater and boots for a dinner out, wear to the gym, golfing, tennis, add a cute top for a social event. These are great pants! Tons of colors too",
Jennifer,I'm buying more!,https://www.amazon.com/gp/customer-reviews/RAWFUMG3UK1V8/ref=cm_cr_getr_d_rvw_ttl?ie=UTF8&ASIN=B0CHPMYGCG,"5.0 "," the United States "," January 11, 2025",Color: TaupeSize: Medium,Verified Purchase,"They feel like my leggings but have a classy look! Match with a cute button up and you have yourself a work outfit. Throw on a tank top or baggy sweater and you have a chill day at home look. The taupe is classic, I'm grabbing more colors. I wear a medium in leggings so I bought a plain MEDIUM and it fits perfectly. I'm 5'5, 140lbs.",
Trespence,Comfortable - Good Quality,https://www.amazon.com/gp/customer-reviews/R1GJRIM1Z8SOIQ/ref=cm_cr_getr_d_rvw_ttl?ie=UTF8&ASIN=B0CHPMYGCG,"4.0 "," the United States "," January 7, 2025",Color: BlackSize: Large,Verified Purchase,"I wear a size 10 and bought the L.  They fit well.  I am 5'7"" and they are long.  The top of the waist comes up quite high -- but they do fit and are QUITE comfortable.  I love the pocket and know I will wear these alot.",
Debbie,I bought a second pair!,https://www.amazon.com/gp/customer-reviews/RAOCBAMFJKK5T/ref=cm_cr_getr_d_rvw_ttl?ie=UTF8&ASIN=B0CHPMYGCG,"5.0 "," the United States "," January 13, 2025",Color: Light KhakiSize: Medium,Verified Purchase,"These Promover wide-leg pants are wonderful! I like that I can wear them to yoga, throw a sweater over my yoga shirt, and wear them to lunch without looking like I am in workout clothes. They fit well, are very comfortable, and the black and light khaki are great colors. I am eyeing a third pair.",
Jessica,2nd pair on order,https://www.amazon.com/gp/customer-reviews/R6H9S6MSRSMMY/ref=cm_cr_getr_d_rvw_ttl?ie=UTF8&ASIN=B0CHPMYGCG,"5.0 "," the United States "," December 11, 2024",Color: Dark BurgundySize: Large Tall,Verified Purchase,"Loved them so much, I've already ordered another. I'm 5'9, 160# and ordered L long. I was debating between the M & L but glad I went with the L since, as others have noted, the material is not super thick. The roomier fit lets things like the pocket outline and little lumpies around the hips & booty be less noticeable. Length is maybe a hair shorter than I'd prefer, but I'm all legs and the inseam measured right at 32"" so I really can't complain. I ordered the burgundy and also as others have noted it is not as deep as it appears in the pictures, but I do still like the color. Went with taupe for the 2nd pair so we'll see how that goes.",3
Allie Pells,Love these pants!,https://www.amazon.com/gp/customer-reviews/R1NMIATTWMNTJZ/ref=cm_cr_getr_d_rvw_ttl?ie=UTF8&ASIN=B0CHPMYGCG,"5.0 "," the United States "," January 8, 2025",Color: BlackSize: Small,Verified Purchase,"The fit and length are perfect.  Well made and look nice enough to go out in. They will make a good travel pant.  My only comment - the static. It went away after I wore them for a while.  I live in Denver where because it is so dry, static happens.  Static Gard helps.",
fgk,Hole in the pocket,https://www.amazon.com/gp/customer-reviews/RYLE6KWB2PTFC/ref=cm_cr_getr_d_rvw_ttl?ie=UTF8&ASIN=B0CHPMYGCG,"4.0 "," the United States "," January 3, 2025",Color: TaupeSize: Small Petite,Verified Purchase,The fabric is soft but there is a hole.in the right pocket. I do not have time to return since I need to accommodate a brace post surgery. Rise is too high for my height (5’1”). I had to fold the waist over. Length can be 1/2” shorter. Quality and cut is fair.,
Amazon Customer,love these pants,https://www.amazon.com/gp/customer-reviews/R3SHI8AM5I5LQ6/ref=cm_cr_getr_d_rvw_ttl?ie=UTF8&ASIN=B0CHPMYGCG,"5.0 "," the United States "," January 9, 2025",Color: Dark NavySize: Small Petite,Verified Purchase,"I love these pants. I am short 5'2 and weigh about 135 pounds. I ordered the small, petite. I am going to order a couple more pairs. I prefer the darker colors. I ordered Navy Blue and they are the perfect length for a petite person. Love how they go over the tummy and they are very stylish.",
Jan Taylor,Nice,https://www.amazon.com/gp/customer-reviews/R169R8UP2BF2DJ/ref=cm_cr_getr_d_rvw_ttl?ie=UTF8&ASIN=B0CHPMYGCG,"4.0 "," the United States "," January 15, 2025",Color: BlackSize: Large,Verified Purchase,These are nice. Comfortable and soft material. The style is not what I expected but they work for casual wear nicely which is the reason I don’t give them a 5 star.,
Ana D. Guevara,Best most comfortable yoga pants,https://www.amazon.com/gp/customer-reviews/R205OKIP0056BK/ref=cm_cr_getr_d_rvw_ttl?ie=UTF8&ASIN=B0CHPMYGCG,"5.0 "," the United States "," January 11, 2025",Color: BlackSize: Medium Petite,Verified Purchase,"Although you can wear these pants for a yoga class, I wear them for work as scrub pants. The material is thick but soft. They look good, they keep their shape after being watched many times. I have two pairs in black. Will have to try another colors too.",
kristen27,Long and comfy,https://www.amazon.com/gp/customer-reviews/R11LKEQNE9Q0BX/ref=cm_cr_getr_d_rvw_ttl?ie=UTF8&ASIN=B0CHPMYGCG,"5.0 "," the United States "," January 16, 2025",Color: BlackSize: XX-Large Tall,Verified Purchase,It's not easy to find pants that are long enough so I appreciate the tall option. They are definitely long enough and overall comfortable.  The material is soft and does not attract a lot of lint. They do not fall down easily.,
DS,Great fit and so soft,https://www.amazon.com/gp/customer-reviews/R2EZ2TAW2CEZ4E/ref=cm_cr_getr_d_rvw_ttl?ie=UTF8&ASIN=B0CHPMYGCG,"5.0 "," the United States "," January 9, 2025",Color: Royal BlueSize: Medium,Verified Purchase,"These wide leg pants fit perfectly to size. I got a medium and I’m a size 10. They have a wide leg without looking big and baggy and are super soft and not see through.  I needed a wider leg,  comfortable pants after having a knee replacement, and these are great. I got them in two colors!",
Jonna Lyon,Very comfortable,https://www.amazon.com/gp/customer-reviews/R31CYI63YN6DNI/ref=cm_cr_getr_d_rvw_ttl?ie=UTF8&ASIN=B0CHPMYGCG,"4.0 "," the United States "," January 11, 2025",Color: BlackSize: Medium,Verified Purchase,I was hesitant to purchase these pants. I’m very happy I did. They are extremely comfortable. J haven’t washed them yet but so far they are a great find!,
Nicholas E Wortman,Love these pants!,https://www.amazon.com/gp/customer-reviews/R2AS1WE0NJLKYY/ref=cm_cr_getr_d_rvw_ttl?ie=UTF8&ASIN=B0CHPMYGCG,"5.0 "," the United States "," January 10, 2025",Color: BlackSize: Small Petite,Verified Purchase,"I'm 5' 110ish lbs. I love these pants!! They're so cute and comfy, and I can get away with wearing them to work. With a thick, quality sweater, they look nice enough to pass for work pants. I loved then so much, I bought two, so I could get through the work week.",
Michelle M. Durante,Love these very comfortable pants,https://www.amazon.com/gp/customer-reviews/R1XGPG9VVI6ML9/ref=cm_cr_getr_d_rvw_ttl?ie=UTF8&ASIN=B0CHPMYGCG,"5.0 "," the United States "," January 4, 2025",Color: BlackSize: XX-Large,Verified Purchase,these are very comfortable pants that’s all that’s in. Needs to be said the fit is great and you can exercise in them very well. They I’ve had them for pretty much almost for a year and they filled up pretty well. I have no complaints. I really do like these pants and I absolutely recommend them. Thank you,
Lilah Stiger,Comfortable and easy to move in,https://www.amazon.com/gp/customer-reviews/R349IVJ2EHWF6Y/ref=cm_cr_getr_d_rvw_ttl?ie=UTF8&ASIN=B0CHPMYGCG,"5.0 "," the United States "," January 17, 2025",Color: BlackSize: Large,Verified Purchase,Love these pants! I am an Innkeeper and cook and clean for a B&B. I have a lot of skin sensitivities and these pants are not hot or itchy. Stretchy and surprisingly flattering. Highly recommend,
Mikelartist,Soft and comfy,https://www.amazon.com/gp/customer-reviews/RVTU0Z2HSWF5C/ref=cm_cr_getr_d_rvw_ttl?ie=UTF8&ASIN=B0CHPMYGCG,"4.0 "," the United States "," January 14, 2025",Color: Charcoal HeatherSize: X-Large,Verified Purchase,"Soft with a good fit. Pants length was good for me, but I am 5'4"", so may be short for some.",
sly123321,"Great, ran a little shorter than expected",https://www.amazon.com/gp/customer-reviews/R3IR7HAT5KL9S7/ref=cm_cr_getr_d_rvw_ttl?ie=UTF8&ASIN=B0CHPMYGCG,"4.0 "," the United States "," January 4, 2025",Color: BlackSize: Large Petite,Verified Purchase,"These fit great.  I’m 5’4”, with curves, ~160.  I bought the large and the length was slightly shorter than expected.  Works great with flat sneakers but a little too short for platform sneakers.",
BeachGal,Soft and flattering fit,https://www.amazon.com/gp/customer-reviews/R2BNYKGA14QLU6/ref=cm_cr_getr_d_rvw_ttl?ie=UTF8&ASIN=B0CHPMYGCG,"4.0 "," the United States "," November 28, 2024",Color: BlackSize: X-Small Petite,Verified Purchase,"I ordered size S which is usually my recommended size, but it was a little loose around the hip. Re-ordered in size XS and the fit is perfect, except the length, which I will need to shorten about 2 inches. The fabric thickness is medium. I got the black color, which is very opaque. I can see myself wearing this for lounging around at home, exercising, or for a casual outing, running errands etc... I like that it has pockets for my phone and keys. I like these pants a lot and will be wearing them often.",4
Mida J Haynes,Great look!,https://www.amazon.com/gp/customer-reviews/R2QE6RYBIFAMJO/ref=cm_cr_getr_d_rvw_ttl?ie=UTF8&ASIN=B0CHPMYGCG,"4.0 "," the United States "," January 13, 2025",Color: Deep GreySize: XX-Large,Verified Purchase,These pants fit like a dream. I get a lot of compliments when I wear them.,
Bobi Morrow,Black yoga pants,https://www.amazon.com/gp/customer-reviews/RC6E922EC028E/ref=cm_cr_getr_d_rvw_ttl?ie=UTF8&ASIN=B0CHPMYGCG,"4.0 "," the United States "," January 16, 2025",Color: BlackSize: Medium,Verified Purchase,One pair were fine. Two pair were wrong length.,
Karolyn Jones,Everyday Comfort,https://www.amazon.com/gp/customer-reviews/R3ENS4U8Q5SJ0F/ref=cm_cr_getr_d_rvw_ttl?ie=UTF8&ASIN=B0CHPMYGCG,"5.0 "," the United States "," January 1, 2025",Color: Royal BlueSize: X-Large,Verified Purchase,"I hate leggings for myself as I am very much thicck in behind and thigh. These pants give me the comfort of a legging with a fabric density and looser fit that does not reveal every lump, bump and roll. I'm working up to owning a pair for every day of the week. Wash like a dream and haven't pulled or torn in over a year",
Bill,Perfect fit and comfortable,https://www.amazon.com/gp/customer-reviews/R31DBP9O72UPA0/ref=cm_cr_getr_d_rvw_ttl?ie=UTF8&ASIN=B0CHPMYGCG,"5.0 "," the United States "," January 16, 2025",Color: Deep GreySize: Medium Tall,Verified Purchase,My favorite yoga pants! I like how they fit around the waist but are loose-fitting around the legs. I'm comfortable wearing these shopping and can even golf in them.,
Laura Hopkins Day,Great fit,https://www.amazon.com/gp/customer-reviews/R157W73RQ47XDD/ref=cm_cr_getr_d_rvw_ttl?ie=UTF8&ASIN=B0CHPMYGCG,"5.0 "," the United States "," January 8, 2025",Color: Light KhakiSize: Medium Petite,Verified Purchase,"Love the fabric and material hand of the pants ordered. They lay nice and smooth.  I plan to use them for travel.  They look dressier than yoga pants. I’m 5’3, 140 lbs and ordered medium. They fit perfect.",
RMS,Great petite length,https://www.amazon.com/gp/customer-reviews/R3582CVYYJDGMV/ref=cm_cr_getr_d_rvw_ttl?ie=UTF8&ASIN=B0CHPMYGCG,"5.0 "," the United States "," November 27, 2024",Color: TaupeSize: Large Petite,Verified Purchase,"I’ve searched and searched for yoga pants in a petite length, and these are perfect. I’ve already ordered in two more colors! I’m 5’3” and the petite length hits right on top of my shoes. No shrinkage after washing. Fabric is thin, but not see through, and is just right for spring and fall or around the house in the winter. Pockets are deep enough to hold my phone. The waistband is wide, but like other reviewers mentioned, the very top of the waistband does roll a little bit. I wouldn’t go so far as to say these would pass for dress pants at work since work pants are typically a heavier weight fabric, but they can definitely be dressed up. These are exactly what I need for a day of mixed activities from exercising, running errands, working at my desk, doing household chores, playing with my kid… I can be comfortable doing it all.",5
S Vick,The pants are exactly as advertised,https://www.amazon.com/gp/customer-reviews/R17UVR7ZOMJWWM/ref=cm_cr_getr_d_rvw_ttl?ie=UTF8&ASIN=B0CHPMYGCG,"5.0 "," the United States "," January 8, 2025",Color: BlackSize: Medium Petite,Verified Purchase,Love the pants!!! I’ve lost a significant amount of weight and my legs have extra skin but the pants make my legs look flawless. The little stretch makes them comfortable to wear around the house or out.,
J&C,Versatile and Comfortable,https://www.amazon.com/gp/customer-reviews/R2VNBCTXVOYQF6/ref=cm_cr_getr_d_rvw_ttl?ie=UTF8&ASIN=B0CHPMYGCG,"4.0 "," the United States "," December 5, 2024",Color: BlackSize: Small,Verified Purchase,"I'm 5'4"" and usually wear a size small. These pants fit perfectly. The length is great for petite gals and they're super comfortable. I got them in black and can even dress them up for work with a sweater and sneakers! Giving 4 stars because they have pilled a bit since putting them through the wash a few times. Would recommend and I plan on purchasing other colors.",
Amazon Customer,My favorite yoga pants,https://www.amazon.com/gp/customer-reviews/R2ACX07KKIXH9A/ref=cm_cr_getr_d_rvw_ttl?ie=UTF8&ASIN=B0CHPMYGCG,"5.0 "," the United States "," January 5, 2025",Color: Light KhakiSize: Small Petite,Verified Purchase,"These are thin (not Lulu lemon thin) breathable yoga pants that are fitted through the upper thigh then flair out nicely. I ordered small petite, I am 5.4 130lbs with an inseam 29/30. These fit great and are Incredibly flattering.",
Sooz,Love these pants,https://www.amazon.com/gp/customer-reviews/R1IXKDR2YY5Q2T/ref=cm_cr_getr_d_rvw_ttl?ie=UTF8&ASIN=B0CHPMYGCG,"5.0 "," the United States "," December 26, 2024",Color: BlackSize: X-Large Tall,Verified Purchase,"Love everything about these. The fabric, the fit, the comfort, the pockets, the quality.  I work in an ER and wear these instead of scrub pants.  Even after dropping a whole pant size (and buying a second pair in a smaller size) the larger size can still be worn with ease.  Best clothing item ever purchased from Amazon.  Will keep buying and wearing again and again.",6
K Nicola,I wear them as dress pants!,https://www.amazon.com/gp/customer-reviews/R35K4S4NOCPB1F/ref=cm_cr_getr_d_rvw_ttl?ie=UTF8&ASIN=B0CHPMYGCG,"5.0 "," the United States "," December 28, 2024",Color: BlackSize: Medium,Verified Purchase,"I wish there was a 29” length for my specifications. But they are still great and it is nice they have different inseams. Front pockets are functional, the lack of back pockets make them less dressy but with the coat I wear at work, no one can tell so I wear them as business casual.",
ria8098,"So comfy, great fit",https://www.amazon.com/gp/customer-reviews/R3GJBRWJLCODRW/ref=cm_cr_getr_d_rvw_ttl?ie=UTF8&ASIN=B0CHPMYGCG,"5.0 "," the United States "," December 30, 2024",Color: BlackSize: Small Petite,Verified Purchase,"I love these pants, just bought my second pair. Petite is a smidge shorter than I’d like with sneakers or flats, but would be fine for sandals. Regular length is more my style. I love that these easily go from lounge mode to business casual and always look great.",
Amazon Customer,Like!,https://www.amazon.com/gp/customer-reviews/RG59WJTFW11CX/ref=cm_cr_getr_d_rvw_ttl?ie=UTF8&ASIN=B0CHPMYGCG,"4.0 "," the United States "," December 31, 2024",Color: BlackSize: Large Petite,Verified Purchase,"I’m short but these aren’t too long. They are really soft, flattering, and overall a keeper.",
Christy,"Not ""Sweatpants""",https://www.amazon.com/gp/customer-reviews/R3JRGBU5T5JDSD/ref=cm_cr_getr_d_rvw_ttl?ie=UTF8&ASIN=B0CHPMYGCG,"4.0 "," the United States "," December 26, 2024",Color: Dark CoffeeSize: Large Tall,Verified Purchase,"Love the snug high waist and the really good pockets, but these are not Sweatpants. they are made of the usual yoga type pants fabric.  I was hoping for something warmer.",
JDunn99,Comfy,https://www.amazon.com/gp/customer-reviews/R12HMRSUAM22CS/ref=cm_cr_getr_d_rvw_ttl?ie=UTF8&ASIN=B0CHPMYGCG,"4.0 "," the United States "," December 31, 2024",Color: Grey SageSize: Medium Petite,Verified Purchase,Very light weight material and soft too. They are a little long. The color is accurate as shown.,
HH,Great purchase,https://www.amazon.com/gp/customer-reviews/R1AY7MS3SLQSF9/ref=cm_cr_getr_d_rvw_ttl?ie=UTF8&ASIN=B0CHPMYGCG,"5.0 "," the United States "," December 28, 2024",Color: Dark BurgundySize: Large Petite,Verified Purchase,"I’m always hesitant buying pants online but these were a win. At 5’2 I ordered the petite and they are the perfect length, loving the high waist and the front pockets make them look a little “formal” than standard yoga pants. Plan to order more in a few more colors .",
TS,Love love love these pants,https://www.amazon.com/gp/customer-reviews/R1VVJB1DF4ZFQK/ref=cm_cr_getr_d_rvw_ttl?ie=UTF8&ASIN=B0CHPMYGCG,"5.0 "," the United States "," January 16, 2025",Color: Royal BlueSize: X-Large,Verified Purchase,"They are so comfortable. Just wished they came in a true red color also. Loved these so much, I ordered two more pair.",
Catherine Demumbreum,Love!,https://www.amazon.com/gp/customer-reviews/R3AFR8UV6YM9DF/ref=cm_cr_getr_d_rvw_ttl?ie=UTF8&ASIN=B0CHPMYGCG,"5.0 "," the United States "," January 18, 2025",Color: BlackSize: XX-Large,Verified Purchase,"I could wear these every day! The fit is great, tops doesn’t roll and the pockets are deep. I’ll buy again!",
M.Golus,My FAVORITE pants!,https://www.amazon.com/gp/customer-reviews/R142WGMW3W6QUQ/ref=cm_cr_getr_d_rvw_ttl?ie=UTF8&ASIN=B0CHPMYGCG,"5.0 "," the United States "," January 12, 2025",Color: BlackSize: Medium,Verified Purchase,The reviews said these were great yoga pants and they were RIGHT. These are my favorite pants. Dress down or up - they are so flattering. They are really great!,
JulieC,Love!,https://www.amazon.com/gp/customer-reviews/R37411SP84EZLU/ref=cm_cr_getr_d_rvw_ttl?ie=UTF8&ASIN=B0CHPMYGCG,"5.0 "," the United States "," January 15, 2025",Color: TaupeSize: Medium Tall,Verified Purchase,These are perfect! Love these! I’m tall & bought a very similar pair from Amazon that were much too short.,
Amazon Customer,Very Comfortable,https://www.amazon.com/gp/customer-reviews/R39FG1KE78UPNJ/ref=cm_cr_getr_d_rvw_ttl?ie=UTF8&ASIN=B0CHPMYGCG,"5.0 "," the United States "," January 18, 2025",Color: BlackSize: Large,Verified Purchase,I received these yesterday and I’m wearing them today. Very comfortable and good fit. I would buy other colours.,
Ellen M Hamilton,So comfortable and stylish,https://www.amazon.com/gp/customer-reviews/R2G634KY9Y91FS/ref=cm_cr_getr_d_rvw_ttl?ie=UTF8&ASIN=B0CHPMYGCG,"5.0 "," the United States "," January 11, 2025",Color: Dark CoffeeSize: Medium Petite,Verified Purchase,These pants are perfect for lounging or meeting friends for lunch! They are soft and comfortable but are not “workout” looking clothes. Wash well,
Rebecca Larsen,Love the fit and waistband!,https://www.amazon.com/gp/customer-reviews/R7YMNE0PUD75X/ref=cm_cr_getr_d_rvw_ttl?ie=UTF8&ASIN=B0CHPMYGCG,"5.0 "," the United States "," January 11, 2025",Color: BlackSize: Medium,Verified Purchase,"Perfect for travel, everyday use, or whatever you need. Fabric is lovely, seams in the back are very flattering.",
John G. Cossa,Great,https://www.amazon.com/gp/customer-reviews/R2R6J2B973GFCE/ref=cm_cr_getr_d_rvw_ttl?ie=UTF8&ASIN=B0CHPMYGCG,"5.0 "," the United States "," December 23, 2024",Color: BlackSize: Medium,Verified Purchase,"Bought 4 colors because these pants fit my body so well.  Comes up high and fitted at the waist, fitted at hips, then loosens up to wider  legs. Great for girls with little waists and bigger thighs. Stretchy, but thin and flowy legs. My favorite pants",
Amazon Customer,Petite pants,https://www.amazon.com/gp/customer-reviews/R4P9EAA9MA73E/ref=cm_cr_getr_d_rvw_ttl?ie=UTF8&ASIN=B0CHPMYGCG,"4.0 "," the United States "," December 21, 2024",Color: BlackSize: Medium Petite,Verified Purchase,Pants were a nice weight they were just too long for a petite size.,
Amazon Customer,Yoga pants,https://www.amazon.com/gp/customer-reviews/R285HHDCVVASOM/ref=cm_cr_getr_d_rvw_ttl?ie=UTF8&ASIN=B0CHPMYGCG,"5.0 "," the United States "," January 15, 2025",Color: Dark CoffeeSize: Medium,Verified Purchase,Nice fabric and seasonal color. The did not fit me well. But they have good reviews by others.,
C. Griffin,They fit me perfectly!,https://www.amazon.com/gp/customer-reviews/RWY4A2DIFMSL/ref=cm_cr_getr_d_rvw_ttl?ie=UTF8&ASIN=B0CHPMYGCG,"5.0 "," the United States "," December 22, 2024",Color: BlackSize: X-Large Tall,Verified Purchase,"I am 5'10"". Most women's pants aren't long enough for me to not look like a dork. I never wear yoga pants because they hug my upper outer thighs and look dorky as well. These pants are both long enough and loose enough around the outer upper thighs to look flattering. I LOVE THESE PANTS!",
Amazon Customer,Quality Lounge Pants,https://www.amazon.com/gp/customer-reviews/R1N9A79OKRQDJ7/ref=cm_cr_getr_d_rvw_ttl?ie=UTF8&ASIN=B0CHPMYGCG,"5.0 "," the United States "," January 4, 2025",Color: Dark NavySize: Medium,Verified Purchase,Hard to believe the price given fabric and fit. Purchased in black and dark navy. Wear them on repeat with everything from sweatshirts & sneakers to cute tops & boots. Versatile bargain!,
mags,Soft,https://www.amazon.com/gp/customer-reviews/R23MWBORR2GAW2/ref=cm_cr_getr_d_rvw_ttl?ie=UTF8&ASIN=B0CHPMYGCG,"5.0 "," the United States "," January 11, 2025",Color: BlackSize: X-Large,Verified Purchase,I’ve never liked yoga pants before but I really like these. They are comfortable and very soft,
Chavaughn,Nice,https://www.amazon.com/gp/customer-reviews/R36UR49BYSPO9L/ref=cm_cr_getr_d_rvw_ttl?ie=UTF8&ASIN=B0CHPMYGCG,"5.0 "," the United States "," January 18, 2025",Color: Heather GreySize: Medium,Verified Purchase,You can dress it up you can dress it down. Can’t go wrong with them.,
Theresa,Wonderful fit and feel,https://www.amazon.com/gp/customer-reviews/R2ND37NA0YW8A0/ref=cm_cr_getr_d_rvw_ttl?ie=UTF8&ASIN=B0CHPMYGCG,"5.0 "," the United States "," January 18, 2025",Color: BlackSize: Large,Verified Purchase,These leggings look and feel very high end. The fabric hangs smoothly and doesn’t wrinkle.,
"Indo Era is hands down the best Indian ethnic wear brand being sold on Amazon in the US. Their fit quality color everything is on point.  I hope someone from the brand sees my feedback and chooses to expand the business and options they provide on Amazon, even more. Thanks IndoEra! Feels good to be able to trust a good brand. Please stick to the high standards! 🙏",Love them!,https://www.amazon.com/gp/customer-reviews/R3174R42NR90G7/ref=cm_cr_getr_d_rvw_ttl?ie=UTF8&ASIN=B0CHPMYGCG,"5.0 "," the United States "," January 11, 2025",Color: MochaSize: Medium Petite,Verified Purchase,Love the material fit and the fact that there is a size option for petite and tall. Uncommon in general,
Occasional Customer,Very comfortable -- still too long!,https://www.amazon.com/gp/customer-reviews/R28CJ05EYECY00/ref=cm_cr_getr_d_rvw_ttl?ie=UTF8&ASIN=B0CHPMYGCG,"4.0 "," the United States "," October 2, 2024",Color: BlackSize: XX-Large Petite,Verified Purchase,"I'm proportioned odd!  I have a long torso but short arms and legs.  I cannot buy a long-sleeved shirt or long pants that fit no matter what I do!  I am 5'2"" (I'm shrinking with age) and ordered the petite version of my size.  I still had to shorten the length by just over 4""!  I only wear flat shoes (on doctor's orders) so I had taken that into consideration.  With a little help from my husband to mark the length, it took about 2 hours total to raise the hems and now they're fine!I do like the extra gusset in the inside of the legs down the entire length rather than just in the crotch area.  The style is very much like the flare-pants that were popular about 50 years ago (not bell-bottom, just flared).They are comfortable, stretchy and oh, so soft.",14
JS,Love these pants,https://www.amazon.com/gp/customer-reviews/RA3CI0XZBGMND/ref=cm_cr_getr_d_rvw_ttl?ie=UTF8&ASIN=B0CHPMYGCG,"5.0 "," the United States "," January 4, 2025",Color: BlackSize: X-Large,Verified Purchase,The fit is perfect and the front pockets are superb.  Actually look better than my Athletica pants.  Great value for the money.,
Lisa Riordan,Perfect weight material,https://www.amazon.com/gp/customer-reviews/R2QWJP7G3O9DCV/ref=cm_cr_getr_d_rvw_ttl?ie=UTF8&ASIN=B0CHPMYGCG,"5.0 "," the United States "," January 12, 2025",Color: BlackSize: X-Large,Verified Purchase,I wanted a thin stretchy pant and these are perfect. Exactly what I needed.,
Eve,Great looking pants,https://www.amazon.com/gp/customer-reviews/R2FH918731124Y/ref=cm_cr_getr_d_rvw_ttl?ie=UTF8&ASIN=B0CHPMYGCG,"4.0 "," the United States "," November 11, 2024",Color: BlackSize: Large,Verified Purchase,"I've been searching for a long time for a casual, comfortable but not too thin pair of pants. These definitely fill those qualifications. I also like that they are not skin tight through the legs. My only disappointment is that they can get small pulls in the fabric if you're not careful. They seem a little expensive at $35.99, $10 less would be the sweet spot. I will keep looking for an alternative at a lower price also.",
Rochellda Adderley,Fits perfectly for 5' people!,https://www.amazon.com/gp/customer-reviews/R2EROU0ELSZVJM/ref=cm_cr_getr_d_rvw_ttl?ie=UTF8&ASIN=B0CHPMYGCG,"5.0 "," the United States "," January 18, 2025",Color: BlackSize: Small Petite,Verified Purchase,Excellent work pants! It looks great with heels or flats and is extremely comfortable!,
Wendie M.,Listen to seller's recommendation,https://www.amazon.com/gp/customer-reviews/R39UNICQOPKA2L/ref=cm_cr_getr_d_rvw_ttl?ie=UTF8&ASIN=B0CHPMYGCG,"4.0 "," the United States "," December 15, 2024",Color: BlackSize: Large Petite,Verified Purchase,Seller warned to get a Large not a large petite  - thinking yoga pants would be very long,
Jennifer,Comfortable,https://www.amazon.com/gp/customer-reviews/R3B2W9TYAUDSTW/ref=cm_cr_getr_d_rvw_ttl?ie=UTF8&ASIN=B0CHPMYGCG,"5.0 "," the United States "," January 11, 2025",Color: Dark NavySize: X-Large Petite,Verified Purchase,Most comfortable leggings I've ever owned. Love the flar at bottom,
ron andres,Fit,https://www.amazon.com/gp/customer-reviews/R1IA4E74U29DWV/ref=cm_cr_getr_d_rvw_ttl?ie=UTF8&ASIN=B0CHPMYGCG,"5.0 "," the United States "," January 13, 2025",Color: BlackSize: X-Large,Verified Purchase,"The pants fit real good, best pair I've every ordered",
Ina D.,Great purchase,https://www.amazon.com/gp/customer-reviews/RKY26XPE9N3LL/ref=cm_cr_getr_d_rvw_ttl?ie=UTF8&ASIN=B0CHPMYGCG,"5.0 "," the United States "," January 11, 2025",Color: CameoSize: Small Petite,Verified Purchase,Love the fit and material of these pants.,
DoMo,"Great Pant, But…",https://www.amazon.com/gp/customer-reviews/R1MI4ZVO77H1CW/ref=cm_cr_getr_d_rvw_ttl?ie=UTF8&ASIN=B0CHPMYGCG,"4.0 "," the United States "," October 6, 2024",Color: BlackSize: Small,Verified Purchase,"These fit perfectly and are so comfortable. My only issue was the length.  In the different descriptions, the length actually varies as does the height each length accommodates.  I’m 5’8 1/2” and these are okay barefoot, but when I put on a sandal or athletic shoe, they are too short.  I’ve returned these and ordered a Small Tall.Update:  I ordered two pairs of tall.  One is 32” long,  the other is 33.5” long.  With the regular size, the description shows they are 31” but mine were 30”.  So getting the length you expect is a crap shoot.  Love the pant, but am hesitant to reorder not having consistency with the lengths.",5
Michelle Cummings,Long means long!,https://www.amazon.com/gp/customer-reviews/R2G08OLYRYFPQ1/ref=cm_cr_getr_d_rvw_ttl?ie=UTF8&ASIN=B0CHPMYGCG,"5.0 "," the United States "," January 6, 2025",Color: WhiteSize: Large Tall,Verified Purchase,I love these yoga pants. They fit perfectly and they are long enough for once! I am 5’9 and 165 lbs. good quality also.,
drk,Soo comfortable,https://www.amazon.com/gp/customer-reviews/R1DXFZ8K016Q8Y/ref=cm_cr_getr_d_rvw_ttl?ie=UTF8&ASIN=B0CHPMYGCG,"5.0 "," the United States "," December 8, 2024",Color: BlackSize: Large,Verified Purchase,I am totally embracing the wide leg pants. These are so comfortable. They also have side pockets.  I like the high waist and it feels like there is a little compression to them. I have bought two pairs of black and have washed several times and doesn't appear to be piling. I just ordered a dark forest green. Hopefully it is a dark forest green it did not look that dark in the picture,
Susie G.,Pull on soft yoga pants,https://www.amazon.com/gp/customer-reviews/R16VYI91BUQUMD/ref=cm_cr_getr_d_rvw_ttl?ie=UTF8&ASIN=B0CHPMYGCG,"5.0 "," the United States "," December 24, 2024",Color: Light GreySize: Small Petite,Verified Purchase,These wide leg yoga pants are so comfortable and wash really well without wrinkles. Check the size guide before ordering.  I’m 5‘3“ and the petite size is perfect. It is 2 inches shorter (inseam is 28”)  than the regular size..,
leonard,pocket for large iPhone and very comf,https://www.amazon.com/gp/customer-reviews/R21Q1BR87RSO0V/ref=cm_cr_getr_d_rvw_ttl?ie=UTF8&ASIN=B0CHPMYGCG,"5.0 "," the United States "," January 13, 2025",Color: BlackSize: Medium,Verified Purchase,Loved them,
Erika K Goodman,You NEED these!,https://www.amazon.com/gp/customer-reviews/R1GVF88DAPV5XV/ref=cm_cr_getr_d_rvw_ttl?ie=UTF8&ASIN=B0CHPMYGCG,"5.0 "," the United States "," January 3, 2025",Color: BlackSize: Medium Tall,Verified Purchase,"These yoga pants are so soft, comfortable & can be dressed up or down. I want them in every color!",
Suzanne Bily,So cute and comfortable.,https://www.amazon.com/gp/customer-reviews/R1HWMNZ3V2GELA/ref=cm_cr_getr_d_rvw_ttl?ie=UTF8&ASIN=B0CHPMYGCG,"5.0 "," the United States "," January 6, 2025",Color: BlackSize: X-Small,Verified Purchase,Pockets are great and make your waist look small.  Wider legs which is nice.,
Pam Westwood,So comfortable!,https://www.amazon.com/gp/customer-reviews/R336U9J3KOLGTJ/ref=cm_cr_getr_d_rvw_ttl?ie=UTF8&ASIN=B0CHPMYGCG,"5.0 "," the United States "," December 26, 2024",Color: BlackSize: Large Petite,Verified Purchase,"I love these pants.  They are so comfortable, they fit nicely, I can wear them to yoga or with a nice top to go anywhere.  I highly recommend them.",
kristy tantillo,Very comfy,https://www.amazon.com/gp/customer-reviews/R1UQLQIL1D2I50/ref=cm_cr_getr_d_rvw_ttl?ie=UTF8&ASIN=B0CHPMYGCG,"5.0 "," the United States "," January 7, 2025",Color: TaupeSize: XX-Large,Verified Purchase,"Nice enough to wear to work, comfortable enough for yoga.",
Kindle Customerlynne,LOVE these pants -,https://www.amazon.com/gp/customer-reviews/R2S4PGBWGUMV1S/ref=cm_cr_getr_d_rvw_ttl?ie=UTF8&ASIN=B0CHPMYGCG,"5.0 "," the United States "," December 20, 2024",Color: Light GreySize: X-Large,Verified Purchase,LOVE these - recommended by #midlifeposhcloset - have them in several colors.  They are soft - they work dressed up or dressed down.  High waist - washes up nicely - great quality,
The Pod,I'm addicted to these pants!,https://www.amazon.com/gp/customer-reviews/RQSV1QX9OIE1C/ref=cm_cr_getr_d_rvw_ttl?ie=UTF8&ASIN=B0CHPMYGCG,"5.0 "," the United States "," January 2, 2025",Color: Deep GreySize: X-Large,Verified Purchase,"Super comfy, attractive and wrinkle resistant, these are a great value. I have them in 6 colors now!",
alcat7782,Very comfortable and flattering,https://www.amazon.com/gp/customer-reviews/R3KN87SDKMXH0N/ref=cm_cr_getr_d_rvw_ttl?ie=UTF8&ASIN=B0CHPMYGCG,"5.0 "," the United States "," December 31, 2024",Color: BlackSize: Medium Tall,Verified Purchase,I am 5'8 and about 165 lbs and the medium fits perfectly.  The long size is perfect.,
Elsie Quiles,The cut of the pants,https://www.amazon.com/gp/customer-reviews/R2V5FLOBSRUJUJ/ref=cm_cr_getr_d_rvw_ttl?ie=UTF8&ASIN=B0CHPMYGCG,"5.0 "," the United States "," January 7, 2025",Color: BlackSize: Medium Petite,Verified Purchase,to wear pants were very comfortable gray fit,
Loutre,Yoga pants,https://www.amazon.com/gp/customer-reviews/RH8ES1MXA7PEO/ref=cm_cr_getr_d_rvw_ttl?ie=UTF8&ASIN=B0CHPMYGCG,"5.0 "," the United States "," December 31, 2024",Color: Deep GreySize: Large,Verified Purchase,Order a size smaller. The pants run large. Easy to wash and dry,
GingerCee,So comfortable,https://www.amazon.com/gp/customer-reviews/R2KNOO5FUD2DBV/ref=cm_cr_getr_d_rvw_ttl?ie=UTF8&ASIN=B0CHPMYGCG,"5.0 "," the United States "," January 10, 2025",Color: Deep GreySize: XX-Large,Verified Purchase,These are so soft and comfortable. Highly recommend,
CATHY SMITH,"Love, love, love these pants!",https://www.amazon.com/gp/customer-reviews/R3HM14M2SEVVYX/ref=cm_cr_getr_d_rvw_ttl?ie=UTF8&ASIN=B0CHPMYGCG,"5.0 "," the United States "," December 7, 2024",Color: BlackSize: XX-Large,Verified Purchase,"I recently bought these ""wide-legged"" pants.  Of course, in my day they were called bell bottoms.  lol  Anyway, these are the most comfortable pants I have and the most flattering as I'm a ""full-figured"" woman.  It's hard to find pants that look good on me. but these do.  I highly recommend them.",2
Cher T,Very nice but didn’t work for me,https://www.amazon.com/gp/customer-reviews/R2OCHI66427QHD/ref=cm_cr_getr_d_rvw_ttl?ie=UTF8&ASIN=B0CHPMYGCG,"4.0 "," the United States "," November 10, 2024",Color: Grey SageSize: Small Petite,Verified Purchase,These pants are really well made and very comfortable. But a couple issues for me were that the inseam was too long (I’m 5 ft. and bought the small) and the material was a little more thin than I wanted which made “ripples” in the skin too visible.,2
Wilson Customer,Careful which fabric/color/pattern you choose!,https://www.amazon.com/gp/customer-reviews/R3CHPOQDPR784Q/ref=cm_cr_getr_d_rvw_ttl?ie=UTF8&ASIN=B0CHPMYGCG,"4.0 "," the United States "," October 7, 2024",Color: Heather GreySize: Large,Verified Purchase,"I own these yoga pants in 4 pair of capri length and 1 regular length. For the most part, I LOVE them! That said, I just returned a regular length pair in heather gray--the fabric was totally different than all the other pairs I own--stiff, almost a plasticy texture & smelly. The waist, when compared to the others, was considerably smaller. Also, I own them in the dark coffee (capri length). Fabric is fine but the color is just plain ugly. I kept them anyway they're so comfortable. Clearly, I'm a fan, but these are not inexpensive yoga pants and buyers should be aware that ""results vary.""",5
Steven,Very Satisfied,https://www.amazon.com/gp/customer-reviews/R29MEI7Q7LY0CI/ref=cm_cr_getr_d_rvw_ttl?ie=UTF8&ASIN=B0CHPMYGCG,"5.0 "," the United States "," December 23, 2024",Color: BlackSize: 3X-Large,Verified Purchase,"These pants are exactly what I've been looking for.  The material is soft, very flexible and comfortable. I am buying more in other colors.",
Katherine E. Harding,Love ❤️  these pants!,https://www.amazon.com/gp/customer-reviews/R1ZJXJU2AUPP7P/ref=cm_cr_getr_d_rvw_ttl?ie=UTF8&ASIN=B0CHPMYGCG,"5.0 "," the United States "," December 3, 2024",Color: Light KhakiSize: Large Petite,Verified Purchase,"Just got these today and they are so comfortable. Ultra soft  yet tailored for a really flattering  fit. I am really short,4 ft 10 and curvy got the petite large, the length  is perfect,drapes  beautifully  I can never find wide leg pants that fit me this well. Definitely  buying again.",
Kathy Gray,Fit well,https://www.amazon.com/gp/customer-reviews/R3B0W7TK1YB3BW/ref=cm_cr_getr_d_rvw_ttl?ie=UTF8&ASIN=B0CHPMYGCG,"4.0 "," the United States "," December 2, 2024",Color: BlackSize: X-Large,Verified Purchase,They fit well and are comfortable. I like the high waist as well.,
sheila shea,Very flattering and comfy!,https://www.amazon.com/gp/customer-reviews/R14W50UXPJW3YQ/ref=cm_cr_getr_d_rvw_ttl?ie=UTF8&ASIN=B0CHPMYGCG,"4.0 "," the United States "," November 24, 2024",Color: BlackSize: Small,Verified Purchase,Fit is great and silky soft pants. Good length. Really can be dressed up or down. Very strange smell upon opening and hope will wash away.,
