﻿评论用户,评论概述,评论链接,星级评分,评论地点,评论时间,类型,是否购买,评论详情,觉得该评论有帮助的人数
Amazon Customer,Again and again!!,https://www.amazon.com/gp/customer-reviews/RNJK745S9LV25/ref=cm_cr_arp_d_rvw_ttl?ie=UTF8&ASIN=B09M8KR73Z,"5.0 "," the United States "," June 3, 2022",Size: SmallColor: #2-peacock Navy,Verified Purchase,"Amazed by the quality!! The material is buttery soft, stretchy and not see-thru. I order my normal size and they fit me perfect!! Really love the runched design on the butt, it separate the cheeks invisibly and make it pop and the runch just feels like the GYMSHARK WHITNEY leggings!! Best fall fashion in 2022!!",25
Belinda B.,Adorable !!,https://www.amazon.com/gp/customer-reviews/R2TQFRRZDL5VY8/ref=cm_cr_arp_d_rvw_ttl?ie=UTF8&ASIN=B09M8KR73Z,"5.0 "," the United States "," March 18, 2023",,Verified Purchase,"Love this set! Comfortable, pretty colors. I do Ashtanga which is pretty vigorous & this works well. Soft, not sheer, and the fit is pretty accurate. I'm 5'2&1/2 & weigh 130 lbs. It's comfortable & I like my fitness clothes fairly snug, or it just gets in the way.  Don't really care about the butt ruching 😂 , but it doesn't bother me. Reasonable price. 💙",2
JordanM,"Great material, but if you’re in between sizes it’s a strange fit",https://www.amazon.com/gp/customer-reviews/R113C9QUEH6ZLE/ref=cm_cr_arp_d_rvw_ttl?ie=UTF8&ASIN=B09M8KR73Z,"4.0 "," the United States "," December 12, 2023",,Verified Purchase,"Fabric is really amazing & buttery soft. On a scale from soft and not buttery (1) at sweatpants level and buttery & soft 10 at LuLu Lemon level, these are between 8-9.  The cut is super cute in the shirt. I bought both these in medium and small to test out and I’m still not 100% happy with the bottoms. For the smalls, the butt scrunch looked great - not baggy and not noticeable - looked real. However the smalls were a little too snug for my liking - like if I wore them too long sitting I might get a belly ache from them. However they fit well everywhere else and the butt looked the best.  For the mediums the fit in the stomach felt great - like there was room to breathe and grow, and it didn’t hurt or feel uncomfortable when sitting. However, the butt scrunch looked like a TOTAL joke 😅 way too baggy, super noticeable, and not something I’d feel comfortable wearing out.  If I could get the waist size in the medium, with the booty of the small, then these would be perfect. Alas, I ended up keeping the small (hoping that as I get more fit in the mid section they feel better) because they were the ones I’d feel most comfortable leaving the house in, look wise.  Hope this helps anyone looking. If you’re in between sizes, buy both and rerun the one you don’t need. It’s too much of a guessing game with the fit of the fabric.",
tt,Best Athletic Set Ever,https://www.amazon.com/gp/customer-reviews/RVRT8T04N9SRE/ref=cm_cr_arp_d_rvw_ttl?ie=UTF8&ASIN=B09M8KR73Z,"5.0 "," the United States "," January 16, 2024",,Verified Purchase,This is the perfect athletic set. Extremely flattering and flexible! Great for the fitness freaks and athleisure babes. The material is insanely soft and durable.,2
Weymouth MA,Weird fit,https://www.amazon.com/gp/customer-reviews/R2JEZ2522I9CLL/ref=cm_cr_arp_d_rvw_ttl?ie=UTF8&ASIN=B09M8KR73Z,"3.0 "," the United States "," July 28, 2022",Size: LargeColor: #2-volcano Ash,Verified Purchase,"I’m 5’9, 130lb. I ordered a large because I don’t like when things are too tight to feel good in, and a lot of the workout sets i order off amazon are more like Chinese sizes than American. Normally when I order workout clothes on amazon the larges surprisingly fit even though I’m not an over weight person. This one though was just way too big. The sleeves on the arms flared out because of how big it was and it was super loose on my torso…which typically I don’t even mind. What really bothered me was how short the actual top was…it fit more like a bra than a shirt. I tried it on with a sports bra underneath and the top was so short that you could visibly see my bra underneath. Sizes/proportions of the top are just really odd. Large bottoms were big too as the crotch was super baggy and gave me bad camel toe but it seemed like it would’ve done that even with the medium for the proportions again are just weirdly made. Honest review.",
Amazon Customer,Well worth it!,https://www.amazon.com/gp/customer-reviews/R3JJ6CPIFV7L4V/ref=cm_cr_arp_d_rvw_ttl?ie=UTF8&ASIN=B09M8KR73Z,"5.0 "," the United States "," November 10, 2022",Size: LargeColor: #2-black,Verified Purchase,"I’m really happy with this set for many of reasons. Light weight material that is buttery soft! Form fitting and flattering without being too tight or feeling squished. I have long legs (I’m 5’7) and thicker thighs (around 165 pounds) and Ive always had a problem with biker shorts riding up or just squeezing my thighs where the short ends. I got a LARGE. These don’t do that! The butt scrunch isn’t too much either to where it just feels like a wedgy lol (I’m not a fan of butt scrunch bottoms) Now up top, I’m quite flat so I was worried the large top would look baggy but it doesn’t. But it’s not too tight either. To me it’s perfect, but I believe would be tight on someone who’s more blessed with a bigger chest! Will be ordering in other colors!",5
Caryn,Not as described,https://www.amazon.com/gp/customer-reviews/R1NOP8NT5ZLAHH/ref=cm_cr_arp_d_rvw_ttl?ie=UTF8&ASIN=B09M8KR73Z,"1.0 "," the United States "," December 28, 2024",Size: SmallColor: #2-black,Verified Purchase,This keeps coming with only a shirt! I have reordered 2x and the shorts are never in the bag!,
KayGee,Hidden Secret,https://www.amazon.com/gp/customer-reviews/R11VD31QC9KX98/ref=cm_cr_arp_d_rvw_ttl?ie=UTF8&ASIN=B09M8KR73Z,"5.0 "," the United States "," March 11, 2023",,Verified Purchase,"Nice, quality set. The scrunch doesn’t scrunch must in the butt area though. Ordered a XS, 5’, 117 Lbs, snug fit but still comfortable. Will order again but a size small. Not see through, can use for working out. The V cut isn’t as noticeable as the picture but comes out to be a nice, small detail.",
Hayanickel,Affordable and Flattering,https://www.amazon.com/gp/customer-reviews/R2IY3G0FLAQN7R/ref=cm_cr_arp_d_rvw_ttl?ie=UTF8&ASIN=B09M8KR73Z,"4.0 "," the United States "," April 2, 2023",Size: SmallColor: #1-long Volcano Ash,Verified Purchase,Very nice work out set! I ordered the long and short set in the grey because sometimes I like to wear the long pants with the short sleeve shirt. I'm 5'2 126 lbs and I am wearing a small in the pictures. I also ordered the black in a medium because I feel like the small is kind of tight but the medium is too big on me. The medium fits better at first but stretches out during my work out. The top in the medium is also very loose on the bottom band. I posted pics in different lighting so you guys can see what the color really looks like. The locker room pic is the most accurate for the color because I am using ring light for the others. My only complaint is that the arm holes are tight but I have big arms so that might be a personal problem lol.,7
Quinn,Perfect fit,https://www.amazon.com/gp/customer-reviews/R1J0TZLQBXNRPF/ref=cm_cr_arp_d_rvw_ttl?ie=UTF8&ASIN=B09M8KR73Z,"5.0 "," the United States "," October 14, 2024",,Verified Purchase,Not front seem and perfect length. I’m 5’6,
03801,pretty good leggings,https://www.amazon.com/gp/customer-reviews/R2LJ1KFXZHOX50/ref=cm_cr_getr_d_rvw_ttl?ie=UTF8&ASIN=B09M8KR73Z,"4.0 "," the United States "," February 25, 2023",,Verified Purchase,"I like that these are very high waisted. Also, I have very wide hips and a very small waist so they fit that curvy body shape well. The waist on the leggings is very tight, which I like, so the leggings don't fall down. If you have a straighter shape then they may feel too tight at the waist. The color is nice, too. The only thing I don't like is that although they are not see-through, they do show the pantyline really easily, even if you wear super thin synthetic underwear that supposedly never shows a pantyline. The only underwear you can really wear with these is a thong.",
Maria,I’d buy again,https://www.amazon.com/gp/customer-reviews/R2K3UBM6E7S144/ref=cm_cr_getr_d_rvw_ttl?ie=UTF8&ASIN=B09M8KR73Z,"4.0 "," the United States "," April 9, 2023",Size: X-LargeColor: #1-long Volcano Ash,Verified Purchase,I measured from my navel 40” and 51 “ hips/buttocks my thighs are 31” Good for gym workout outs but if you sweat heavily it does seep through I never sweated through clothes before but this material is thinner than anything  I’ve bought before. Nice soft to touch and and so far not weirdly not  see through. I’ve tested pants with no underwear and everyone said they don’t see anything. Don’t use pants for running it’s slips down better use for  gym and yoga only.  The shirt is nice feels not tight for me but my arms measure at 13.75” .,2
Brandy,Almost doesn't fit,https://www.amazon.com/gp/customer-reviews/RD0VA0VMPYP98/ref=cm_cr_getr_d_rvw_ttl?ie=UTF8&ASIN=B09M8KR73Z,"4.0 "," the United States "," December 1, 2022",Size: LargeColor: #1-long Hot Chocolate,Verified Purchase,"The color is off, hard to tell in pictures but the Chocolate color looks more faded like a burgundy and comes off purplish. This didn't bother me. What did kind of bother me was that it fits snugger than I thought and I had already sized up. Maybe I'm just bigger than I think I am and that's okay cos I plan to lose weight. I guess the real downside is there's no pockets at all. Other than that I think it would be a super flattering fit if I had a different body shape.",2
Do not buy this. VERY CHEAP MATERIAL. DOES NOT LOOK LIKE THE PICTURE AT ALL,So cute..but I got the wrong size,https://www.amazon.com/gp/customer-reviews/R3PHTQZE58FREC/ref=cm_cr_getr_d_rvw_ttl?ie=UTF8&ASIN=B09M8KR73Z,"4.0 "," the United States "," April 11, 2023",Size: X-LargeColor: #1-long Ablack,Verified Purchase,I really liked this outfit.. I got an extra large  because of the top part..I was surprised by the fabric. It's not like other sets. It's not stretchy so I unusually get a med to large.  I went up 2x because I of my cup size.. the pants were to big..im sending it back only because it does not fit me .. but it's cute and if you get the rt size then you will love it..,
Kioller,"First one had color issue, replacement perfect",https://www.amazon.com/gp/customer-reviews/R1V6LTQW4XP0CU/ref=cm_cr_getr_d_rvw_ttl?ie=UTF8&ASIN=B09M8KR73Z,"4.0 "," the United States "," October 26, 2022",,Verified Purchase,The first pair I got in black had what looked like a seam in the front but was actually just to much dye in a line down the middle. Replacement pair was perfect and the girlfriend has found her new favorite. She said it stayed in place in the gym no ride up and the 3 tier waste band was terrific. Going to have to try a few more colors for sure! Thanks for this great product even if the first one was a miss.,
M,Cute for the price,https://www.amazon.com/gp/customer-reviews/ROR7VGH5Z042A/ref=cm_cr_getr_d_rvw_ttl?ie=UTF8&ASIN=B09M8KR73Z,"4.0 "," the United States "," September 16, 2023",,Verified Purchase,These are really cute and comfortable! The scrunch part on the booty could use a little work but that’s my only critique really. Not see through in the dark red color,
Alisha Morgan,On the small side,https://www.amazon.com/gp/customer-reviews/R1LL4AIZHQ9GQN/ref=cm_cr_getr_d_rvw_ttl?ie=UTF8&ASIN=B09M8KR73Z,"4.0 "," the United States "," July 18, 2023",,Verified Purchase,"Cute set, I thought this would be like a cotton lounge material but this is a good quality athletic moisture wicking material. Would recommend sizing up - overall a little small. Personally don't understand the elastic booty seam. I feel like it's unnecessary.",
Victorya,No butt scrunch,https://www.amazon.com/gp/customer-reviews/R1TZQJ5SUC6VVA/ref=cm_cr_getr_d_rvw_ttl?ie=UTF8&ASIN=B09M8KR73Z,"3.0 "," the United States "," March 28, 2024",,Verified Purchase,"Not sure about the material, also adversis a butt scrunch but there barely one and it is too high",
Des,very comfy and squat proof!,https://www.amazon.com/gp/customer-reviews/R3BCDF36KP12CI/ref=cm_cr_getr_d_rvw_ttl?ie=UTF8&ASIN=B09M8KR73Z,"4.0 "," the United States "," October 24, 2022",Size: MediumColor: #2-black,Verified Purchase,"This set is cute and flattering! Very stretchy and true to size forsure, I sized you since I don’t like my leggings digging in at all but I could have gotten true to size. The only reason I would give 4/5 is that after the third where they developed little balls on the leggings, other than that, very good quality",
Wonderk13,I like the material,https://www.amazon.com/gp/customer-reviews/R231S5FZFCLF20/ref=cm_cr_getr_d_rvw_ttl?ie=UTF8&ASIN=B09M8KR73Z,"5.0 "," the United States "," April 29, 2023",Size: LargeColor: #2-black,Verified Purchase,The set it’s super nice. The only thing it’s that the shirt was a little bit tight for me because I have more bread and I think I would be like large on the top and medium at the bottom. But it’s comes all same size that you order. Like if you want large top and medium bottom you can’t. So it’s the only downfall. Other that that I love it.,
O_A,Nice leggings but tight,https://www.amazon.com/gp/customer-reviews/RIS5VA22FR9ZU/ref=cm_cr_getr_d_rvw_ttl?ie=UTF8&ASIN=B09M8KR73Z,"4.0 "," the United States "," November 15, 2022",,Verified Purchase,"Overall good for the price . Good quality , squatproof and nice fit. I knocked off one star because it was too tight at the top waist are which caused it to roll down ( Im a true small , medium would’ve been too loose waist down)",
Yuri,Great!,https://www.amazon.com/gp/customer-reviews/R1LQ8PX0GXTKO3/ref=cm_cr_getr_d_rvw_ttl?ie=UTF8&ASIN=B09M8KR73Z,"4.0 "," the United States "," February 13, 2023",Size: SmallColor: #1-long Volcano Ash,Verified Purchase,"I love the material of this set. The only negative thing I can say is that it’s not thick, so I feel kind of iffy squatting in the leggings. I have the black and blue set.",3
Kayla,"Comfortable, soft, squat proof, stretchy",https://www.amazon.com/gp/customer-reviews/R2VGRVNPB9IQTE/ref=cm_cr_getr_d_rvw_ttl?ie=UTF8&ASIN=B09M8KR73Z,"5.0 "," the United States "," March 24, 2024",Size: LargeColor: #1-long Hot Chocolate,Verified Purchase,Love this set. The color is a little of from the picture but super soft material and comfortable,
miranda,Better than HALARA!,https://www.amazon.com/gp/customer-reviews/ROJUWF4IKU9RE/ref=cm_cr_getr_d_rvw_ttl?ie=UTF8&ASIN=B09M8KR73Z,"5.0 "," the United States "," March 12, 2023",,Verified Purchase,"I bought the Halara pet hair resistant leggings after all the ads awhile ago. Lots of pilling on high friction areas and they slide down so I’m constantly pulling them up. These ones do not slide, the quality is better, they deflect pet hair, and they have the little rouching detail on the butt. Only downside is no pockets but that’s ok. Would recommend!!",
Bethanni,Great set,https://www.amazon.com/gp/customer-reviews/RI7EO6BNR3CIE/ref=cm_cr_getr_d_rvw_ttl?ie=UTF8&ASIN=B09M8KR73Z,"5.0 "," the United States "," December 29, 2023",Size: LargeColor: #1-long Hot Chocolate,Verified Purchase,I ordered the long sleeve set in chocolate. It is more of a purple than a chocolate color but overall the quality and fit are really nice. Will be ordering other colors,
joel bennett,So soft!,https://www.amazon.com/gp/customer-reviews/R2QT37UVZGGUZO/ref=cm_cr_getr_d_rvw_ttl?ie=UTF8&ASIN=B09M8KR73Z,"4.0 "," the United States "," December 27, 2022",,Verified Purchase,I loved this and the color was excellent! I am how ever a smaller women so the pants didn’t fit the way I wanted but I’m in love with the top!,
isabella,NOT sweat proof,https://www.amazon.com/gp/customer-reviews/R2A8KUZJVSB5AS/ref=cm_cr_getr_d_rvw_ttl?ie=UTF8&ASIN=B09M8KR73Z,"3.0 "," the United States "," September 29, 2023",,Verified Purchase,i got the green color and loved the fit/feel of the material but girllllll every drop of sweat was shown through this thing lmao. will probably still wear as lounge wear for errands and stuff but definitely not the gym again,
Michelle,Cloths,https://www.amazon.com/gp/customer-reviews/R1Z0A1WZAYPRMJ/ref=cm_cr_getr_d_rvw_ttl?ie=UTF8&ASIN=B09M8KR73Z,"4.0 "," the United States "," June 7, 2023",,Verified Purchase,I got a medium but it was a little big! It’s very stretchy!,
ashlynne,Love!!,https://www.amazon.com/gp/customer-reviews/R3B357Y8PHG5G8/ref=cm_cr_getr_d_rvw_ttl?ie=UTF8&ASIN=B09M8KR73Z,"5.0 "," the United States "," January 1, 2023",,Verified Purchase,"This set is sooo flattering and the material is so soft, stretchy, and comfortable!! Only negative thing I have to say is the top is not supportive of boobs at all, and my nips show through it haha so I will have to wear a sports bra under it. Other than that it’s amazing & I love the color!",13
Mariah Reyes,Buttery material.,https://www.amazon.com/gp/customer-reviews/R235CYZ5SM1Q56/ref=cm_cr_getr_d_rvw_ttl?ie=UTF8&ASIN=B09M8KR73Z,"4.0 "," the United States "," December 7, 2022",,Verified Purchase,"Nice material. Size down for the top, the waist part was a little loose and left like it would pop up during a workout.",
Karen A Gibson,Ok,https://www.amazon.com/gp/customer-reviews/R1UTHY1891QCGQ/ref=cm_cr_getr_d_rvw_ttl?ie=UTF8&ASIN=B09M8KR73Z,"4.0 "," the United States "," January 3, 2023",Size: MediumColor: #2-rust Red,Verified Purchase,"Short top rolls down and short legs roll up during exercise. Fits snug, stretchy and comfortable. Thin fabric kept me cool.",
Shelby sims,Comfy/cute,https://www.amazon.com/gp/customer-reviews/R1KT0P7XXIG6LT/ref=cm_cr_getr_d_rvw_ttl?ie=UTF8&ASIN=B09M8KR73Z,"4.0 "," the United States "," April 9, 2023",,Verified Purchase,Love this set- top is just a little shorter then expected,5
Adri,Good soft material,https://www.amazon.com/gp/customer-reviews/R2FF20NDWP9R5/ref=cm_cr_getr_d_rvw_ttl?ie=UTF8&ASIN=B09M8KR73Z,"5.0 "," the United States "," April 11, 2024",,Verified Purchase,It looks amazing!,
Erika,LOVE,https://www.amazon.com/gp/customer-reviews/R1UGYAQAXN1NAA/ref=cm_cr_getr_d_rvw_ttl?ie=UTF8&ASIN=B09M8KR73Z,"5.0 "," the United States "," February 12, 2024",,Verified Purchase,Definitely true to size . Bought it in two colors :),
bri,worth the buy!!,https://www.amazon.com/gp/customer-reviews/R1VP099PD92MAX/ref=cm_cr_getr_d_rvw_ttl?ie=UTF8&ASIN=B09M8KR73Z,"4.0 "," the United States "," July 15, 2022",,Verified Purchase,Loved the leggings. Thick breathable material and has a great waist band. It is not too tight to where it gives a muffin top. At a perfect measure. I got a small.,
Dee,So Cute,https://www.amazon.com/gp/customer-reviews/R15CAAOLRCO178/ref=cm_cr_getr_d_rvw_ttl?ie=UTF8&ASIN=B09M8KR73Z,"5.0 "," the United States "," September 25, 2022",Size: SmallColor: #1-long Hot Chocolate,Verified Purchase,I wasn't sure in between a S and  M but the medium was loose fitting around where my shoulders meet my arms as well as the shirt hem around the bust was looser. It’s true to size so if you aren’t sure I would go down to the smaller size. I have this in 4 colors now. So cute!!!,
Elizabeth Villafana,Super cute and comfortable,https://www.amazon.com/gp/customer-reviews/R2J55VMGZ264N/ref=cm_cr_getr_d_rvw_ttl?ie=UTF8&ASIN=B09M8KR73Z,"4.0 "," the United States "," January 29, 2023",,Verified Purchase,"Silky soft feeling, good stretch, beautiful color, fit as expected, squat proof.",
Sara,I’m getting it in every color.,https://www.amazon.com/gp/customer-reviews/R1X5L7HM6OO2L2/ref=cm_cr_getr_d_rvw_ttl?ie=UTF8&ASIN=B09M8KR73Z,"5.0 "," the United States "," October 14, 2022",,Verified Purchase,The quality is fantastic. I am usually a Small but I hate when my waist sits overs the band so for comfort reasons I got a M and it was perfect. I might get a small next time just to see the difference but I can’t say enough good things about this set and for the price!!,10
Kailan Hoerl,Real gym tested,https://www.amazon.com/gp/customer-reviews/RV8BAT05Y8S2P/ref=cm_cr_getr_d_rvw_ttl?ie=UTF8&ASIN=B09M8KR73Z,"5.0 "," the United States "," December 23, 2022",,Verified Purchase,"Love this set! Material is thick and super soft. I was afraid with the softness it wouldnt be like compression leggings and show imperfections, but it is very flattering, also flattering waist band shape.  I'm an former bodybuilder and these pass the true gym test and the cute test!",
Amazon Customer,Love it!!❤️❤️,https://www.amazon.com/gp/customer-reviews/R2ALPOKL2ERTVB/ref=cm_cr_getr_d_rvw_ttl?ie=UTF8&ASIN=B09M8KR73Z,"5.0 "," the United States "," May 6, 2023",,Verified Purchase,"Looks really really nice! No tint of green or anything just a dark brown! Little darker than the picture, I thought they were black before I took them out of the package but they’re so pretty!",
ANONYMOUS,odd fit,https://www.amazon.com/gp/customer-reviews/R1UU5GUVUUGEOQ/ref=cm_cr_getr_d_rvw_ttl?ie=UTF8&ASIN=B09M8KR73Z,"3.0 "," the United States "," December 27, 2022",Size: MediumColor: #2-peacock Navy,Verified Purchase,"this workout 2 piece is great in quality, color & very flattering but the fit is so weird. i tried both the small & medium, the bottoms were fine in both but the top was uncomfortable & odd fitting. I am 5'2 128lbs",
Aaliyah,Weird sizing,https://www.amazon.com/gp/customer-reviews/R1ZWOTTTY496E2/ref=cm_cr_getr_d_rvw_ttl?ie=UTF8&ASIN=B09M8KR73Z,"5.0 "," the United States "," October 12, 2022",,Verified Purchase,So I bought the chocolate in a medium as they were out of large and the coffee in a large to see which would fit better. The coffee (L) was extremely tight and uncomfortable but the chocolate (m) was amazing and fit great and was squat proof!,
Amazon Customer,Excellent leggings,https://www.amazon.com/gp/customer-reviews/R2Y52OWHZ4673S/ref=cm_cr_getr_d_rvw_ttl?ie=UTF8&ASIN=B09M8KR73Z,"5.0 "," the United States "," November 7, 2022",,Verified Purchase,"I have many, many leggings and these are my favorite. Very comfortable, fit perfectly, the high waist is not too high to the point where it’s uncomfortable. The scrunch butt is very subtle. I love these so much that I bought 2 more pairs",
Jackiechan334,Worth it,https://www.amazon.com/gp/customer-reviews/RR9UVAC0E4LJG/ref=cm_cr_getr_d_rvw_ttl?ie=UTF8&ASIN=B09M8KR73Z,"5.0 "," the United States "," June 1, 2023",Size: SmallColor: #1-long Volcano Ash,Verified Purchase,Honestly such a good fit and quality. It’s very flattering and has a buttery texture. Feels more high end than most Amazon work out sets! Fits true to size,
Lindsey Hartman,love it!,https://www.amazon.com/gp/customer-reviews/R2W1PYQAWXY710/ref=cm_cr_getr_d_rvw_ttl?ie=UTF8&ASIN=B09M8KR73Z,"5.0 "," the United States "," July 21, 2022",Size: SmallColor: #2-hot Chocolate,Verified Purchase,"I love this! it fits so well, although I am a little bit more on the petite side with small shoulders and smaller chest so maybe size up if you don’t have those features! Haven’t lifted in it yet but it’s a dark enough color that it should be good!",
Britt,Runs a bit small,https://www.amazon.com/gp/customer-reviews/R1JMD48897L7HL/ref=cm_cr_getr_d_rvw_ttl?ie=UTF8&ASIN=B09M8KR73Z,"3.0 "," the United States "," June 4, 2022",,Verified Purchase,Super soft & comfy but the large fit more like a medium. I could’ve sized up. I’ll still wear them bc I don’t mind them being a little snug. Very short on me. Might have something to do with being a bit small though. If I buy another set I’ll be sizing up.,
Bridget,most perfect shirt/short gym set ever!,https://www.amazon.com/gp/customer-reviews/R2S2XRYAP44IAG/ref=cm_cr_getr_d_rvw_ttl?ie=UTF8&ASIN=B09M8KR73Z,"5.0 "," the United States "," October 10, 2022",Size: SmallColor: #2-peacock Navy,Verified Purchase,this is the most comfortable and flattering gym set i’ve ever bought!!! it’s so cute and i’m definitely gonna get this in every color. there’s also a small pocket in the back which is handy for airpods or chapstick while at the gym.,
Melissa,"Don't order the greyish white, bc it's white!",https://www.amazon.com/gp/customer-reviews/R3KM6HJ0P37PHG/ref=cm_cr_getr_d_rvw_ttl?ie=UTF8&ASIN=B09M8KR73Z,"2.0 "," the United States "," January 31, 2023",,Verified Purchase,"The greyish white was represented so nicely in the photos, but it is completely off! It's white as snow! Sadly disappointed bc that was my fave color out of all the selections. It is buttery soft though. Just be aware the colors may be off!  Also looking at the new set closely, it has some stains... So it's been worn! Eew! I'm going to give it one more try & re-order in another color. Hoping for a better experience. If it is I'll update my review!",
Aer,The material is amazing!,https://www.amazon.com/gp/customer-reviews/R8CM4XYI2Q8KZ/ref=cm_cr_getr_d_rvw_ttl?ie=UTF8&ASIN=B09M8KR73Z,"5.0 "," the United States "," January 23, 2023",,Verified Purchase,"I’m 5’4 135lbs and ordered a size S. Absolutely shocked by this set! Comparable to Aerie and LuLu quality for half the price. Both top and bottom are buttery smooth, stretchy and just overall amazing!",7
mary,LOVE IT !,https://www.amazon.com/gp/customer-reviews/RSFXU44SLAJLH/ref=cm_cr_getr_d_rvw_ttl?ie=UTF8&ASIN=B09M8KR73Z,"5.0 "," the United States "," April 3, 2023",,Verified Purchase,"Super comfy, pops booty out, squat proof & material quality is great ! & I’m 4’11 & 194 pounds but I fit MEDIUM. Keeps it tight & Right !",
Natalie,Great set,https://www.amazon.com/gp/customer-reviews/R2K95M096GNKZ8/ref=cm_cr_getr_d_rvw_ttl?ie=UTF8&ASIN=B09M8KR73Z,"5.0 "," the United States "," December 5, 2022",Size: SmallColor: #1-long Opera Mauve,Verified Purchase,I’m 5ft 125lbs petite frame. I got a size small and it fit really nice. The color was as pictured and the material was butter skin smooth. Not cheap or see through. Definitely give a snatched look.,4
DW,So cute!,https://www.amazon.com/gp/customer-reviews/R2KR1MDZDVHGRY/ref=cm_cr_getr_d_rvw_ttl?ie=UTF8&ASIN=B09M8KR73Z,"5.0 "," the United States "," February 4, 2023",,Verified Purchase,"Super comfortable, light weight, true to color & size. Only weird thing is the armpit size but honestly doesn’t bother me much at all. I absolutely love this set.",2
Amazon Customer,"It’s nice but not for the price, leggings fall down from your waist when working out",https://www.amazon.com/gp/customer-reviews/R36G9P51XUCEDH/ref=cm_cr_getr_d_rvw_ttl?ie=UTF8&ASIN=B09M8KR73Z,"3.0 "," the United States "," March 30, 2023",,Verified Purchase,"It’s nice but not for the price, leggings fall down from your waist when working out",
Linda,You need it,https://www.amazon.com/gp/customer-reviews/R1UM9M9A5SXYWL/ref=cm_cr_getr_d_rvw_ttl?ie=UTF8&ASIN=B09M8KR73Z,"5.0 "," the United States "," May 30, 2023",Size: X-LargeColor: #1-long Hot Chocolate,Verified Purchase,This set is perfect it’s soft and buttery smooths out all of your imperfections highly recommend it’s so comfortable,
Sophia Ruiz,"Comfy, cute, & sporty",https://www.amazon.com/gp/customer-reviews/RRQC04EW2JVAZ/ref=cm_cr_getr_d_rvw_ttl?ie=UTF8&ASIN=B09M8KR73Z,"5.0 "," the United States "," April 27, 2023",,Verified Purchase,I am absolutely in love with this workout set. And the color is amazing! The fabric is soft and breathable. 10/10!,2
Leah Wilson,LOVEEE,https://www.amazon.com/gp/customer-reviews/R3T7ZUJV62H8L8/ref=cm_cr_getr_d_rvw_ttl?ie=UTF8&ASIN=B09M8KR73Z,"5.0 "," the United States "," March 13, 2023",,Verified Purchase,This workout set is perfect! It’s super flattering and breathable! Fits as expected too. I got a medium and am 5’2” and 135 pounds.,
Josiah,Super flattering!,https://www.amazon.com/gp/customer-reviews/R1QUCIXG1VLGP/ref=cm_cr_getr_d_rvw_ttl?ie=UTF8&ASIN=B09M8KR73Z,"5.0 "," the United States "," February 1, 2023",,Verified Purchase,Super adorable and high quality active wear set. Material seems great for sweating and the set is very flattering! I ordered and XS. Definitely recommend!,
Amy Chen,Softest Workout Set I own,https://www.amazon.com/gp/customer-reviews/R3UR6YRUDLXYB2/ref=cm_cr_getr_d_rvw_ttl?ie=UTF8&ASIN=B09M8KR73Z,"5.0 "," the United States "," December 3, 2022",Size: MediumColor: #2-black,Verified Purchase,I ended up purchasing a second pair because of how soft the material is!! It's super smooth on my skin and feels so good working out in this set,
Kristy,Buttery soft fabric,https://www.amazon.com/gp/customer-reviews/R2UMRLBBQ098OZ/ref=cm_cr_getr_d_rvw_ttl?ie=UTF8&ASIN=B09M8KR73Z,"5.0 "," the United States "," November 2, 2022",,Verified Purchase,"Very comfortable and cute active set. Fits my body like a glove. Ordered 3 different colors, and I’ll probably end up getting all. Love how I look in this set",
Amazon Customer,Amazing fit and colour,https://www.amazon.com/gp/customer-reviews/R1EMZIOPZXAN7G/ref=cm_cr_getr_d_rvw_ttl?ie=UTF8&ASIN=B09M8KR73Z,"5.0 "," the United States "," May 21, 2023",,Verified Purchase,Amazing fit and colour. Size normal I am S/M and it fits like M,
V,Amazing,https://www.amazon.com/gp/customer-reviews/RQWUAI60PGTL8/ref=cm_cr_getr_d_rvw_ttl?ie=UTF8&ASIN=B09M8KR73Z,"5.0 "," the United States "," January 22, 2023",Size: X-LargeColor: #1-long Ablack,Verified Purchase,This is the best workout set that I’ve ever gotten so soft fits my short legs and makes everything look nice and snatched,4
Eric,"Cute, but not functional",https://www.amazon.com/gp/customer-reviews/RCL181JWB19N0/ref=cm_cr_getr_d_rvw_ttl?ie=UTF8&ASIN=B09M8KR73Z,"2.0 "," the United States "," January 8, 2023",,Verified Purchase,"This looks really cute for hanging around the house or light exercise or stretching but I would NOT do lifting or cardio in this! The material rolls eith movement (leggings down, top rolls up) and it doesn't wick sweat. After 30 minutes on the stairmaster, all the sweat gathered in my crotch and it looked like I peed my pants! Will keep for around the house, but not the gym.",
Rachel Boardman,It's lovely.,https://www.amazon.com/gp/customer-reviews/R10HJ4S4V2SXLO/ref=cm_cr_getr_d_rvw_ttl?ie=UTF8&ASIN=B09M8KR73Z,"5.0 "," the United States "," February 24, 2023",,Verified Purchase,It's butter soft. The scrunch isn't too much and you can mix and match the set with other clothes.,
Cierra Jones,Fit perfectly,https://www.amazon.com/gp/customer-reviews/RUEQZ7E7VPHTI/ref=cm_cr_getr_d_rvw_ttl?ie=UTF8&ASIN=B09M8KR73Z,"5.0 "," the United States "," January 6, 2023",,Verified Purchase,Fit really great! I was surprised how great the material is too! Going to order more in various colors.,
Brittany Ashley Anderton,Cute but not for working out,https://www.amazon.com/gp/customer-reviews/R2R3PEAQM2HGPJ/ref=cm_cr_getr_d_rvw_ttl?ie=UTF8&ASIN=B09M8KR73Z,"2.0 "," the United States "," February 6, 2023",,Verified Purchase,Cute for a look going to brunch or lunch with girlfriends. The fabric isn’t great for working out. It shows the sweat almost instantly and the top is to short to do cardio in. The top and bottoms have zero compression so you see everything. Cute for a two hour brunch or lunch. But definitely Not for working out.,
Evelyn Carrillo,Loved it!,https://www.amazon.com/gp/customer-reviews/RITBH71MS69JZ/ref=cm_cr_getr_d_rvw_ttl?ie=UTF8&ASIN=B09M8KR73Z,"5.0 "," the United States "," July 12, 2022",Size: MediumColor: #2-peacock Navy,Verified Purchase,"I got size M, I’m 5ft weigh 126lb & it fit perfect! Not see through and doesn’t feel cheap. Bought the black one first and came back for more(:",2
Amazon Customer,Amazing!,https://www.amazon.com/gp/customer-reviews/R2R5ECDLV3KP9T/ref=cm_cr_getr_d_rvw_ttl?ie=UTF8&ASIN=B09M8KR73Z,"5.0 "," the United States "," September 28, 2022",,Verified Purchase,These are the best! I love the material and how it feels. Thick material and waist band does not fold. Squat Proof :),
Amazon Customer,Comfy,https://www.amazon.com/gp/customer-reviews/R15EOP98JY0QLE/ref=cm_cr_getr_d_rvw_ttl?ie=UTF8&ASIN=B09M8KR73Z,"5.0 "," the United States "," May 21, 2023",,Verified Purchase,So stylish comfy and stretchy! Loveeeeee,
Lucile S.,Sadly didn’t work out,https://www.amazon.com/gp/customer-reviews/RZLI6ZOUGH8AN/ref=cm_cr_getr_d_rvw_ttl?ie=UTF8&ASIN=B09M8KR73Z,"2.0 "," the United States "," December 29, 2022",Size: MediumColor: #2-black,Verified Purchase,"Loved the material, loved the color, stretch proof and all…but the top does not fit very comfortably to hold you all in. I felt like my chest was going to fall out if I actually worked out in it, maybe as just a cute set to wear around the house, but active wear, not so much.",
Megan Raney,Battery soft!,https://www.amazon.com/gp/customer-reviews/R21MGW1WYIBOHQ/ref=cm_cr_getr_d_rvw_ttl?ie=UTF8&ASIN=B09M8KR73Z,"5.0 "," the United States "," February 12, 2023",,Verified Purchase,Fits great amazing to work out in!,
maria sensato,so cute!,https://www.amazon.com/gp/customer-reviews/R1IS2HAIWB74VL/ref=cm_cr_getr_d_rvw_ttl?ie=UTF8&ASIN=B09M8KR73Z,"5.0 "," the United States "," July 14, 2022",Size: X-SmallColor: #2-peacock Navy,Verified Purchase,"best amazon set i ever got, looks so flattering. Will definitely get other colors of this set",
Juliana Challis-Borszewski,Sooo good!,https://www.amazon.com/gp/customer-reviews/R28Y1TH8ILF2D8/ref=cm_cr_getr_d_rvw_ttl?ie=UTF8&ASIN=B09M8KR73Z,"5.0 "," the United States "," September 23, 2022",,Verified Purchase,"Literally such a good dupe, I’m obsessed and have 4 pairs, size small",
Abby,No good,https://www.amazon.com/gp/customer-reviews/RONOATWAGNM15/ref=cm_cr_getr_d_rvw_ttl?ie=UTF8&ASIN=B09M8KR73Z,"2.0 "," the United States "," March 22, 2023",,Verified Purchase,"The top in medium fits great but the bottoms were too big, you should be able to choose different sizes for tops and bottom not everyone is built the same.",
Erick,Cute!,https://www.amazon.com/gp/customer-reviews/R15WKYZTBEYYQO/ref=cm_cr_getr_d_rvw_ttl?ie=UTF8&ASIN=B09M8KR73Z,"5.0 "," the United States "," July 29, 2022",,Verified Purchase,I’m 160lbs and 5’4. Love love love :),4
Anahi Galarza,"Size up the shorts and shirt are pretty short,",https://www.amazon.com/gp/customer-reviews/R2CUK95VSA2Y0J/ref=cm_cr_getr_d_rvw_ttl?ie=UTF8&ASIN=B09M8KR73Z,"5.0 "," the United States "," July 26, 2022",,Verified Purchase,I love the material.,
Rita,RECEIVED WITH DEODORANT STAINS AND A STENCH BEYOND DESCRIPTION,https://www.amazon.com/gp/customer-reviews/RXZ7P1TCHHYLC/ref=cm_cr_getr_d_rvw_ttl?ie=UTF8&ASIN=B09M8KR73Z,"1.0 "," the United States "," December 3, 2023",,Verified Purchase,I opened the plastic and removed the outfit only to be alarmed by the toxic smell. I went to wash it so I turned it inside out and saw the pit stains. So so so gross.,
CHOICES International,Again and again,https://www.amazon.com/gp/customer-reviews/R1E6J3TQC48J5G/ref=cm_cr_getr_d_rvw_ttl?ie=UTF8&ASIN=B09M8KR73Z,"5.0 "," the United States "," August 25, 2022",Size: MediumColor: #2-rust Red,Verified Purchase,Great fit,
Amanda Harris,Horrible,https://www.amazon.com/gp/customer-reviews/R31KQXL8B1AJ2B/ref=cm_cr_getr_d_rvw_ttl?ie=UTF8&ASIN=B09M8KR73Z,"1.0 "," the United States "," December 18, 2022",,Verified Purchase,I bought this because a TikTok creator (Amazon product creator) raved about it. The fit is HORRIBLE! The arms twist around the pits. The fit is awful! You ain’t gonna look cute in something that’s not made for a human body. The Butt “scrunch “ is lose and absolutely horrible. If you see it on TikTok it’s crap!,
Amazon Customer,Material is very shiny and slippery,https://www.amazon.com/gp/customer-reviews/R3L27FR138CT95/ref=cm_cr_getr_d_rvw_ttl?ie=UTF8&ASIN=B09M8KR73Z,"2.0 "," the United States "," February 2, 2023",,Verified Purchase,Kept it but material is shiny and slippery,
Lexus,Cheap material,https://www.amazon.com/gp/customer-reviews/R3OO84U5M16O8J/ref=cm_cr_getr_d_rvw_ttl?ie=UTF8&ASIN=B09M8KR73Z,"2.0 "," the United States "," January 1, 2023",,Verified Purchase,It’s very thin and cheap material that isn’t flattering,
Taylor,Paid for a set but only received the bottoms,https://www.amazon.com/gp/customer-reviews/R3AUX69BYW83O6/ref=cm_cr_getr_d_rvw_ttl?ie=UTF8&ASIN=B09M8KR73Z,"1.0 "," the United States "," January 11, 2024",,Verified Purchase,Paid for a set but only received the bottoms in my order.,
Meredith,Received with holes,https://www.amazon.com/gp/customer-reviews/RA3L793RMZTU6/ref=cm_cr_getr_d_rvw_ttl?ie=UTF8&ASIN=B09M8KR73Z,"1.0 "," the United States "," March 4, 2023",,Verified Purchase,I really wanted to love this set but received with several holes on the pants legs that seem to came from something sharp. Disappointed.,
Madhushri,Nice product,https://www.amazon.com/gp/customer-reviews/R1AIV7TXYHGMBH/ref=cm_cr_getr_d_rvw_ttl?ie=UTF8&ASIN=B09M8KR73Z,"5.0 "," the United States "," December 5, 2024",,,Fits well. Must buy,
Brenda roque,Cheap,https://www.amazon.com/gp/customer-reviews/R1MO1N6PEJQ83/ref=cm_cr_getr_d_rvw_ttl?ie=UTF8&ASIN=B09M8KR73Z,"1.0 "," the United States "," July 23, 2023",,Verified Purchase,The fabric is super and the legging ripped after two uses,
Amazon Customer,Incomplete,https://www.amazon.com/gp/customer-reviews/R3OAWXX815ABFT/ref=cm_cr_getr_d_rvw_ttl?ie=UTF8&ASIN=B09M8KR73Z,"1.0 "," the United States "," February 23, 2023",,Verified Purchase,Marketed as a set but only the top shipped.,
Leasy pooh,Okay,https://www.amazon.com/gp/customer-reviews/R30U7IIQQTLZNT/ref=cm_cr_getr_d_rvw_ttl?ie=UTF8&ASIN=B09M8KR73Z,"1.0 "," the United States "," April 2, 2023",,Verified Purchase,Was not what I expected,
Amanda,If used,https://www.amazon.com/gp/customer-reviews/R316JOMG8KNGXF/ref=cm_cr_getr_d_rvw_ttl?ie=UTF8&ASIN=B09M8KR73Z,"1.0 "," the United States "," October 19, 2022",,Verified Purchase,Used and smelled horrible like if someone had worked out in it.,
Adrian,Buttery soft and moves with you!,https://www.amazon.com/gp/customer-reviews/R1ABG0JT9DEDY6/ref=cm_cr_getr_d_rvw_ttl?ie=UTF8&ASIN=B09M8KR73Z,"4.0 "," the United States "," April 13, 2024",,,"I really liked the rust colored set. The color is as vibrant as photos, and it is a really body conforming fabric that doesn't feel too tight. This set is great for movement and working out (I wore it for a mud run and it held up very well!) Soft to the touch and body hugging. In the best ways!",
Ashlier5,"Very comfortable, great for work out but a little see through so probably not gym appropriate",https://www.amazon.com/gp/customer-reviews/R2G5VGDGXHP8MQ/ref=cm_cr_getr_d_rvw_ttl?ie=UTF8&ASIN=B09M8KR73Z,"4.0 "," the United States "," August 5, 2022",,,So I actually really loved these because of how freaking comfortable they are and also how they did not ride down or up and they stayed put when I was working out. They were a little long on me but I'm 4'11 so I mean that's to be expected. The only issue is they are see through when you bend over so I would definitely not wear these around town or to the gym. The fabric is thick in some areas and it does have the scrunch at the booty so it makes it pop. I wish it had more thickness at the tummy to help hold more of that in but for the price i would say these are a slam dunk purchase.,
Crista,Looks great,https://www.amazon.com/gp/customer-reviews/R3H1T4M1H9UOMR/ref=cm_cr_getr_d_rvw_ttl?ie=UTF8&ASIN=B09M8KR73Z,"5.0 "," the United States "," November 21, 2023",,,Got these for a cosplay didn't end up using them. But they looked great. And they're very thick!!,
GS,True to size but NO back scrunch on bottoms,https://www.amazon.com/gp/customer-reviews/R3MPX3GBVKBGBW/ref=cm_cr_getr_d_rvw_ttl?ie=UTF8&ASIN=B09M8KR73Z,"3.0 "," the United States "," August 10, 2022",Size: SmallColor: #2-peacock Navy,,"True to size, top is super cute, set is comfortable and material is soft and stretchy. However, not sure if mine was just defective, odd sticking in the back of the bottoms. There's no back bottom scrunch as listed in description either. Sadly, this could've been a 5 star workout set.",4
Magen Romania,Smooth & definitely like a second skin!,https://www.amazon.com/gp/customer-reviews/R2XRF71X6VBSTU/ref=cm_cr_getr_d_rvw_ttl?ie=UTF8&ASIN=B09M8KR73Z,"4.0 "," the United States "," July 31, 2022",,,"This set definitely fits as a second skin. The material is buttery smooth and the color is true to the listing photos. I'm about 165lbs and 5'7, and so I usually order a size large with things like this, but this set fit me almost comedically small. I'm tall at 5'7 but it looked like there was not enough fabric to cover my body, as if it was a kids set. So I would highly suggest sizing up! Also, there's no way to wear any underwear with this set. You can see underwear outlines on the bottom and nipple outlines through the top. I would personally only wear this primarily at home!",
Danielle Flanary,Runs small,https://www.amazon.com/gp/customer-reviews/R2WJHIUUS6X427/ref=cm_cr_getr_d_rvw_ttl?ie=UTF8&ASIN=B09M8KR73Z,"4.0 "," the United States "," August 16, 2022",Size: MediumColor: #2-black,,"Super cute set! I feel like it runs on the smaller side.  If I wear a bra, the top wouldn’t fit. If I ordered a size up, it would be perfect. Otherwise, still great for wearing around the house.",2
Sash P,Super Cute ✨,https://www.amazon.com/gp/customer-reviews/R25P07OOGUTOFN/ref=cm_cr_getr_d_rvw_ttl?ie=UTF8&ASIN=B09M8KR73Z,"4.0 "," the United States "," August 9, 2022",Size: X-LargeColor: #2-sunset,,The outfit is super cute. I think I should’ve ordered an xtra small as I ordered a small. My hip/waist ratio causes the outfit to be baggy on me in my midsection. I would order a size down.,
Yani,Comfortable to workout in,https://www.amazon.com/gp/customer-reviews/R1LN9VT40AE06A/ref=cm_cr_getr_d_rvw_ttl?ie=UTF8&ASIN=B09M8KR73Z,"4.0 "," the United States "," May 7, 2023",Size: MediumColor: #2-peacock Navy,,"I love love love the color- it’s much better in person than in the picture. The material is very stretchy and comfortable. I’ve worn this set several times now- full body workouts, squats, etc; and I’ve never had an issue. I can do a full range of motions without any concern of the material ripping.  Overall a very nice set for the price!",
Maria J Ruiz,Runs small,https://www.amazon.com/gp/customer-reviews/R2QLOH7EDW81MG/ref=cm_cr_getr_d_rvw_ttl?ie=UTF8&ASIN=B09M8KR73Z,"3.0 "," the United States "," October 22, 2022",Size: X-LargeColor: #2-black,,I wish I would have sized up this is kind of small,
Lily Murcia,Snug but they fit,https://www.amazon.com/gp/customer-reviews/RUUPY8TLG5B8T/ref=cm_cr_getr_d_rvw_ttl?ie=UTF8&ASIN=B09M8KR73Z,"3.0 "," the United States "," August 12, 2022",,,"These leggings were nice but they fit very snug. I had to fight to pull them up, but they do fit. The material is different than athletic leggings so they are more of an everyday legging than your average gym legging. The scrunch is a nice effect and doesn’t overdo it.",
Kayla,These are great!,https://www.amazon.com/gp/customer-reviews/RG2QUWIPQF74I/ref=cm_cr_getr_d_rvw_ttl?ie=UTF8&ASIN=B09M8KR73Z,"5.0 "," the United States "," June 18, 2023",,,"They fit pretty comfortably, I’m 5’7 and 151 lbs. I got a medium, next time I will probably size up but these are still good. Just want a little bit more room around my waist. Also, these are not as high waisted as I thought but still like them ! Will be ordering more",
Bree Tucker,lint repellent…,https://www.amazon.com/gp/customer-reviews/R3J880T0LJ7BTY/ref=cm_cr_getr_d_rvw_ttl?ie=UTF8&ASIN=B09M8KR73Z,"4.0 "," the United States "," October 17, 2022",,,"These leggings feel great! They’re thick and warm, also seem almost lint repellent which is a bonus.. I only gave 4 stars bc it’s definitely not squat proof. I wore these to work (I’m a waitress) and while they looked non-see through at home under brighter light you could definitely see a bit of my underwear. Otherwise great lounge leggings!",
One-Click Chocolate Chick,It's not what I expected,https://www.amazon.com/gp/customer-reviews/R20AGGSUMHXM5H/ref=cm_cr_getr_d_rvw_ttl?ie=UTF8&ASIN=B09M8KR73Z,"3.0 "," the United States "," August 18, 2022",Size: X-LargeColor: #2-peacock Navy,,"Even though the fabric is reminiscent of swim suit fabric and comfy, the shorts are shorter than I expected them to be. The top fits like a sports bra with sleeves. I don't think that I'll ever wear this outfit outside, but it's a decent indoor exercise outfit. I don't hate this set, but I don't love it.",2
