﻿评论用户,评论概述,评论链接,星级评分,评论地点,评论时间,类型,是否购买,评论详情,觉得该评论有帮助的人数
Kleo,Comfortable and Stylish Loungewear,https://www.amazon.com/gp/customer-reviews/R2FP9A7HIM8VLC/ref=cm_cr_arp_d_rvw_ttl?ie=UTF8&ASIN=B08P1JGJD8,"5.0 "," the United States "," December 28, 2024",Size: SmallColor: Black,Verified Purchase,"This PRETTYGARDEN Women's Two Piece Outfit is the perfect combination of comfort and style. The soft and breathable fabric feels amazing against my skin, making it ideal for relaxing at home. The sleeveless top and matching sweatpants are both stylish and comfortable, and the set looks effortlessly chic. I love that it's perfect for lounging around the house or traveling, and I feel confident and comfortable wearing it. This outfit has quickly become one of my favorite go-to options for everyday wear.",
JAE,All the style of a jumpsuit with ease of seperates.,https://www.amazon.com/gp/customer-reviews/R2E07IFRQ3F9U9/ref=cm_cr_arp_d_rvw_ttl?ie=UTF8&ASIN=B08P1JGJD8,"5.0 "," the United States "," September 6, 2024",Size: LargeColor: Army Green,Verified Purchase,"I love it. Super soft fabric, with the perfect weight. I found it fits true to size and didn't stretch out when wearing. I loved that it looks like a jumpsuit, but with out the hassle. (Would be great for air travel.) I wore it to the movies with a cardigan and was perfectly comfy. Then later with cute sandals and with denim jacket. I will probably invest in another color.",
Rachel Adams,So comfortable to travel in,https://www.amazon.com/gp/customer-reviews/R2PD5PKRP5ABW9/ref=cm_cr_arp_d_rvw_ttl?ie=UTF8&ASIN=B08P1JGJD8,"4.0 "," the United States "," September 21, 2024",Size: SmallColor: Black,Verified Purchase,I purchase this for my travel outfit to Mexico. I wanted something comfortable but light well still looks stylish. I purchased the black in a small. Fits true to size This outfit did not disappoint. Perfect for airport lounging and I felt cute in it.  I’ve had it for a month and have worn it close to 4-5x. However now the fabric is pilling and fading and the waist band has rolled/twisted. I did purchase it in sale for close to $20 so I’m not to upset that it hasn’t lasted long. I’m going to keep trying to untwist the waist band and hope to get some more wear out of it.,2
Andrea,Comfortable for long travel,https://www.amazon.com/gp/customer-reviews/R2V5WD6SXFAZF1/ref=cm_cr_arp_d_rvw_ttl?ie=UTF8&ASIN=B08P1JGJD8,"5.0 "," the United States "," November 11, 2024",Size: MediumColor: Army Green,Verified Purchase,"Bought this set for a recent trip to Portugal. We were going to be on a long train ride for several hours and it was the perfect outfit as it was very comfortable. Great price, true to size (I am 5’4”, 120lbs). Lots of cute color options. Would recommend.",
Amazon Customer,"Soft, but waist band is uncomfortable.",https://www.amazon.com/gp/customer-reviews/R1ULYCJ91S8G1/ref=cm_cr_arp_d_rvw_ttl?ie=UTF8&ASIN=B08P1JGJD8,"3.0 "," the United States "," March 29, 2024",Size: MediumColor: Navy,Verified Purchase,"I am 5'4', 120 lbs, small chested,  pear shape, I got a Medium. Bottoms fit, top it too large. Ok to lounge in and run errands, and the matching makes you look more presentable. The material is very soft and comfortable, but cheap, the waist band is a little uncomfortable.  For the price and the matching I would recommend, however if you have sensitive skin the waist band may irritate you.  If you could mix and match sizes I would have given 4 stars, but for my pear shape gals with smaller chest this may not work for you.",11
Haley S,Very happy with this!,https://www.amazon.com/gp/customer-reviews/R1GIZHZKHNOGBH/ref=cm_cr_arp_d_rvw_ttl?ie=UTF8&ASIN=B08P1JGJD8,"5.0 "," the United States "," January 14, 2025",Size: LargeColor: Navy,Verified Purchase,Comfortable two piece set that is lightweight but not too thin. Very happy I decided to purchase this for our upcoming vacation.,
Amazon Customer,I'll be buying this in every color!,https://www.amazon.com/gp/customer-reviews/R285M3WCB9YSDE/ref=cm_cr_arp_d_rvw_ttl?ie=UTF8&ASIN=B08P1JGJD8,"5.0 "," the United States "," April 24, 2024",Size: LargeColor: Dark Blue,Verified Purchase,"I have found my new wardrobe staple. This set is so comfortable and looks cute too! You really can't tell that it is 2 pieces--it looks just like a jumpsuit. You get the style of a jumpsuit/romper and the ease of a two-piece (no more weird stripping down in the bathroom). Win-win! I feel like I'm wearing pajamas all day when I'm in this set but it's cute enough that I can go about town and run my errands without people thinking I'm wearing pajamas. You can pull the leg up higher on your calf for a sportier look or let them fall naturally. I'm 5'9"" and cuff falls about 2.5 inches above my ankle.  As far as it being flattering? I mean, it's an elastic waistband with pockets so you're going to have a little bit of hip action happening but it's nothing major. I've also noticed that underwear lines are somewhat obvious but honestly, who cares about that anymore? Not me!  I tend to be a medium but Amazon recommended I order a large and that was definitely the right choice. So I'd suggest going with what Amazon recommends for you as well.  I ordered the blue but will absolutely be ordering more in the other colors. People in my life should be prepared to see me in this set, in all the colors, all of the time. Even as the temperatures fluctuate, this is an adaptable look. I am currently wearing this with a cardigan and sneakers since it's a little cooler here today and it looks just as cute as with no sweater and sandals.  I have not yet washed this so how durable it is remains to be seen. I plan to gentle wash and line dry...which is annoying but I don't want this to be altered at all so I'm willing to suck it up and line dry.  Excuse me now...I need to go buy the remaining colors.",31
dawn bolender,Wish you could order separate sizes for top & bottom,https://www.amazon.com/gp/customer-reviews/ROBQZ2VKUBMC4/ref=cm_cr_arp_d_rvw_ttl?ie=UTF8&ASIN=B08P1JGJD8,"5.0 "," the United States "," January 9, 2025",Size: LargeColor: Black,Verified Purchase,"I bought this for travel. It’s cute & nice quality. I returned because the top fit great, but bottoms were too baggy.",
Amanda Crowley,Great set,https://www.amazon.com/gp/customer-reviews/R12WKGHA27PAAM/ref=cm_cr_arp_d_rvw_ttl?ie=UTF8&ASIN=B08P1JGJD8,"5.0 "," the United States "," January 19, 2025",Size: MediumColor: Army Green,Verified Purchase,Very cute and comfortable! Fires true to size. Perfect travel outfit.,
Amazon Customer,Travel ready.,https://www.amazon.com/gp/customer-reviews/R2TZDMT5PU03NZ/ref=cm_cr_arp_d_rvw_ttl?ie=UTF8&ASIN=B08P1JGJD8,"4.0 "," the United States "," October 27, 2024",Size: MediumColor: Black,Verified Purchase,"This outfit is the perfect combo of comfort & style. Traveling from cool weather to warm, just throw on a sweater or long cardigan & once you land in warm sunny weather ditch the sweater & soak up the sun. Highly recommend. This outfit is easy to wear when you want to look put together but also comfortable. For reference I’m 5’4, 125 lbs. and the small fits great.",2
Placeholder,Very comfortable,https://www.amazon.com/gp/customer-reviews/R1QRLXNGAI8N77/ref=cm_cr_getr_d_rvw_ttl?ie=UTF8&ASIN=B08P1JGJD8,"4.0 "," the United States "," November 27, 2024",Size: LargeColor: Navy,Verified Purchase,I like that it is versatile and comfortable for any casual wear situation.,
Customer BD,Travel Outfit,https://www.amazon.com/gp/customer-reviews/R2APHPGYQDZNKN/ref=cm_cr_getr_d_rvw_ttl?ie=UTF8&ASIN=B08P1JGJD8,"5.0 "," the United States "," December 29, 2024",Size: LargeColor: Wine Red,Verified Purchase,I bought this outfit to wear while traveling. It is so comfortable and doesn’t take out much room when packing.,
JoJo Moss,"Comfy, But a Bit Scratchy",https://www.amazon.com/gp/customer-reviews/R14F2FSAI171NE/ref=cm_cr_getr_d_rvw_ttl?ie=UTF8&ASIN=B08P1JGJD8,"4.0 "," the United States "," September 25, 2024",Size: X-LargeColor: Light Grey,Verified Purchase,"Thought it was capri-style based on the picture, but it ended up being long pants just pushed up a bit which was disappointing. That being said, it’s really cute, pockets almost big enough, not too thick of material, nice value, stretches with movement, and great for wearing around the house. Four stars only for the fabric which sometimes get oddly itchy (take note, fellow sensory issue ladies) and for the length.",6
C. Lee,Decent product but inaccurate information,https://www.amazon.com/gp/customer-reviews/R2RPPYLVPZ0NYX/ref=cm_cr_getr_d_rvw_ttl?ie=UTF8&ASIN=B08P1JGJD8,"4.0 "," the United States "," March 23, 2024",Size: SmallColor: Black,Verified Purchase,"I love the look of jumpsuits but hate going to the bathroom while wearing them (especially in public restrooms).  This tank top and jogger set gives the appearance of a jumpsuit but the convenience of a two piece outfit. As another reviewer stated, the armholes were smaller that what was shown on the model but the top still fits (just barely...see pictures).  Also, the listing says the fabric is 65% polyester and 35% cotton but the tag sewed onto the tank top and jogger says it's 65% polyester, 30% viscose, and 5% elastane (in other words, all synthetic).  I haven't washed it yet so will update my review if it comes out a faded mess.  I don't think it picks up lint/hair more than any other product cotton or polyester fabric.I bought the small and it just fits me.  I'm 5'4"" and the pants hit just at my ankle.  I'm 137 lbs and normally wear tops in size small and bottoms in 27-28 or size 6-8.",25
HoneySoapCrafters,Fabric disappointing and it runs big,https://www.amazon.com/gp/customer-reviews/R2K6KRHL8UOWQF/ref=cm_cr_getr_d_rvw_ttl?ie=UTF8&ASIN=B08P1JGJD8,"3.0 "," the United States "," January 6, 2025",Size: MediumColor: Dark Blue,Verified Purchase,"As far as I'm concerned, this item is a pajama set.  I would not wear it out.  The fabric is too thin, and the fit is not at all tapered.  Would not purchase more of these.",
Amy Saylor,Really cute!,https://www.amazon.com/gp/customer-reviews/R35WX7343DQFPI/ref=cm_cr_getr_d_rvw_ttl?ie=UTF8&ASIN=B08P1JGJD8,"4.0 "," the United States "," August 12, 2024",Size: MediumColor: Dark Grey,Verified Purchase,"I really like this, enough that I bought it in two colors. The only things I would say against it are that it's high waisted and I don't think I really knew that, and the medium was a tiny bit snug in the butt and legs where large was too big so I guess that's just me.  I stuck with the medium. I love this to travel in, comfy and I just throw a denim jacket over it and it's cute.",6
Mrs. Cox,Cute but I'm a shorty,https://www.amazon.com/gp/customer-reviews/R1TLMOSPZNX6QO/ref=cm_cr_getr_d_rvw_ttl?ie=UTF8&ASIN=B08P1JGJD8,"4.0 "," the United States "," September 2, 2024",Size: LargeColor: Navy,Verified Purchase,This two piece outfit is very cute and comfy but I'm a little too short for the pants. They would fit better on someone taller. The top fit perfectly. Perfect for travel but a little bit too close to pajamas.,
Ed Friedman,Cute,https://www.amazon.com/gp/customer-reviews/R1OOH0NN90HY7/ref=cm_cr_getr_d_rvw_ttl?ie=UTF8&ASIN=B08P1JGJD8,"4.0 "," the United States "," September 27, 2024",Size: SmallColor: Wine Red,Verified Purchase,Ok material. Dont dry,
Jakerx2,Cute but cheap,https://www.amazon.com/gp/customer-reviews/RKFAZMA8K1TNF/ref=cm_cr_getr_d_rvw_ttl?ie=UTF8&ASIN=B08P1JGJD8,"3.0 "," the United States "," December 4, 2024",Size: SmallColor: Black,Verified Purchase,The outfit is so cute but cheaply made. It fits well and is breathable. It felt like I was wearing my pajamas. But the quality is poor. It pilled after the second wash.,
Kiki M,There is no cotton content in this.,https://www.amazon.com/gp/customer-reviews/R1LRMF3YO8DVZN/ref=cm_cr_getr_d_rvw_ttl?ie=UTF8&ASIN=B08P1JGJD8,"4.0 "," the United States "," June 14, 2024",Size: SmallColor: Navy,Verified Purchase,"Set arrived timely. It is very soft and love how it fits. I’m about 5ft 2, 110lbs, bra size 34B and the size small fits perfect. The only issue I have with this cute set, is the fact that description says there’s 35% cotton but item I received has the following contents only: 65% polyester, 30% viscose, and 5% elastane. I won’t return it bc it fits very well and it’s soft. But do feel a bit mislead into thinking there was some cotton which is the fabric I was looking for.",2
FLMom,So Comfortable!,https://www.amazon.com/gp/customer-reviews/R3RJPBZIODM5KN/ref=cm_cr_getr_d_rvw_ttl?ie=UTF8&ASIN=B08P1JGJD8,"5.0 "," the United States "," November 12, 2024",Size: LargeColor: Dark Blue,Verified Purchase,"The material is very soft and comfortable. This is not your typical sweat material, it’s lightweight and loose fitting. I look forward to wearing as loungewear during cooler weather.",2
Evil Guppy,"Comfortable, everyday loungewear.",https://www.amazon.com/gp/customer-reviews/R165TBS1F9U83K/ref=cm_cr_getr_d_rvw_ttl?ie=UTF8&ASIN=B08P1JGJD8,"5.0 "," the United States "," October 4, 2024",Size: LargeColor: Wine Red,Verified Purchase,"Coverage, wash, and wear seems great! I would consider this true size and it fits exactly like you see in the picture. Size up if you like a looser fit. Will order again.  I am 5'8"" / 170-175lbs (depending on the day!) and ordered a L. I use this in the tropics as a walkabout nightset (not heavy, bit covering enough for rainy season or A/C chills).",
Metz,Great fit and quality,https://www.amazon.com/gp/customer-reviews/R8XYU3I9DNW07/ref=cm_cr_getr_d_rvw_ttl?ie=UTF8&ASIN=B08P1JGJD8,"5.0 "," the United States "," October 1, 2024",Size: MediumColor: Black,Verified Purchase,"This looks a very cute on. It hangs just right and fits just right. I melt down on the floor and got up after a while. I figured that the knees would be stretched but they were not. It is stretchy, but the game shape. Good quality fabric.  Could be on a little dressier or a very casual  I like it so much that I’m ordering another color.",
Denise,Runs small,https://www.amazon.com/gp/customer-reviews/R2YD31GQTSCGNR/ref=cm_cr_getr_d_rvw_ttl?ie=UTF8&ASIN=B08P1JGJD8,"4.0 "," the United States "," August 25, 2024",Size: X-LargeColor: Army Green,Verified Purchase,Cute but runs small. I would personally go up 2 sizes.,
Danielle,It's so comfortable,https://www.amazon.com/gp/customer-reviews/RWI4JQSU4XDA4/ref=cm_cr_getr_d_rvw_ttl?ie=UTF8&ASIN=B08P1JGJD8,"5.0 "," the United States "," September 16, 2024",Size: SmallColor: Black,Verified Purchase,"I've been wanting an outfit like this for so long and I finally found one! This is one of the most comfortable outfits that I own. The material is nice and seems to be very good quality and thickness. It stretches just enough, but not too much. It's perfect for this time of the year when the fall is starting and I'm sure it'll be perfect for the springtime too. I will likely buy more sets of this!",
Anastasiya,SO COMFORTABLE & fits exceptionally,https://www.amazon.com/gp/customer-reviews/R3ETX5ZQFA0WQI/ref=cm_cr_getr_d_rvw_ttl?ie=UTF8&ASIN=B08P1JGJD8,"5.0 "," the United States "," November 9, 2024",Size: MediumColor: Black,Verified Purchase,I’m planning to buy another one since I tore the button on the previous one but this is so comfortable & fits so well!,
ksouter,Very comfortable!!,https://www.amazon.com/gp/customer-reviews/R2MSSSWX1Q51ZT/ref=cm_cr_getr_d_rvw_ttl?ie=UTF8&ASIN=B08P1JGJD8,"5.0 "," the United States "," November 1, 2024",Size: MediumColor: Blue,Verified Purchase,"I traveled in this. Wrinkle resistant, very comfortable, breathable.  Quality is good washed well.  Got lots of compliments on my color blue. I think it will be versatile.",
cjack,Nice set,https://www.amazon.com/gp/customer-reviews/RN3FGUYQ4KQ10/ref=cm_cr_getr_d_rvw_ttl?ie=UTF8&ASIN=B08P1JGJD8,"4.0 "," the United States "," August 9, 2024",Size: LargeColor: Dark Grey,Verified Purchase,"Love this set. Pants fit great, but top seems to run a bit small.",
Kayla Thompson,Cute and comfy,https://www.amazon.com/gp/customer-reviews/R16A6J5RB9C4YO/ref=cm_cr_getr_d_rvw_ttl?ie=UTF8&ASIN=B08P1JGJD8,"4.0 "," the United States "," June 7, 2024",Size: LargeColor: Light Grey,Verified Purchase,"Cheaper material than I expected but still comfortable and cute- I purchased for a 9 hr plane ride and I think it will be a great fit for travel, while still looking put together with a cardigan 🤷🏼‍♀️ - from the package the fit was TTS - I’ll let you know after a wash",5
Seqoia,not quite what expected,https://www.amazon.com/gp/customer-reviews/R2JSQXYWT4ST92/ref=cm_cr_getr_d_rvw_ttl?ie=UTF8&ASIN=B08P1JGJD8,"3.0 "," the United States "," September 17, 2024",Size: MediumColor: Brown,Verified Purchase,The quality of the fabric is so so it’s a polyester Visco mix blend. The elastic waistband all twisted so I have to straighten that out.  It’s t pretty much true to size. I am 5’6”  140lb and ordered a size medium. This not  something I would wear out fabric is very lightweight thin. It’s good for around the house.,
Kbond,Cute loungewear,https://www.amazon.com/gp/customer-reviews/R1WAGN4JA1STXR/ref=cm_cr_getr_d_rvw_ttl?ie=UTF8&ASIN=B08P1JGJD8,"4.0 "," the United States "," June 10, 2024",Size: SmallColor: Dark Blue,Verified Purchase,Very comfy and soft. Size small fits like xs IMO which still worked for me. Color of the medium blue a little brighter than expected but fit and quality better than expected.  Wouldn’t wear out and about but great for around home.,
Katodato,Absolutely love,https://www.amazon.com/gp/customer-reviews/R1Z1F7GKM427O4/ref=cm_cr_getr_d_rvw_ttl?ie=UTF8&ASIN=B08P1JGJD8,"5.0 "," the United States "," October 1, 2024",Size: MediumColor: Brown,Verified Purchase,"This is a great casual set to throw on for almost anything. I wear often for running errands, shopping,  casual lunch. Looks great with sneakers or flip flops. I get lots of compliments. I have in black also",
Whitney Hall,Soft and comfy,https://www.amazon.com/gp/customer-reviews/R5DGP2EH5CP6C/ref=cm_cr_getr_d_rvw_ttl?ie=UTF8&ASIN=B08P1JGJD8,"5.0 "," the United States "," October 23, 2024",Size: MediumColor: Dark Green,Verified Purchase,Wore this on an international trip! So soft. So comfy! Fit great!  Not see through! I wore the green and my wife wore the black!,3
RaDonna Bracy,Confy,https://www.amazon.com/gp/customer-reviews/R2UYTFT3XOZXJD/ref=cm_cr_getr_d_rvw_ttl?ie=UTF8&ASIN=B08P1JGJD8,"5.0 "," the United States "," November 5, 2024",Size: X-LargeColor: Dark Blue,Verified Purchase,"Super cute and comfy, great for flying!",
DogLover,Great for Travel!,https://www.amazon.com/gp/customer-reviews/R1BM6V90AKJW5L/ref=cm_cr_getr_d_rvw_ttl?ie=UTF8&ASIN=B08P1JGJD8,"5.0 "," the United States "," April 25, 2024",Size: X-LargeColor: Army Green,Verified Purchase,"I was looking for a comfortable set to wear on a long plane ride, going from cool weather to hot.  This fit the bill perfectly! The material is soft, stretchy and (for me) very lightweight.  The sleeveless top is amazing.  I'll be able to remove my jacket right off the plane and enjoy the sun.  I bought an XL in size.  The fit was absolutely perfect, roomy but not baggy.  Material is quality.  I'm 5'8"", 212 lb.  I find it's very helpful to include the measurements.  I bought the set in green and am going to buy more colors.  So lightweight it's great for spring/summer.",19
Kimberly Rodriguez,Wanted to love,https://www.amazon.com/gp/customer-reviews/R2JFL2R43YZS99/ref=cm_cr_getr_d_rvw_ttl?ie=UTF8&ASIN=B08P1JGJD8,"3.0 "," the United States "," September 11, 2024",Size: MediumColor: Blue,Verified Purchase,"So color was amazing. The pants though, no one wants every tiny bit of bumps and lumps showing when they walk... these pants do nothing for the butt. My man is a butt man and when he's looking at mine in pants I want it to be appealing.",
Melinda,Better than the one piece,https://www.amazon.com/gp/customer-reviews/R1BH2LROW6DMQ/ref=cm_cr_getr_d_rvw_ttl?ie=UTF8&ASIN=B08P1JGJD8,"5.0 "," the United States "," June 24, 2024",Size: SmallColor: Black,Verified Purchase,"So I purchased this because I love the idea that it looks like a one piece romper that they sell, but it is two pieces because the one piece just doesn't sit right on my body where this one looks so much better. I have a shorter torso so the one piece makes me look odd, where this one I adjust the height of the bottoms on me to look better. It is very soft and true to size, I am 5'2"" and 128lbs, a small was exactly right.",
Nikki D.,Cute 2 piece active set,https://www.amazon.com/gp/customer-reviews/R3016NSXV9B7TO/ref=cm_cr_getr_d_rvw_ttl?ie=UTF8&ASIN=B08P1JGJD8,"3.0 "," the United States "," September 16, 2024",Size: LargeColor: Dark Blue,Verified Purchase,"I love the style and fit of the two piece outfit, however, the material started pilling the first time I wore this.  Would have bought other colors if they used better material and had more colors to select from.",
LETS GO TO THE MOVIES,Okay if you aren’t leaving the house!,https://www.amazon.com/gp/customer-reviews/RLX3DG422VG1E/ref=cm_cr_getr_d_rvw_ttl?ie=UTF8&ASIN=B08P1JGJD8,"3.0 "," the United States "," October 7, 2024",Size: X-LargeColor: Dark Grey,Verified Purchase,I was disappointed in this outfit. It just didn’t lay right. The material felt cheap. I will keep for indoor cleaning or yard work,
A. Jones,These are pajamas :/,https://www.amazon.com/gp/customer-reviews/R1O6FJ51P73G9M/ref=cm_cr_getr_d_rvw_ttl?ie=UTF8&ASIN=B08P1JGJD8,"3.0 "," the United States "," August 20, 2024",Size: MediumColor: Navy,Verified Purchase,"The material for this is thin. Like, pajama thin. As a matter of fact, I have summer pajamas that are off the same weight and material. These do have pockets, so that's a bonus. They're just the right weight for sleeping in a cool room or to throw on for a quick run for coffee or to walk the dog.",
Courtney Graham,Soft and cute,https://www.amazon.com/gp/customer-reviews/R1TNWSQZMTULEZ/ref=cm_cr_getr_d_rvw_ttl?ie=UTF8&ASIN=B08P1JGJD8,"4.0 "," the United States "," June 19, 2024",Size: SmallColor: Dark Grey,Verified Purchase,"Very cute set, great gray, cozy and cute",
DONNA SEM,Comfortable,https://www.amazon.com/gp/customer-reviews/R2QAX05I2RLS12/ref=cm_cr_getr_d_rvw_ttl?ie=UTF8&ASIN=B08P1JGJD8,"4.0 "," the United States "," May 19, 2024",Size: X-LargeColor: Black,Verified Purchase,Comfortable set. Slightly oversized. Length is good as I am 5’10”. The only issue was a hole in the pants pocket.,2
Prithi,"Great, easy fit",https://www.amazon.com/gp/customer-reviews/R542JIJHSZ0JD/ref=cm_cr_getr_d_rvw_ttl?ie=UTF8&ASIN=B08P1JGJD8,"5.0 "," the United States "," July 16, 2024",Size: LargeColor: Wine Red,Verified Purchase,"I bought this in Large. I'm 5' 8"" and 155 lbs.  I bought it for plane travel. It is very comfortable and perfect for the cold plane and then still nice when landing somewhere warm.  I like that the arm holes aren't too big.  Pants were perfect length and the drawstring waist allows you to cinch in so it looks flattering.",9
kelsey lacher,Perfect travel outfit,https://www.amazon.com/gp/customer-reviews/R38E5M4ZOKVGH3/ref=cm_cr_getr_d_rvw_ttl?ie=UTF8&ASIN=B08P1JGJD8,"5.0 "," the United States "," September 13, 2024",Size: SmallColor: Black,Verified Purchase,Wore to fly to Florida and it was ridiculously comfy! I refuse to travel in anything other than outfits like this now. Buying in multiple colors if I can!,
Kindle Customer,Comfortable and cute,https://www.amazon.com/gp/customer-reviews/R2WBP0JK3F068R/ref=cm_cr_getr_d_rvw_ttl?ie=UTF8&ASIN=B08P1JGJD8,"5.0 "," the United States "," September 15, 2024",Size: LargeColor: Black,Verified Purchase,Super soft and light weight.  Fits great.  5 ft 7 in 165 and got a large.  Even the top with my Dd fit great.,
Tiffany,Cute and Comfortable,https://www.amazon.com/gp/customer-reviews/R3QPPZECSSC7UO/ref=cm_cr_getr_d_rvw_ttl?ie=UTF8&ASIN=B08P1JGJD8,"5.0 "," the United States "," October 14, 2024",Size: X-LargeColor: Wine Red,Verified Purchase,Cute and comfortable. I would definitely buy more.,
GeneralSam,Many complitments,https://www.amazon.com/gp/customer-reviews/RXT4I1Z4B2F20/ref=cm_cr_getr_d_rvw_ttl?ie=UTF8&ASIN=B08P1JGJD8,"5.0 "," the United States "," August 2, 2024",Size: MediumColor: Army Green,Verified Purchase,"Love that this is a two piece but looks like a jumper. It is comfortable, true to size and flattering. I received several compliments. Great vacation outfit that can be worn with tennis shoes or dress it up with sandals and a kimono for dinner.  True to size.",
Sue LaRonde,The best outfit,https://www.amazon.com/gp/customer-reviews/R35O114K94RDO8/ref=cm_cr_getr_d_rvw_ttl?ie=UTF8&ASIN=B08P1JGJD8,"5.0 "," the United States "," July 25, 2024",Size: MediumColor: Black,Verified Purchase,"I am on vacay and ordered it while away. Came the next day. I adore that it's 2 pieces, but looks like a jumpsuit without the hassle of taking the whole thing off to use the bathroom. It's so comfortable and versatile as you can also wear both pieces separately. Adore it!",
Laurie Mangun,Pretty Garden Outfit,https://www.amazon.com/gp/customer-reviews/R256IRPXD8ERL/ref=cm_cr_getr_d_rvw_ttl?ie=UTF8&ASIN=B08P1JGJD8,"5.0 "," the United States "," August 11, 2024",Size: SmallColor: Wine Red,Verified Purchase,"Love the outfit the fit and the price.  You can dress it up or wear it casual, soooooo nice.  Feels so soft on your body.  I love it so much that I actually bought a few different colors.",
Michele Winsor,Best travel day outfit,https://www.amazon.com/gp/customer-reviews/R1K493G6ZKAJ5J/ref=cm_cr_getr_d_rvw_ttl?ie=UTF8&ASIN=B08P1JGJD8,"5.0 "," the United States "," March 19, 2024",Size: SmallColor: Black,Verified Purchase,"I love this thing, in fact I am sure this is the second one I bought, but can’t find the one I got last year in my closet - so bought another - don’t tell my husband haha.Two pieces so easy bathroom breaks for disgusting airport and plane bathrooms.  Fits comfy true to size and not too long in the legs for my 5’3 frame.  I think it looks nice without being uncomfortable while I dig snacks and kindles out of backpacks the entire flight and “make some memories.”",4
DMM,So cute,https://www.amazon.com/gp/customer-reviews/R11SSP7AIJV4N9/ref=cm_cr_getr_d_rvw_ttl?ie=UTF8&ASIN=B08P1JGJD8,"5.0 "," the United States "," June 4, 2024",Size: X-LargeColor: Dark Blue,Verified Purchase,"I love everything about this outfit. Honestly I would wear it out on a casual day running errands or meeting friends for coffee. If you tuck in the top just a bit it looks just like a jumper without the inconvenience when you go to the restroom, lol. This also perfect for a casual day at home when you just want to be comfortable.",
Morgan Scheibel,Very comfortable!,https://www.amazon.com/gp/customer-reviews/R1Y8URYA9IM6X8/ref=cm_cr_getr_d_rvw_ttl?ie=UTF8&ASIN=B08P1JGJD8,"5.0 "," the United States "," September 14, 2024",Size: MediumColor: Navy,Verified Purchase,Extremely comfortable and light weight. Really comfy to travel in or wear around the house. Great quality for the cost and 2 pieces,
Just tried it on. It fits just right. It's soft & comfortable.,For my height it's not oversized.,https://www.amazon.com/gp/customer-reviews/R1I7IM59MSVAIY/ref=cm_cr_getr_d_rvw_ttl?ie=UTF8&ASIN=B08P1JGJD8,"5.0 "," the United States "," August 29, 2024",Size: MediumColor: Black,Verified Purchase,Just tried it on. It feels so good & soft & comfortable waist area is just right not tight. Fits perfect for my height I'm 5' 1-1/2. Weight 148.,
Jeffrey F.,Extremely comfortable,https://www.amazon.com/gp/customer-reviews/R3N4DRJ6W3FKCF/ref=cm_cr_getr_d_rvw_ttl?ie=UTF8&ASIN=B08P1JGJD8,"5.0 "," the United States "," August 18, 2024",Size: MediumColor: Black,Verified Purchase,I purchased these pants with the objective of finding something comfortable during my long flight to South Africa. I was surprised not just with the quality but how comfortable they are. Planning on getting more. Love them.,
Debra M.,You get what you pay for,https://www.amazon.com/gp/customer-reviews/R2MNDGZXCHROJU/ref=cm_cr_getr_d_rvw_ttl?ie=UTF8&ASIN=B08P1JGJD8,"3.0 "," the United States "," June 26, 2024",Size: LargeColor: Dark Blue,Verified Purchase,"I was headed to the beach and wanted a comfortable outfit that I could throw on for going to vineyards, etc. This was cute and since we were in the midst of a heat wave looked cool and comfortable. I wore it twice and the waistband twisted to the point it cannot be fixed. Ridiculous. I should have known better. Buyer beware.",
Monique D. McMillon,Cute!,https://www.amazon.com/gp/customer-reviews/R2XXM5BPZ0FJEZ/ref=cm_cr_getr_d_rvw_ttl?ie=UTF8&ASIN=B08P1JGJD8,"5.0 "," the United States "," August 13, 2024",Size: XX-LargeColor: Wine Red,Verified Purchase,"I bought to wear on the plane and believe me, I had a long journey. The outfit was cute and comfortable. My regret is that I wish I had purchased 2 sets instead of one.",
Shena,Great fit!,https://www.amazon.com/gp/customer-reviews/R1MY7M67XL4PHM/ref=cm_cr_getr_d_rvw_ttl?ie=UTF8&ASIN=B08P1JGJD8,"5.0 "," the United States "," June 18, 2024",Size: MediumColor: Blue,Verified Purchase,Love this fit and the blue is perfect. I’m 5’6” 190 lbs and this is a Medium. I do have thicker legs so don’t think I would raise the bottoms like joggers but included a pic to see. I also bought the Large in gray so that fits a bit looser but keeping both!,8
Jupiter Fl Mama,So comfortable,https://www.amazon.com/gp/customer-reviews/R1O3E5XCEXJ0RL/ref=cm_cr_getr_d_rvw_ttl?ie=UTF8&ASIN=B08P1JGJD8,"5.0 "," the United States "," September 2, 2024",Size: MediumColor: Black,Verified Purchase,I purchased this to travel in.  It will be my go to anytime I fly or I’m traveling on a road trip.,
JennBrian,Buy this!!!,https://www.amazon.com/gp/customer-reviews/R1PBKR5D1S4QFX/ref=cm_cr_getr_d_rvw_ttl?ie=UTF8&ASIN=B08P1JGJD8,"5.0 "," the United States "," May 31, 2024",Size: LargeColor: Blue,Verified Purchase,"I'm so in love with this. I'm 5'7"", 172 lbs, bought a large and it's the bomb. I am going to order this in every color. I've got big hips and butt, wear about a 10/12 in pants, hips 45"". The large wasn't too tight, actually slimmed me down. Color is great. Material super soft.",3
Tracy Mobley,So disappointed.,https://www.amazon.com/gp/customer-reviews/R26BVCD2RTYSFK/ref=cm_cr_getr_d_rvw_ttl?ie=UTF8&ASIN=B08P1JGJD8,"3.0 "," the United States "," June 24, 2024",Size: XX-LargeColor: Light Grey,Verified Purchase,I bought this outfit to wear on a trip but it is so small. It looks like leggings not a jumpsuit. I don’t have time to send it back. I am done ordering clothing from Amazon. It’s a hit or miss.,5
Sarah,Gray looks like pajamas,https://www.amazon.com/gp/customer-reviews/R2TZ9ZBAXNQ0PV/ref=cm_cr_getr_d_rvw_ttl?ie=UTF8&ASIN=B08P1JGJD8,"3.0 "," the United States "," June 18, 2024",Size: MediumColor: Light Grey,Verified Purchase,"I got the Heather gray. I’m 5’10”, 160 lbs. fit is fine. The arm holes of the sleeves are tight enough that your bra doesn’t show. The gray just really looks like pajamas, and I was hoping for something a little less lazy looking. Maybe a different color would be better.",
Kendra,Comfortable,https://www.amazon.com/gp/customer-reviews/RP4WFW9SFY5V5/ref=cm_cr_getr_d_rvw_ttl?ie=UTF8&ASIN=B08P1JGJD8,"5.0 "," the United States "," August 24, 2024",Size: MediumColor: Navy,Verified Purchase,This outfit is so comfortable. Fits nice. True to size. I purchased a medium 5’5 147lb. Love this. I purchased 2 different colors,
Eileen DeNoto,Love it!,https://www.amazon.com/gp/customer-reviews/R2FNCGQ2YOS0XQ/ref=cm_cr_getr_d_rvw_ttl?ie=UTF8&ASIN=B08P1JGJD8,"5.0 "," the United States "," September 7, 2024",Size: LargeColor: Black,Verified Purchase,Fabric is light and good quality. Fits as described and very flattering. So comfortable.,
Jen!Jen!Jen!,More like PJs,https://www.amazon.com/gp/customer-reviews/R1A7CWUY3Z0HY/ref=cm_cr_getr_d_rvw_ttl?ie=UTF8&ASIN=B08P1JGJD8,"3.0 "," the United States "," August 9, 2024",Size: SmallColor: Blue,Verified Purchase,Love the color. Love the concept. Unfortunately it's more like pajamas and will end up being that.,
Dianna Rankin,Super CUTE and COMFY!,https://www.amazon.com/gp/customer-reviews/R2HI80WXN85XI9/ref=cm_cr_getr_d_rvw_ttl?ie=UTF8&ASIN=B08P1JGJD8,"5.0 "," the United States "," March 24, 2024",Size: SmallColor: Black,Verified Purchase,"I’m 5’3”, weigh ~120lbs, ordered a size small. Fits well! The arm holes are a bit small, but M would’ve been too big. So I thought this was a one-piece when I ordered, guess I should’ve read the description better! I still love it. I got a lightening deal on it ($30) but I think the original $39.99 is too pricey. It’s very lightweight so don’t expect it to be super warm. It’s perfect for spring/summer!",9
Carmencita Agudelo,Nice Fabric,https://www.amazon.com/gp/customer-reviews/R2X5LVL14MNN8L/ref=cm_cr_getr_d_rvw_ttl?ie=UTF8&ASIN=B08P1JGJD8,"4.0 "," the United States "," April 16, 2024",Size: MediumColor: Dark Grey,Verified Purchase,I like it a lot,
L Williams,Thin,https://www.amazon.com/gp/customer-reviews/R2DZ5IGXQF1JLJ/ref=cm_cr_getr_d_rvw_ttl?ie=UTF8&ASIN=B08P1JGJD8,"3.0 "," the United States "," May 21, 2024",Size: MediumColor: Dark Green,Verified Purchase,"It is adorable yes, but the fabric is very thin. Very much like pajamas. I would expect this type of quality to be about $25 for the set. Bottom fit is a little small Tank fit is a little big Super cute for travel outfit. Would be very comfortable on a plane but just not for me",5
Wendy H.,Poor quality.  Hole in leg before wearing,https://www.amazon.com/gp/customer-reviews/R3TLORJUTX63N6/ref=cm_cr_getr_d_rvw_ttl?ie=UTF8&ASIN=B08P1JGJD8,"3.0 "," the United States "," July 14, 2024",Size: LargeColor: Army Green,Verified Purchase,"The two piece is super cute but it had a hole in the back of the leg.  Not at a seam, and before I ever wore it.  Will be returning.",
Kara,Cute and Comfortable,https://www.amazon.com/gp/customer-reviews/R3D93KUHGAN2JN/ref=cm_cr_getr_d_rvw_ttl?ie=UTF8&ASIN=B08P1JGJD8,"5.0 "," the United States "," June 9, 2024",Size: SmallColor: Dark Blue,Verified Purchase,"This is my go to end of school year outfit— I have it in a bunch of colors. It’s comfortable but looks cute. It looks like a jumpsuit, but the fact that it’s two pieces makes it even more practical. Soft, comfortable material, elastic waist, pockets… It’s a win!",4
Just Starting,Great fit,https://www.amazon.com/gp/customer-reviews/R1FUWKW2GJP9VX/ref=cm_cr_getr_d_rvw_ttl?ie=UTF8&ASIN=B08P1JGJD8,"5.0 "," the United States "," June 1, 2024",Size: X-LargeColor: Navy,Verified Purchase,"Love this outfit. Fits true to size, it’s stylish but not snug fitting like many similar sets. Great for separates or a set. Only problem is that, although the tags were still on it,  the outfit had clearly been worn before because there was deodorant stains on the arms.",
Terri Thon,One size doesn’t fit all,https://www.amazon.com/gp/customer-reviews/RV9C5DBYT3B4W/ref=cm_cr_getr_d_rvw_ttl?ie=UTF8&ASIN=B08P1JGJD8,"5.0 "," the United States "," August 27, 2024",Size: LargeColor: Navy,Verified Purchase,"I loved the outfit However, I have the body shape that needs a medium pant but large top.",
Linda Walker-Jones,Outfit,https://www.amazon.com/gp/customer-reviews/RDY0IOS07N7N7/ref=cm_cr_getr_d_rvw_ttl?ie=UTF8&ASIN=B08P1JGJD8,"4.0 "," the United States "," April 10, 2024",Size: X-LargeColor: Brown,Verified Purchase,"Prefer long sleeves, but very comfortable.",
Kindle Customer,Very thin fabric,https://www.amazon.com/gp/customer-reviews/RU8KRW1X2QONX/ref=cm_cr_getr_d_rvw_ttl?ie=UTF8&ASIN=B08P1JGJD8,"5.0 "," the United States "," May 17, 2024",Size: SmallColor: Army Green,Verified Purchase,"LIKE! Very light fabric, great for summer. The green o ordered is beautiful and I’m going to get other colors. I would not go with a color too light, in case you can see too much—beware of panty-lines. I’m not sure how it will wash, but optimistic.",
Payton,Felt like pajamas,https://www.amazon.com/gp/customer-reviews/R1ZQY5KC08DDK6/ref=cm_cr_getr_d_rvw_ttl?ie=UTF8&ASIN=B08P1JGJD8,"2.0 "," the United States "," November 19, 2024",Size: X-LargeColor: Wine Red,Verified Purchase,"Thin pajama material. Very soft and comfortable but I wouldn’t wear out of house. Also felt like the bottoms were too small, but if it was a thicker material I would’ve kept and paired with a different top",
KiM,Two-piece lounge set,https://www.amazon.com/gp/customer-reviews/R6IPH7NXMQ33J/ref=cm_cr_getr_d_rvw_ttl?ie=UTF8&ASIN=B08P1JGJD8,"3.0 "," the United States "," July 26, 2024",Size: SmallColor: Army Green,Verified Purchase,"Thought it was a romper, but actually it is a tank top and lounge pants",
Anirroc,Comfortable,https://www.amazon.com/gp/customer-reviews/RGR9R1HH4TXEA/ref=cm_cr_getr_d_rvw_ttl?ie=UTF8&ASIN=B08P1JGJD8,"5.0 "," the United States "," September 12, 2024",Size: LargeColor: Wine Red,Verified Purchase,Nice and soft,
J,"Light, loose and flowy!",https://www.amazon.com/gp/customer-reviews/R2JA6168PV5TOJ/ref=cm_cr_getr_d_rvw_ttl?ie=UTF8&ASIN=B08P1JGJD8,"5.0 "," the United States "," August 6, 2024",Size: SmallColor: Black,Verified Purchase,"Love it, it's just my style! Fairly loose fit for size small and I'm 5'7"" 125lbs 34c. Very comfortable and washes well!",
Carolec,Runs large!,https://www.amazon.com/gp/customer-reviews/REUSFL29UUUQZ/ref=cm_cr_getr_d_rvw_ttl?ie=UTF8&ASIN=B08P1JGJD8,"3.0 "," the United States "," April 20, 2024",Size: MediumColor: Black,Verified Purchase,"I ordered this for a travel outfit to wear with a long cardigan on an overnight flight. I'm a solid medium, but I was swimming in these pants! They were ridiculous. I ordered a small thinking they would surely be too tight, but they fit well.",
Amazon Customer,Comfy,https://www.amazon.com/gp/customer-reviews/R3A2KHER6Q2EW4/ref=cm_cr_getr_d_rvw_ttl?ie=UTF8&ASIN=B08P1JGJD8,"5.0 "," the United States "," August 28, 2024",Size: X-LargeColor: Black,Verified Purchase,Great weight and fit. Perfect for travel.,
Vickie B,Too cute,https://www.amazon.com/gp/customer-reviews/R3QFTB4H2P931Y/ref=cm_cr_getr_d_rvw_ttl?ie=UTF8&ASIN=B08P1JGJD8,"5.0 "," the United States "," July 18, 2024",Size: LargeColor: Dark Blue,Verified Purchase,"My hubby thought it was a one-piece jumper, which was a success!  Great color (blue), so I hope it stays bright through washings. Seems to be well-made.",
Amazon Customer,Lightweight & Comfy,https://www.amazon.com/gp/customer-reviews/R1W5MKYFCAIIBL/ref=cm_cr_getr_d_rvw_ttl?ie=UTF8&ASIN=B08P1JGJD8,"5.0 "," the United States "," June 24, 2024",Size: LargeColor: Black,Verified Purchase,"I’m 5’7 & 155lbs, wearing a large! I probably could’ve sized down to a medium but the overall fit is amazing. Super light weight, and comfy. Great for travel or lounging!",4
d Mac,Great for one season,https://www.amazon.com/gp/customer-reviews/R22TTOEUFGQ3C5/ref=cm_cr_getr_d_rvw_ttl?ie=UTF8&ASIN=B08P1JGJD8,"4.0 "," the United States "," October 29, 2023",Size: SmallColor: Black,Verified Purchase,"Fits TTS. Quality of fabric isn’t great. Looks worn after one wash but great to lounge in or travel in and looks cute on. Wouldn’t order again but I would if the fabric were a little nicer. Not thick, very breathable.",8
beesea,Not for Shorties,https://www.amazon.com/gp/customer-reviews/R31APYADR2G349/ref=cm_cr_getr_d_rvw_ttl?ie=UTF8&ASIN=B08P1JGJD8,"3.0 "," the United States "," July 9, 2024",Size: X-LargeColor: Light Grey,Verified Purchase,Potential to be a cute set… for people over 5’5? I’m 5’2 and the pants were ridiculously long!,2
Old School,Pretty Garden sets,https://www.amazon.com/gp/customer-reviews/R22I89Q2HOQLQR/ref=cm_cr_getr_d_rvw_ttl?ie=UTF8&ASIN=B08P1JGJD8,"5.0 "," the United States "," June 4, 2024",Size: MediumColor: Brown,Verified Purchase,"I wore this set today with a pair of Van's. I love the lightness of it, pockets is always a plus for me. I've good luck with the length of the pants. Love it!",
marisa melo,I really wanted to like this! =/,https://www.amazon.com/gp/customer-reviews/R2XDQ59PRZHTEE/ref=cm_cr_getr_d_rvw_ttl?ie=UTF8&ASIN=B08P1JGJD8,"3.0 "," the United States "," August 30, 2021",Size: MediumColor: Army Green,Verified Purchase,"Overall, I like the material/feel and I loved the color (Army Green). The fit/neckline of the sleeveless top was great too. I wish they were sold separately, because I would keep the top and/or buy more colors. For reference, I'm 5'11"" and in the 155-165 range and ordered a Medium, the top fits pretty true, and the length of the pants was accurate, but the bum/thighs are very baggy.  I dislike the pants, they do not drape well, they look like Men's pajama pants. If I drape them low on the waist for a slouchy look, the thigh/bum area looks way too baggy and I feel they make my legs/thighs look bigger than they are. If I pull them up higher on my waist/hips, it also doesn't look right and the top doesn't drape as well over the pants either. The fly area/yoke area is too long.  I will be returning this outfit, I had high hopes that this would be an easy outfit to throw on for errands or even presentable enough to go out in, but it looks way too casual/pajama-like and does not fit like the advertised pics. I read a lot of the reviews and was encouraged by all the different body types that were satisfied and looked cute in this outfit, but it's not for me, unfortunately.",3
Elaine,"Comfortable, well fitting outfit!",https://www.amazon.com/gp/customer-reviews/R1Q9AT3ANZ7XG8/ref=cm_cr_getr_d_rvw_ttl?ie=UTF8&ASIN=B08P1JGJD8,"5.0 "," the United States "," June 7, 2024",Size: SmallColor: Navy,Verified Purchase,"Bought this specifically to wear on a five hour flight.  Great fit, comfortable.  Ordered two more in different colors!  I’m petite and it’s hard to find a good length.  This is perfect!",
Jon P.,Perfect for travel,https://www.amazon.com/gp/customer-reviews/RHR1G8BY0NDYU/ref=cm_cr_getr_d_rvw_ttl?ie=UTF8&ASIN=B08P1JGJD8,"4.0 "," the United States "," July 30, 2023",Size: SmallColor: Light Grey,Verified Purchase,"I bought this in grey last minute for a trip as an outfit to wear in the airport. It was perfect. The fabric is thin enough that you wont be hot but light enough that you’ll still be warm in the air conditioning. I was concerned I would look like I was in pajamas, but I felt it looked appropriate especially with a little sweater to pull the outfit together.",5
Amber Slater,Love,https://www.amazon.com/gp/customer-reviews/R30HEZSM2AZ6KB/ref=cm_cr_getr_d_rvw_ttl?ie=UTF8&ASIN=B08P1JGJD8,"5.0 "," the United States "," May 13, 2023",Size: MediumColor: Black,Verified Purchase,"This is the most comfortable outfit ever. I just got it yesterday, wore it all day, slept in it and was already dressed for today lol. I will have to see how it holds up in the wash, but I'll be wearing this on the plane for our next trip for sure. I was on the fence b/t medium and small and very happy I went with the medium. For reference, I'm 5'2, 36D and weigh 137lbs. A small would have been way too tight on top. If I had a smaller chest, a small would probably work. I'm just happy the medium looks flattering and not too baggy. Ordering another one today!",4
Nicole Beal,Cute set,https://www.amazon.com/gp/customer-reviews/R1FNEJ820FNG77/ref=cm_cr_getr_d_rvw_ttl?ie=UTF8&ASIN=B08P1JGJD8,"5.0 "," the United States "," August 25, 2024",Size: SmallColor: Army Green,Verified Purchase,"Cute for spring, summer and early fall.",
amyTroyer,So Comfy,https://www.amazon.com/gp/customer-reviews/RIBGIHB93HAX5/ref=cm_cr_getr_d_rvw_ttl?ie=UTF8&ASIN=B08P1JGJD8,"5.0 "," the United States "," July 7, 2024",Size: MediumColor: Navy,Verified Purchase,I get tons of compliments on this every time I wear it. I dress it up.  I dress it down. Looks good both ways.,
K. mic,Watch the size,https://www.amazon.com/gp/customer-reviews/R3KHLLTYY9JNI/ref=cm_cr_getr_d_rvw_ttl?ie=UTF8&ASIN=B08P1JGJD8,"4.0 "," the United States "," September 5, 2023",Size: LargeColor: Dark Blue,Verified Purchase,"I originally purchased a medium. I am 5’ 5”, 135 lbs, bust 34F. I planned on wearing this outfit on 2 nine hour flights and 2 eight hour train rides. The waist on the medium is too tight to be comfortable on these trips, but would be fine otherwise. I then bought a large and it is perfect.",9
BMR,Comfy lounge set for summer,https://www.amazon.com/gp/customer-reviews/R1FTIHPDOAPTKG/ref=cm_cr_getr_d_rvw_ttl?ie=UTF8&ASIN=B08P1JGJD8,"4.0 "," the United States "," August 3, 2022",Size: LargeColor: Dark Grey,Verified Purchase,"I have three sets of the Pretty Garden 2 piece short sleeved sets  and LOVE them. When I saw the sleeveless option I knew I wanted it as well. I ordered the dark grey and it is a great color. I work from home and wanted an option that provided some warmth in AC without being hot. This set is slightly different from the short-sleeved sets. The material is slightly thicker, but maybe softer. The fit of the top is different as well. The sleeveless shirt is more fitted, different from the short-sleeve which is more boxy and loose. Overall I like the set.",2
Turtle Block,Love. It.,https://www.amazon.com/gp/customer-reviews/RXRXT2XRA3058/ref=cm_cr_getr_d_rvw_ttl?ie=UTF8&ASIN=B08P1JGJD8,"5.0 "," the United States "," June 22, 2023",Size: SmallColor: Black,Verified Purchase,"Bought this for travel - no one wants their jumper top touching the floor of an airport/airplane toilet so the two pieces are A MUST. Super comfortable, looks cute with a jean jacket and a variety of shoes.  Very versatile as I was able to mix/match the top and pants separately with other items in my suitcase to go farther. Ran into a lady at security wearing the same one - she also loved it. Might buy another to wear around the house and run errands in.",4
BJ Coyle,Great,https://www.amazon.com/gp/customer-reviews/R3BAVTX7CW6RPQ/ref=cm_cr_getr_d_rvw_ttl?ie=UTF8&ASIN=B08P1JGJD8,"5.0 "," the United States "," July 20, 2024",Size: SmallColor: Dark Blue,Verified Purchase,"This blue is fantastic.  Super comfy, looks cute.light weight. True to size. I'm 5'2"" and 120, small fits great.",
Doc C.,Meh.,https://www.amazon.com/gp/customer-reviews/R38C4WDKWOWTQB/ref=cm_cr_getr_d_rvw_ttl?ie=UTF8&ASIN=B08P1JGJD8,"3.0 "," the United States "," May 2, 2023",Size: XX-LargeColor: Black,Verified Purchase,"So this one is just meh for me. It’s super cute in the advertising pics, looks good on but the fabric isn’t exactly soft but isn’t exactly stiff. It feels kind of like pajamas to be honest but I wouldn’t sleep in it because the pants are strangely long and I’m 5’7”. I wore it for airline travel and wasn’t self conscious or uncomfortable but overall it’s a lounge outfit, not a Sunday brunch outfit or really something you could dress up or style as the fabric is just kind of meh. Feels sort of cheap, but not poly/rayon cheap, more like cotton/wool cheap? I don’t know how to describe it. It’s not awful but not something I’d buy again.",
Andee O.,Cute for lounging,https://www.amazon.com/gp/customer-reviews/RL739U6F7HGN9/ref=cm_cr_getr_d_rvw_ttl?ie=UTF8&ASIN=B08P1JGJD8,"3.0 "," the United States "," January 23, 2023",Size: MediumColor: Blue,Verified Purchase,"At 5'4 and 140 lbs the length was just right. I would have preferred a more capri look personally. I could of maybe even got a size small as I prefer a little tighter fit over baggy. The top was actually perfect and I'm a 38C.  If the seller sold the tops alone I would buy all the colors as I've been looking for tops just like these and just can't find any. Now the real reason I'm returning is the fact that the set makes me feel like I'm wear pajamas or loungewear. I really wanted some thing comfortable that I could wear on a plane or running errands. Even my daughter thought they were pajamas.  It is very soft and comfrotable, just not what I was looking for. Hopefully the seller could sell the tops without the pants, then I would love that!",2
Amazon Customer,Perfect Plane/Lounging outfit,https://www.amazon.com/gp/customer-reviews/R3IU27BC5117QQ/ref=cm_cr_getr_d_rvw_ttl?ie=UTF8&ASIN=B08P1JGJD8,"5.0 "," the United States "," September 29, 2023",Size: LargeColor: Black,Verified Purchase,"Bought this set for a long travel day to avoid wearing leggings & it did not disappoint! Side pockets were fine for putting chapstick & my phone in while whizzing through the airport. Once returning home it has quickly become my go to for lazy days on the couch & it still looks great to wear out for quick errands with a hoodie. Love it so much I bought another set in a different color. Fit is true to size. I’m usually a 12 pant, large top & the set in large was perfect.",8
twinmom,Cute & comfy!,https://www.amazon.com/gp/customer-reviews/R2Q6A0UNNA2VJI/ref=cm_cr_getr_d_rvw_ttl?ie=UTF8&ASIN=B08P1JGJD8,"5.0 "," the United States "," July 29, 2024",Size: SmallColor: Dark Blue,Verified Purchase,Love the comfort and color of this outfit.  I plan on wearing it for airplane travel.,
curt miles,Super Comfy!,https://www.amazon.com/gp/customer-reviews/R28M7LKN17HJC8/ref=cm_cr_getr_d_rvw_ttl?ie=UTF8&ASIN=B08P1JGJD8,"4.0 "," the United States "," June 15, 2022",Size: MediumColor: Black,Verified Purchase,"Amazon suggested I order a large in this outfit but after reading reviews I decided to size down to a medium. So glad I did!!! I’m 5’5” around 165 lbs and the pants still are a little roomy however, the top is a little more fitting and not as roomy as the model makes it appear to be. I suppose that is due to my size D chest! So overall I love the comfort of the outfit, but would probably just wear it to run to the store, lounge in at home or even PJ’s rather try to dress it up to go out in.",
Amazon Customer,Nicely made,https://www.amazon.com/gp/customer-reviews/RFDGLGJUE823P/ref=cm_cr_getr_d_rvw_ttl?ie=UTF8&ASIN=B08P1JGJD8,"5.0 "," the United States "," August 1, 2024",Size: MediumColor: Navy,Verified Purchase,The quality is very good,
