﻿评论用户,评论概述,评论链接,星级评分,评论地点,评论时间,类型,是否购买,评论详情,觉得该评论有帮助的人数
Alixie J,"Love these leggings, SO SOFT!",https://www.amazon.com/gp/customer-reviews/R3DCOB8NOG2PS2/ref=cm_cr_arp_d_rvw_ttl?ie=UTF8&ASIN=B07YYSC22N,"5.0 "," the United States "," December 26, 2024",,Verified Purchase,"These leggings are so stinking soft! I love them. I’ve had them for years, and bought another pair not too long ago, the quality is the same which I love. My older pairs have developed holes but they are used a lot. These are comfy sweats/joggers, not great for exercise if you’re tryna keep cool. They loosen up a bunch after some washes. I like that they’re long. I’m 5’8” and they actually go down to my ankles! I got them as a Christmas gift, best Christmas pajamas ever!",14
Star Hicks,SUPER SOFT!!!,https://www.amazon.com/gp/customer-reviews/R25UX8L36I9W9S/ref=cm_cr_arp_d_rvw_ttl?ie=UTF8&ASIN=B07YYSC22N,"5.0 "," the United States "," December 6, 2024",Color: OliveSize: 2X,Verified Purchase,I ordered 2 different designs of these pants. The green ones are crazy soft and comfy!! The ones with a pattern are not as soft but they are still very comfy. The fit is fantastic too!! I'm a 2x and kinda short and these pants are pretty long in a 2x but they can be scrunched down and not look terrible. I like them a lot and will probably order more in the future if they end up being pretty durable.,11
Amazon Customer,Pilling but Very Comfortable,https://www.amazon.com/gp/customer-reviews/R3K5ED3QI2G7HF/ref=cm_cr_arp_d_rvw_ttl?ie=UTF8&ASIN=B07YYSC22N,"4.0 "," the United States "," December 4, 2024",Color: BlackSize: X-Large,Verified Purchase,"After a little less than a year of about once a week use, the thighs ripped since I have thick thighs. They are my favorite pants to wear since they are comfortable and soft. (I consistently wear them to sleep because they are so comfy!) Cat hair sticks to it very well, but it gets out in the wash. The pockets are too small as my phone and other items constantly fall out. There is pilling if you have thighs that rub together. Overall, despite all of the issues, I do love these pants. I just bought three more since they have a great price. They fit well, I am an XL being 5'3"" and 220lbs.  Warning, The Charcoal Grey color turns out to be a bit like a navy blue, but the black is black!",14
Alr,Favorite!,https://www.amazon.com/gp/customer-reviews/R35OQKZKDP2F8L/ref=cm_cr_arp_d_rvw_ttl?ie=UTF8&ASIN=B07YYSC22N,"5.0 "," the United States "," January 17, 2025",Color: BlackSize: X-Large,Verified Purchase,"True to size, cute colors, great for being comfy, good fabric, worth the money!",
Constance Quigley,"Super soft, long, and cozy leggings!",https://www.amazon.com/gp/customer-reviews/R171CV9RMLV5NH/ref=cm_cr_arp_d_rvw_ttl?ie=UTF8&ASIN=B07YYSC22N,"5.0 "," the United States "," January 6, 2025",Color: Celestial DreamSize: Medium,Verified Purchase,These are my new favorite PJ pants! They cover my ankles for those cold mornings and are super soft but not too thick for sleeping. Love the prints!,2
Jillian R,CAREFUL OF SOLIDS IN STRAIGHT-LEG STYLE (if you're not tiny) THEY'RE AMAZING! (not athleisure wear!),https://www.amazon.com/gp/customer-reviews/R27Q6J4BA47MVH/ref=cm_cr_arp_d_rvw_ttl?ie=UTF8&ASIN=B07YYSC22N,"3.0 "," the United States "," November 21, 2020",Color: Leopard MuseSize: X-Large,Verified Purchase,"I found this brand RANDOMLY, because someone was selling these pj pants on a resale site.  They looked comfy so I was happy to find them on Amazon for a great price. (I hate spending a ton of money on pj's that I'm only going to wear at home, unless they're ""special sexy pjs"" you know?)I liked the standard straight-leg ones, but I LOVE leopard and they didn't have my size in leopard, so I grabbed the jogger style, never tried joggers before but I took a chance, who cares, they're returnable and I'm wearing them inside my home! I got the leopard joggers and the straight-leg pants in grey camo and burgundy.  I tried on the camo as soon as they came and I was IN LOVE.  They are SO soft and comfortable.. I don't wake up hot in the night, so they're SO soft, almost feel like a SUPER THIN fleece (but I don't want you to misunderstand, they are NOT what we would usually describe a fleece pj pant.) They're DEF Pj pants, not athleisure wear or anything, THESE ARE FOR AT HOME PEOPLE!! lol. Thrilled with my purchase!!.... so far.....A few days later I tried the joggers on, LOVE! It's a different style for me and a little less ""fleece-y"" feeling but easy to wear for anyone considering trying joggers!  I waited a while (assuming I was keeping all these and maybe even buying MORE,) but then I put the burgundy pair on one evening, (same style as the grey camo I bought, if you recall...) They were the same thing, comfy, same material, but OMG THEY WERE HORRIBLY UNFLATTERING!! SO SO UNFLATTERING THAT I WOULD NOT WEAR THEM IN MY HOUSE IN FRONT OF MY FAMILY.  It was AWFUL.  I don't want to offend anyone, but they really just made things look a lot worse on me! I was so sad, but I recently had a similar experience with leggings, the printed ones looked great but the solids showed every single imperfection.  I realized the SOLID COLOR (burgundy vs the grey camo print,) probably because its such a thin soft material, SHOWED EVERY SINGLE LUMP, BUMP, SKIN IMPERFECTION, WHATEVER ...ETC! If you are an xs-s, or you're very very toned and fit, or have no cellulite or dimples or skin imperfections-- you may be completely fine with a solid color! But for many of us that might not be the case, and the prints are 100% a great choice if you fit into that category!  (Don't get me wrong, It's not the company's fault I have recently gained weight or that I am not slimmer or more toned.. it's mine! I just want to encourage others to select the best color for them so they are happy with their purchase too and feel comfortable, not discouraged or bad about themselves because of some silly pj pants!!)---> SO A STRONG RECOMMENDATION TO OTHERS BEFORE SELECTING COLORS TO PURCHASE: if you have ANY skin issues you don't want shown, or (ACTUALLY) ACCENTUATED, (think like--back of your thighs? on your bum? cellulite, anything like that..) I WOULD 100% ORDER THE PRINTS!  THEY HAVE A TON OF OPTIONS FOR THE PRINTS AND THEY'RE SUPER CUTE (I found it so hard to choose initially!) SO YOU'RE NOT MISSING OUT BY NOT GETTING THE SOLID COLORS! The grey camo isn't unflattering on me AT ALL! I love them! They honestly look great!  The joggers are excellent too! The joggers are actually a lot looser on me than the straight legged pants so I'm not sure if the solid joggers would be as much of an issue but I'm not going to take the chance.  I bought XL, could have got away with L, but I wanted a really loose fit for sleeping and comfort, (and even still the burgundy showed everything, so they weren't just too tight on me..) I returned the burgundy and am going to grab another print because I love them so much. Might grab a few to go with my nieces and nephews x-mas presents.  After washing they seem to hold up fine!  It's rare sweatpants or pj pants are long enough on me, not sure why because I'm only 5'6"" but for some reason casual sweat and pj pants  (HELLO OLD NAVY?! WHAT THE HECK?) seem to be SO short, which I hate! These ARE NOT SHORT! They're nice and long. I dried them in the dryer too and they didn't shrink up on me in the length.  Just NOTE: before they go in the dryer, TIE A KNOT ON THE DRAW STRING ON EACH END OF THE STRING WHILE THE STRING IS IN THE PANTS OR DOUBLE KNOT THEM VERY VERY TIGHTLY!  Once they went through the dryer I was searching for the string to pull back through the waist of the pants, I put a knot on each end (like comes standard on many sweats and no more issues with that.All in all they're a great price and a great pant, I think they're my new go to pj pants! Cheaper and better hold-up quality than the pj pants in most of the big box stores...just buy the prints if you're concerned about being self conscious especially with the straight legged style... I promise you'll thank me!!! ;).Sorry for the long review but I hope this gives potential customers as much information as possible to purchase pants you'll be able to enjoy!!!",344
C. Fish,For relaxed fit buy 1 size up unless you have pencil legs,https://www.amazon.com/gp/customer-reviews/R2NVBCKINDPGPS/ref=cm_cr_arp_d_rvw_ttl?ie=UTF8&ASIN=B07YYSC22N,"5.0 "," the United States "," December 21, 2024",Color: Furball CatsSize: 2X,Verified Purchase,Excellent. Very comfy. Plenty long enough. Likely wont shrink. You know the kind of leggings that are super soft with the sort of “moleskin” feel? That’s what these are made of. These are loose fit super soft leggings with the cut of a woman’s jogging pant. Originally I bought the I’m 5’10.5” & 225lbs. I have a proportionate build. I’m in between (stretch) jeans sizes 16-18 right now. Originally I bought these in XL. It fit like slightly loose leggings. I returned them for the XXL and they’re perfect. If you’re close to being the next size then go with that bigger one.,8
Kim S,Warm and Comfy,https://www.amazon.com/gp/customer-reviews/R27R1TORTWAGR3/ref=cm_cr_arp_d_rvw_ttl?ie=UTF8&ASIN=B07YYSC22N,"5.0 "," the United States "," January 10, 2025",Color: BlackSize: Small,Verified Purchase,They are great for yoga in the winter dodging from your car to class or under clothes as an extra layer. Fit great and very comfortable. Love that they have pockets.,
BOOBALICOUS,RELAXED FIT JOGGERS,https://www.amazon.com/gp/customer-reviews/R2BM2I9F8R8RRO/ref=cm_cr_arp_d_rvw_ttl?ie=UTF8&ASIN=B07YYSC22N,"5.0 "," the United States "," January 5, 2025",Color: Pink ButterfliesSize: 3X,Verified Purchase,"I LOVE THE WAY THEY LOOK AND FEEL.I ACCIDENTLY BO- UGHT 2 PAIRS OF THE SAME PATTERN BUT I'M GOING TO KEEP THEM.I HAVE LONG LEGS AND THEY ARE THE PERFECT LENGTH I'M THICK AROUND THE WAIST SO TH- EY ARE A LITTLE TIGHT,BUT I DID ORDER SOME DIET PI- LLS, LOL.I HAVE ON THE ONES THAT ARE BLACK,PINK ,GREY AND WHITE .I CAN'T GET OVER HOW SOFT THEY ARE.I PLAN ON ORDERING THE ANIMAL PRINT ONES NEXT.I ALSO PURCHASED THE BLACK ONES WITH THE PINK BUTTERFLIES ON IT. YOU CAN'T BEAT THE PRICE. I PLAN ON WEARING THEM ALL WITH JUST SWEATSHIR- TS AT HOME BUT I HAVE SOME NICER CASUAL TOPS TO WEAR WHEN I GO SOME PLACE.THEY AREN'T LINED, AND THEY DO STRETCH,BUT THEY ARE THIN,BUT THAT'S FINE FOR LIVING IN THE SAN FRANCISCO BAY AREA .",
Blondielocks70,Love them!,https://www.amazon.com/gp/customer-reviews/R1FTJ3DQOYZ9HW/ref=cm_cr_arp_d_rvw_ttl?ie=UTF8&ASIN=B07YYSC22N,"4.0 "," the United States "," December 1, 2024",Color: Gray CamouflageSize: 1X,Verified Purchase,"These are soft and a great length. this is my second pair, the first one gifted by my sister.  They are soft, and thicker than a lot of joggers, which is great for this cool weather. I’m not normally a camo person, but I do love these in gray camo. One thing I particularly like about these is that the length is longer than a lot of joggers (which just hit my ankle with no room to spare). These have plenty of length.  I am 5’6 1/2” and 200 lbs, and I ordered the 1X, the fit is perfect!  The only reason I took one star off is because the left pocket is not sewn together on the inside, so there’s a 4” gap, so I am unable to use that pocket. I’ll have to remember to put my phone in the right pocket. I’m already wearing them, and I love them so much. I’m not taking them off to return them. So I will deal with the unfinished pocket.",
carolyn hight,"Color different, but still pretty.",https://www.amazon.com/gp/customer-reviews/R1XNPCAJO2XG77/ref=cm_cr_getr_d_rvw_ttl?ie=UTF8&ASIN=B07YYSC22N,"4.0 "," the United States "," January 6, 2025",Color: Triple Shades of GraySize: Large,Verified Purchase,"I love these pants and have ordered several colors. The last color i got was the ""triple shades of grey"". While it is still pretty and I like it the picture I think is a little misleading. I would call this shades of bluish grey with the emphasis on blue. I would still recommend this color though and every color i have ordered. These are very comfortable and i think good quality.",
Delilah,Good for lounging,https://www.amazon.com/gp/customer-reviews/R31BUHFB8IK60R/ref=cm_cr_getr_d_rvw_ttl?ie=UTF8&ASIN=B07YYSC22N,"4.0 "," the United States "," January 9, 2025",Color: Purple CosmosSize: Medium,Verified Purchase,"I am 5'7 and 120-125 pounds.  I got a medium.  The length was a tad short, but it works.  I use them to hang around the house in.  Sort of look like pjs.  I wouldn't work out in them, not the right type of pants for that.",
Glenda Bailey,Checkered joggers,https://www.amazon.com/gp/customer-reviews/R3G0NH12WNB4SO/ref=cm_cr_getr_d_rvw_ttl?ie=UTF8&ASIN=B07YYSC22N,"4.0 "," the United States "," January 9, 2025",Color: B&w CheckeredSize: 2X,Verified Purchase,"I like feel of the material. My only complaint is they run small. I gave the first pair I ordered to a friend and ordered a larger size than I normally wear. Other than them running small in size, I love them! They are also very comfortable!",
Susan R.,So comfy!!,https://www.amazon.com/gp/customer-reviews/R9QPRIU0I0JLO/ref=cm_cr_getr_d_rvw_ttl?ie=UTF8&ASIN=B07YYSC22N,"5.0 "," the United States "," January 17, 2025",Color: Purple CosmosSize: 2X,Verified Purchase,"Unbelievably soft. Fit great. So comfy. But they are thin!! I wasn’t looking for warm, so I’m happy about that - but just be aware. To me, solid colors are less flattering than the prints - but that’s for my body type.",
Kindle Customer,"Run Large, But so soft and comfy!",https://www.amazon.com/gp/customer-reviews/R3OGK8LK41565P/ref=cm_cr_getr_d_rvw_ttl?ie=UTF8&ASIN=B07YYSC22N,"4.0 "," the United States "," December 29, 2024",Color: BlackSize: 2X,Verified Purchase,"I am 5'2"" and ordered an XXL and I am going to reorder an XL as they run large and are very long. Also, the washing instructions say to line dry but I tossed them in the washer and dryer and they came out fine. Definitely very soft amd comfy so I am going to try a smaller size.",
Laurie Francis,Incredibly soft,https://www.amazon.com/gp/customer-reviews/R2U80R984469O/ref=cm_cr_getr_d_rvw_ttl?ie=UTF8&ASIN=B07YYSC22N,"4.0 "," the United States "," December 18, 2024",Color: BlackSize: X-Large,Verified Purchase,"They weren’t the material I expected them to be, they don’t seem like pants you can wear outside the house. So I expected to return them. But as soon as I tried them on, they were so soft and comfortable, I didn’t care. I am keeping them as in-the-house pants. They’re just too pajama-like to wear outside. But I live in these inside the house now. I never want to take them off.",
Carol Tikkanen,Jogger pants in dark green,https://www.amazon.com/gp/customer-reviews/R27PYT1PNB3NYX/ref=cm_cr_getr_d_rvw_ttl?ie=UTF8&ASIN=B07YYSC22N,"5.0 "," the United States "," January 15, 2025",Color: Forest GreenSize: X-Large,Verified Purchase,"I like the color and material of these joggers pants. They are comfortable, easy on and off. I ordered an EL which is perfect without making me look fat. The price is good as they are casual wear for me.",
Teresa,Fit great,https://www.amazon.com/gp/customer-reviews/R2U5IZQEHJ4G57/ref=cm_cr_getr_d_rvw_ttl?ie=UTF8&ASIN=B07YYSC22N,"5.0 "," the United States "," January 9, 2025",Color: BlackSize: Small,Verified Purchase,"I ordered these because my daughter ordered them and loved the fit and material they are made of.,I ordered a small and I am 5ft 6in and weight around 127 lbs. I think they fit great also and I love the material. They are very comfortable",
anna,fitted,https://www.amazon.com/gp/customer-reviews/ROJHT50RHE76F/ref=cm_cr_getr_d_rvw_ttl?ie=UTF8&ASIN=B07YYSC22N,"4.0 "," the United States "," January 5, 2025",Color: BlackSize: Small,Verified Purchase,I didn't like the material at all. I have muscular thighs so they weren't relaxed much in that area. I'm looking for more of a cotton blend next time around.  Legs are quite long.,
Happy To Be Here,So Comfy!,https://www.amazon.com/gp/customer-reviews/R36R6AF63TS6PA/ref=cm_cr_getr_d_rvw_ttl?ie=UTF8&ASIN=B07YYSC22N,"5.0 "," the United States "," January 13, 2025",Color: Heather CharcoalSize: Small,Verified Purchase,I’ve purchased 3 pairs of these joggers and are my go to pants when I’m out running errands. They are comfortable and are not tight like leggings are. They have a high waist and wash well.,
TinMan,Best sweats/leggings I’ve owned!,https://www.amazon.com/gp/customer-reviews/R1OUZDWZ3GO2B8/ref=cm_cr_getr_d_rvw_ttl?ie=UTF8&ASIN=B07YYSC22N,"5.0 "," the United States "," January 11, 2025",Color: MustardSize: Medium,Verified Purchase,"I bought one pair of these and promptly purchased 3 more in different colors! They are so soft, so comfortable, great pockets. I bought some for my daughters and they bought more pairs for themselves. We’re all obsessed!",
Ann K.,Love,https://www.amazon.com/gp/customer-reviews/R1DJEW9U612MV5/ref=cm_cr_getr_d_rvw_ttl?ie=UTF8&ASIN=B07YYSC22N,"5.0 "," the United States "," January 17, 2025",Color: BurgundySize: Medium,Verified Purchase,I love these joggers.  Super soft and comfy.  I actually bought a few more pairs for the gym.  Fabric is soft and no problems after several washings.,
CC Jene Verhalen,BUY THESE!,https://www.amazon.com/gp/customer-reviews/R6TAHTZYII6OA/ref=cm_cr_getr_d_rvw_ttl?ie=UTF8&ASIN=B07YYSC22N,"5.0 "," the United States "," January 4, 2025",Color: BlackSize: 2X,Verified Purchase,"I'm really not huge on writing reviews unless simmering was really amazing or amazing awful.  These fall into the category I want a pair in every color! The texture is buttery soft, fit is spot on and beyond comfortable!  Lol Another pair is arriving tomorrow! 👍👍",
Amazon Customer,Comfortable,https://www.amazon.com/gp/customer-reviews/RBPY11C1F6V6Y/ref=cm_cr_getr_d_rvw_ttl?ie=UTF8&ASIN=B07YYSC22N,"5.0 "," the United States "," January 11, 2025",Color: NavySize: Large,Verified Purchase,I ordered a black and dark blue pair of joggers. Fit is perfect and very comfortable. Also added just enough warmth to ward off that winter chill.  A good purchase!!!,
Sue,Very Comfortable,https://www.amazon.com/gp/customer-reviews/R3LV1JGZMWX8Q8/ref=cm_cr_getr_d_rvw_ttl?ie=UTF8&ASIN=B07YYSC22N,"5.0 "," the United States "," January 7, 2025",Color: Light GraySize: Large,Verified Purchase,This is the 4th pair of these pants I have purchased.  I love them! They are soft and very comfortable.  They can be worn around the house or out shopping.  They have been washed several times and still look new.,
John D III,Much nicer than I expected.,https://www.amazon.com/gp/customer-reviews/R3HCM0YNBRBBSB/ref=cm_cr_getr_d_rvw_ttl?ie=UTF8&ASIN=B07YYSC22N,"5.0 "," the United States "," January 6, 2025",Color: Bloom TimeSize: Large,Verified Purchase,Very well made and colors were very vibrant. I am 5ft 1in and weigh 128 and the large fit nicely. The length is nice for a petite size person. Someone over 5ft 5in might consider them short.,
ShRron,Comfort,https://www.amazon.com/gp/customer-reviews/R3GQLDQ9ZIFHU6/ref=cm_cr_getr_d_rvw_ttl?ie=UTF8&ASIN=B07YYSC22N,"4.0 "," the United States "," January 19, 2025",Color: NavySize: Medium,Verified Purchase,To wear,
flapalms,Soft true to size,https://www.amazon.com/gp/customer-reviews/R224G0BNQZBVB1/ref=cm_cr_getr_d_rvw_ttl?ie=UTF8&ASIN=B07YYSC22N,"5.0 "," the United States "," January 18, 2025",Color: Forest GreenSize: Large,Verified Purchase,"Love this pant, so much I ordered several different colors. So comfortable . I wear for long walks or dress up with a nice top.",
Holly Mowery,Comfortable,https://www.amazon.com/gp/customer-reviews/R313VCE9Q6D4XP/ref=cm_cr_getr_d_rvw_ttl?ie=UTF8&ASIN=B07YYSC22N,"4.0 "," the United States "," November 25, 2024",Color: Heather GreySize: Medium,Verified Purchase,"For the price point of $13 and some of the reviews, I wasn't expecting high quality. They are a thin material which I wanted for the gym as mine runs hot. The color is not what I wanted, darker than the picture but I'll keep them out of poor laziness plus they are really comfortable for lounging. They are a slim fit jogger so size up and appropriately. They are high waisted but, by all means necessary, you don't need to pull them all the way up.",4
nennette,Soft and comfortable,https://www.amazon.com/gp/customer-reviews/RR9T5I34011VT/ref=cm_cr_getr_d_rvw_ttl?ie=UTF8&ASIN=B07YYSC22N,"5.0 "," the United States "," January 12, 2025",Color: OliveSize: 1X,Verified Purchase,Very comfortable pants. Love the waist band and the ankle . I haven’t washed any of them yet but I’m sure if I follow laundering directions they’ll be fine,
Esther Dixon,comfortable,https://www.amazon.com/gp/customer-reviews/R1I29MF9M5RRPG/ref=cm_cr_getr_d_rvw_ttl?ie=UTF8&ASIN=B07YYSC22N,"5.0 "," the United States "," January 2, 2025",Color: BlackSize: Large,Verified Purchase,these joggers are really soft and comfortable I ordered a large which is my size and I am pleased with them  they are not lined and probably would not be good for outdoor wear but inside is a go. I really like them,
Doni,Perfect fit,https://www.amazon.com/gp/customer-reviews/R1QEFYW6OEGEOG/ref=cm_cr_getr_d_rvw_ttl?ie=UTF8&ASIN=B07YYSC22N,"5.0 "," the United States "," January 6, 2025",Color: PinkSize: Medium,Verified Purchase,"I often have issues with the sizing of clothes, but this one fits perfectly. The given measurements were spot on. The fabric has a nice cozy feel and the pink color is exactly as pictured.",
Christy,"Thin, but super soft!",https://www.amazon.com/gp/customer-reviews/R19FQ0N1HJ42KQ/ref=cm_cr_getr_d_rvw_ttl?ie=UTF8&ASIN=B07YYSC22N,"5.0 "," the United States "," January 14, 2025",Color: BlackSize: Large,Verified Purchase,"These are thin, but super soft! The fact that they are thin is perfect for my hotflashes! Highly recommend! Don't even think twice about purchasing these!",
Nicole Jones,Very soft. VERY high waisted.,https://www.amazon.com/gp/customer-reviews/R1IZED7AGRWUAP/ref=cm_cr_getr_d_rvw_ttl?ie=UTF8&ASIN=B07YYSC22N,"4.0 "," the United States "," November 26, 2024",Color: BlackSize: Large,Verified Purchase,"The pants are very soft. Cute style. They are longer than expected and I have decently long legs. These things are very high waisted! All the way up to my chest! I'm 5'9"".  I wear a 10/12 pants. My legs are thin'ish but I'm curvy. I was going to order a med. but read reviews and decided on a large. Glad I did. The fit on the legs is not too baggy and the waist is just right. Hope that helps!",5
Linda,Soft and well made!,https://www.amazon.com/gp/customer-reviews/R3AER700KMZYHM/ref=cm_cr_getr_d_rvw_ttl?ie=UTF8&ASIN=B07YYSC22N,"5.0 "," the United States "," January 13, 2025",Color: NavySize: X-Large,Verified Purchase,"I love these leggings! I have two pairs now! They fit to size, are well made, wash well and are very soft! I would definitely recommend!",
Tomi Reed-Smith,Plus Size Too,https://www.amazon.com/gp/customer-reviews/R2BD2IXZGKANL1/ref=cm_cr_getr_d_rvw_ttl?ie=UTF8&ASIN=B07YYSC22N,"5.0 "," the United States "," January 18, 2025",Color: BrownSize: 3X,Verified Purchase,For once my plus size pants fits perfectly. The color is the right shade. I am pleased with my purchase.,
Samantha,Favorite!,https://www.amazon.com/gp/customer-reviews/R1MY7UVS6XIET7/ref=cm_cr_getr_d_rvw_ttl?ie=UTF8&ASIN=B07YYSC22N,"5.0 "," the United States "," January 1, 2025",Color: Light GraySize: Medium,Verified Purchase,"I bought this for my mom as a birthday gift and she loves them, she wears them all the time. They fit perfectly snug but at the same time a bit loose, for reference my mom is 5'2 and it perfectly fit her, not too long and is around 135 lbs.",
Jen,Softest EVER!,https://www.amazon.com/gp/customer-reviews/R385DOF63TSI2U/ref=cm_cr_getr_d_rvw_ttl?ie=UTF8&ASIN=B07YYSC22N,"5.0 "," the United States "," December 16, 2024",Color: Black/WhiteSize: 3X,Verified Purchase,"I have always had multiple wiener dogs so when I saw these, I had to try them. They are the softest pajama pants I’ve ever worn in my life. I bought a back up pair to put away for later, and I have sent these as Christmas gifts to my friends who also have wiener dogs. They are nice and long. I’m 5‘11“ and these fit me absolutely great. If you’re short, you might be swimming in them. There are so many options and colors, I love these!",5
Aimee,Super soft and comfy,https://www.amazon.com/gp/customer-reviews/RTUZO8DGNN8UQ/ref=cm_cr_getr_d_rvw_ttl?ie=UTF8&ASIN=B07YYSC22N,"4.0 "," the United States "," December 17, 2024",Color: BlackSize: Large,Verified Purchase,"Super soft and comfy.  It was suggested I get small but I want them to be roomy, not tight like traditional leggings, so I went with medium.  They're a little long, I maybe should have tried for petite length (I'm 5'3"")",
Lexibryant,Buttery soft leggings!,https://www.amazon.com/gp/customer-reviews/R2S7OXWJZBSFZH/ref=cm_cr_getr_d_rvw_ttl?ie=UTF8&ASIN=B07YYSC22N,"4.0 "," the United States "," December 12, 2024",Color: BlackSize: Small,Verified Purchase,"These leggings are so soft and very comfortable. They fit like regular athletic pants would with a little extra room and give on the straight part of the pants. I ordered a small and they were a bit large on me. I would size down, but I would definitely buy again!",
K A,"Soft pants, good color",https://www.amazon.com/gp/customer-reviews/R16CT0JPCFSWG7/ref=cm_cr_getr_d_rvw_ttl?ie=UTF8&ASIN=B07YYSC22N,"4.0 "," the United States "," October 30, 2024",Color: LimeSize: X-Large,Verified Purchase,"Overall these are nice casual pants. They are very soft, and wash well so far. I needed a pair of bright green pants for spirit wear purposes, and these were one of the best options I could find.  Note that if waist size is a main concern for you, these pants have a fairly stretchy waist. So if you are on the edge between sizes due to waist size concerns, you may want to consider trying the smaller size. I kind of wish I had done that, because other than the waist the rest of the pants are a bit over-large on me. But overall I am happy with the pants for my purposes.",
Jt,Joggers,https://www.amazon.com/gp/customer-reviews/R1NQWRZE2ZLRNE/ref=cm_cr_getr_d_rvw_ttl?ie=UTF8&ASIN=B07YYSC22N,"4.0 "," the United States "," January 3, 2025",Color: NavySize: Small,Verified Purchase,I thought they would be thicker but they are comfortable.,
Kayle,love these!!,https://www.amazon.com/gp/customer-reviews/R232CLQE80Q1UW/ref=cm_cr_getr_d_rvw_ttl?ie=UTF8&ASIN=B07YYSC22N,"5.0 "," the United States "," January 5, 2025",Color: Forest TealSize: X-Large,Verified Purchase,"Perfect fit - true to size. not loo tight, not too loose. tho a bit too long! Lightweight, which is great - my legs get hot. Will be ordering more colors",
Lori Denman,Not the same,https://www.amazon.com/gp/customer-reviews/R33LB7S7G9P4LZ/ref=cm_cr_getr_d_rvw_ttl?ie=UTF8&ASIN=B07YYSC22N,"4.0 "," the United States "," November 1, 2024",Color: BlackSize: Small,Verified Purchase,"I bought several pair of these last year because I love everything about them.  This year I bought 3 more pair and I I agree with the other reviewers, They are not quite the same.  They are a lot tighter in the waist and a tad shorter, enough to be annoying.  I fist purchased 3 pair from another retailer that were a few $ cheaper but the quality just didn't compare so I returned them and ordered these. I am keeping them but I am a bit disappointed in the changes. Please don't slack on your quality.  That is what is so wonderful about this brand.",
courtney ydarraga,Love it,https://www.amazon.com/gp/customer-reviews/R2UD44WWMDSYDL/ref=cm_cr_getr_d_rvw_ttl?ie=UTF8&ASIN=B07YYSC22N,"5.0 "," the United States "," January 13, 2025",Color: BlackSize: Medium,Verified Purchase,These joggers are so comfortable and soft. I recommend buying a pair and I plan to order more!,
Margaret,Comfortable,https://www.amazon.com/gp/customer-reviews/R1BK2RD4V197GK/ref=cm_cr_getr_d_rvw_ttl?ie=UTF8&ASIN=B07YYSC22N,"5.0 "," the United States "," January 12, 2025",Color: Heather Dark CharcoalSize: Medium,Verified Purchase,They are super soft and comfortable. I will buy another pair in black!,
Janice,Nice purchase,https://www.amazon.com/gp/customer-reviews/R22C96KNIW32C5/ref=cm_cr_getr_d_rvw_ttl?ie=UTF8&ASIN=B07YYSC22N,"5.0 "," the United States "," January 18, 2025",Color: Polka DotsSize: Medium,Verified Purchase,Bought these to wear to Disney World.  Practically perfect in every way,
Nancy Crnich,Perfect Leggins,https://www.amazon.com/gp/customer-reviews/R1I4BU19DMT4Q/ref=cm_cr_getr_d_rvw_ttl?ie=UTF8&ASIN=B07YYSC22N,"5.0 "," the United States "," January 12, 2025",Color: MochaSize: 2X,Verified Purchase,"These leggings are a perfect fit, very soft and warm and very comfortable. I would buy again.",
Nancy BROWNSON,So comfy!,https://www.amazon.com/gp/customer-reviews/R1U6MDV14IS280/ref=cm_cr_getr_d_rvw_ttl?ie=UTF8&ASIN=B07YYSC22N,"5.0 "," the United States "," January 9, 2025",Color: Charcoal GraySize: Medium,Verified Purchase,"Reviews said they run small, they don’t. Very comfortable and roomy, from a good manufacturer at that! Well made, fit slightly baggy",
Barbara Kraynak,Soft and comfortable,https://www.amazon.com/gp/customer-reviews/R1P9K2UKUSRG7Z/ref=cm_cr_getr_d_rvw_ttl?ie=UTF8&ASIN=B07YYSC22N,"5.0 "," the United States "," January 9, 2025",Color: BlackSize: X-Large,Verified Purchase,Love them wear them at home for every day wear. The size was perfect . The color was just what I wanted,
sondi,Excellent Quality,https://www.amazon.com/gp/customer-reviews/R1AQDHS87H23R/ref=cm_cr_getr_d_rvw_ttl?ie=UTF8&ASIN=B07YYSC22N,"5.0 "," the United States "," January 14, 2025",Color: BlackSize: X-Large,Verified Purchase,"Soft material, high waisted, and good stretch. Great leggings for the cost!",
Ellen Boczek,So soft and comfy!! Runs small,https://www.amazon.com/gp/customer-reviews/R1SI63WA93E9NR/ref=cm_cr_getr_d_rvw_ttl?ie=UTF8&ASIN=B07YYSC22N,"4.0 "," the United States "," October 16, 2024",Color: BlackSize: 2X,Verified Purchase,"I bought 2 pair of these. I have recently lost weight, and needed some comfy casual pants to wear to work with a company tee. A friend bought these and recommended them. After looking at the size chart, I decided to size up to a 2X to be on the cautious side. I would not have been able to wear the XL, which is what the size chart recommended. I'm a size 16 currently and most leggings and athletic pants I wear a XL but these would have fit like leggings. They are super comfortable, and if you work in a casual environment you can totally get away with them for work. I wear mine a couple days a week with a company logo tee.",
Jennifer C.,"Very nice quality, wellmade roomy comfortable.",https://www.amazon.com/gp/customer-reviews/R22KWNTERKM210/ref=cm_cr_getr_d_rvw_ttl?ie=UTF8&ASIN=B07YYSC22N,"5.0 "," the United States "," January 2, 2025",,Verified Purchase,"These pants are great. Very nice fabric, medium weight, well constructed. Roomy, but fitted in the right places, and the red is true red! Love them. Good pockets, allow full range of movement.",
Joanna,Comfortable,https://www.amazon.com/gp/customer-reviews/R38MTP4WEOV0X4/ref=cm_cr_getr_d_rvw_ttl?ie=UTF8&ASIN=B07YYSC22N,"4.0 "," the United States "," September 30, 2024",Color: BlackSize: 3X,Verified Purchase,"I am 250lbs, pear shaped body with a very low hanging apron stomach. I was skeptical because a lot of pants do not sit right on me at all. These are different. First off- they are not thick, and very smooth/soft and comfortable. Maybe not perfect for winter but definitely for fall weather. Secondly- they are a bit long. I am 5'4"" and I was afraid they would be too long. Thank God for the tapered off ankle it kinda keeps them in place where I am not stepping on them or tripping. Thirdly- the only issue I have is the elastic band around my stomach. A little bit uncomfortable. Tight to my comfort. But other than that Perfect for traveling, perfect for taking long walks, perfect for mild weather. I will definitely buy a few more pairs. Pockets are a little small and not deep enough.",
KR,Best joggers,https://www.amazon.com/gp/customer-reviews/R261AES1UNTWI6/ref=cm_cr_getr_d_rvw_ttl?ie=UTF8&ASIN=B07YYSC22N,"5.0 "," the United States "," January 11, 2025",Color: Charcoal GraySize: Medium,Verified Purchase,"These joggers are flattering, comfortable and exactly what I was hoping for. I plan on purchasing them in more colors.",
Rr21,Great print,https://www.amazon.com/gp/customer-reviews/R28XM08R8I9GPB/ref=cm_cr_getr_d_rvw_ttl?ie=UTF8&ASIN=B07YYSC22N,"5.0 "," the United States "," January 4, 2025",Color: Bloom TimeSize: Medium,Verified Purchase,These leggings are so comfortable. The print is very pretty. I like the fact that the leggings are not  stretchy but loose fitting leggings.,
Amazon Customer,Love them.,https://www.amazon.com/gp/customer-reviews/R32K3VBF8D0L4J/ref=cm_cr_getr_d_rvw_ttl?ie=UTF8&ASIN=B07YYSC22N,"5.0 "," the United States "," January 18, 2025",Color: BlackSize: Medium,Verified Purchase,This is my second pair. They are absolutely the best.,
kathy swiney,Comfort,https://www.amazon.com/gp/customer-reviews/R19NG40HXRXUWN/ref=cm_cr_getr_d_rvw_ttl?ie=UTF8&ASIN=B07YYSC22N,"5.0 "," the United States "," January 17, 2025",Color: Heather GreySize: 2X,Verified Purchase,"Very comfortable, great fit as well as a great price.",
Annette,Comfy and cozy.,https://www.amazon.com/gp/customer-reviews/R2WZAEDXK3958K/ref=cm_cr_getr_d_rvw_ttl?ie=UTF8&ASIN=B07YYSC22N,"5.0 "," the United States "," December 20, 2024",Color: RedSize: Large,Verified Purchase,I searched for something cozy to wear for Christmas Eve. I decided on these and I am very pleased they were exactly what I was looking for the fit is perfect and the material is soft. Looking forward to a cozy evening in my new PJS. Highly recommended!,
Jen,Love these comfy pants,https://www.amazon.com/gp/customer-reviews/R3VKKEZR8NWERZ/ref=cm_cr_getr_d_rvw_ttl?ie=UTF8&ASIN=B07YYSC22N,"4.0 "," the United States "," December 14, 2024",Color: Red GinghamSize: Large,Verified Purchase,These are so soft and comfortable.  Wear them as leggings or lounge pants. I've gotten a lot of compliments on these.,
Kaylyn,"Nice fit, super soft!",https://www.amazon.com/gp/customer-reviews/RE4HEDARMH172/ref=cm_cr_getr_d_rvw_ttl?ie=UTF8&ASIN=B07YYSC22N,"5.0 "," the United States "," December 31, 2024",Color: Charcoal RoseSize: Medium,Verified Purchase,These pants fit great!! I do not have long legs so most things are usually too long. These fit super! They’re cute and I was surprised at how soft they were!,
Rachael,Durability,https://www.amazon.com/gp/customer-reviews/R356Y3KVRBZ4X5/ref=cm_cr_getr_d_rvw_ttl?ie=UTF8&ASIN=B07YYSC22N,"5.0 "," the United States "," November 30, 2024",Color: Charcoal RoseSize: Large,Verified Purchase,"I ordered these back in 2020-so almost 5 years ago, and I love these. They’re lighter pants- good for lounging around.  I’m short and I love that there’s the cuff on the bottom of the foot so the material can’t drag across the floor. Super comfty and I’ve had a baby since then and I was able to wear these pants pre-baby, postpartum, and still now. Came back to this product looking to hopefully purchase another pair lol. My one gripe is that the pattern didn’t match the photo but it was close enough so I was still happy.",
Rachel,Good quality,https://www.amazon.com/gp/customer-reviews/R2BUSJN82CWEP1/ref=cm_cr_getr_d_rvw_ttl?ie=UTF8&ASIN=B07YYSC22N,"5.0 "," the United States "," January 15, 2025",Color: Red GinghamSize: Large,Verified Purchase,"Fits perfectly. Good quality. Not too thin, not too thin.  Would buy again.",
Happy,Comfort,https://www.amazon.com/gp/customer-reviews/R3R8JTHCOJHZB/ref=cm_cr_getr_d_rvw_ttl?ie=UTF8&ASIN=B07YYSC22N,"5.0 "," the United States "," January 14, 2025",Color: Polka DotsSize: Large,Verified Purchase,"After I bought them, my granddaughter and friend liked them & also got them.",
Stephanie K.,Very high waist,https://www.amazon.com/gp/customer-reviews/R364R3KOBHDPST/ref=cm_cr_getr_d_rvw_ttl?ie=UTF8&ASIN=B07YYSC22N,"4.0 "," the United States "," December 11, 2024",Color: Heather CharcoalSize: 2X,Verified Purchase,I ordered XXL probably should’ve gone CL. The waist band goes up under my chest. Pockets are very shallow if you have an iPhone plus it’ll keep falling out. Soft fabric and nice quality though lightweight,
Amazon Customer,So soft,https://www.amazon.com/gp/customer-reviews/R1DUTXE0Z2RPBV/ref=cm_cr_getr_d_rvw_ttl?ie=UTF8&ASIN=B07YYSC22N,"5.0 "," the United States "," January 3, 2025",Color: Charcoal GraySize: Medium,Verified Purchase,I just had a hip replacement surgery and these pants are so comfortable. Soft comfy they are attractive looking and fit well.,
melinda,Love,https://www.amazon.com/gp/customer-reviews/R2RZJBK33LJJ69/ref=cm_cr_getr_d_rvw_ttl?ie=UTF8&ASIN=B07YYSC22N,"5.0 "," the United States "," January 8, 2025",Color: BlackSize: 1X,Verified Purchase,Love these! So comfortable and fit perfect . Will be buying more.,
The sweat pants were very soft nice bright color.,Nice soft colorful sweat pants.,https://www.amazon.com/gp/customer-reviews/R29DOT9UGW03SG/ref=cm_cr_getr_d_rvw_ttl?ie=UTF8&ASIN=B07YYSC22N,"5.0 "," the United States "," January 13, 2025",Color: OrangeSize: Large,Verified Purchase,I got my order very quickly.,
JGS,Soft & Comfy,https://www.amazon.com/gp/customer-reviews/R19TX323IYKCIL/ref=cm_cr_getr_d_rvw_ttl?ie=UTF8&ASIN=B07YYSC22N,"5.0 "," the United States "," January 1, 2025",Color: Charcoal GraySize: Large,Verified Purchase,Great joggers material is so soft and the fit is perfect.  I liked so I bought a pair for my daughter,
cheryl,Perfect fit,https://www.amazon.com/gp/customer-reviews/R2MQWBJQMK62RE/ref=cm_cr_getr_d_rvw_ttl?ie=UTF8&ASIN=B07YYSC22N,"5.0 "," the United States "," January 17, 2025",Color: BlackSize: Medium,Verified Purchase,Love these leggings,
CathF,Comfortable!,https://www.amazon.com/gp/customer-reviews/R34HRTX4L0LJ1J/ref=cm_cr_getr_d_rvw_ttl?ie=UTF8&ASIN=B07YYSC22N,"5.0 "," the United States "," January 12, 2025",Color: BlackSize: X-Large,Verified Purchase,My favorite jogger,
Tiffany,"Comfy, light weight",https://www.amazon.com/gp/customer-reviews/R28MKVR3S6NHQT/ref=cm_cr_getr_d_rvw_ttl?ie=UTF8&ASIN=B07YYSC22N,"5.0 "," the United States "," January 14, 2025",Color: BlackSize: X-Large,Verified Purchase,We love these!,
lawrence kairis,Great,https://www.amazon.com/gp/customer-reviews/RGSZKSWG5WMN8/ref=cm_cr_getr_d_rvw_ttl?ie=UTF8&ASIN=B07YYSC22N,"5.0 "," the United States "," January 15, 2025",Color: Camouflage Army-with ZipperSize: Medium,Verified Purchase,God fit,
juliet,Very soft and comfortable.,https://www.amazon.com/gp/customer-reviews/R2NAQXWJCPCPTV/ref=cm_cr_getr_d_rvw_ttl?ie=UTF8&ASIN=B07YYSC22N,"5.0 "," the United States "," December 29, 2024",Color: Red GinghamSize: 1X,Verified Purchase,I am very happy with these pants.  Fabric is very comfortable and they laundered well.  Very happy with this purchase.,
Aryn,fantastic,https://www.amazon.com/gp/customer-reviews/R1A42DKQ4SFQ9/ref=cm_cr_getr_d_rvw_ttl?ie=UTF8&ASIN=B07YYSC22N,"5.0 "," the United States "," November 13, 2024",Color: Bloom TimeSize: 1X,Verified Purchase,"I own lots of leggings from leggings depot. like 10 pairs probably. I have jacked up knees and they're some of the few pants that don't stretch too tight over my knee, and also let me sit however I want. Just now got my first pair of these joggers and I LOVE THEM. same super soft material (maybe softer) but with a drapey fit and POCKETS. I got the 1X, I usually wear an XXL/16 and these fit great. I might try a 2X as well just to see if they're good loose or bad loose, lol. The waistband is a teeny bit tight, but I think it'll loosen over time. The waist is very high, and these are quite long also, so keep that in mind (I have long legs and always buy tall and these are fully ankle length on me with a bit extra).",13
Richard Jones,Fit,https://www.amazon.com/gp/customer-reviews/R22BTX3MSMQ4OC/ref=cm_cr_getr_d_rvw_ttl?ie=UTF8&ASIN=B07YYSC22N,"5.0 "," the United States "," January 13, 2025",Color: OliveSize: Large,Verified Purchase,Fit,
Devans,Need pair in every color,https://www.amazon.com/gp/customer-reviews/R3HFTN7TFXEMDL/ref=cm_cr_getr_d_rvw_ttl?ie=UTF8&ASIN=B07YYSC22N,"5.0 "," the United States "," December 11, 2024",Color: NavySize: X-Large,Verified Purchase,"I don't think I've ever felt softer material in my 65 years on earth. Deep pockets, drawstring waist. If you are looking for warmth these aren't them. If you're looking for lightweight and comfort you found it. We'll worth the price, true to size. Highly recommend and will be ordering a pair in every color.",5
Tara Cranfield,A Must Have In Your Wardrobe,https://www.amazon.com/gp/customer-reviews/R1R6QHF2GEYK8J/ref=cm_cr_getr_d_rvw_ttl?ie=UTF8&ASIN=B07YYSC22N,"5.0 "," the United States "," November 17, 2024",Color: Camouflage ArmySize: X-Large,Verified Purchase,"I am going to write they type of review that I look for when I am buying clothes on the internet. First and foremost, I am 5'2"" 175 lbs. I have a short torso. I have been looking for some new joggers as it is getting colder but I hate thick clothing because I run hot. I also hate anything that is tight on my body. I bought these in an XL and they fit amazingly. Just the right length, and they are loose enough that I do not feel self-conscious in them. They are soft and not too thick. The best part was the price. $16.00!! I will be ordering some more in the next few days.",4
Aleta Conlee,Love the color,https://www.amazon.com/gp/customer-reviews/R1TQZ0QMVVXX80/ref=cm_cr_getr_d_rvw_ttl?ie=UTF8&ASIN=B07YYSC22N,"5.0 "," the United States "," January 8, 2025",Color: RedSize: Medium,Verified Purchase,"Nice light,breathable material and vivid red color. Very comfy.",
Karen K.,Very nice quality.,https://www.amazon.com/gp/customer-reviews/R750XIGD7JA3M/ref=cm_cr_getr_d_rvw_ttl?ie=UTF8&ASIN=B07YYSC22N,"5.0 "," the United States "," January 6, 2025",Color: Camouflage Army-with ZipperSize: Small,Verified Purchase,Love the vivid colors and soft feel of these pants. True to size.,
Diane Baker,"Soft, warm and comfortable, without being bulky!",https://www.amazon.com/gp/customer-reviews/R2HIBVGMZZ4D17/ref=cm_cr_getr_d_rvw_ttl?ie=UTF8&ASIN=B07YYSC22N,"3.0 "," the United States "," December 28, 2024",Color: Heather CharcoalSize: 2X,Verified Purchase,"I absolutely love the color and softness of these joggers.  They seem to be well made and of a comfortable weight opaque fabric.  The opaque fabric keeps them from being seen through.  Several things I’m not as pleased with are the high waist.  I’m not a fan of high waists and as with others, I had to fold the waist over to keep the crotch from hitting near my knees.  These are cut very long, but the cuffed legs keep them from dragging.  Lastly, the pockets are pathetically small.  It’s a feat of stretching and pulling to get one’s phone into a pocket and even then, it is not a secure fit.  I have three more unopened pairs of these legging in other colors and I’m debating whether to return them.  Besides the above stated reasons for the lower grade is that I can’t wear them without a baggy top which hangs over the waist, since they’re rolled over.",
Amazon Customer,Very good product,https://www.amazon.com/gp/customer-reviews/R13DCDHYNRQX5I/ref=cm_cr_getr_d_rvw_ttl?ie=UTF8&ASIN=B07YYSC22N,"5.0 "," the United States "," December 29, 2024",Color: Heather CharcoalSize: 3X,Verified Purchase,"Nice soft fabric, comfortable and attractive.  This is the second pair purchased and will purchase more.",
Connie,The most comfortable,https://www.amazon.com/gp/customer-reviews/R1DAQAZ9XAJ0Y3/ref=cm_cr_getr_d_rvw_ttl?ie=UTF8&ASIN=B07YYSC22N,"5.0 "," the United States "," January 5, 2025",Color: BlackSize: Large,Verified Purchase,You won't regret buying these. They are so comfy! I love mine!,
Jane White,Comfortable,https://www.amazon.com/gp/customer-reviews/R2XYJEJ5TSTZRW/ref=cm_cr_getr_d_rvw_ttl?ie=UTF8&ASIN=B07YYSC22N,"5.0 "," the United States "," January 1, 2025",Color: Charcoal GraySize: Medium,Verified Purchase,Warm but not heavy. Loose for comfort but not baggy. Extremely comfortable!,
Prisci,Great joggers!,https://www.amazon.com/gp/customer-reviews/R17VX5C7OHUPLW/ref=cm_cr_getr_d_rvw_ttl?ie=UTF8&ASIN=B07YYSC22N,"5.0 "," the United States "," January 5, 2025",Color: BurgundySize: Medium,Verified Purchase,"Soft, comfy, fit to size. Great joggers!",
Maars,THANK GOD,https://www.amazon.com/gp/customer-reviews/R3BFFZLJPSOPNV/ref=cm_cr_getr_d_rvw_ttl?ie=UTF8&ASIN=B07YYSC22N,"5.0 "," the United States "," December 22, 2024",Color: Office DateSize: 2X,Verified Purchase,"I have bought TEN PAIRS OF THESE THINGS. They fit nice, they’re soft, I love the variety of colors, they’re not too warm/fleecey, I AM HAVING A BALL!",
KD,Excellent,https://www.amazon.com/gp/customer-reviews/R3F6ZNZK6BS2QP/ref=cm_cr_getr_d_rvw_ttl?ie=UTF8&ASIN=B07YYSC22N,"5.0 "," the United States "," November 14, 2024",Color: Charcoal GraySize: Large,Verified Purchase,"I haven't worn them yet, but so far, I like them a lot. They are so soft and comfortable and they fit nicely. Since I'm short (@5'2""), there is a bit of fabric flopping over the cuff, but that's part of the design. I had been wearing Danskin Now Relaxed Fit cotton drawstring pants for many years and loved them. They are no longer available and these will be a good (and more fashionable) substitute.  Update: I wore them recently on two 4.5 hour flights. They were comfortable and cozy. Back home the temperature dropped 30 degrees and now I'm wearing them like long underwear, under my jeans. They keep me warm and keep out the wind. Great find!",
Alisa,The best sweat pants,https://www.amazon.com/gp/customer-reviews/R3GLULD8VI6BWV/ref=cm_cr_getr_d_rvw_ttl?ie=UTF8&ASIN=B07YYSC22N,"5.0 "," the United States "," November 18, 2024",Color: Black-with Orange Army ZipperSize: 2X,Verified Purchase,I absolutely love these sweat pants I bought one pair because I wasn’t sure if I was gonna like them because I’m very picky. Well I LOVE these sweatpants soooo much I went and purchased them in 4 more different colors and when you wash them they come out just as perfect I’ve had sweatpants legit fall apart or start to after a wash or 2 not these I highly recommend purchasing these sweatpants you definitely won’t be disappointed you’ll probably get right on your Amazon account and order me like I did,
Stacey Singleterry,Soft,https://www.amazon.com/gp/customer-reviews/R1NF96HT89HWJQ/ref=cm_cr_getr_d_rvw_ttl?ie=UTF8&ASIN=B07YYSC22N,"5.0 "," the United States "," January 4, 2025",Color: Tango RedSize: Medium,Verified Purchase,"Soft, fit well will buy again",
Rita Rodriguez,Comfortable and with pockets! You can wear with heels or tennis shoes!,https://www.amazon.com/gp/customer-reviews/R2I92QAMNBQAMQ/ref=cm_cr_getr_d_rvw_ttl?ie=UTF8&ASIN=B07YYSC22N,"5.0 "," the United States "," January 4, 2025",Color: OliveSize: X-Large,Verified Purchase,Love these! You can wear all day everyday! Dress them up or dress down!,
Marion Tharpe,Love these joggers,https://www.amazon.com/gp/customer-reviews/R2Y6AJOL57Y4KC/ref=cm_cr_getr_d_rvw_ttl?ie=UTF8&ASIN=B07YYSC22N,"5.0 "," the United States "," December 22, 2024",Color: Leopard MuseSize: Medium,Verified Purchase,I have ordered several of these joggers and they do not disappoint. Colors are beautiful sized accurately and material is so soft and comfy.,
daah.rah,Comfy but zippers not great,https://www.amazon.com/gp/customer-reviews/R1Z55GS4RCRU21/ref=cm_cr_getr_d_rvw_ttl?ie=UTF8&ASIN=B07YYSC22N,"4.0 "," the United States "," October 13, 2024",Color: Gray Camouflage-with ZipperSize: Medium,Verified Purchase,"I bought the style with zippers because I have similar pants from a different manufacturer and my phone always falls out of my pocket. The zippers on these do stop my things from falling out, but zippers are tough to open and close, and they often catch on the fabric. I hope the zipping smooths out after more use. Also, the stitching keeping the zipper in has come loose after the first wear. For the price, I’m still happy with these joggers so far, but will try them without zippers next time.",3
kathy hayden cherry,Love these.,https://www.amazon.com/gp/customer-reviews/RUGFB7S33MA1J/ref=cm_cr_getr_d_rvw_ttl?ie=UTF8&ASIN=B07YYSC22N,"4.0 "," the United States "," November 19, 2024",Color: Gray Camouflage-with ZipperSize: Medium,Verified Purchase,Super soft. Love the zipper pockets. I have long legs and these are long enough. Light weight but not chintzy. Very comfortable. A little too high waisted for my liking but no other complaints.,
Kindle Customer,"Color is off, more of a deep navy blue than purple",https://www.amazon.com/gp/customer-reviews/R1C54KGKVVCN5L/ref=cm_cr_getr_d_rvw_ttl?ie=UTF8&ASIN=B07YYSC22N,"5.0 "," the United States "," November 27, 2024",Color: Royal BlueSize: Medium,Verified Purchase,"I've bought three pairs from here already because the material is unbeatably comfortable, so soft you could forget you are wearing pants. The colors tend to be off 2/3 times I bought them but not too far off (for example, the grey is more of a medium-dark grey than a light grey, and the purple-blue is more of a navy blue, not as purple and vibrant as the picture)",
Hermoso estoy satisfecha con el suéter es muy bonito la talla que pedí es la mia y la calidad perfecta yo le voy a comprar nuevamente gracias.,Pantalón,https://www.amazon.com/gp/customer-reviews/R3IPYSQL0DPJVJ/ref=cm_cr_getr_d_rvw_ttl?ie=UTF8&ASIN=B07YYSC22N,"5.0 "," the United States "," December 28, 2024",Color: Charcoal RoseSize: Large,Verified Purchase,Es muy bonito me gusta mucho gracias,
Samantha Gonzalez,Buffalo plaid leggings,https://www.amazon.com/gp/customer-reviews/R2AJBR1OE83T62/ref=cm_cr_getr_d_rvw_ttl?ie=UTF8&ASIN=B07YYSC22N,"4.0 "," the United States "," December 13, 2024",Color: Red GinghamSize: 1X,Verified Purchase,There very comfortable,
Kathy,They are very thin,https://www.amazon.com/gp/customer-reviews/R3N6XD7ENSZR7E/ref=cm_cr_getr_d_rvw_ttl?ie=UTF8&ASIN=B07YYSC22N,"5.0 "," the United States "," January 6, 2025",Color: MochaSize: Large,Verified Purchase,"Comfortable,  soft",
Mary,Great leggings,https://www.amazon.com/gp/customer-reviews/RE4CSB3ZPNFVI/ref=cm_cr_getr_d_rvw_ttl?ie=UTF8&ASIN=B07YYSC22N,"5.0 "," the United States "," December 28, 2024",Color: B&w CheckeredSize: Large,Verified Purchase,Good quality and true to size,
D G. S,Unbelievably comfortable,https://www.amazon.com/gp/customer-reviews/R1POBZBML5WHM3/ref=cm_cr_getr_d_rvw_ttl?ie=UTF8&ASIN=B07YYSC22N,"4.0 "," the United States "," August 26, 2024",Color: NavySize: Large,Verified Purchase,"So I got these cuz I ordered some from temu and while I liked the style and feel I couldn't quite get the size right... And I thought Amazon had the same great price a return and a return is easier. So I ordered these and they feel amazing they are so soft it feels like ur naked the fit is great I order a little bigger in women's b/c i find they always fit tighter and I prefer a slightly looser fit. And they were exactly that, I often wish they are looser in the thigh area and not so much the ankle area so I would give them a 4 1/2 stars on that front, so I might even go down a size. Despite that they are absolutely perfect and the colors were a tiny bit deeper which I also liked a lot I am going to get more colors. I wish they had a nice khaki. over all super happy with purchase.",
Amazon Customer,Super soft and cute,https://www.amazon.com/gp/customer-reviews/R3RNN4UPJ408SE/ref=cm_cr_getr_d_rvw_ttl?ie=UTF8&ASIN=B07YYSC22N,"5.0 "," the United States "," December 3, 2024",Color: Charcoal GraySize: X-Large,Verified Purchase,I have bought these in maybe 10 different colors. They are so comfortable and the colors are bright and true to the photographs. A couple of pairs have come with the ankle cuff stitching not done right but I exchanged them. Totally worth the money.,
