﻿评论用户,评论概述,评论链接,星级评分,评论地点,评论时间,类型,是否购买,评论详情,觉得该评论有帮助的人数
Brad Mead,Looks and fit comfortably,https://www.amazon.com/gp/customer-reviews/R3C97QNAETBYS8/ref=cm_cr_arp_d_rvw_ttl?ie=UTF8&ASIN=B0CQRBL5W2,"5.0 "," the United States "," November 3, 2024",Color: GriegeSize: XX-Large,Verified Purchase,Wife. Loves the fit with the looks . And say it is comfortable. Does seems to shrink the style look great and it is warm,4
Laura Dowdy,Sleeves are short,https://www.amazon.com/gp/customer-reviews/R2CQLGES6YCFKQ/ref=cm_cr_arp_d_rvw_ttl?ie=UTF8&ASIN=B0CQRBL5W2,"4.0 "," the United States "," October 23, 2024",Color: BlackSize: Large,Verified Purchase,"Product is nice quality, has a nice silver zipper and a little dressier than just your standard sweatshirt. I’m 5’10 and am a standard large. This fit great everywhere but the sleeves which are about 2” short.  Good value and quality for the price. Fit off",2
oneandonly22,Soft and very nice!,https://www.amazon.com/gp/customer-reviews/RNJJ1S6WLT47W/ref=cm_cr_arp_d_rvw_ttl?ie=UTF8&ASIN=B0CQRBL5W2,"5.0 "," the United States "," November 15, 2024",,Verified Purchase,"I like this zip up sweatshirt very much, soft and seems to be well made.  May order more, has a nice weight to it and looks great.",3
Karen Ricci,Very nice and warm.,https://www.amazon.com/gp/customer-reviews/R145UXUPUB03YB/ref=cm_cr_arp_d_rvw_ttl?ie=UTF8&ASIN=B0CQRBL5W2,"5.0 "," the United States "," May 12, 2024",Color: NavySize: X-Large,Verified Purchase,I think this runs a little small. I usually order an XL if I’m wearing anything underneath a jacket or sweater. This jacket fits snug with the sleeves a little bit short.  Order a size up if you intend to wear anything underneath.  I’m big chested so maybe that’s why it fits snug. But overall a very pretty color jacket that’s warm.,3
anotherid4me,nice top BUT THEY REPEATEDLY SEND THE WRONG SIZE,https://www.amazon.com/gp/customer-reviews/R31XUAM8COYIK2/ref=cm_cr_arp_d_rvw_ttl?ie=UTF8&ASIN=B0CQRBL5W2,"3.0 "," the United States "," February 23, 2024",Color: NavySize: Medium,Verified Purchase,"I ordered a M in gray and navy. The sleeves were too short, so I returned for L in both colors. The gray arrived in L. It fits great. The navy arrived in a S. I returned it for a L. It again arrived in a S. They again were to send a L; again a S. The Amazon Chat person suggested the seller might not have the L, so I ordered a light blue. We'll find out today if that arrives in the correct size. Otherwise I like this style; comfortable, etc. I wanted roomier than a medium & the sleeves were definitely too short (my normal size) in case it shrinks in the wash (I plan on cold wash/low heat dry).",8
Aidana Zholdoshbekova,Good condition,https://www.amazon.com/gp/customer-reviews/R29NYZ1J9KQRGO/ref=cm_cr_arp_d_rvw_ttl?ie=UTF8&ASIN=B0CQRBL5W2,"5.0 "," the United States "," December 6, 2024",Color: BlackSize: Small,Verified Purchase,"Very good, soft,  cotton, warm !",2
Jennifer,Great Fit!  Nice and thick!,https://www.amazon.com/gp/customer-reviews/R2IM7YGQLR1OFO/ref=cm_cr_arp_d_rvw_ttl?ie=UTF8&ASIN=B0CQRBL5W2,"4.0 "," the United States "," November 7, 2024",Color: KhakiSize: Medium,Verified Purchase,"I am 5'5"" and 140 pounds.  I usually wear a size medium, and this medium fit great.  I liked the look on me.  I do not like hoodies, which is why I ordered this sweatshirt, but I do not like the collar.  it fits too tight around the neck (and I have a skinny neck).  However, I don't like anything around my neck such as scarves or turtlenecks.",4
mojomama,comfy jacket,https://www.amazon.com/gp/customer-reviews/R2TPQAHSCZP0G8/ref=cm_cr_arp_d_rvw_ttl?ie=UTF8&ASIN=B0CQRBL5W2,"4.0 "," the United States "," December 3, 2024",Color: Army GreenSize: Medium,Verified Purchase,wanted a change from the usual hoodie.  nice quality.  soft and comfy.  maybe a little boxy on me but perhaps i should have bought a size down.  size is as expected.,
Amazon Customer,Good outdoors,https://www.amazon.com/gp/customer-reviews/RON6HAVOUQA37/ref=cm_cr_arp_d_rvw_ttl?ie=UTF8&ASIN=B0CQRBL5W2,"4.0 "," the United States "," January 13, 2025",Color: BlueSize: Large,Verified Purchase,"After using this jacket in the cold weather, 30 to 40 degrees, I can write they are incredibly warm for a sweat jacket. Which  is sort of the problem because I intended  to use it indoors. They wash well and are roomy.",
Michele,Fits large,https://www.amazon.com/gp/customer-reviews/RVEGBJ2K5IUHG/ref=cm_cr_arp_d_rvw_ttl?ie=UTF8&ASIN=B0CQRBL5W2,"4.0 "," the United States "," December 20, 2024",Color: BlueSize: X-Large,Verified Purchase,"I noticed reviews on this said it fits big/large. I'm in between sizes and prefer things a bit loose, so I went with an XL. It was WAY too big, in every aspect. I felt like I was wearing a men's size XL. So size down or even two sizes. I'm really disappointed because I was looking forward to this jacket! I may reorder in a different size sometime.",
Dawn,"Quality, but the color is off",https://www.amazon.com/gp/customer-reviews/R3PKAM5SAH5JCV/ref=cm_cr_getr_d_rvw_ttl?ie=UTF8&ASIN=B0CQRBL5W2,"4.0 "," the United States "," January 15, 2025",Color: GriegeSize: Medium,Verified Purchase,"I ordered this in gray and it definitely is more of a beige. Disappointed in the color, but the quality is good.",
S,Navy zip sweatshirt,https://www.amazon.com/gp/customer-reviews/R13K9FLVDJANQF/ref=cm_cr_getr_d_rvw_ttl?ie=UTF8&ASIN=B0CQRBL5W2,"4.0 "," the United States "," January 10, 2025",Color: NavySize: Large,Verified Purchase,Nice quality. I wish it were 2 inches longer,
bonnell m,Just ok,https://www.amazon.com/gp/customer-reviews/R3NCMM35OR62PV/ref=cm_cr_getr_d_rvw_ttl?ie=UTF8&ASIN=B0CQRBL5W2,"4.0 "," the United States "," December 31, 2024",Color: BlackSize: Large,Verified Purchase,"This jacket is a nice alternative to a hoodie, but it’s just OK. Once  washed  the jacket lost its shape.",
L.A. Conn,A little short waisted,https://www.amazon.com/gp/customer-reviews/R3NBOI9GG2B7Y8/ref=cm_cr_getr_d_rvw_ttl?ie=UTF8&ASIN=B0CQRBL5W2,"4.0 "," the United States "," December 6, 2024",Color: BlueSize: Large,Verified Purchase,"It's fine, a large is good in the waistline but the length could of been longer. No collar is a plus",
Melissa,Warm cotton jacket,https://www.amazon.com/gp/customer-reviews/R3L3I6B6IAQDNV/ref=cm_cr_getr_d_rvw_ttl?ie=UTF8&ASIN=B0CQRBL5W2,"4.0 "," the United States "," October 30, 2024",Color: GreySize: Medium,Verified Purchase,I purchased this jacket to wear at work over my scrubs. I work in a department within a hospital that is very cold. The jacket has a nice fit and is warm. I was looking for a jacket that was cotton and did not have a tall collar. I ordered the medium size and the fit was perfect. The material reminds me of sweatshirt hoodie. It was thicker than I expected based on some of the reviews. Shrinkage was minimal after washing and drying.,
Sharon L. Scott,Very nice fit,https://www.amazon.com/gp/customer-reviews/R2NDJRCFM1KGKC/ref=cm_cr_getr_d_rvw_ttl?ie=UTF8&ASIN=B0CQRBL5W2,"5.0 "," the United States "," January 18, 2025",Color: BlackSize: Large,Verified Purchase,I ordered two because they are very comfortable and soft,
felinegroovey,Decent jacket,https://www.amazon.com/gp/customer-reviews/R2LHGBPSAAINWS/ref=cm_cr_getr_d_rvw_ttl?ie=UTF8&ASIN=B0CQRBL5W2,"4.0 "," the United States "," October 12, 2024",Color: Army GreenSize: Medium,Verified Purchase,"I'm 5'7"", 125-130 lbs, 19"" across my chest, with long arms and a long torso.  I got a size Medium after checking the chart, but it's too wide and the center back length is a bit too short..  Might go down a size, but have a feeling it will be too small/short all over.  But the overall quality of the jacket is good, and the cotton is a nice medium weight.",2
Mary M.,size,https://www.amazon.com/gp/customer-reviews/R1I6LP31O7JTE7/ref=cm_cr_getr_d_rvw_ttl?ie=UTF8&ASIN=B0CQRBL5W2,"4.0 "," the United States "," October 11, 2024",Color: BurgundySize: X-Large,Verified Purchase,loved the pant suit but it was really really small - said he was sending me a return label - and of course I assumed that it was prepaid - it was not and I had to remail it back paying a $10.50 postage fee.,
gabi b,Good quality and fit,https://www.amazon.com/gp/customer-reviews/R1Q8ATXMPLA8Q/ref=cm_cr_getr_d_rvw_ttl?ie=UTF8&ASIN=B0CQRBL5W2,"4.0 "," the United States "," September 9, 2024",Color: Army GreenSize: Medium,Verified Purchase,"The jacket fit is flattering. Seams are well-sewn. Fabric is soft and heavy weight, like old gap sweatshirts-quality. Will update after a few washes, but so far very happy with purchase. 5'2""/150, and medium is a little loose in a good way since I plan on layering.",3
Maria S,It’s ok,https://www.amazon.com/gp/customer-reviews/R190X5AOWR8FJ5/ref=cm_cr_getr_d_rvw_ttl?ie=UTF8&ASIN=B0CQRBL5W2,"3.0 "," the United States "," December 29, 2024",Color: BlueSize: X-Large,Verified Purchase,Runs small… bought XL and fits like a large. Shorter at waist than expected - not a crop but not normal waist jacket.  It’s nice in that it’s like a sweatshirt but not a hoody.  Medium thickness.,
Tom,My wife loves it,https://www.amazon.com/gp/customer-reviews/R3HJI7WCZA497M/ref=cm_cr_getr_d_rvw_ttl?ie=UTF8&ASIN=B0CQRBL5W2,"5.0 "," the United States "," December 2, 2024",Color: BlackSize: Large,Verified Purchase,"Bought this for my wife and she is so happy! It fits perfect, well made, and she told me it is really warm. We give it 5 stars.",
Frosty,Fits well,https://www.amazon.com/gp/customer-reviews/R2KAWW3WQENIM9/ref=cm_cr_getr_d_rvw_ttl?ie=UTF8&ASIN=B0CQRBL5W2,"4.0 "," the United States "," October 20, 2024",Color: NavySize: X-Large,Verified Purchase,Casual wear,
george,Cozy zip up,https://www.amazon.com/gp/customer-reviews/R2H4QQFQZ0IE7/ref=cm_cr_getr_d_rvw_ttl?ie=UTF8&ASIN=B0CQRBL5W2,"4.0 "," the United States "," September 25, 2024",Color: BurgundySize: Small,Verified Purchase,"Great sweat shirt!  Zip up, great colors, fits true to size.",
Lori,Runs small,https://www.amazon.com/gp/customer-reviews/RK8EVO6JO2JH8/ref=cm_cr_getr_d_rvw_ttl?ie=UTF8&ASIN=B0CQRBL5W2,"4.0 "," the United States "," August 2, 2024",Color: NavySize: X-Large,Verified Purchase,"Seems well made. I like the material,  has a nice weight to it. The zipper pull is plastic.  But that's ok. But it does seem to run small. I like a little more room in a jacket. I bought a XL thinking it'd give me that extra room I like. Seems to be a little short waisted and a little small around. I will be returning it for those reasons.",2
Linda,Neat appearance and washes well,https://www.amazon.com/gp/customer-reviews/R2T0S02WITDKMS/ref=cm_cr_getr_d_rvw_ttl?ie=UTF8&ASIN=B0CQRBL5W2,"5.0 "," the United States "," November 28, 2024",Color: NavySize: Large,Verified Purchase,I got my first one in black. Liked it and added navy and white. These have a neat appearance and wash well.,
Maria C,Zip up without hood jacket,https://www.amazon.com/gp/customer-reviews/R13CG45MX3DJVY/ref=cm_cr_getr_d_rvw_ttl?ie=UTF8&ASIN=B0CQRBL5W2,"4.0 "," the United States "," September 12, 2024",Color: GriegeSize: X-Large,Verified Purchase,Size ran small. Color called light grey is more like beige.,
bj,good quality,https://www.amazon.com/gp/customer-reviews/R1T5OSTPMAIM3K/ref=cm_cr_getr_d_rvw_ttl?ie=UTF8&ASIN=B0CQRBL5W2,"4.0 "," the United States "," September 21, 2024",Color: Army GreenSize: Medium,Verified Purchase,nice medium weight jacket,
Little Old NC Lady,Love it!,https://www.amazon.com/gp/customer-reviews/R2W07JXGN49YP0/ref=cm_cr_getr_d_rvw_ttl?ie=UTF8&ASIN=B0CQRBL5W2,"5.0 "," the United States "," November 25, 2024",Color: BlueSize: Large,Verified Purchase,"Very good quality, warm ,doesn’t wrinkle much, washs & dried in machine great. I use cool water&low dryer temp.",
Pearl,Soft and good fit.,https://www.amazon.com/gp/customer-reviews/RTRIF15AWYWNV/ref=cm_cr_getr_d_rvw_ttl?ie=UTF8&ASIN=B0CQRBL5W2,"4.0 "," the United States "," June 18, 2024",Color: NavySize: Medium,Verified Purchase,"I ordered this in navy blue, size medium. I usually wear a medium in tops, coats, jackets and this was a good fit. I like the softness, color, fit and weight of this jacket and will be keeping it . I may order another color as well. The only thing that I would change is the zipper pull hardware. It is a bit large and a very bright, shiny silver.  I think it detracts somewhat from the look of this jacket.",23
Olive,Nice fit,https://www.amazon.com/gp/customer-reviews/R1M0GU1OB4N9A0/ref=cm_cr_getr_d_rvw_ttl?ie=UTF8&ASIN=B0CQRBL5W2,"5.0 "," the United States "," November 15, 2024",Color: BlackSize: Medium,Verified Purchase,Looks just like the photo true to size I would wash in cool water and dry on low as it does shrink a bit but not terribly,
jcmac,Very well made !,https://www.amazon.com/gp/customer-reviews/R35H7Z76R35054/ref=cm_cr_getr_d_rvw_ttl?ie=UTF8&ASIN=B0CQRBL5W2,"5.0 "," the United States "," November 4, 2024",Color: BlackSize: X-Large,Verified Purchase,"Took this to Italy and it was the perfect weight for cool evenings . On the thinner side , but warm . Nice quality and it hasn’t faded or lost shape after many washings . True to size .",2
Susan Dober,Ran small,https://www.amazon.com/gp/customer-reviews/RWA1FAAL92UEJ/ref=cm_cr_getr_d_rvw_ttl?ie=UTF8&ASIN=B0CQRBL5W2,"4.0 "," the United States "," August 6, 2024",Color: GreySize: X-Large,Verified Purchase,For this I choose my size but it did not really fit - so be careful when ordering.  i did like the material and the jacket in general.,2
Amazon Customer,not true to size,https://www.amazon.com/gp/customer-reviews/R1BGMHLZ4DHPAM/ref=cm_cr_getr_d_rvw_ttl?ie=UTF8&ASIN=B0CQRBL5W2,"4.0 "," the United States "," August 28, 2024",Color: WhiteSize: Small,Verified Purchase,not true to size,
KBoom,So Good I have it in Three Colors,https://www.amazon.com/gp/customer-reviews/R19EII0O9OQX0Z/ref=cm_cr_getr_d_rvw_ttl?ie=UTF8&ASIN=B0CQRBL5W2,"5.0 "," the United States "," October 6, 2024",Color: Army GreenSize: X-Large,Verified Purchase,So many things today are thin and useless. This sweatshirt is well made and of good quality. I loved the selection of colors. Construction and design were great and I had no noticeable shrinkage after washing. Zip ups are great so it can go on and off with ease depending on temperature. Have received many comments. Great value for the money.,13
Vicki Porta,Size matters,https://www.amazon.com/gp/customer-reviews/R2YLLBATF7H5MW/ref=cm_cr_getr_d_rvw_ttl?ie=UTF8&ASIN=B0CQRBL5W2,"3.0 "," the United States "," September 28, 2024",Color: BurgundySize: Medium,Verified Purchase,"This is a comfortable sweatshirt.  I like that it has no hoodie.  They are a little bit thicker than I would have liked. I bought the red and pink one.I normally wear a MED, so of course that is what I ordered. It felt like I was suffocating.  Size up when choosing your size.",5
Cathy Orr,Loves these,https://www.amazon.com/gp/customer-reviews/R2DMQO22QSL6GF/ref=cm_cr_getr_d_rvw_ttl?ie=UTF8&ASIN=B0CQRBL5W2,"5.0 "," the United States "," October 7, 2024",Color: GriegeSize: XX-Large,Verified Purchase,"I have bought three of these.  I did buy a size larger, ( usually take a large, but went to extra large). but wanted to to be loose.  Wash nicely too,  I hang to dry.  Very nicely made and comfortable!  Would buy again",3
sadie,Cute but small,https://www.amazon.com/gp/customer-reviews/R1YA93CKTNTDV9/ref=cm_cr_getr_d_rvw_ttl?ie=UTF8&ASIN=B0CQRBL5W2,"4.0 "," the United States "," May 22, 2024",Color: BurgundySize: Small,Verified Purchase,"This had nice feeling fabric and very cute but ran very small and has short arms.  I usually take a M or L, and ordered L and had to give it to my very petite mom.  Fits her great and she's usually a small.  (For reference, she's 5'3"" and slim)",11
Mary Ann Lipowski,Size review,https://www.amazon.com/gp/customer-reviews/R3ISFF1MYWCDLJ/ref=cm_cr_getr_d_rvw_ttl?ie=UTF8&ASIN=B0CQRBL5W2,"3.0 "," the United States "," October 19, 2024",Color: WhiteSize: X-Large,Verified Purchase,The jacket is a little short I have to keep pulling it down also the knitted cuffs on the sleeve are not snug enough,
k. s. l.,Worth the cost,https://www.amazon.com/gp/customer-reviews/R1KQO8TUEU3ZQI/ref=cm_cr_getr_d_rvw_ttl?ie=UTF8&ASIN=B0CQRBL5W2,"5.0 "," the United States "," November 14, 2024",Color: Army GreenSize: X-Large,Verified Purchase,Think material. Nice strong metal zipper.,
Vic C.,So soft,https://www.amazon.com/gp/customer-reviews/R2F93S05HRIU26/ref=cm_cr_getr_d_rvw_ttl?ie=UTF8&ASIN=B0CQRBL5W2,"5.0 "," the United States "," October 13, 2024",Color: WhiteSize: Small,Verified Purchase,LOVE this sweatshirt! It is so soft and cozy. I love that there's no hood. Hoods are useless on a sweatshirt for me and I like the bomber jacket look. Will probably get other colors.,5
Nathan McKnight,Faded quickly,https://www.amazon.com/gp/customer-reviews/R2NX07L23GSGDX/ref=cm_cr_getr_d_rvw_ttl?ie=UTF8&ASIN=B0CQRBL5W2,"3.0 "," the United States "," October 31, 2024",Color: BurgundySize: X-Large,Verified Purchase,"Washed and hung to dry, but faded after 2 washes.  Very comfortable",2
Nancie Jimenez,Zip up sweatshirt,https://www.amazon.com/gp/customer-reviews/R3PKQYLH3D2MUP/ref=cm_cr_getr_d_rvw_ttl?ie=UTF8&ASIN=B0CQRBL5W2,"4.0 "," the United States "," May 2, 2024",Color: Army GreenSize: Large,Verified Purchase,"I only have one complaint about this sweatshirt, the sleeves were too short. I absolutely love the color and the weight of this Jacket. It was really what I was looking for, and it had a nice sturdy zipper. But because the sleeves were too short for me, I ended up returning it.",4
AmznReviews,Cut as shown,https://www.amazon.com/gp/customer-reviews/RGF0994B67EYC/ref=cm_cr_getr_d_rvw_ttl?ie=UTF8&ASIN=B0CQRBL5W2,"5.0 "," the United States "," October 28, 2024",Color: GriegeSize: Large,Verified Purchase,It's a trim fit for the waist but it tapers down from the shoulder so the shoulders aren't too tight.,
Frannie,True to size,https://www.amazon.com/gp/customer-reviews/R19L0TBGJUH0U0/ref=cm_cr_getr_d_rvw_ttl?ie=UTF8&ASIN=B0CQRBL5W2,"5.0 "," the United States "," November 7, 2024",,Verified Purchase,Nice material and fit. Color was as pictured.,
Majan,Color selection,https://www.amazon.com/gp/customer-reviews/RBJ3WZ77DNKNU/ref=cm_cr_getr_d_rvw_ttl?ie=UTF8&ASIN=B0CQRBL5W2,"4.0 "," the United States "," September 20, 2023",Color: BrownSize: Medium,Verified Purchase,"I debated on which color to select for a while. Despite not being one of my favorite colors, I decided on brown to mix it up a bit and because I think this would be a good transition color into the fall season. The customer pictures are accurate and helped with my decision since the brown color is not as deep as it is in the advertised product pictures.  This is a good solid weight, and it seems like it will be a nice throw on and go sweater. It fits true to size. If you want a looser fit or plan to wear a bulkier top or sweater underneath, go up a size. I got this on a sale deal. I would consider another color if there's another deal.",15
Deirdre T,Color is different,https://www.amazon.com/gp/customer-reviews/R3MTNRR2B4A3WR/ref=cm_cr_getr_d_rvw_ttl?ie=UTF8&ASIN=B0CQRBL5W2,"3.0 "," the United States "," October 20, 2024",,Verified Purchase,"Nice sweatshirt but the color is a soft mint, not a light sage.",
CollegeTeachingCoach,Does not follow the size chart!,https://www.amazon.com/gp/customer-reviews/RDIRA3G5A14IL/ref=cm_cr_getr_d_rvw_ttl?ie=UTF8&ASIN=B0CQRBL5W2,"2.0 "," the United States "," November 21, 2024",Color: BurgundySize: Large,Verified Purchase,"Buyer beware. The jacket itself is fine. The color is very nice and it feels as though it would be warm. However, it is important to know that the jacket is smaller than the size chart would indicate. The large is supposed to be 47.5 inches at the bust, and it is barely 44 inches. Unfortunately, I bought this for a gift and by the time I realized the problem I had missed the deadline to exchange it, so that's on me. It would be nice, though, if I could exchange, since I don't really want a ""return,"" per se.",
Ms.Nathaly,Unexpected surprise,https://www.amazon.com/gp/customer-reviews/R22KZTDMYN6NK0/ref=cm_cr_getr_d_rvw_ttl?ie=UTF8&ASIN=B0CQRBL5W2,"5.0 "," the United States "," January 27, 2024",Color: Army GreenSize: Large,Verified Purchase,The jacket is really flattering on me. I love that it's made of 100% cotton. That's one of the reasons I bought it. I'm 5'5 and weight is 158 lbs. The jacket is simple but has a very classic look. It's the first time I get something this color but like I said it looks really nice on me. The fit is perfect. I got an L. I will be washing it in cold water and low heat dry or maybe even air dry so it doesn't shrink because it fits just right. I'd recommend it for sure. I'm so tempted to get it in another color. Great buy. I thought I was going to be returning it but nope. It's not too thick or too thin and it's just warm enough for me who lives in Southern CA.,16
Félix Diaz,Excelente calidad,https://www.amazon.com/gp/customer-reviews/R3O1ZQBNYTU8WF/ref=cm_cr_getr_d_rvw_ttl?ie=UTF8&ASIN=B0CQRBL5W2,"5.0 "," the United States "," October 10, 2024",Color: Gray&purpleSize: Medium,Verified Purchase,"La compré para colombia, genera el abrigo ideal, no da calor y protege muy bien del frío. A mi esposa le encantó, regaló perfecto",
Barry Crum,Nice quality.  Good fit.,https://www.amazon.com/gp/customer-reviews/R2NESYDDSU2LRP/ref=cm_cr_getr_d_rvw_ttl?ie=UTF8&ASIN=B0CQRBL5W2,"5.0 "," the United States "," October 19, 2024",Color: NavySize: Large,Verified Purchase,Bought this for my wife.  We are pleased with the quality and fit.,
K. Willis,Comfortable and cozy.,https://www.amazon.com/gp/customer-reviews/R264FUX2BFA7LK/ref=cm_cr_getr_d_rvw_ttl?ie=UTF8&ASIN=B0CQRBL5W2,"5.0 "," the United States "," September 29, 2023",Color: Dark GreySize: X-Large,Verified Purchase,"I was needing to replace a much loved and used jacket, perfect for wearing indoors in winter. The style of this jacket was very similar and looked to be about the same weight fabric wise. I held my breath while trying it on, and found to my amazement that it was absolutely perfect. My old jacket was from a different manufacturer and purchased over 20 years ago. Even so, this jacket could be its twin, except for being a different color! I am so happy with my purchase and highly recommend it.  I will add that it is really not a warm enough jacket for very cold outdoor winter weather (think mountains of snow and blowing winds)  but great for cooler days in a warmer clime - or as in my case, something for a cooler house temperature but still good for dashing momentarily outside in the freezing cold, if needed.",8
Jo-Ann Dean,Sweatshirt zip up,https://www.amazon.com/gp/customer-reviews/R2W2JG106PXG6U/ref=cm_cr_getr_d_rvw_ttl?ie=UTF8&ASIN=B0CQRBL5W2,"5.0 "," the United States "," October 22, 2024",Color: Rose RedSize: XX-Large,Verified Purchase,Love this difficult find with no hood. Comfortable and warm with shrinkage after washing,
Lilmama,Warm and comfy,https://www.amazon.com/gp/customer-reviews/R23NJ7UZPPG49Q/ref=cm_cr_getr_d_rvw_ttl?ie=UTF8&ASIN=B0CQRBL5W2,"4.0 "," the United States "," December 27, 2023",Color: BrownSize: Small,Verified Purchase,"I am 5'4""  135 lbs, with a longer torso and i thought was going to be it! The sweater jacket I had been waiting for... The quality is nice, warm and soft. However, it's just a bit too short for my liking.  It hits between my waist and hips.  When I bend over it comes up too far.  Gave 5 stars because it's nice but I won't be wearing this as much as I hoped.",14
John,Nice Sweater,https://www.amazon.com/gp/customer-reviews/R3NWC9LQ4TCDD9/ref=cm_cr_getr_d_rvw_ttl?ie=UTF8&ASIN=B0CQRBL5W2,"5.0 "," the United States "," October 25, 2024",Color: BlueSize: XX-Large,Verified Purchase,The sweater fits perfectly. Size runs true. Good quality.,
ddoriej,The recommended size didn't fit,https://www.amazon.com/gp/customer-reviews/R1RKQSDNMIYO5/ref=cm_cr_getr_d_rvw_ttl?ie=UTF8&ASIN=B0CQRBL5W2,"4.0 "," the United States "," May 6, 2024",Color: BurgundySize: Large,Verified Purchase,"I purchased this item according to the size chart and it didn' fit and I couldn't zip it up, so I returned it and did not order another size.",
Elisa,Lightweight jacket,https://www.amazon.com/gp/customer-reviews/RFY6Y51HVMD7E/ref=cm_cr_getr_d_rvw_ttl?ie=UTF8&ASIN=B0CQRBL5W2,"5.0 "," the United States "," October 19, 2024",Color: BlackSize: X-Large,Verified Purchase,"This jacket is lightweight, pockets are deep and zipper is awesome silver.",
LeeAnn Catalina,Great lightweight jacket for Fall & Spring,https://www.amazon.com/gp/customer-reviews/R3T409XW0F0YGY/ref=cm_cr_getr_d_rvw_ttl?ie=UTF8&ASIN=B0CQRBL5W2,"5.0 "," the United States "," October 2, 2024",Color: GriegeSize: Medium,Verified Purchase,"This jacket is exactly what I wanted.  Lightweight..great fit and a step above a hoodie, but still soft and comfortable",3
angelique curry,Oddly made,https://www.amazon.com/gp/customer-reviews/R31GLGKIMOWNAT/ref=cm_cr_getr_d_rvw_ttl?ie=UTF8&ASIN=B0CQRBL5W2,"2.0 "," the United States "," January 13, 2025",Color: BlackSize: Medium,Verified Purchase,Arms and the length is fine but when you zip it up it’s so freaking constricting not a fan of that I excercise regularly so it’s not because I’m overweight it’s made oddly and very uncomfortable.,
G'ma,"Like it, but runs VERY small",https://www.amazon.com/gp/customer-reviews/R3KVGI5N5Y9Z7A/ref=cm_cr_getr_d_rvw_ttl?ie=UTF8&ASIN=B0CQRBL5W2,"4.0 "," the United States "," November 3, 2023",Color: BurgundySize: X-Large,Verified Purchase,"Color great, workmanship great, fabric great ... exactly style that I wanted but I ordered my usual X-Lg for this type of clothing, so it would be plenty roomy, and I  had to take it off and check the size. It runs quite small ... I almost thought it could have been a Medium by mistake. The sleeves do not come down to my wrists. I am sending this one back and reordering an XXLg. I really am very happy with the product, other than size.",6
Lori Fox | Luna Studios Fremont,Cotton Bomber Zip-Up Jacket,https://www.amazon.com/gp/customer-reviews/ROUI9M4EVKDDM/ref=cm_cr_getr_d_rvw_ttl?ie=UTF8&ASIN=B0CQRBL5W2,"5.0 "," the United States "," September 8, 2023",Color: BlackSize: Large,Verified Purchase,"UPDATE: Still like the jacket, but the sleeves did shrink up. I would either lay flat to dry or size up. Color stayed and so did length to waist.  I ordered the black zip up bomber look jacket in a large. I am 5'5""/160lbs. I like that it has pockets, sits a bit below the waist on me with a thick elastic type banding. Looser fit at this size, soft and comfy. I normally order mediums but because it's all cotton, I expect a bit of shrinkage, so either way it should be a great throw on hoodie without the hood. Cons: bright silver zipper. I would have preferred black, but at least this one has a black placket unlike others I've seen that are white. Looks nice, dressed up or down. I can see grabbing this daily and will probably order additional colors. Note I have not washed it yet but am hopeful it washes well without pilling. Decent price.",71
Amazon Customer,Nice product.,https://www.amazon.com/gp/customer-reviews/R1I81BFHPVPG5I/ref=cm_cr_getr_d_rvw_ttl?ie=UTF8&ASIN=B0CQRBL5W2,"5.0 "," the United States "," October 23, 2024",Color: NavySize: Large,Verified Purchase,I like it. Good quality,
Dana,Soft and comfortable,https://www.amazon.com/gp/customer-reviews/R2N7GYF2Q2R771/ref=cm_cr_getr_d_rvw_ttl?ie=UTF8&ASIN=B0CQRBL5W2,"5.0 "," the United States "," April 27, 2024",Color: BlueSize: X-Large,Verified Purchase,"I love my zipper sweatshirt.  It is the perfect thickness, not super heavy, yet not thin either. I wanted something that I could throw on if it's a little chilly without having to pull it over my head. Also, it doesn't have a hood! I'm tired of hoodies. I like the side pockets, they aren't real deep, but deep enough. I only wish they had more colors. I will be buying at least 1-2 more.",3
Blue Line Family,Mmmh,https://www.amazon.com/gp/customer-reviews/R2LHY7WNMQIL8X/ref=cm_cr_getr_d_rvw_ttl?ie=UTF8&ASIN=B0CQRBL5W2,"2.0 "," the United States "," January 14, 2025",Color: BurgundySize: Medium,Verified Purchase,Washed in cold and looked faded after first wash. Shorter sleeves. Full in chest area. Feel as if dye was not done properly. Would not buy.,
Amazon Customer,Really nice,https://www.amazon.com/gp/customer-reviews/R2HFANHIA08RMM/ref=cm_cr_getr_d_rvw_ttl?ie=UTF8&ASIN=B0CQRBL5W2,"5.0 "," the United States "," September 30, 2024",Color: Army GreenSize: Medium,Verified Purchase,"It’s soft, warm, seems to be good quality. Really like it so far!",
Marge Ragozzino,Perfect!,https://www.amazon.com/gp/customer-reviews/R1ZKN3OC3D7LU0/ref=cm_cr_getr_d_rvw_ttl?ie=UTF8&ASIN=B0CQRBL5W2,"5.0 "," the United States "," June 13, 2024",Color: BlackSize: Medium,Verified Purchase,"This sweat jacket fits perfectly. I am 5’2” and weigh 130. The medium fit with just the right amount of room. The sleeves were the perfect length. I’d say that if you are tall, the sleeves might be a problem. Love the weight. Not too light and not too heavy. I’m waiting for my next one in white to arrive.",4
Tchrlady,Comfortable,https://www.amazon.com/gp/customer-reviews/RZ2WXXC6GL46A/ref=cm_cr_getr_d_rvw_ttl?ie=UTF8&ASIN=B0CQRBL5W2,"4.0 "," the United States "," January 30, 2024",Color: Bright BlueSize: Large,Verified Purchase,I love the color and comfort. Strange to have the zipper pull on the left rather than the usual right. Would love it more if it was 2 - 3 inches longer thru the torso.,
Amy J. Wheelock,Nice jacket,https://www.amazon.com/gp/customer-reviews/R2KXACOYRHFG9O/ref=cm_cr_getr_d_rvw_ttl?ie=UTF8&ASIN=B0CQRBL5W2,"4.0 "," the United States "," February 3, 2024",,Verified Purchase,"It's the weight of a hoodie. The sleeves are shorter than I liked and the cuffs don't have elasticity to be pushed up and held in place. However it is nice, all in all.",3
Rose G,Nice jacket,https://www.amazon.com/gp/customer-reviews/R1P6IJL9VRA924/ref=cm_cr_getr_d_rvw_ttl?ie=UTF8&ASIN=B0CQRBL5W2,"4.0 "," the United States "," March 28, 2024",Color: Dark GreySize: Medium,Verified Purchase,Fits slightly on the small side. I have not dried it. No room for shrinkage.,2
Joan in Arizona,Pretty in Pink,https://www.amazon.com/gp/customer-reviews/R3G7NNF0UKWF19/ref=cm_cr_getr_d_rvw_ttl?ie=UTF8&ASIN=B0CQRBL5W2,"5.0 "," the United States "," November 14, 2023",Color: NavySize: XX-Large,Verified Purchase,"Just opened this and I must say I was a little hesitant because the picture of the pink color looked drab, but not at all, very pretty pink, I got the 2xx, I'm 5'5"", 185 and this fits perfect...all my weight is in the middle so this is perfect. Actually this is my second one, I have the Navy blue I bought last year and living in AZ this just hits the spot on cold nights.I wear this around the house the two months of winter we have here....Dec and Jan....just takes the chill off....I have washed the Navy Blue a few times, but never put in dryer ...comes out perfect....Probably get black next year!!",
Kindle Customer,Warm and cozy!,https://www.amazon.com/gp/customer-reviews/R3BVLA8106Z1SV/ref=cm_cr_getr_d_rvw_ttl?ie=UTF8&ASIN=B0CQRBL5W2,"4.0 "," the United States "," April 20, 2024",Color: BlackSize: Large,Verified Purchase,Nice for extra layer in spring weather!,2
ncasteel,Exactly what I needed,https://www.amazon.com/gp/customer-reviews/R3TF0GFWIZENZV/ref=cm_cr_getr_d_rvw_ttl?ie=UTF8&ASIN=B0CQRBL5W2,"5.0 "," the United States "," July 18, 2024",Color: BlackSize: Large,Verified Purchase,I was in search for a light weight jacket for temps in the high 60s to low 70s. Kept me warm. Purchased it the late spring and am looking forward to wearing it in the fall. I recommend ordering a size larger.,2
CJ,"Upon closer inspection, it is cheaply made and unfinished",https://www.amazon.com/gp/customer-reviews/R2HOVA0NDDQAF4/ref=cm_cr_getr_d_rvw_ttl?ie=UTF8&ASIN=B0CQRBL5W2,"3.0 "," the United States "," October 9, 2023",Color: BlackSize: Medium,Verified Purchase,"I really liked the no hood, soft interior and smooth zipper when I received these.  I ordered black and Khaki colors.  I just pulled the black out of the washer and realized that the inner front facings under the zippers are not sewn down; it also faded and shrunk a bit.  I can live with slight fade and shrinkage, but I absolutely HATE when manufacturers cut corners on sewing the facing down of a button or zipper panel fabric strip.  It causes the inner facing to crinkle up and look extremely cheap after a wash or two.  To resolve this I have to sew extra seams down the front of the garment to properly tack the facing down.  Anyhow I consider open facings as unfinished garments that have to be repaired to be worth keeping.",14
Miyagi,Metal zipper. Soft fabric. Comfortable collar,https://www.amazon.com/gp/customer-reviews/R26Y56RMSAOZ20/ref=cm_cr_getr_d_rvw_ttl?ie=UTF8&ASIN=B0CQRBL5W2,"5.0 "," the United States "," September 5, 2024",,Verified Purchase,Metal zipper. They hold up better. Fabric in super soft. Medium weight. Color is as depicted. Size is true to fit.,7
Laura,Top quality,https://www.amazon.com/gp/customer-reviews/R32C0YDVHENBMY/ref=cm_cr_getr_d_rvw_ttl?ie=UTF8&ASIN=B0CQRBL5W2,"5.0 "," the United States "," March 22, 2024",Color: NavySize: Small,Verified Purchase,"This is one of the best sweat jackets that I came across.  Is always different and difficult to get good clothes on line. I love the material, is soft and looks expensive. Bought a small, navy color.  I am 5.6 and 170, this fits just perfectly.  Normally I get large but this time I needed something that is more fit and this works fantastic.  Will get more in different colors and maybe a size bigger for jogging.",18
missishen,Weird Material,https://www.amazon.com/gp/customer-reviews/R3ISKGB77CV63V/ref=cm_cr_getr_d_rvw_ttl?ie=UTF8&ASIN=B0CQRBL5W2,"2.0 "," the United States "," December 16, 2024",,Verified Purchase,I liked the color of the light green sweatshirt but the material is spongy and unnatural. I decided to keep it but I’ll only wear it at home,
Linda C,Great item!,https://www.amazon.com/gp/customer-reviews/R3THH39S78EGD5/ref=cm_cr_getr_d_rvw_ttl?ie=UTF8&ASIN=B0CQRBL5W2,"5.0 "," the United States "," February 15, 2024",Color: BlackSize: X-Large,Verified Purchase,"Very soft sweatshirt-like material, but softer than a sweatshirt, both inside and out. Definitely sweatshirt weight in terms of thickness. Perfect for mild AZ winters. Ordered black, cold water washed, hung it to dry, did not shrink. I will NOT dry this item, to be on the safe side. Choosing a size was difficult based on incorrect sizes shown on size guide and customer reviews, so just stuck to what I usually wear, and it fit perfectly. VERY happy with this jacket, plan to buy more colors.",27
Amazon Customer,Love this jacket,https://www.amazon.com/gp/customer-reviews/R3CYR5S939T8T8/ref=cm_cr_getr_d_rvw_ttl?ie=UTF8&ASIN=B0CQRBL5W2,"5.0 "," the United States "," May 22, 2024",Color: BlueSize: Small,Verified Purchase,I love this jacket. I bought the blue and then saw they were on sale so I got another one. It’s soft and the right weight for a spring jacket or for someone like me living in Southern California. I think the structure makes it look stylish and versatile. An all around great buy!,4
Karen W,Sweatshirt,https://www.amazon.com/gp/customer-reviews/R9QIC8Z44MTUS/ref=cm_cr_getr_d_rvw_ttl?ie=UTF8&ASIN=B0CQRBL5W2,"4.0 "," the United States "," February 21, 2024",Color: NavySize: Small,Verified Purchase,I like it a lot. I just wish I had bought one size larger.,
tweberfree,Cute but shrinks,https://www.amazon.com/gp/customer-reviews/R1UMON6PKJT0ZR/ref=cm_cr_getr_d_rvw_ttl?ie=UTF8&ASIN=B0CQRBL5W2,"3.0 "," the United States "," December 16, 2023",Color: Army GreenSize: XX-Large,Verified Purchase,"Cute, I like the “no hood”.. Nice weight. Only drawbacks that it shrunk a lot and it has a seem going from one arm to the other at the top back. I’m 5’4”  195, size 14. I got xl and probably should have gotten xxl because I wanted a baggier look, like in the picture. I will need to tack down the pockets as they are loose inside the jacket. I’m hoping that if I wash it and hang it to dry, it’ll stretch back out in length. Otherwise I really like it — it’s cute. Probably should be priced about $29 rather than $39.",
Catrina,It's cute but it shrinks,https://www.amazon.com/gp/customer-reviews/R2CSXLG6PGWG15/ref=cm_cr_getr_d_rvw_ttl?ie=UTF8&ASIN=B0CQRBL5W2,"3.0 "," the United States "," March 27, 2024",Color: BlackSize: Medium,Verified Purchase,"Buy a couple sizes up if you're someone who tosses all their clothes in the dryer without bothering to read the wash instructions on the tags. It fit perfectly before I washed it. Then it tragically shrank. It's still cute though, just not as roomy and the sleeves aren't quite as long any more.",18
Rebecca W.,Perfect jacket for colder days,https://www.amazon.com/gp/customer-reviews/RJBLBG8N8XF92/ref=cm_cr_getr_d_rvw_ttl?ie=UTF8&ASIN=B0CQRBL5W2,"5.0 "," the United States "," August 1, 2024",Color: Army GreenSize: X-Large,Verified Purchase,"I love this jacket so much, I’m thinking about getting another color. It is a beautiful cut and fits great for me, I’m 5’3, 175 lbs and got a size Xl.",11
Vicky Campbell,Fits perfectly,https://www.amazon.com/gp/customer-reviews/R2Z2R8LMI4XU2K/ref=cm_cr_getr_d_rvw_ttl?ie=UTF8&ASIN=B0CQRBL5W2,"5.0 "," the United States "," September 15, 2024",Color: Dark GreySize: X-Large,Verified Purchase,Like color fits good,
Amazon Customer,Love it!,https://www.amazon.com/gp/customer-reviews/R2DRIRKL070QDZ/ref=cm_cr_getr_d_rvw_ttl?ie=UTF8&ASIN=B0CQRBL5W2,"5.0 "," the United States "," September 16, 2023",Color: BrownSize: X-Large,Verified Purchase,"Absolutely loved this jacket. Ordered the brown. It is more of a dark tan (think autumn color) than brown. It is soft (although not fuzzy inside) and feels nice on my skin. The arms are great for me, but I am short so for tall people, the arms may be short. I am a short, size 14 and the xl fit perfectly. I even washed it, minimal shrinkage and fabric felt great after wash and dry (note that the pics were pre-wash). Arms fit nice and are not tight, which is a problem I often have. Would totally recommend and may buy another color.",28
B.O.B.,Fits me oddly,https://www.amazon.com/gp/customer-reviews/R1QER3NTVIJKH5/ref=cm_cr_getr_d_rvw_ttl?ie=UTF8&ASIN=B0CQRBL5W2,"3.0 "," the United States "," January 6, 2024",Color: BlueSize: Large,Verified Purchase,It seems tight around the waist and blossoms above that - just odd on me.  It's also not as heavy as I would have liked.  I'll keep it to wear around the house.  The fabric is soft but fairly thin.4/3/2024 Update - I have a feeling this is made for men.  It zips on the wrong side of the opening.  It also shrinks just enough to let you know it.  I've had better and less expensive from Walmart.,5
Jackie,Nice sweat jacket,https://www.amazon.com/gp/customer-reviews/R14OE4RIZJS7P6/ref=cm_cr_getr_d_rvw_ttl?ie=UTF8&ASIN=B0CQRBL5W2,"5.0 "," the United States "," May 10, 2024",,Verified Purchase,I bought this jacket in 2 colors- blue and tan- I love that they look nicer than a regular sweatshirt- it’s medium weight and the pockets are great- the zipper is sturdy and it holds up in the wash-,4
Lin chandler,Good quality for the price,https://www.amazon.com/gp/customer-reviews/RO1I4273034PX/ref=cm_cr_getr_d_rvw_ttl?ie=UTF8&ASIN=B0CQRBL5W2,"4.0 "," the United States "," October 7, 2023",Color: BlackSize: Small,Verified Purchase,"I like that the fabric has a lot of cotton. The fit is good, not fitted but not baggy. I would prefer it was a bit lighter weight—it is sweatshirt weight. I think it nice for the cost.",6
Karen,Zip up jacket,https://www.amazon.com/gp/customer-reviews/R1RP8ISNM9VWH6/ref=cm_cr_getr_d_rvw_ttl?ie=UTF8&ASIN=B0CQRBL5W2,"3.0 "," the United States "," April 22, 2024",Color: Army GreenSize: X-Large,Verified Purchase,"I loved the color & softness, but the fit was not right even when ordering an XL. My hips are large but it just wasn't fitting. I returned the item.",
IE chick,Cozy warmth,https://www.amazon.com/gp/customer-reviews/R389A5P86IXWD0/ref=cm_cr_getr_d_rvw_ttl?ie=UTF8&ASIN=B0CQRBL5W2,"5.0 "," the United States "," May 25, 2024",Color: KhakiSize: Medium,Verified Purchase,I bought a size larger for ease of dressing over flannel shirts or sweaters. The inside is soft enough to wear on its own. The zipper is good quality. No shrinkage after several washes.,3
don,Great Sweatshirt but company keeps sending wrong size,https://www.amazon.com/gp/customer-reviews/RDON6QFF1WXQ3/ref=cm_cr_getr_d_rvw_ttl?ie=UTF8&ASIN=B0CQRBL5W2,"3.0 "," the United States "," March 6, 2024",Color: Dark GreySize: Large,Verified Purchase,"I love the look and feel of this sweatshirt but I have repeatedly ordered it in several colors in size small and instead of size small they keep sending size large. I have no idea how to fix this issue. Great fit, great feel, but terrible shipping.",4
Valerie Cleveland,Jacket,https://www.amazon.com/gp/customer-reviews/R1GJTL6VY6KY4U/ref=cm_cr_getr_d_rvw_ttl?ie=UTF8&ASIN=B0CQRBL5W2,"4.0 "," the United States "," February 3, 2024",Color: BlackSize: X-Large,Verified Purchase,Quality is good.,
S. W.,No hood!  Great fabric!,https://www.amazon.com/gp/customer-reviews/R1XLRIFVSKV9PT/ref=cm_cr_getr_d_rvw_ttl?ie=UTF8&ASIN=B0CQRBL5W2,"5.0 "," the United States "," November 10, 2023",Color: NavySize: XX-Large,Verified Purchase,"It is almost impossible to find a nice cotton jacket without a hood.  So far as quality, I return at least 60% of the clothing I buy on Amazon, but this jacket is quite nice and fits well.  Just enough collar to keep the back of your neck warm.  Good pockets that are well sewn.  Quality zipper.  I have washed it once on warm and run it through the dryer — no problem.  Buy with confidence.",2
smock,Just what I have been looking for,https://www.amazon.com/gp/customer-reviews/R2KYA5AV4N2YSD/ref=cm_cr_getr_d_rvw_ttl?ie=UTF8&ASIN=B0CQRBL5W2,"5.0 "," the United States "," January 3, 2024",Color: GriegeSize: Small,Verified Purchase,"This jacket is perfect for me to wear around the house when it is chilly.  Most jackets are too hot or too cumbersome (longer sleeves with thumb holes etc), for me to wear while cooking, washing etc.  This jacket is so soft and cozy and looks good enough to wear forgetting the functionality.  I like it so much I ordered another to wear when this is in the laundry.",5
"Christy, Connecticut",Very impressed,https://www.amazon.com/gp/customer-reviews/R1QPCMEN4KXZ0V/ref=cm_cr_getr_d_rvw_ttl?ie=UTF8&ASIN=B0CQRBL5W2,"5.0 "," the United States "," May 25, 2024",Color: NavySize: X-Large,Verified Purchase,"I work for the USPS  and I needed a navy blue sweatshirt for the chilly days. This is perfect,  comfortable and warm. Very soft too. Will definitely buy another one.",
Amazon Customer,Not bad.,https://www.amazon.com/gp/customer-reviews/R1Y4BBH0K3WOYX/ref=cm_cr_getr_d_rvw_ttl?ie=UTF8&ASIN=B0CQRBL5W2,"4.0 "," the United States "," November 25, 2023",Color: Dark GreySize: Large,Verified Purchase,Good value for money but quality not what I had hoped for.  Wanted it for travel and it creases.,2
Grandma Giz,Perfect weight,https://www.amazon.com/gp/customer-reviews/R2RQ4D01EX2Z7/ref=cm_cr_getr_d_rvw_ttl?ie=UTF8&ASIN=B0CQRBL5W2,"4.0 "," the United States "," July 13, 2023",Color: BurgundySize: Medium,Verified Purchase,This jacket is not big and bulky.  It fits neatly with a warm and soft fabric to keep you warm in cool temps.  Wine color is as shown and brightens up jeans and tees.  Very glad I chose this .,11
Peggy Cule,Great jacket,https://www.amazon.com/gp/customer-reviews/R3KWCHKW7X4CB8/ref=cm_cr_getr_d_rvw_ttl?ie=UTF8&ASIN=B0CQRBL5W2,"5.0 "," the United States "," July 28, 2024",Color: BrownSize: Medium,Verified Purchase,"A really nice jacket, soft roomy, great price and I love all the colors that comes in",2
Vicki Teran,"Cute, thick, but short",https://www.amazon.com/gp/customer-reviews/R2OKIQ502X0QW2/ref=cm_cr_getr_d_rvw_ttl?ie=UTF8&ASIN=B0CQRBL5W2,"4.0 "," the United States "," October 27, 2023",Color: Dark GreySize: Large,Verified Purchase,"It is super cute, thick and very well made. It’s a little short length wise but other then that it a good sweat shirt.",2
Placeholder,Nice but.....,https://www.amazon.com/gp/customer-reviews/R1M4TZ9Z30O9TT/ref=cm_cr_getr_d_rvw_ttl?ie=UTF8&ASIN=B0CQRBL5W2,"3.0 "," the United States "," March 15, 2024",Color: BlackSize: X-Large,Verified Purchase,"Very nice looking casual jacket but it's a little on the shirt side.  I'm only 5'4"". Sleeves are long enough though.",
J Hawn,"Quality good, color off",https://www.amazon.com/gp/customer-reviews/R3MERQFU0U5U2I/ref=cm_cr_getr_d_rvw_ttl?ie=UTF8&ASIN=B0CQRBL5W2,"4.0 "," the United States "," July 2, 2023",Color: BurgundySize: XX-Large,Verified Purchase,"I ordered this in the wine red. I would say it runs true to size or a bit small. The color should not be labeled wine red, but firecracker red, as this is pure good ole ‘Merica bright red.",10
Mihalski,Comfortable,https://www.amazon.com/gp/customer-reviews/R2ZKIO0QGOOM0Z/ref=cm_cr_getr_d_rvw_ttl?ie=UTF8&ASIN=B0CQRBL5W2,"5.0 "," the United States "," April 18, 2024",Color: NavySize: Medium,Verified Purchase,"Love this jacket.  Just enough for a cool day.  Material is soft and the jacket is comfy.  Am 5'1"" and 130.  Medium is perfect",2
