﻿评论用户,评论概述,评论链接,星级评分,评论地点,评论时间,类型,是否购买,评论详情,觉得该评论有帮助的人数
Mary S Dolceamore,"Great buy, worth ever penny!",https://www.amazon.com/gp/customer-reviews/R3EBV3UUVHWG4S/ref=cm_cr_getr_d_rvw_ttl?ie=UTF8&ASIN=B0CJBKXPJJ,"5.0 "," the United States "," January 19, 2025",Size: X-LargeColor: Dark Grey,Verified Purchase,"So I waited until I wore it and washed it before this review. (I sew and I am a fussy clothes washer).  Great fit, well made, superior fabric. Zipper and details in the design and workmanship are quality. I washed it on gentle, cold water with a little clear detergent. Hung to dry and popped in the dryer just to fluff. WILL BE BUYING THIS ONE AGAIN!",
Kmarieb,The Fit was Perfect,https://www.amazon.com/gp/customer-reviews/R2E6XVSHKYFBYQ/ref=cm_cr_getr_d_rvw_ttl?ie=UTF8&ASIN=B0CJBKXPJJ,"5.0 "," the United States "," January 19, 2025",Size: LargeColor: Wine Red,Verified Purchase,"The color, style and fit was perfect.",
Amazon Customer,Nice,https://www.amazon.com/gp/customer-reviews/R313GFINU7LVNB/ref=cm_cr_getr_d_rvw_ttl?ie=UTF8&ASIN=B0CJBKXPJJ,"4.0 "," the United States "," January 17, 2025",Size: SmallColor: Dark Grey,Verified Purchase,As others have mentioned it’s on the thin side. That’s what I wanted though. Perfect for plane rides. Some mentioned that the pants were short but I’m 5’6 and ordered a small. Good length for wearing sneakers. Not dragging but not too short either.,
CarmB,Not all made with the same material,https://www.amazon.com/gp/customer-reviews/RMQLW1YCUIKAF/ref=cm_cr_getr_d_rvw_ttl?ie=UTF8&ASIN=B0CJBKXPJJ,"1.0 "," the United States "," January 15, 2025",Size: MediumColor: Pink,Verified Purchase,"I first ordered this set in grey and I love it. It’s soft and comfy material and fits great. I love it so much I ordered again in pink. The pink material is thin (too thin) and shiny, unlike the soft sweatshirt material of the grey set. Sadly, pink is going back.",
Amazon Customer,Size,https://www.amazon.com/gp/customer-reviews/RK9H01OIUGLCQ/ref=cm_cr_getr_d_rvw_ttl?ie=UTF8&ASIN=B0CJBKXPJJ,"1.0 "," the United States "," January 15, 2025",Size: XX-LargeColor: Wine Red,Verified Purchase,Not true to size! Material is very nice. Top is too short!,
Amazon Customer,Not as expected,https://www.amazon.com/gp/customer-reviews/R1HO1UE9UGK6LF/ref=cm_cr_getr_d_rvw_ttl?ie=UTF8&ASIN=B0CJBKXPJJ,"2.0 "," the United States "," January 15, 2025",Size: LargeColor: Brown,Verified Purchase,"The material is very thin.  It is soft, and yet I thought it would be more substantial like sweatshirt/lounge thickness.  Also, the top is cut short, small and cropped.",
Kathleen,Thinner than they used to be,https://www.amazon.com/gp/customer-reviews/R2627WPJ63467U/ref=cm_cr_getr_d_rvw_ttl?ie=UTF8&ASIN=B0CJBKXPJJ,"3.0 "," the United States "," January 14, 2025",Size: SmallColor: Pea Green,Verified Purchase,I had a navy set I bought in March 2023 and it was much thicker. I lost weight and the new set is just not as thick. Fine for summer travel but not winter. Color on the moss green is pretty. It also stains very easily.,
Anaya,Wore for Christmas,https://www.amazon.com/gp/customer-reviews/R2PWMYCVCUZ26G/ref=cm_cr_getr_d_rvw_ttl?ie=UTF8&ASIN=B0CJBKXPJJ,"5.0 "," the United States "," January 14, 2025",Size: MediumColor: Red,Verified Purchase,I didn’t get any other pictures standing up. I got a size medium. I love the quality of it and how sleek it looks can dress it up or down.,2
Slaccordino,cropped top,https://www.amazon.com/gp/customer-reviews/R13QAC2I3YVFFH/ref=cm_cr_getr_d_rvw_ttl?ie=UTF8&ASIN=B0CJBKXPJJ,"3.0 "," the United States "," January 13, 2025",Size: X-LargeColor: Navy Blue,Verified Purchase,if you are skinny you will love this.  the fabric is really soft and nice.  i wish i could keep it but the topis way too short.  i’m 5’7” and there’s no butt or stomach coverage at all.  loved it otherwise.,
Angela Shelton,Definitely not oversized as advertised.,https://www.amazon.com/gp/customer-reviews/RZG8ELYLN32IO/ref=cm_cr_getr_d_rvw_ttl?ie=UTF8&ASIN=B0CJBKXPJJ,"1.0 "," the United States "," January 10, 2025",Size: LargeColor: Navy Blue,Verified Purchase,"I like the fit of the pants, but the top is not oversized. It is snug and I ordered my normal size and the size recommended for me based on previous orders.",
Amazon Customer,Super soft,https://www.amazon.com/gp/customer-reviews/R263X1OKOYJAHE/ref=cm_cr_getr_d_rvw_ttl?ie=UTF8&ASIN=B0CJBKXPJJ,"5.0 "," the United States "," January 9, 2025",,Verified Purchase,Beautiful loungwear. Soft and true to size,
Mahvesh Ansaree,Stains,https://www.amazon.com/gp/customer-reviews/R34ORNMKA6DP0X/ref=cm_cr_getr_d_rvw_ttl?ie=UTF8&ASIN=B0CJBKXPJJ,"1.0 "," the United States "," January 8, 2025",Size: MediumColor: Light Grey,Verified Purchase,"Fabric was weird. After I washed it, it has “wet stains” on it that don’t go away",
Russ Green,very comfortable,https://www.amazon.com/gp/customer-reviews/R26HIR7Y4B41NJ/ref=cm_cr_getr_d_rvw_ttl?ie=UTF8&ASIN=B0CJBKXPJJ,"5.0 "," the United States "," January 8, 2025",Size: X-LargeColor: Light Grey,Verified Purchase,Great to travel then!,
Barbara Quinn,Very comfortable Super soft and lightweight,https://www.amazon.com/gp/customer-reviews/R1BEV5EBUXVHEF/ref=cm_cr_getr_d_rvw_ttl?ie=UTF8&ASIN=B0CJBKXPJJ,"5.0 "," the United States "," January 8, 2025",Size: XX-LargeColor: Navy Blue,Verified Purchase,"I love this and may order another one!  Very comfortable! I live in Florida so having a lightweight, track suit absolutely works for me.  It runs true to size but it is  stretchy. I ordered a 2XL and the pants are very long. I am 5 ft 9 inches so if you are shorter, you may have to hem them.",
Zip 126,Disappointed,https://www.amazon.com/gp/customer-reviews/R1O8IZCEHNVGD3/ref=cm_cr_getr_d_rvw_ttl?ie=UTF8&ASIN=B0CJBKXPJJ,"2.0 "," the United States "," January 8, 2025",Size: MediumColor: Dark Blue,Verified Purchase,"I was really looking forward to receiving this tracksuit.  I loved the material!  It's super soft!  It isn't thick so I don't think this would be suitable if you're looking for something to provide warmth.  My biggest disappointment however, was that the pants are too short.  I'm 5'3 1/2"" and the pants with the medium size suit were too short. Very disappointed.  Returned.",
Sassy Woman 50,Women Green Outfit,https://www.amazon.com/gp/customer-reviews/R10OMZACDIQ5KW/ref=cm_cr_getr_d_rvw_ttl?ie=UTF8&ASIN=B0CJBKXPJJ,"5.0 "," the United States "," January 8, 2025",Size: X-LargeColor: Pea Green,Verified Purchase,I love this outfit. It has been a perfect leisure yet winter type outfit for being on the go or as active as I am. I plan to get a couple more colors,
Phyllis Shelby,DIL loved it,https://www.amazon.com/gp/customer-reviews/R107HU045MC0VM/ref=cm_cr_getr_d_rvw_ttl?ie=UTF8&ASIN=B0CJBKXPJJ,"5.0 "," the United States "," January 7, 2025",Size: MediumColor: Dark Khaki,Verified Purchase,I read about different suits. This had good reviews. My DIL loved it. The color and fabric are beautiful!. I would recommend this to a friend.,
Pauline,Nice,https://www.amazon.com/gp/customer-reviews/R1XL84TV3CM5GM/ref=cm_cr_getr_d_rvw_ttl?ie=UTF8&ASIN=B0CJBKXPJJ,"5.0 "," the United States "," January 6, 2025",Size: SmallColor: Army Green,Verified Purchase,Was a gift. Daughter liked it.,
Y. Local,Received compliments,https://www.amazon.com/gp/customer-reviews/ROY1F42M9F2KM/ref=cm_cr_getr_d_rvw_ttl?ie=UTF8&ASIN=B0CJBKXPJJ,"5.0 "," the United States "," January 6, 2025",Size: MediumColor: Green,Verified Purchase,Very nice fit and feel,
Amazon Customer,Confortable,https://www.amazon.com/gp/customer-reviews/RQK138XW45OYA/ref=cm_cr_getr_d_rvw_ttl?ie=UTF8&ASIN=B0CJBKXPJJ,"5.0 "," the United States "," January 6, 2025",Size: LargeColor: Navy Blue,Verified Purchase,Very comfortable.  Material is very soft and very well made.,
Katherine Murillo,i got half my order,https://www.amazon.com/gp/customer-reviews/R36J4KQ9PQMDFC/ref=cm_cr_getr_d_rvw_ttl?ie=UTF8&ASIN=B0CJBKXPJJ,"1.0 "," the United States "," January 5, 2025",Size: MediumColor: Brown,Verified Purchase,i only got the shirt. pants never arrived.,
Just Okay,Absolutely wonderful,https://www.amazon.com/gp/customer-reviews/R3T79ADZXC5AT7/ref=cm_cr_getr_d_rvw_ttl?ie=UTF8&ASIN=B0CJBKXPJJ,"5.0 "," the United States "," January 4, 2025",Size: XX-LargeColor: Dark Grey,Verified Purchase,"Love the fabric; soft, stretchy, smooth. Feels great on the skin. Color is as posted. Very luscious dark gray. With the amount of stretch doubtful of shrinkage. True to size. Had I gone up a size, as I usually do, the pants would have been saggy and top sleeves and shoulders would be way off my measurements. Will most likely order in another color. Cost was very acceptable.",
cheryl b duncn,I love it.,https://www.amazon.com/gp/customer-reviews/R26OTTWX5J427G/ref=cm_cr_getr_d_rvw_ttl?ie=UTF8&ASIN=B0CJBKXPJJ,"5.0 "," the United States "," January 3, 2025",Size: MediumColor: Navy Blue,Verified Purchase,Comfort. Washing ability  Beautiful color.,
Amazon Customer,great material and color,https://www.amazon.com/gp/customer-reviews/R3OEGT1IDROVB/ref=cm_cr_getr_d_rvw_ttl?ie=UTF8&ASIN=B0CJBKXPJJ,"5.0 "," the United States "," January 3, 2025",Size: LargeColor: Dark Blue,Verified Purchase,"this is a high quality two piece set you can wear to work or play; great fit, fantastic material.  i bought the blue color and  bought my mom the hunter green set.  can wear in cool and cold seasons.  great travel set; will buy again",
Amy Cheresnowsky,My weekend staple!,https://www.amazon.com/gp/customer-reviews/R2B6981XAD78MY/ref=cm_cr_getr_d_rvw_ttl?ie=UTF8&ASIN=B0CJBKXPJJ,"5.0 "," the United States "," January 1, 2025",Size: MediumColor: Army Green,,"Love this outfit!  So comfy, soft, and lays perfectly!  Totally worth the price and washes very nice.  I always hang dry it but if you dry in the dryer…. It’s doesn’t shrink.True to size",
valencia  m williams,"This set is very nice, the colors white is Cream or winter white is not white",https://www.amazon.com/gp/customer-reviews/R631OB8E8BSTR/ref=cm_cr_getr_d_rvw_ttl?ie=UTF8&ASIN=B0CJBKXPJJ,"3.0 "," the United States "," December 31, 2024",Size: XX-LargeColor: White,Verified Purchase,"The fit is a little snug, but it’s very nice material. I want it white but, the color is not the white. It is more of a cream color.",
Elise C.,Light weight jogging suit,https://www.amazon.com/gp/customer-reviews/R1MJW00DMCWS0X/ref=cm_cr_getr_d_rvw_ttl?ie=UTF8&ASIN=B0CJBKXPJJ,"4.0 "," the United States "," December 31, 2024",Size: SmallColor: Rose Red,Verified Purchase,"Pretty color, comfortable fabric. Perfect for a long plane trip.",
Barbara Hardin,Luv this,https://www.amazon.com/gp/customer-reviews/R8ON2WRWQHO9Z/ref=cm_cr_getr_d_rvw_ttl?ie=UTF8&ASIN=B0CJBKXPJJ,"5.0 "," the United States "," December 30, 2024",Size: MediumColor: Army Green,Verified Purchase,Luv this set. I’m short and the pant length is perfect.  The color is a nice neutral green - army green - and goes great with my blonde hair. I live in Texas - so it’s provides enough warmth.  Wouldn’t be warm enough if I lived in a cold climate.,
Johan's Admirer,Stains terribly,https://www.amazon.com/gp/customer-reviews/R3VSPXGJTXASSX/ref=cm_cr_getr_d_rvw_ttl?ie=UTF8&ASIN=B0CJBKXPJJ,"1.0 "," the United States "," December 30, 2024",Size: MediumColor: Dark Grey,Verified Purchase,While I love the style and fit the material stains terribly.  It you get water splashed on you when it dries there are spots.  I dribbled milk on it and the spots did not come out in the wash.,
Silvia,Different color,https://www.amazon.com/gp/customer-reviews/R3CJVBDFW437RI/ref=cm_cr_getr_d_rvw_ttl?ie=UTF8&ASIN=B0CJBKXPJJ,"3.0 "," the United States "," December 29, 2024",Size: LargeColor: Peach Fuzz,Verified Purchase,"The fabric is fine I must say, but the color doesn’t much at all with the picture from Amazon.",4
Amazon Customer,Short inseam,https://www.amazon.com/gp/customer-reviews/R3NFVVBQF09OAC/ref=cm_cr_getr_d_rvw_ttl?ie=UTF8&ASIN=B0CJBKXPJJ,"3.0 "," the United States "," December 28, 2024",Size: LargeColor: Army Green,Verified Purchase,Pants are short for a size large,
Leanne,Buttery soft,https://www.amazon.com/gp/customer-reviews/R1L5HP24VVP82U/ref=cm_cr_getr_d_rvw_ttl?ie=UTF8&ASIN=B0CJBKXPJJ,"5.0 "," the United States "," December 27, 2024",Size: MediumColor: Light Grey,Verified Purchase,Love this leisure suit so much I bought a second one.,
AB,Comfortable,https://www.amazon.com/gp/customer-reviews/R2PR8PGN4KWWPD/ref=cm_cr_getr_d_rvw_ttl?ie=UTF8&ASIN=B0CJBKXPJJ,"5.0 "," the United States "," December 27, 2024",Size: X-LargeColor: Light Grey,Verified Purchase,The fit is perfect. Quality is great. Will buy more from this company.,
Lynda Houghtaling,Too small for the size I ordered,https://www.amazon.com/gp/customer-reviews/R1D9U7KJW6BRO/ref=cm_cr_getr_d_rvw_ttl?ie=UTF8&ASIN=B0CJBKXPJJ,"1.0 "," the United States "," December 25, 2024",Size: X-LargeColor: Light Grey,Verified Purchase,I ordered an XL hoping for it to be a bit baggy. This barely fit. The waist is made for a medium and the top sits right on my waist. This will be going back. It's horrible. Don't waste your money.,
Sunshine,Cozy Comfy,https://www.amazon.com/gp/customer-reviews/RH7X96HKBRER4/ref=cm_cr_getr_d_rvw_ttl?ie=UTF8&ASIN=B0CJBKXPJJ,"5.0 "," the United States "," December 22, 2024",Size: SmallColor: Red,Verified Purchase,Extremely soft yet sturdy material. Love it so much,
kelly,Chef's kiss!,https://www.amazon.com/gp/customer-reviews/RLCSSG4L55NL5/ref=cm_cr_getr_d_rvw_ttl?ie=UTF8&ASIN=B0CJBKXPJJ,"5.0 "," the United States "," December 20, 2024",Size: X-LargeColor: Red,Verified Purchase,"I am 5'9"" 195lbs and this fit perfectly. Not to mention how soft and comfortable the material is. It fits true to size.",
Bralex99,Love it,https://www.amazon.com/gp/customer-reviews/R349GJI26TFDTN/ref=cm_cr_getr_d_rvw_ttl?ie=UTF8&ASIN=B0CJBKXPJJ,"5.0 "," the United States "," December 17, 2024",Size: MediumColor: Dark Grey,Verified Purchase,This set feels really soft is flattering and true to size. I am between a 6 and 8 and got a medium.,
Mary,Color and style,https://www.amazon.com/gp/customer-reviews/R3JHJG2J8G8V35/ref=cm_cr_getr_d_rvw_ttl?ie=UTF8&ASIN=B0CJBKXPJJ,"5.0 "," the United States "," December 16, 2024",Size: SmallColor: Red,Verified Purchase,Love the color ! Looks great. I first bought it in large but rebought it in small,
Sheng,Buy this!,https://www.amazon.com/gp/customer-reviews/R36V9JOFQS130G/ref=cm_cr_getr_d_rvw_ttl?ie=UTF8&ASIN=B0CJBKXPJJ,"5.0 "," the United States "," December 15, 2024",Size: SmallColor: Pea Green,Verified Purchase,"Very good quality. IM 5’4 in height, 125 lbs and the size small fits perfect for me. Length is perfect. I recommend buying this. Beautiful and it’s comfortable wearing around the house or running errands.",7
JerseyBroad,Veteran comfy but…,https://www.amazon.com/gp/customer-reviews/R22TXBZCULU4NO/ref=cm_cr_getr_d_rvw_ttl?ie=UTF8&ASIN=B0CJBKXPJJ,"4.0 "," the United States "," December 15, 2024",Size: LargeColor: Dark Blue,Verified Purchase,These ensembles are very comfy. I bought 3 in different colors. But the tops are not nearly as full as they picture on the model. If it was fuller I would have given them 5 ⭐️,
April Barthelmess,Nice quality but small top,https://www.amazon.com/gp/customer-reviews/R2R4PH6DH73J7K/ref=cm_cr_getr_d_rvw_ttl?ie=UTF8&ASIN=B0CJBKXPJJ,"3.0 "," the United States "," December 15, 2024",Size: XX-LargeColor: Dark Grey,,The quality was great and super soft but ended up returning b as the top was really short compared to the pants. Too bad as it had great potential and if you don’t mind mid length tops you will like it. Pants are wide leg as well.,
Brenda,Material amazing,https://www.amazon.com/gp/customer-reviews/R3551T05SKTUZH/ref=cm_cr_getr_d_rvw_ttl?ie=UTF8&ASIN=B0CJBKXPJJ,"5.0 "," the United States "," December 14, 2024",Size: MediumColor: Dark Khaki,Verified Purchase,"Very comfortable,  quality of material is great. Laundered well. I personaly did not place in dryer, no need to press",
Maryann Bendoff,Great quality and fits well,https://www.amazon.com/gp/customer-reviews/R3VJAXPM7ISDOI/ref=cm_cr_getr_d_rvw_ttl?ie=UTF8&ASIN=B0CJBKXPJJ,"5.0 "," the United States "," December 13, 2024",Size: X-LargeColor: Navy Blue,Verified Purchase,I really like the product. It fits well and is very comfortable. I would recommend this outfit to anyone,
Amazon Customer,Very soft and comfortable,https://www.amazon.com/gp/customer-reviews/R1LMP4NQA5EA1A/ref=cm_cr_getr_d_rvw_ttl?ie=UTF8&ASIN=B0CJBKXPJJ,"5.0 "," the United States "," December 13, 2024",Size: MediumColor: Navy Blue,Verified Purchase,Love this new set.  It's lightweight but not too lightweight.  Will be perfect for travel.  Fabric is soft and color is the same as marketing picture.,
Lori Champion,Please lengthen the pants because otherwise it’s perfect!,https://www.amazon.com/gp/customer-reviews/R2IJQLHAH1AP76/ref=cm_cr_getr_d_rvw_ttl?ie=UTF8&ASIN=B0CJBKXPJJ,"3.0 "," the United States "," December 12, 2024",Size: LargeColor: Navy Blue,Verified Purchase,"This has to be the softest, most comfortable outfit I’ve ever put on my body! However, the pants are so short. Idk how tall the model was on the photo but I’m 5’8 and they are 2” above my ankle. I’m keeping them because I LOVE it, but please consider lengthening the pants!! I’ll buy every color!",
Okra&cayenne,Misled by Prime size recommendation,https://www.amazon.com/gp/customer-reviews/R5RHAOVIGB8SQ/ref=cm_cr_getr_d_rvw_ttl?ie=UTF8&ASIN=B0CJBKXPJJ,"1.0 "," the United States "," December 12, 2024",,Verified Purchase,Love this set but went with the size  recommendation from Prime but should have trusted my gut. I’m 5’4” and weigh 135-140. Should definitely have gone with the medium. The material is not thick but would be fine for spring and fall. Tried to exchange at the same price I purchased for Black Friday but was not able so I returned the set. My rating is more because of my experience with Prime than the set.,2
Lynn Crofton,Lightweight,https://www.amazon.com/gp/customer-reviews/R22M68AVQ1ZDTU/ref=cm_cr_getr_d_rvw_ttl?ie=UTF8&ASIN=B0CJBKXPJJ,"3.0 "," the United States "," December 12, 2024",Size: LargeColor: Dark Grey,Verified Purchase,looks great and feels nice but very thin fabric.  Not for winter months,
Amazon Customer,XL,https://www.amazon.com/gp/customer-reviews/R2HO9NO32L8S88/ref=cm_cr_getr_d_rvw_ttl?ie=UTF8&ASIN=B0CJBKXPJJ,"5.0 "," the United States "," December 11, 2024",Size: XX-LargeColor: Pea Green,,"I am 237 lbs 5'4ft , I brought a xl and I love it. Soft and super comfortable. Definitely a good choice",
Tconner,Cheap,https://www.amazon.com/gp/customer-reviews/RO4DTO50IH1PB/ref=cm_cr_getr_d_rvw_ttl?ie=UTF8&ASIN=B0CJBKXPJJ,"1.0 "," the United States "," December 11, 2024",Size: X-SmallColor: Pea Green,Verified Purchase,"Uncomfortable feel, cheap material, ran big",
tbuzz,Pants are short,https://www.amazon.com/gp/customer-reviews/R3200P6EZP57UW/ref=cm_cr_getr_d_rvw_ttl?ie=UTF8&ASIN=B0CJBKXPJJ,"3.0 "," the United States "," December 10, 2024",Size: X-LargeColor: Navy Blue,Verified Purchase,The pants are a great fit but the length is much shorter than the photo,
Mary,So comfortable and so many pockets so when you travel you have a place to put so much stuff,https://www.amazon.com/gp/customer-reviews/RFD53DXUKN00E/ref=cm_cr_getr_d_rvw_ttl?ie=UTF8&ASIN=B0CJBKXPJJ,"5.0 "," the United States "," December 10, 2024",Size: LargeColor: Light Khaki,Verified Purchase,Traveling,
jennifer,Es súper cómodos,https://www.amazon.com/gp/customer-reviews/R1IZVOQQMWKLF1/ref=cm_cr_getr_d_rvw_ttl?ie=UTF8&ASIN=B0CJBKXPJJ,"5.0 "," the United States "," December 9, 2024",Size: SmallColor: Light Khaki,Verified Purchase,Lo recomiendo pueden comprarlo fiel a la talla,
Kindle Customer,The material is a YES!!,https://www.amazon.com/gp/customer-reviews/R3QDU50SLT69Z0/ref=cm_cr_getr_d_rvw_ttl?ie=UTF8&ASIN=B0CJBKXPJJ,"5.0 "," the United States "," December 9, 2024",Size: XX-LargeColor: Light Yellow,Verified Purchase,It’s so soffftttt and it has just like this perfect quality weight and thickness :D,
Amazon Customer,Love this but pants are to short,https://www.amazon.com/gp/customer-reviews/R7NNZAP50UEKI/ref=cm_cr_getr_d_rvw_ttl?ie=UTF8&ASIN=B0CJBKXPJJ,"4.0 "," the United States "," December 9, 2024",Size: LargeColor: Red,Verified Purchase,"Love the color,, the fabric is super soft but the length runs short.",
Amazon Customer,Lounge set,https://www.amazon.com/gp/customer-reviews/R11H16G54KJNUC/ref=cm_cr_getr_d_rvw_ttl?ie=UTF8&ASIN=B0CJBKXPJJ,"5.0 "," the United States "," December 9, 2024",Size: X-SmallColor: Black,Verified Purchase,Beautiful lounge  set,
BC,Stylish and comfortable--win-win!,https://www.amazon.com/gp/customer-reviews/RMKNFTB4FHOFV/ref=cm_cr_getr_d_rvw_ttl?ie=UTF8&ASIN=B0CJBKXPJJ,"4.0 "," the United States "," December 9, 2024",Size: XX-LargeColor: Pea Green,Verified Purchase,This tracksuit is super stylish and the fabric is soft and comfortable.  The only caution I would give you is that it is not super warm.  It's perfect for me here in Florida but if I was in a cooler climate I'd want to have some long johns on underneath.  Great for in between seasons or milder winters though.  I want it in a dozen colors I love it so much!,
Mom,Suit,https://www.amazon.com/gp/customer-reviews/R19T7BTUG1UM6N/ref=cm_cr_getr_d_rvw_ttl?ie=UTF8&ASIN=B0CJBKXPJJ,"4.0 "," the United States "," December 8, 2024",Size: X-LargeColor: Navy Blue,Verified Purchase,I love the feel and comfort of this set but it does nothing to keep you warm outside. Feels like air goes straight through. I could see it being comfortable in late spring and even summer. Great for lounge around,
J. Axelson,Want one in every color!,https://www.amazon.com/gp/customer-reviews/R24E4MATGJAO2L/ref=cm_cr_getr_d_rvw_ttl?ie=UTF8&ASIN=B0CJBKXPJJ,"5.0 "," the United States "," December 8, 2024",Size: MediumColor: Navy Blue,Verified Purchase,"Beautiful quality, luxurious fabric.",
W-NC,Fabric has picks,https://www.amazon.com/gp/customer-reviews/R4NO7V2WBLMP1/ref=cm_cr_getr_d_rvw_ttl?ie=UTF8&ASIN=B0CJBKXPJJ,"1.0 "," the United States "," December 7, 2024",Size: LargeColor: Black,Verified Purchase,"I got this two days ago, opened it today, already has picks in the fabric. Returning.",
Kjkbean,Really cute !,https://www.amazon.com/gp/customer-reviews/RKG85X3Y8UHX9/ref=cm_cr_getr_d_rvw_ttl?ie=UTF8&ASIN=B0CJBKXPJJ,"4.0 "," the United States "," December 7, 2024",,Verified Purchase,"I buy clothes on occasion from Amazon and 75% of the time I end up returning because they aren’t what they were marketed to be. But not this set! I was so pleasantly surprised, the material is soft and comfortable, the collar of the shirt stands up as pictured, and the length is just right (ordered size M, I am 5’4”). Only drawback is the waist, its pretty tight although I like that the waistband is flat in front (not ruched). So basically have to wear the waistband at your true waist to be comfortable. But I otherwise love it and can deal with the waistband issue. Will be great for travel. Got it on black Friday sale which was a great deal for this product.",6
Curious Cook,SO comfy but…,https://www.amazon.com/gp/customer-reviews/R3ODDMMVVGSAJ6/ref=cm_cr_getr_d_rvw_ttl?ie=UTF8&ASIN=B0CJBKXPJJ,"4.0 "," the United States "," December 6, 2024",Size: SmallColor: Black,Verified Purchase,"So as I was pulling this out of the bag, I immediately noticed how buttery soft the material was I couldn’t wait to put it on! When I did, however, I noticed that the pants are about an inch too short. It doesn’t look terrible, but it’s not quite my personal taste. When I went back and looked at the reviews. I noticed that everyone that said that the length was perfect was 5’2” and I’m 5’3” (whomp whomp) I’ve decided to keep it however because I really think it’s so comfortable and it’s fine to WFH, carpool, etc. but the Tyler folks may want a size up. I am going to get a second set, but I will be getting a medium and not a small..",4
Amazon Customer,Stylish and comfortable,https://www.amazon.com/gp/customer-reviews/R1Y0X1Q6C1ANXV/ref=cm_cr_getr_d_rvw_ttl?ie=UTF8&ASIN=B0CJBKXPJJ,"5.0 "," the United States "," December 6, 2024",Size: LargeColor: Wine Red,,"Love the set. Wish the top was a little longer, but overall it's fantastic",
Kristy Holmes,Run super short,https://www.amazon.com/gp/customer-reviews/R22CDNQPIZNSAU/ref=cm_cr_getr_d_rvw_ttl?ie=UTF8&ASIN=B0CJBKXPJJ,"1.0 "," the United States "," December 6, 2024",Size: SmallColor: Red,Verified Purchase,These are very thin and horrible quality,
Rhonda Ferguson,This Outfit,https://www.amazon.com/gp/customer-reviews/RVSMWF7YURPDR/ref=cm_cr_getr_d_rvw_ttl?ie=UTF8&ASIN=B0CJBKXPJJ,"3.0 "," the United States "," December 5, 2024",Size: MediumColor: Army Green,Verified Purchase,Material is too thin and runs a little big.,
Teresa Hewitt,Fantastic,https://www.amazon.com/gp/customer-reviews/RWKQKSTXPF6PX/ref=cm_cr_getr_d_rvw_ttl?ie=UTF8&ASIN=B0CJBKXPJJ,"5.0 "," the United States "," December 5, 2024",Size: LargeColor: Black,Verified Purchase,"The material is silky cotton like. I am 170 lb's, 5'4 and I bought a large. The fit is perfect with extra room. I could actually go down to a medium, however I am in love with this fit. It's comfortable, flows and beautiful to wear. I tried it on as soon as it got here. I haven't wore it yet or washed it. I will update when I wash it. By the way I am ordering two more in beige and light blue.",3
Tasha Anderson,Pant leg too short,https://www.amazon.com/gp/customer-reviews/R1DS24B74AJ53O/ref=cm_cr_getr_d_rvw_ttl?ie=UTF8&ASIN=B0CJBKXPJJ,"1.0 "," the United States "," December 4, 2024",,Verified Purchase,I was so excited to receive this outfit. The material felt wonderful. While trying it on noticed one pant leg was shorter then the other and it was noticeable. So returning it and will order again.,
Kathryn L. Compton,Size issues,https://www.amazon.com/gp/customer-reviews/R29C0II3UO1M6H/ref=cm_cr_getr_d_rvw_ttl?ie=UTF8&ASIN=B0CJBKXPJJ,"3.0 "," the United States "," December 4, 2024",Size: XX-LargeColor: Light Grey,Verified Purchase,The top is short but the bottoms were fine. Very soft.,
Nancy Reinke,Poor quality,https://www.amazon.com/gp/customer-reviews/R1TIE7DX906UGR/ref=cm_cr_getr_d_rvw_ttl?ie=UTF8&ASIN=B0CJBKXPJJ,"1.0 "," the United States "," December 4, 2024",Size: LargeColor: Light Khaki,Verified Purchase,Not at all as described,
Kate,Silky and flowing,https://www.amazon.com/gp/customer-reviews/R7CZ2SLJZOQ22/ref=cm_cr_getr_d_rvw_ttl?ie=UTF8&ASIN=B0CJBKXPJJ,"5.0 "," the United States "," December 4, 2024",Size: LargeColor: Navy Blue,Verified Purchase,"Great fit, loose comfortable, forgiving. Fabric is on the thinner side and would not keep you warm in cold weather.",
LHappy,Comfortable but pilling already,https://www.amazon.com/gp/customer-reviews/R2AWHN1V2X1NOC/ref=cm_cr_getr_d_rvw_ttl?ie=UTF8&ASIN=B0CJBKXPJJ,"3.0 "," the United States "," December 4, 2024",Size: LargeColor: Army Green,Verified Purchase,"This set was so comfortable I bought a second set the first time I wore the first one. I love the fit and the feel of the material. However, after only 2 wears the olive green color is pilling. Considering the price of the set that’s incredibly disappointing.",4
Patricia Gittens,Nice material,https://www.amazon.com/gp/customer-reviews/RPBBXRSQTYLQE/ref=cm_cr_getr_d_rvw_ttl?ie=UTF8&ASIN=B0CJBKXPJJ,"5.0 "," the United States "," December 3, 2024",Size: XX-LargeColor: Light Grey,Verified Purchase,Soft yet heavy weight fabric. Good fit and True to size. I will buy again,
RLee,90% love it,https://www.amazon.com/gp/customer-reviews/RWEJKHNLGS0QT/ref=cm_cr_getr_d_rvw_ttl?ie=UTF8&ASIN=B0CJBKXPJJ,"3.0 "," the United States "," December 3, 2024",Size: MediumColor: Dark Grey,Verified Purchase,It’s very comfortable and flattering. However the zipper in the top is very cheap. It catches and worse if the fabric comes into contact with the zipper it snags the fabric. I’d only purchase again if it came with a better zipper.,
teckie,Love love love ❤️,https://www.amazon.com/gp/customer-reviews/R3L3D8F2PD1ZQR/ref=cm_cr_getr_d_rvw_ttl?ie=UTF8&ASIN=B0CJBKXPJJ,"5.0 "," the United States "," December 2, 2024",Size: X-LargeColor: Black,Verified Purchase,Very soft and comfortable 😌 nice fit great value for the money.,
Kathleen Bannen,Wonderfully comfortable,https://www.amazon.com/gp/customer-reviews/R1J354BZYY2QO/ref=cm_cr_getr_d_rvw_ttl?ie=UTF8&ASIN=B0CJBKXPJJ,"5.0 "," the United States "," December 2, 2024",Size: XX-LargeColor: Light Blue,Verified Purchase,Soft material good quality for money spent,
gail floyd,Item was way too short,https://www.amazon.com/gp/customer-reviews/R2GAP1ESQRTW3Q/ref=cm_cr_getr_d_rvw_ttl?ie=UTF8&ASIN=B0CJBKXPJJ,"2.0 "," the United States "," December 2, 2024",Size: MediumColor: Army Green,Verified Purchase,Too short,
tanya fitzgerald,Pant suit,https://www.amazon.com/gp/customer-reviews/R2X60O8KTSI36W/ref=cm_cr_getr_d_rvw_ttl?ie=UTF8&ASIN=B0CJBKXPJJ,"5.0 "," the United States "," December 1, 2024",Size: LargeColor: Army Green,,Loved this fabric and style but it was way to long legs so we could not keep this. Wish they had in seam choices.,
Elena,"Soft, comfortable, cute",https://www.amazon.com/gp/customer-reviews/R3O93AEZK4U63F/ref=cm_cr_getr_d_rvw_ttl?ie=UTF8&ASIN=B0CJBKXPJJ,"5.0 "," the United States "," December 1, 2024",Size: MediumColor: Navy Blue,Verified Purchase,"I'm 5'5, 160, bought a medium and LOVED it. Great material, loved the sleeve having a thumb keyhole and very comfortable. The length was a little long for my height but with shoes, I had no problems! will buy a couple more!!!",8
Tara Kable,Thin material not for winter,https://www.amazon.com/gp/customer-reviews/RNH7BCRQTN2OD/ref=cm_cr_getr_d_rvw_ttl?ie=UTF8&ASIN=B0CJBKXPJJ,"3.0 "," the United States "," November 30, 2024",Size: MediumColor: Navy Blue,,I’m short (5’0) and ordered the medium and pants were waaaaayyyy long. I had to roll over the waistband. Too fit great.,
Seana Alexander,Cute set. Pants run a little short.,https://www.amazon.com/gp/customer-reviews/R2H7GEPN8AF6BH/ref=cm_cr_getr_d_rvw_ttl?ie=UTF8&ASIN=B0CJBKXPJJ,"4.0 "," the United States "," November 30, 2024",Size: LargeColor: Navy Blue,Verified Purchase,"I really like the look and feel of this set. I’m 5’8” and these pants are def a little short on me. Not a deal breaker, since I primarily wear for lounging. If I’m wearing this set to the grocery store or out-and-about I just pull the waist band down a little bit or wear with boots, ha ha!",
Amazon Customer,Not For Tall Women,https://www.amazon.com/gp/customer-reviews/R2K1YC7WETWUXO/ref=cm_cr_getr_d_rvw_ttl?ie=UTF8&ASIN=B0CJBKXPJJ,"2.0 "," the United States "," November 30, 2024",Size: LargeColor: Black,Verified Purchase,"Love the way it feels and quality but its basically “floods”…highwaters on my 5’9 body. This could have worked if the pants were supposed to be  worn like this but it hits in a weird way. Very sad. It’s not even close to my ankles. I ordered a large. I am 5’9 and 185 lbs. Sadly, returning these today.",4
Y.K.,Perfect Blend of Comfort and Style!,https://www.amazon.com/gp/customer-reviews/R176OS3GBRZA0W/ref=cm_cr_getr_d_rvw_ttl?ie=UTF8&ASIN=B0CJBKXPJJ,"5.0 "," the United States "," November 28, 2024",Size: MediumColor: Light Blue,Verified Purchase,"It is very comfortable, stylish, and maintains its quality after being washed in the machine.",
Lisa Malone,Length of pant,https://www.amazon.com/gp/customer-reviews/R227CWCGCM20LQ/ref=cm_cr_getr_d_rvw_ttl?ie=UTF8&ASIN=B0CJBKXPJJ,"5.0 "," the United States "," November 28, 2024",Size: LargeColor: Light Grey,Verified Purchase,Length is great for me being 5’2”,
OMG 😲 this is nothing like the picture didn't like the bottom just ugly trust me nothing like the image that was shown on line know better next time,They come short,https://www.amazon.com/gp/customer-reviews/R1SZT2MRV73A0K/ref=cm_cr_getr_d_rvw_ttl?ie=UTF8&ASIN=B0CJBKXPJJ,"1.0 "," the United States "," November 27, 2024",Size: LargeColor: Black,,Looks nothing like pictures sorry didn't like don't have time for all that return mess so I spent my 29.99 for something that I like,
YDWright,Maybe next time/ update review,https://www.amazon.com/gp/customer-reviews/R268FRXPYMG0EW/ref=cm_cr_getr_d_rvw_ttl?ie=UTF8&ASIN=B0CJBKXPJJ,"5.0 "," the United States "," November 26, 2024",Size: X-LargeColor: Green,Verified Purchase,"This is an update to my review. The seller was very kind and responded. I sent pictures and they told me to request a refund. While waiting, I ordered the burgundy set which is beautiful and both legs are the same length. I feel that the green was a manufactured mess up. The seller made the green unavailable so I’m not returning mine, I’ll just get the legs altered. When I tell you that the green color is sooooo rich and beautiful that I can not send it back without a replacement. Maybe they will get it right and start selling the green again. I give this set a 10.  This is a beautiful lounging set, however one pants leg is longer than the other. I would return it but I wore it trying to make it work. If it was the same I would give it a 10. I pray that the owners will see this and make it right. I would love to purchase every color because it is beautiful material and the color is very rich. Hopefully this was a mishap and they will make good on this purchase hard. If they do I will give an update and change my review.",
Michelle,Great set!!!,https://www.amazon.com/gp/customer-reviews/R2MWE75L55EPLV/ref=cm_cr_getr_d_rvw_ttl?ie=UTF8&ASIN=B0CJBKXPJJ,"5.0 "," the United States "," November 26, 2024",Size: SmallColor: Black,Verified Purchase,Softest fabric- so cute and flattering! Definitely recommend and looks elegant and sharp !,
Mistyb,perfect set,https://www.amazon.com/gp/customer-reviews/R1CQ9YGQVWK23T/ref=cm_cr_getr_d_rvw_ttl?ie=UTF8&ASIN=B0CJBKXPJJ,"5.0 "," the United States "," November 25, 2024",Size: X-LargeColor: Pea Green,,"loved the feel of the material, pretty much wrinkle free.  Very close to the spanx set.  Casual but put together at the same time.  I love it.",
CATALINA ZAPATA CORREA,La textura es muy buena,https://www.amazon.com/gp/customer-reviews/RTSGBNVXYCA05/ref=cm_cr_getr_d_rvw_ttl?ie=UTF8&ASIN=B0CJBKXPJJ,"1.0 "," the United States "," November 25, 2024",Size: LargeColor: Dark Blue,Verified Purchase,La textura es bueno pero el largo del pantalón es muy corto,2
Bettina Boles,Cute and comfy but definitely not worth $50,https://www.amazon.com/gp/customer-reviews/R3LHIVTNUQOSNT/ref=cm_cr_getr_d_rvw_ttl?ie=UTF8&ASIN=B0CJBKXPJJ,"3.0 "," the United States "," November 21, 2024",Size: LargeColor: Pea Green,Verified Purchase,"This suit is very cute and comfortable. It's perfect for running errands on the weekend or even lounging in the house. However for the money,  I was expecting a little thicker fabric. It's pretty thin and I've bought similar Lounge clothes for less on other websites.",8
R. Hall,I wanted to love it!,https://www.amazon.com/gp/customer-reviews/R3VNNUJZSXAXZQ/ref=cm_cr_getr_d_rvw_ttl?ie=UTF8&ASIN=B0CJBKXPJJ,"1.0 "," the United States "," November 20, 2024",Size: LargeColor: Rose Red,Verified Purchase,"I ordered my normal size, but it didn't fit anywhere near like it does on the model picture! Pants were toooooo short and I'm only 5'4"". Top was short too, and never could I have tucked it in. If you're skin is dry, it'll cling on you! It's that kind of material... slick where you need to spray it. I returned it.",2
VLM,So comfortable 🩶🩶🩶,https://www.amazon.com/gp/customer-reviews/R23150VUSU5TFN/ref=cm_cr_getr_d_rvw_ttl?ie=UTF8&ASIN=B0CJBKXPJJ,"5.0 "," the United States "," November 20, 2024",Size: MediumColor: Light Grey,Verified Purchase,So comfortable & accurate sizing. Loved it so much I bought it in black too!,
Julie,my mom loved it she said it was perfect,https://www.amazon.com/gp/customer-reviews/R1TOU0DQQ151YH/ref=cm_cr_getr_d_rvw_ttl?ie=UTF8&ASIN=B0CJBKXPJJ,"5.0 "," the United States "," November 20, 2024",Size: LargeColor: Dark Grey,Verified Purchase,i purchased this for me mom and she said it fit perfectly and it was exactly what she needed.  she is so excited and loves the outfit.  she wears a large and imordered a large in the charcoal gray .,
Julie Allen,Pants waist is tight,https://www.amazon.com/gp/customer-reviews/R3LRV98AR2QMTR/ref=cm_cr_getr_d_rvw_ttl?ie=UTF8&ASIN=B0CJBKXPJJ,"4.0 "," the United States "," November 19, 2024",Size: MediumColor: Dark Blue,Verified Purchase,"I’m 5’9”, size 8. I wear a M. The top fit perfectly. The pants are cropped and the waist band is tighter than I prefer. Fabric is a nicer thinner quality.",
RiRi,Too short,https://www.amazon.com/gp/customer-reviews/RGAPSNURIR0N/ref=cm_cr_getr_d_rvw_ttl?ie=UTF8&ASIN=B0CJBKXPJJ,"1.0 "," the United States "," November 19, 2024",Size: XX-LargeColor: Dark Blue,Verified Purchase,Pants were not made for girls over 5'8'.,2
sadjia,Cheaply made,https://www.amazon.com/gp/customer-reviews/R168CCN9XEX1TF/ref=cm_cr_getr_d_rvw_ttl?ie=UTF8&ASIN=B0CJBKXPJJ,"1.0 "," the United States "," November 19, 2024",Size: LargeColor: Army Green,Verified Purchase,Inconsistent quality Bought a brown color it was good cosy well made Than I decided to buy another color When it came it wasn’t as the first one Very thin cheap looking and very tight i wear large Orderd large didn’t fit So I gave it a 1 star for inconsistency in quality and size,3
Amber Wilson,Sizing,https://www.amazon.com/gp/customer-reviews/RK24A1BDKTDDU/ref=cm_cr_getr_d_rvw_ttl?ie=UTF8&ASIN=B0CJBKXPJJ,"3.0 "," the United States "," November 19, 2024",Size: X-LargeColor: Rose Red,Verified Purchase,"I love the material, however the top is too small. I wish each piece came separately so I could get the perfect fit.",
Kati,Nice set,https://www.amazon.com/gp/customer-reviews/R17CXP450SO6LA/ref=cm_cr_getr_d_rvw_ttl?ie=UTF8&ASIN=B0CJBKXPJJ,"4.0 "," the United States "," November 18, 2024",Size: MediumColor: Dark Grey,,"I bought this set when it was on sale. It was a nice light weight set and it fit great,  but I didn’t love the color so I ended up returning it.",
Mccayne,So comfy and cute,https://www.amazon.com/gp/customer-reviews/R1FVNS986YIUWF/ref=cm_cr_getr_d_rvw_ttl?ie=UTF8&ASIN=B0CJBKXPJJ,"5.0 "," the United States "," November 18, 2024",Size: MediumColor: Dark Grey,,"Love, love, love this outfit! It’s comfy and casual, yet elevated enough to look chic. The fabric is a perfect weight, and the flair is perfect.",
J. Bedi,Soft breathable and comfortable,https://www.amazon.com/gp/customer-reviews/RW57PUWDYFVE8/ref=cm_cr_getr_d_rvw_ttl?ie=UTF8&ASIN=B0CJBKXPJJ,"5.0 "," the United States "," November 17, 2024",Size: X-SmallColor: Light Blue,Verified Purchase,I am 54 and 110 pounds and extra small fits perfectly. It’s a great little sit to run around town and do errands or lounge at home. I find it not to be too hot even if I sleep in it.,3
Carly,Classy,https://www.amazon.com/gp/customer-reviews/R32EW0UQFK5QMH/ref=cm_cr_getr_d_rvw_ttl?ie=UTF8&ASIN=B0CJBKXPJJ,"5.0 "," the United States "," November 17, 2024",Size: LargeColor: Dark Grey,Verified Purchase,Quality attire at an amazing price! Great fit. My daughter has already ordered two more sets as all the color choices are nice!,
Lily C,Sizing is accurate but White set is see through,https://www.amazon.com/gp/customer-reviews/R3627UHM9NMIX0/ref=cm_cr_getr_d_rvw_ttl?ie=UTF8&ASIN=B0CJBKXPJJ,"2.0 "," the United States "," November 16, 2024",Size: MediumColor: White,Verified Purchase,"Loved how soft it was and also the comfort and fit. True to size and with a medium I still had room for a more lounge look. That said, it was see through! The pockets could be seen on the front and I wasn’t expecting that so I had to return.",6
