﻿评论用户,评论概述,评论链接,星级评分,评论地点,评论时间,类型,是否购买,评论详情,觉得该评论有帮助的人数
annette G.,great look,https://www.amazon.com/gp/customer-reviews/R20EJLHZJJYRTQ/ref=cm_cr_arp_d_rvw_ttl?ie=UTF8&ASIN=B0C7R61DWT,"5.0 "," the United States "," December 5, 2024",Size: SmallColor: Black,Verified Purchase,"This yoga athletic romper is amazing! The fit is perfect, flattering, and true to size. The adjustable straps make it easy to customize for comfort, and the padded top adds great support without needing an extra bra. The material feels high-quality and looks like it’s from an expensive brand, but it’s so affordable! The shorts are just the right length, offering coverage while still looking stylish. It’s perfect for yoga, workouts, or even casual wear. I absolutely love this romper—highly recommend it for anyone looking for a chic and functional athletic piece!",
Lauren Bodnar,"Comfortable, Stylish, and Perfect for Workouts!",https://www.amazon.com/gp/customer-reviews/R29OD211XICNT0/ref=cm_cr_arp_d_rvw_ttl?ie=UTF8&ASIN=B0C7R61DWT,"5.0 "," the United States "," January 7, 2025",Size: SmallColor: Sparkle Blue,Verified Purchase,"I’m so impressed with this exercise romper! It’s become my go-to outfit for working out, and I can’t recommend it enough. The material is incredibly soft and stretchy, which makes it super comfortable and perfect for any type of exercise. I usually wear xs and sized up to small and the fit was great!",
Tia,"Super Comfortable for Lounging, but Not Perfect for Exercise",https://www.amazon.com/gp/customer-reviews/RQV7Y61B4A7IK/ref=cm_cr_arp_d_rvw_ttl?ie=UTF8&ASIN=B0C7R61DWT,"4.0 "," the United States "," December 8, 2024",Size: MediumColor: Black,Verified Purchase,"I love this romper because it’s incredibly comfortable! Just a note — I’ve only worn it for lounging, not for exercise. I have a longer torso and usually avoid rompers, but the adjustable straps make this one more wearable.  The built-in bra is a mixed bag for me. I appreciate the removable padding and the bit of built-in support, but as someone who’s a bit chestier, it doesn’t quite offer enough support for me. While it’s not uncomfortable or causing any spillage, I’d definitely need a separate sports bra if I were to wear this for a workout. In that case, I’d prefer no built-in bra so I could use my own.  It’s definitely flattering, though the shorts do ride up a bit, which could be an issue during physical activity. For lounging or running errands, it’s not a problem. Overall, it’s a comfy and cute piece that works well for casual wear, even if it’s not ideal for more active use.",3
Amazon Customer,You will be snatched!,https://www.amazon.com/gp/customer-reviews/R2JEJUSB0MRSUO/ref=cm_cr_arp_d_rvw_ttl?ie=UTF8&ASIN=B0C7R61DWT,"5.0 "," the United States "," September 15, 2024",Size: MediumColor: Black,Verified Purchase,"Let me tell you ladies, I *never* write reviews, and I’m on Amazon all the time. But this bodysuit? Sis, it's hands down the best one I’ve ever bought. It’s thick, but not heavy—it snatches you in all the right places, and the way it has my girls sitting? *Chef’s kiss!* Whether you’re layering it under a shirt or rocking it solo for that athleisure vibe, it just makes you look and feel SO good.  It’s breathable, super comfortable, and easy to wear. I’m obsessed—I already ordered more! The only thing I wish was different is that seam at the waist, but honestly, if they fixed that? I’d buy one in every color, *twice.* It’s that versatile and that perfect!",6
Kileigh,Stretchy and cute!,https://www.amazon.com/gp/customer-reviews/R1BQR5B3A1YZBB/ref=cm_cr_arp_d_rvw_ttl?ie=UTF8&ASIN=B0C7R61DWT,"5.0 "," the United States "," January 8, 2025",Size: MediumColor: Black,Verified Purchase,"I was about 26 weeks pregnant in this, and it fit well into the rest of the pregnancy. Super soft, and pairs well with flannels for a casual fit",
Monica R.,Great for people with shorter torsos,https://www.amazon.com/gp/customer-reviews/R3KRKO3GWH539N/ref=cm_cr_arp_d_rvw_ttl?ie=UTF8&ASIN=B0C7R61DWT,"3.0 "," the United States "," July 2, 2024",Size: LargeColor: Black,Verified Purchase,"I am 5’9” and 170#. A medium fits me but the torso isn’t quite long enough.. so there’s some extra cleavage. Overall, it’s comfortable. The shorts portion is really short and rides up a lot. I find myself pulling them down a lot. The idea is there but the execution could have been better. The fabric is not at all forgiving. Don’t wear this one if you feel bloated. It’s a thin fabric but still soft and overall comfortable. No compression (I find this as a positive). I wish the torso were a little longer and the shorts a little longer. Just by an inch maybe.",5
Karolina S,The best yoga bodysuit I have ever worn!,https://www.amazon.com/gp/customer-reviews/R3CPC4BRQW6UY4/ref=cm_cr_arp_d_rvw_ttl?ie=UTF8&ASIN=B0C7R61DWT,"5.0 "," the United States "," August 31, 2024",Size: SmallColor: Gull Gray,Verified Purchase,The material is so buttery soft indeed. It makes me want to do yoga and stretch all the time. It is so comfortable it feels like second skin. I love the added pads so that I don’t have to wear nipple covers anymore especially in the summer heat where they just slide off me when I sweat. I plan to put jeans over it in the fall and continue to wear it. The color is beautiful too. It feels like luxury to wear it. Totally recommend- this feels like lululemon or alo yoga quality!,4
Kaylee,Great pregnancy piece!,https://www.amazon.com/gp/customer-reviews/R3US1RNB5SCX3B/ref=cm_cr_arp_d_rvw_ttl?ie=UTF8&ASIN=B0C7R61DWT,"5.0 "," the United States "," October 28, 2024",Size: SmallColor: Black,Verified Purchase,Sized up and wore this through all 9 months of my pregnancy. It has lots of give but is a nice high quality fabric. Buttery soft and not too thin.,
Rae,Highly Recommend!,https://www.amazon.com/gp/customer-reviews/R3JJ9ZYCX53X6Y/ref=cm_cr_arp_d_rvw_ttl?ie=UTF8&ASIN=B0C7R61DWT,"5.0 "," the United States "," January 3, 2025",Size: LargeColor: Mysterious Grey,Verified Purchase,"Finally, a product that is solid, good quality and no butt scrunch haha. This is my first crz yoga product but I can’t wait to try more. I love how there is Lycra in this onesie which is the same material Lululemon uses. I did a leg day and it held up well. For reference: I am 5’6 and I have thick big muscles so I got a large. It seems to be stretchy i maybe could have gotten away with a medium but otherwise it’s true to size i think.",
eisle,fit great,https://www.amazon.com/gp/customer-reviews/R3KFY06M50A8BH/ref=cm_cr_arp_d_rvw_ttl?ie=UTF8&ASIN=B0C7R61DWT,"4.0 "," the United States "," January 16, 2025",,Verified Purchase,this bodysuit fit great and the fabric was great quality. there is no tummy tuck though so just keep that in mind when ordering. overall great body suit.,
Mayleena,Super cute just not good for long torsos lol,https://www.amazon.com/gp/customer-reviews/R11DM4E0DLFTKQ/ref=cm_cr_getr_d_rvw_ttl?ie=UTF8&ASIN=B0C7R61DWT,"5.0 "," the United States "," January 4, 2025",Size: SmallColor: Black,Verified Purchase,Idk why I even tried. I've never been able to wear a piece.,
LM,Super cute!,https://www.amazon.com/gp/customer-reviews/R26FW1Z1KZGLT7/ref=cm_cr_getr_d_rvw_ttl?ie=UTF8&ASIN=B0C7R61DWT,"4.0 "," the United States "," September 25, 2024",Size: MediumColor: Black,Verified Purchase,"Although the shorts do sometimes roll up in hot yoga, I’m pleasantly surprised by the fit of this! I am 5’10”, 150 pounds and the medium size fits great.",
Idk,shape,https://www.amazon.com/gp/customer-reviews/R2CQJL3JHI1XOP/ref=cm_cr_getr_d_rvw_ttl?ie=UTF8&ASIN=B0C7R61DWT,"4.0 "," the United States "," September 25, 2024",Size: SmallColor: Sparkle Blue,Verified Purchase,Looks good only has a weird fitting at the rib cage personally,
Hannah Cathey,So comfy,https://www.amazon.com/gp/customer-reviews/RQHH8M3U6KVLC/ref=cm_cr_getr_d_rvw_ttl?ie=UTF8&ASIN=B0C7R61DWT,"5.0 "," the United States "," November 17, 2024",Size: MediumColor: Mysterious Grey,Verified Purchase,It’s so comfortable and love the padding in the bra area,
Patrick Cecile,Buttery Fabric,https://www.amazon.com/gp/customer-reviews/R1QPATV1GPJT0O/ref=cm_cr_getr_d_rvw_ttl?ie=UTF8&ASIN=B0C7R61DWT,"4.0 "," the United States "," July 26, 2024",Size: MediumColor: Black,Verified Purchase,"The fabric of this item was so soft and buttery. It felt so comfortable on my body. The reason for my return was that it was too short in the thighs and kept riding up. I feel like it needed to be a bit more compressed to my legs. I purchased a size medium, 5’7 in height and have thicker thighs.",
Brooke Corrao,"Good material, a little short",https://www.amazon.com/gp/customer-reviews/RY30SLLNCGF3U/ref=cm_cr_getr_d_rvw_ttl?ie=UTF8&ASIN=B0C7R61DWT,"4.0 "," the United States "," August 19, 2024",Size: LargeColor: Black,Verified Purchase,I loved this for pregnancy but did feel like the shorts were a little shorter than I expected and because the material is so soft they ride up slightly,
Hale,Great!,https://www.amazon.com/gp/customer-reviews/R1VJ6QALFGWRDM/ref=cm_cr_getr_d_rvw_ttl?ie=UTF8&ASIN=B0C7R61DWT,"4.0 "," the United States "," July 5, 2024",Size: LargeColor: Deep Red,Verified Purchase,It does ride up because of the front seam but it’s super soft and stretchy and great for around the house and maybe a fanny pack or tied shirt around the waist so you don’t have to worry about the ride up if you wear it out lol I have it in black though and wore that out and yeah it rode up but not as noticeable as the red for sure,3
Nani,Almost 5 stars,https://www.amazon.com/gp/customer-reviews/R3R0O8J4P52OM2/ref=cm_cr_getr_d_rvw_ttl?ie=UTF8&ASIN=B0C7R61DWT,"4.0 "," the United States "," June 18, 2024",Size: SmallColor: Black,Verified Purchase,It is everything you'd want in a romper but the smell is one thing I cant get passed. it smells like chemicals even after I wash it. I still bought one in every color bc they are literally a Lululemon dupe but I just need to soak it in vinegar or something to get the smell out. Overall really great staple to run errands or work out in.,
Victoria Schramm,STAPLE PIECE 100%,https://www.amazon.com/gp/customer-reviews/R5E3HOJ5PLHDY/ref=cm_cr_getr_d_rvw_ttl?ie=UTF8&ASIN=B0C7R61DWT,"5.0 "," the United States "," July 10, 2024",Size: XX-SmallColor: Black,Verified Purchase,"I absolutely love this item. I was not 100% sure just because I love anything namebrand, lulu, Alo yoga etc….. But then I saw an influencer posted this and I decided to take a chance! I am 5’4 and about 100 (petite girly) and on the more slender side, I went with a XXS…IT FIT LIKE A GLOVE😍 Like I said a must staple piece in your closet you can wear it during the summer out to run errands or you can wear it to the gym or to pilates, I love that it has a built-in bra ( I’m a 32a) And I felt good in that area You are also able to remove the padding, which is nice!",
Jessica,Good Quality,https://www.amazon.com/gp/customer-reviews/R2AVPOABZTKHV4/ref=cm_cr_getr_d_rvw_ttl?ie=UTF8&ASIN=B0C7R61DWT,"4.0 "," the United States "," July 30, 2024",Size: LargeColor: Black,Verified Purchase,"Good Quality, however the fabric isn't compressing for my normal size, I would size down if you want it to fit more compressed.",
Jessie,I did not think I would love this so much,https://www.amazon.com/gp/customer-reviews/RG2MN59U7FB0W/ref=cm_cr_getr_d_rvw_ttl?ie=UTF8&ASIN=B0C7R61DWT,"5.0 "," the United States "," September 4, 2024",Size: MediumColor: Black,Verified Purchase,I really didnt think I would end up loving this as much as I do. 32DD 6/8 athletic build my legs are thick so I got a medium but probably could have gone with the small. I feel weirdly confident in this love it for errands with an oversized button down and birks or Adidas and a baseball hat. Quality feels really nice too even with the thin straps,
Jeremy Wilkins,Perfect in every way!,https://www.amazon.com/gp/customer-reviews/R2TZMVHUO1WJ35/ref=cm_cr_getr_d_rvw_ttl?ie=UTF8&ASIN=B0C7R61DWT,"5.0 "," the United States "," October 29, 2024",Size: SmallColor: Black,Verified Purchase,"Great fit, as pictured, great quality!!! So flattering!!",
Lily Worsley,Bump friendly!,https://www.amazon.com/gp/customer-reviews/R2LI12VVNX4BWB/ref=cm_cr_getr_d_rvw_ttl?ie=UTF8&ASIN=B0C7R61DWT,"5.0 "," the United States "," August 28, 2024",Size: LargeColor: Black,Verified Purchase,"Currently 5 months pregnant and was looking for a stretchy jumpsuit. I tried 3 other amazon jumpsuits before landing on this one! It was the most expensive out of the jumpers I bought, but DEFINITELY worth it. Feels high quality & fits the body perfectly! I will be ordering more in different colors for fall 🤎 5’7 and 145 - ordered a large for growing bump!",
Kelsey Weidrick,Bump friendly staple!,https://www.amazon.com/gp/customer-reviews/R3P3MA2G17C3OC/ref=cm_cr_getr_d_rvw_ttl?ie=UTF8&ASIN=B0C7R61DWT,"5.0 "," the United States "," August 10, 2024",Size: MediumColor: Deep Purple,Verified Purchase,"This is my 4th pregnancy, and I wanted more staples that aren’t maternity but bump friendly. That I could wear when I’m no longer pregnant. I am 21 weeks pregnant. I normally and 5 4 and 130 lbs. small is my normal size. Due to my growing bump I sized up to a medium. The comfort exceeds expectations. It is buttery soft. Has a built in bra. Overall 10/10. Will be buying in more colors.",3
Nastia N,Super quality and overall fit while pregnant,https://www.amazon.com/gp/customer-reviews/R1MEAQLT42R5LB/ref=cm_cr_getr_d_rvw_ttl?ie=UTF8&ASIN=B0C7R61DWT,"5.0 "," the United States "," September 6, 2024",Size: SmallColor: Black,Verified Purchase,"My regular size is XS, as I’m pregnant currently I decided to size up and ordered size S and it fits perfectly! The material is amazing. No damage after several washes, I’m just happy with the purchase. Will order in XS later on. For reference, I’m 5’4.",2
Jana Sutherland,Love these,https://www.amazon.com/gp/customer-reviews/R9EXGE89E0W96/ref=cm_cr_getr_d_rvw_ttl?ie=UTF8&ASIN=B0C7R61DWT,"5.0 "," the United States "," September 24, 2024",Size: LargeColor: Deep Purple,Verified Purchase,"Fit us amazing, material is soft. Very flattering and stays put in yoga class. Got a tons of compliments, so I'm buying more in other colors",
Kevin E,Good quality!!,https://www.amazon.com/gp/customer-reviews/R23S6RGOY7IJ6Q/ref=cm_cr_getr_d_rvw_ttl?ie=UTF8&ASIN=B0C7R61DWT,"5.0 "," the United States "," April 29, 2024",Size: SmallColor: Black,Verified Purchase,"I am a die hard lululemon girl. I will pay the $$$ for it and rather spend extra for better quality (imo) than waste my money on “dupes”. But I’m so shocked with this romper! Fits like a glove!!! I’m in between small & medium, and in lulu I’m like a 6 maybe an 8 with certain styles.. i decided to go with the small and so glad i did! Fabric is soft like lulu ! Even my bf said it was soft. Straps are adjustable and also no camel toe! That’s an issue I’ve been having with some gym leggings esp 🍋! I just ordered 2 more. Just wish they had an orange color!",7
Jillian Yates,Cute & comfy!,https://www.amazon.com/gp/customer-reviews/RNYHLVLTNU9DG/ref=cm_cr_getr_d_rvw_ttl?ie=UTF8&ASIN=B0C7R61DWT,"4.0 "," the United States "," September 27, 2023",Size: MediumColor: Deep Purple,Verified Purchase,"This is a cute dupe I’ve seen for an athletic style romper that other brands have been putting out. I’ve always liked CRZ, so I assumed I’d enjoy this as well. I will say, I thought the shorts would be a little longer. I’m 5’11 and the inseam is a little short for me to consider working out in this, but it will do for an around the house item. Also, since I’m tall, the back of the romper pulls away from my back a bit. I’m used to that since my torso is long & most items aren’t made for taller girls, but it’s something to note! I got a medium in this hoping the extra fabric might help with the length, but if I were to order again I’d get a small to make the item a tighter fit.",15
Brenda,A little too short,https://www.amazon.com/gp/customer-reviews/RK5VFLABTQIGM/ref=cm_cr_getr_d_rvw_ttl?ie=UTF8&ASIN=B0C7R61DWT,"4.0 "," the United States "," April 9, 2024",Size: MediumColor: Deep Purple,Verified Purchase,"I really loved the long leg version so I thought I would try the short version, and holy are they short! I am 47 and I just can't bring myself to wear these out of the house. Kept them for around the house workouts and lounging. Size is good, I chose medium, and I am 5'6"" and 160 lbs.",
Mkbarron,I WISH they would fix the seam,https://www.amazon.com/gp/customer-reviews/R23T4L79MHZFPJ/ref=cm_cr_getr_d_rvw_ttl?ie=UTF8&ASIN=B0C7R61DWT,"3.0 "," the United States "," September 24, 2024",Size: SmallColor: Deep Purple,Verified Purchase,"Everything about this from the feel, the color, the fit- amazing 10/10. BUT the seam going directly through your legs causes a camel toe. Therefore making it super unflattering despite it being perfect everywhere else.",
Ellabella,Such a good buy!!,https://www.amazon.com/gp/customer-reviews/R24BG3OXGY6SEQ/ref=cm_cr_getr_d_rvw_ttl?ie=UTF8&ASIN=B0C7R61DWT,"5.0 "," the United States "," June 21, 2024",Size: SmallColor: Deep Purple,Verified Purchase,"Material is very soft and very comfortable. The fit is extremely flattering, I am 5'8 and 130 lbs and the small fit me perfect, I love how the torso was not baggy and fit well. They also sell the same style but with a longer short inseam for those who complain its too short. I will be wearing this everyday and buying it in all the colors, I have navy blue and purple so far and I love them!",6
Grazie,Loooove this!,https://www.amazon.com/gp/customer-reviews/R3EQQGUCKUWQUC/ref=cm_cr_getr_d_rvw_ttl?ie=UTF8&ASIN=B0C7R61DWT,"5.0 "," the United States "," September 3, 2024",Size: SmallColor: Black,Verified Purchase,"I bought during pregnancy after seeing an influencer recommend and I loved it. It’s buttery soft, stretchy and I’m actually using postpartum now. Will be buying more colors!",
SP,So comfortable!,https://www.amazon.com/gp/customer-reviews/R2UXZX9CZQYF6/ref=cm_cr_getr_d_rvw_ttl?ie=UTF8&ASIN=B0C7R61DWT,"5.0 "," the United States "," August 13, 2024",Size: SmallColor: Black,Verified Purchase,This bodysuit is like butter - so soft and comfortable.  The shorts dont ride up which is great and I love that you can throw on a pullover or sweatshirt and it still looks super cute.,
Natalie Embry,SO GREAT!,https://www.amazon.com/gp/customer-reviews/R2Q0NM0BAX5NMG/ref=cm_cr_getr_d_rvw_ttl?ie=UTF8&ASIN=B0C7R61DWT,"5.0 "," the United States "," July 10, 2024",Size: MediumColor: Black,Verified Purchase,"Was so hesitant on buying as a girlie with thick thighs and oh my word I’d like to buy 10 more! This is SO comfy, stretchy, and perfect length. I used to work at lululemon and this is just as good if not better than the align material! Usually a 6/8 size and got a medium it’s perfect! 10/10!",
Amazon Customer,AMAZINGGGGGGGGG,https://www.amazon.com/gp/customer-reviews/R13FLOJU19S2JC/ref=cm_cr_getr_d_rvw_ttl?ie=UTF8&ASIN=B0C7R61DWT,"5.0 "," the United States "," June 25, 2024",Size: X-LargeColor: Black,Verified Purchase,I have never.. and I mean never left a review.. I have bought thousands of things on Amazon.. but I haddddddd to leave a review.. I’m a mom of two and I loathe my body.. but when I wear this I feel so cute and actually like the way I look.. this thing is such wonderful material and so buttery soft and thick… I am going to buy more.,2
Tatyana Fields,White is see through but very comfy,https://www.amazon.com/gp/customer-reviews/R9BMPTVEJBIZU/ref=cm_cr_getr_d_rvw_ttl?ie=UTF8&ASIN=B0C7R61DWT,"4.0 "," the United States "," April 27, 2024",Size: LargeColor: White Apricot,Verified Purchase,I loved everything about this one piece & had hoped the white wouldn’t be so see through but it unfortunately was. I’ll be returning for a different color.,
Dakota,100% yes,https://www.amazon.com/gp/customer-reviews/RAQOHZKIOMO5G/ref=cm_cr_getr_d_rvw_ttl?ie=UTF8&ASIN=B0C7R61DWT,"5.0 "," the United States "," July 11, 2024",Size: MediumColor: Black,Verified Purchase,"I really want to buy another one because I just can’t get it washed and back into the rotation often enough. I’m 5’4 usually 125lbs, but am currently 7 months pregnant. I bought the medium and it’s very comfortable. Other reviews say it’s roomy, and I’d have to agree. If I weren’t pregnant, I’d probably go with a small.",11
Meg,Buttery soft,https://www.amazon.com/gp/customer-reviews/R2IUFL54IW62Z8/ref=cm_cr_getr_d_rvw_ttl?ie=UTF8&ASIN=B0C7R61DWT,"5.0 "," the United States "," July 26, 2024",Size: LargeColor: Black,Verified Purchase,"This one piece is AMAZING! I feel so good in it and it’s the quality of a luxury brand like lululemon! Also, this fits a larger chest (when most athletic wear doesn’t). I ordered a large and it fits true to size! I highly recommend!",2
Angelica Gue,Very comfortable!! Like lululemon align material!,https://www.amazon.com/gp/customer-reviews/R3DLBOH5SUUMA7/ref=cm_cr_getr_d_rvw_ttl?ie=UTF8&ASIN=B0C7R61DWT,"5.0 "," the United States "," August 31, 2024",Size: SmallColor: Black,Verified Purchase,Very comfy! Going to purchase more as they're perfect to wear under fall/winter dresses! Fits perfectly under Zara button down  dresses I wear for work.,
Miranda Barrett,AMAZING & you NEED it!,https://www.amazon.com/gp/customer-reviews/R35B6ARULADBCK/ref=cm_cr_getr_d_rvw_ttl?ie=UTF8&ASIN=B0C7R61DWT,"5.0 "," the United States "," July 19, 2024",Size: MediumColor: Black,Verified Purchase,"I took a chance on this during Prime Day and I’m SOOOO happy I did! The fabric and the quality is INCREDIBLE. I’m 5”2’ , 135 pounds, size 36 D bra and a medium fit me like glove. Would give it 10 stars if I could!",6
Kate,I love this brand,https://www.amazon.com/gp/customer-reviews/R3VV4B3BXY6KMR/ref=cm_cr_getr_d_rvw_ttl?ie=UTF8&ASIN=B0C7R61DWT,"5.0 "," the United States "," August 13, 2024",Size: LargeColor: Black,Verified Purchase,I love absolutely everything by this brand. I had to return this because despite going a size up it didn’t fit my pregnant belly well but quality and cut were as advertised!,
Renee' Stewart,Not big boob friendly lol,https://www.amazon.com/gp/customer-reviews/R1R7UWMXSBKOON/ref=cm_cr_getr_d_rvw_ttl?ie=UTF8&ASIN=B0C7R61DWT,"4.0 "," the United States "," October 23, 2023",Size: LargeColor: Deep Purple,Verified Purchase,"Fabric is super soft and stretchy. Definitely a Lulu dupe! I’m usually a size 4/6 in Lulu but I sized up to a L in this to account for my busty frame… but unfortunately there is no way I could make it work because the bra part is way too small. I need a little more support for the girls! For reference I’m 5’ 8”, 145 lbs, longer than average torso and natural (not perky) 32H. Everything fit nice besides the bra portion- I was spilling out of the top and sides. Just not meant for my body type!",9
Abbigael Cook,Perfect for pregnancy,https://www.amazon.com/gp/customer-reviews/R3L35CYKA0RJG8/ref=cm_cr_getr_d_rvw_ttl?ie=UTF8&ASIN=B0C7R61DWT,"5.0 "," the United States "," July 1, 2024",Size: LargeColor: Cambric Blue,Verified Purchase,So soft and stretchy have worn from 30wks and can’t wait to wear it after! I did size up from my normal small to a medium only because I’m all belly and I didn’t want it tight! But it’s so soft I don’t think it would have pinched the bump if I stayed in a small,
Rels,Flattering!,https://www.amazon.com/gp/customer-reviews/R2I4ORW5YDSI46/ref=cm_cr_getr_d_rvw_ttl?ie=UTF8&ASIN=B0C7R61DWT,"5.0 "," the United States "," June 4, 2024",Size: XX-SmallColor: Black,Verified Purchase,"This women's romper is incredibly flattering! The soft fabric feels luxurious against the skin, and the proportions are just right. The snug fit holds everything in place, giving a sleek and polished look. It's comfortable yet stylish, perfect for any occasion. I love how this romper accentuates all the right curves while providing a comfortable and secure fit. It's definitely a must-have in any wardrobe for those looking for a flattering and chic outfit option.",
Jessica Haskill,Perfect summer staple!,https://www.amazon.com/gp/customer-reviews/RP04JO3OXDNPN/ref=cm_cr_getr_d_rvw_ttl?ie=UTF8&ASIN=B0C7R61DWT,"5.0 "," the United States "," July 8, 2024",Size: MediumColor: Deep Red,Verified Purchase,"I love this bodysuit, I’m definitely ordering more! I paired this under a pair of flowy shorts. I’m postpartum and not quite confident enough to wear this on my own, but the added tummy support + additional coverage was perfect.  I’m 150lbs, 5’5”, and wore a medium.",
Clayton,WORTH IT,https://www.amazon.com/gp/customer-reviews/R31B21ZT517IIM/ref=cm_cr_getr_d_rvw_ttl?ie=UTF8&ASIN=B0C7R61DWT,"5.0 "," the United States "," July 5, 2024",Size: SmallColor: Sparkle Blue,Verified Purchase,These photos are post workout. You can see that I didn’t have extremely noticeable sweat lines which was awesome! Great piece for lounging and working out. I’m 150lbs 5’7 and got a small. I have gotten all smalls in my crzy yoga gear! Bets part is it’s affordable clothing!,4
Shannon Petrosky,Love this!,https://www.amazon.com/gp/customer-reviews/RAG2LN7A1NE3B/ref=cm_cr_getr_d_rvw_ttl?ie=UTF8&ASIN=B0C7R61DWT,"4.0 "," the United States "," September 11, 2023",Size: XX-SmallColor: Black,Verified Purchase,"I love this!! I have worn it almost every day since it arrived and have gotten compliments on it as well. It is buttery soft and so comfy. My only complaint is that the band for the built in bra is a little tight, which can make it hard to breathe, but nothing too bad to make me not wear it lol (could also be due to my size difference between top and bottom). It is not see through at all, and the straps are adjustable! Overall, I highly recommend this onesie!!  For reference: 100lbs 5ft Size 23 in pants Bra size 34B",4
Housh70,So comfortable,https://www.amazon.com/gp/customer-reviews/R3GJ02X6X6A9EH/ref=cm_cr_getr_d_rvw_ttl?ie=UTF8&ASIN=B0C7R61DWT,"5.0 "," the United States "," June 13, 2024",Size: SmallColor: Black,Verified Purchase,"Very comfortable and soft material. I am very picky about clothes because of my sensory issues - and this set is something I could wear everyday. I weigh 125 and am 5’4. I don’t have a large chest , I have very broad shoulders, and muscular thighs - small fits great. Just adjusted the straps.",2
Rcs,My favorite LuLu dupe!,https://www.amazon.com/gp/customer-reviews/RJNYL7IZ6J7EB/ref=cm_cr_getr_d_rvw_ttl?ie=UTF8&ASIN=B0C7R61DWT,"5.0 "," the United States "," August 21, 2024",Size: X-LargeColor: Black,Verified Purchase,This bodysuit feels identical to the lululemon align biker shorts and bodysuits!! The fabric is so soft and flattering. 10/10 recommend!,
Tori Cerynik,Overall good quality,https://www.amazon.com/gp/customer-reviews/R1E392DD8OEAMM/ref=cm_cr_getr_d_rvw_ttl?ie=UTF8&ASIN=B0C7R61DWT,"4.0 "," the United States "," March 22, 2024",Size: X-SmallColor: Black,Verified Purchase,"It’s good quality material but the back lower back area is very big. If you’re thin, it’s likely it will do the same to you.",
Lady P,love,https://www.amazon.com/gp/customer-reviews/R3PTAZ3TYEB9B/ref=cm_cr_getr_d_rvw_ttl?ie=UTF8&ASIN=B0C7R61DWT,"5.0 "," the United States "," July 24, 2024",Size: MediumColor: Black,Verified Purchase,Love this so much I bought in multiple colors.So comfy and soft! True to size. I’m a size 8 and medium fits perfect. The material is very forgiving and no issues with transparency.,
Amazon Customer,Feels like butter!,https://www.amazon.com/gp/customer-reviews/RKDIOUF2WRN6U/ref=cm_cr_getr_d_rvw_ttl?ie=UTF8&ASIN=B0C7R61DWT,"5.0 "," the United States "," August 17, 2024",Size: SmallColor: Hibiscus Purple,Verified Purchase,"I bought a small, I’m 5’8”, 135 lbs, it fits so good and it’s so comfortable. Will be buying more colors!",2
Cami,Stretchy while holding everything in and not see through!,https://www.amazon.com/gp/customer-reviews/R2LEXZG8WMHDBF/ref=cm_cr_getr_d_rvw_ttl?ie=UTF8&ASIN=B0C7R61DWT,"5.0 "," the United States "," April 24, 2024",Size: LargeColor: Black,Verified Purchase,"The material is soft, the straps are adjustable, and the padding is amazing. Padding enough that you don't have to wear a bra but also enough stretch to wear one if you want. I'm 5'5"" 165lbs and I bought a size L and it fits great, I could probably size down but I like the fit. I'm not seeing any see through areas on it and am ready to rock it all summer long!",5
Florida2007,Great purchase,https://www.amazon.com/gp/customer-reviews/RRT78T030ZIM5/ref=cm_cr_getr_d_rvw_ttl?ie=UTF8&ASIN=B0C7R61DWT,"5.0 "," the United States "," June 4, 2024",Size: XX-SmallColor: Black,Verified Purchase,I got this for my daughter and she loved it. She says that is comfortable and thee material is great.  The quality is great. She has worn it multiple times already and it washes very well it hasn’t shrunk at all.  Buy it  regret it,
Blakely S,Must have!!,https://www.amazon.com/gp/customer-reviews/R16ISLFDZGJJA4/ref=cm_cr_getr_d_rvw_ttl?ie=UTF8&ASIN=B0C7R61DWT,"5.0 "," the United States "," June 24, 2024",Size: MediumColor: Black,Verified Purchase,"The most PERFECT piece to add to your workout collection. Super soft, thick and breathable fabric. Great price. I need in every color. True to size. Size medium in photo. Easy to dress up or down.",
Katie Williams,Soft & breathable,https://www.amazon.com/gp/customer-reviews/R2QYL1D4TPA23X/ref=cm_cr_getr_d_rvw_ttl?ie=UTF8&ASIN=B0C7R61DWT,"5.0 "," the United States "," April 15, 2024",Size: LargeColor: Black,Verified Purchase,"I love this jumpsuit! I live in a hot climate and wanted something easy and cute to throw on & sweat in - and this is absolutely perfect. It’s a bit long in the body, but I’m 5’2 so that might not be an issue for others. It’s flattering but not clingy to your body. It is definitely “buttery soft”!",5
Kswift,Love this romper!!,https://www.amazon.com/gp/customer-reviews/R1K69ZOFGBBDE9/ref=cm_cr_getr_d_rvw_ttl?ie=UTF8&ASIN=B0C7R61DWT,"4.0 "," the United States "," January 18, 2024",Size: MediumColor: Black,Verified Purchase,I love this romper to lounge in the house or wear to run errands. You can throw a sweater over this with some tennis shoes and it’s the perfect outfit on the run.,
Isabel H,SO comfortable,https://www.amazon.com/gp/customer-reviews/RKIY9UN48SKFY/ref=cm_cr_getr_d_rvw_ttl?ie=UTF8&ASIN=B0C7R61DWT,"5.0 "," the United States "," August 4, 2024",Size: MediumColor: Deep Purple,Verified Purchase,So comfortable and flattering - the material is so soft and perfect too,
Isabella,Obsessed,https://www.amazon.com/gp/customer-reviews/R22JFKV8LIAYQT/ref=cm_cr_getr_d_rvw_ttl?ie=UTF8&ASIN=B0C7R61DWT,"5.0 "," the United States "," July 24, 2024",Size: SmallColor: Black,Verified Purchase,"Loves this so much! Super comfortable, great fabric quality, not see through at all and it looks amazing!",
Sarah Holbrook,Not for tall girls!!!,https://www.amazon.com/gp/customer-reviews/R1XJEDG2N31Y0W/ref=cm_cr_getr_d_rvw_ttl?ie=UTF8&ASIN=B0C7R61DWT,"3.0 "," the United States "," June 6, 2024",Size: SmallColor: Black,Verified Purchase,I am 5’8” and 115lbs and I got a small and it is verryyyy short. It’s wearable but noticeable very small and feels that way. If I got a medium it would be too big around my waist and stomach area. It has adjustable straps but even with those it doesn’t fit the way it should. Sad because I wanted to order more,3
Amazon Customer,So cute!!!,https://www.amazon.com/gp/customer-reviews/R3PY0UY0QLLUOP/ref=cm_cr_getr_d_rvw_ttl?ie=UTF8&ASIN=B0C7R61DWT,"5.0 "," the United States "," May 24, 2024",,Verified Purchase,I love it. It fits tight but doesn’t make me feel like a sausage link. It’s super stretchy too. I was worried the legs would be super tight because I have pretty bulky legs but it’s so cute and comfy!! I’m a 34A 5’2 and 135 pounds for reference.,15
Shannon,Great fit for pregnancy,https://www.amazon.com/gp/customer-reviews/R26XOT99YBA3Q5/ref=cm_cr_getr_d_rvw_ttl?ie=UTF8&ASIN=B0C7R61DWT,"5.0 "," the United States "," July 24, 2024",Size: LargeColor: Black,Verified Purchase,34 weeks pregnant and this was so comfy! Totally recommend if you want comfort.,
Jess,Love this,https://www.amazon.com/gp/customer-reviews/R140HSYIWOD6OS/ref=cm_cr_getr_d_rvw_ttl?ie=UTF8&ASIN=B0C7R61DWT,"5.0 "," the United States "," August 9, 2024",Size: LargeColor: Black,Verified Purchase,Comfy and padding is good for support,
Julia,LOVE,https://www.amazon.com/gp/customer-reviews/R1C8T1RUZTWC8E/ref=cm_cr_getr_d_rvw_ttl?ie=UTF8&ASIN=B0C7R61DWT,"5.0 "," the United States "," May 17, 2024",Size: MediumColor: Deep Red,Verified Purchase,"Love this onsie. I got M, could’ve gotten small. so soft and comfortable!! Not see through. Great for boobs. I am 5’4, 135#, DD boobs and S or M would be good. medium is a tad big. Love it tho.",
morgan dech,Would buy again!,https://www.amazon.com/gp/customer-reviews/R2ELCVGYH4Z4PI/ref=cm_cr_getr_d_rvw_ttl?ie=UTF8&ASIN=B0C7R61DWT,"5.0 "," the United States "," July 28, 2024",Size: X-SmallColor: Black,Verified Purchase,Super soft! Got an xs and it fit perfect! Great price for the quality.,
C.P.,Good quality,https://www.amazon.com/gp/customer-reviews/R3T99DU701HZM9/ref=cm_cr_getr_d_rvw_ttl?ie=UTF8&ASIN=B0C7R61DWT,"5.0 "," the United States "," May 7, 2024",Size: SmallColor: Black,Verified Purchase,"I purchased this to have a comfortable piece to wear during and post pregnancy. The material is soft and very stretchy, and it fits perfectly. I also like that it isn't too low-cut because some rompers just don't fit well over my smaller chest.",
Gigi Kent Wellness,2nd Trimester Must-Have,https://www.amazon.com/gp/customer-reviews/R3ATYY1MRZTW00/ref=cm_cr_getr_d_rvw_ttl?ie=UTF8&ASIN=B0C7R61DWT,"5.0 "," the United States "," April 3, 2024",Size: SmallColor: Black,Verified Purchase,"I purchased this in my second trimester to take on a little trip to warmer weather. Pre-pregnancy I would be an XS and I sized up to a Small here, size was great. Very comfortable for daily wear and for walks! I purchased in the blue as well.",
Erykah,I’m 5’6 180lbs,https://www.amazon.com/gp/customer-reviews/RM2E41ZJM5FY8/ref=cm_cr_getr_d_rvw_ttl?ie=UTF8&ASIN=B0C7R61DWT,"5.0 "," the United States "," May 27, 2024",Size: LargeColor: True Navy,Verified Purchase,"I’m 5’6 180lbs  And this romper is literally amazing , I can’t rave about it enough !! Fabric is buttery soft, and most importantly the middle inseam doesn’t “ride up” at all :)",2
CRW,Love,https://www.amazon.com/gp/customer-reviews/R228ATPHB8ZE19/ref=cm_cr_getr_d_rvw_ttl?ie=UTF8&ASIN=B0C7R61DWT,"5.0 "," the United States "," July 6, 2024",Size: SmallColor: Black,Verified Purchase,"So cute, so soft, so comfortable. Great quality similar to their leggings. Will likely buy more colors!",
Brenda Ostlie,4” shorts inseam,https://www.amazon.com/gp/customer-reviews/R2DQOX0T6ZCWUR/ref=cm_cr_getr_d_rvw_ttl?ie=UTF8&ASIN=B0C7R61DWT,"5.0 "," the United States "," April 12, 2024",Size: X-LargeColor: Black,Verified Purchase,Love the fit and the material but just a PSA this one is the shorter 4” inseam. There are other CRZ romper suits with 6” shorts - that is the typical length of CRZ shorts I buy so my next romper will be one of those!,
Amy J Duran,So good!,https://www.amazon.com/gp/customer-reviews/R2YQX1PT94CK12/ref=cm_cr_getr_d_rvw_ttl?ie=UTF8&ASIN=B0C7R61DWT,"5.0 "," the United States "," July 12, 2024",Size: SmallColor: Black,Verified Purchase,Such great quality. The compression and built in bra truly creates a great fit.,
M,Perfect in every way!,https://www.amazon.com/gp/customer-reviews/R1XQ2QKBZBYILI/ref=cm_cr_getr_d_rvw_ttl?ie=UTF8&ASIN=B0C7R61DWT,"5.0 "," the United States "," April 23, 2024",,Verified Purchase,LOVED it! Need every color. I’m 5’3 133 and got a it is perfect. The white isn’t see thru for me personally but I haven’t worn it working out yet! It’s so cute and soft and stretchy! Get it!,
chelsey mcdonald,Love CRZ Yoga,https://www.amazon.com/gp/customer-reviews/RPXNYVAQGW5DE/ref=cm_cr_getr_d_rvw_ttl?ie=UTF8&ASIN=B0C7R61DWT,"5.0 "," the United States "," March 27, 2024",Size: LargeColor: Mysterious Grey,Verified Purchase,Soft and very comfy material. Fit me great. My only concern is it isn’t as supportive for bigger breast girlies and shows off chest a little much for my liking. I still wore it and will going forward but maybe more so at home than out.,
Elle,Amazing,https://www.amazon.com/gp/customer-reviews/R1D8NWF5UDN0UU/ref=cm_cr_getr_d_rvw_ttl?ie=UTF8&ASIN=B0C7R61DWT,"5.0 "," the United States "," July 12, 2024",Size: MediumColor: Black,Verified Purchase,"Soft, perfect length and amazing quality. I need 10 more!",
ash5511,Great quality,https://www.amazon.com/gp/customer-reviews/R1J399OO63NY2E/ref=cm_cr_getr_d_rvw_ttl?ie=UTF8&ASIN=B0C7R61DWT,"4.0 "," the United States "," October 4, 2023",Size: SmallColor: Black,Verified Purchase,Great quality. It feels super expensive / high quality. I deducted a star because it’s a bit short on me. It rides up as I walk but that’s probably due to my body shape. I have large quads.  It is not sheer which is great.,
Stephanye,Perfect One-piece,https://www.amazon.com/gp/customer-reviews/R1GFGIDHRAQ8W9/ref=cm_cr_getr_d_rvw_ttl?ie=UTF8&ASIN=B0C7R61DWT,"5.0 "," the United States "," August 24, 2023",,Verified Purchase,"I LOVE this product! I’ll for sure buy it in multiple colors… the price point for the quality is on-point! Man thought it was super sexy… I usually wear bike shorts and sport tops under my dresses (free people flowy dresses) because I feel more comfortable moving freely and I’m very mobile so this made it super easy to add function to my glam.  I got SMALL. Do note that this isn’t super compression style so if you like it very tight, I’d size down. Amazon suggested medium for me, I’d even try XS for the compression fit.  Love the product 💜🦋🙏",3
Bao Frey,Obsessed!,https://www.amazon.com/gp/customer-reviews/RO6FCGTG3BQJN/ref=cm_cr_getr_d_rvw_ttl?ie=UTF8&ASIN=B0C7R61DWT,"5.0 "," the United States "," May 30, 2024",Size: MediumColor: Black,Verified Purchase,"Fit like a glove, very flattering and soft material. Squat proof and not see through, but not too thick to be hot. Highly highly recommend!",
Malvina,"They’re cute, short length is too short",https://www.amazon.com/gp/customer-reviews/R3T9SJY5UTO4SR/ref=cm_cr_getr_d_rvw_ttl?ie=UTF8&ASIN=B0C7R61DWT,"3.0 "," the United States "," June 14, 2024",Size: MediumColor: Black,Verified Purchase,"I really wanted to like them but once I tried them on, the shorts are way too short, not sure where I would wear shorts/romper that length.",
Alli Ramirez,Love it soo much!,https://www.amazon.com/gp/customer-reviews/R1Q9WO7QGBLCZ3/ref=cm_cr_getr_d_rvw_ttl?ie=UTF8&ASIN=B0C7R61DWT,"5.0 "," the United States "," May 9, 2024",Size: MediumColor: Black,Verified Purchase,The material is sooo buttery soft & makes you feel snatched in the waist without being too tight. So comfy & cute! Highly recommend,
hunterdotcom,So comfortable,https://www.amazon.com/gp/customer-reviews/R2LRT5S463WZR0/ref=cm_cr_getr_d_rvw_ttl?ie=UTF8&ASIN=B0C7R61DWT,"5.0 "," the United States "," May 14, 2024",Size: LargeColor: Black,Verified Purchase,I have never worn something like this before and it’s so comfy and just throw a flannel around the waste . I love it .,
Nick,Love this !,https://www.amazon.com/gp/customer-reviews/RC4VN00BJUWRK/ref=cm_cr_getr_d_rvw_ttl?ie=UTF8&ASIN=B0C7R61DWT,"5.0 "," the United States "," December 11, 2023",Size: LargeColor: Black,Verified Purchase,"I’m 20 weeks pregnant and have ordered some rompers off Amazon and this the BEST one. Others give weird gapping under boobs since your belly pushes out, but this gives nice shape and hold to the bust. The cut of the romper is super flattering, no camel toe, the fabric is buttery soft, not too spandexy. It’s cute for the gym or I would totally just wear this out. SO comfortable. Highly recommend",27
Elizabeth47,OBSESSED,https://www.amazon.com/gp/customer-reviews/R7HG9I68T806E/ref=cm_cr_getr_d_rvw_ttl?ie=UTF8&ASIN=B0C7R61DWT,"5.0 "," the United States "," August 20, 2023",Size: X-SmallColor: Black,Verified Purchase,"Wowowowow!! Okay, full disclosure, I had low expectations, especially since it’s a unitard… but I LOVE this piece!! First of all, it fits so well! It provides support for your boobs (and lowkey kinda pushes them up). I’m also on the shorter side, and athletic wear like spandex and unitards tend to have legs that come down too far and make me look like an 80s workout guru; not this set! Perfect length and super flattering! I wear this set as everyday wear to run errands but also to the gym",2
Ale,Bump friendly no cameltoe,https://www.amazon.com/gp/customer-reviews/R2SDMW8VC4T57J/ref=cm_cr_getr_d_rvw_ttl?ie=UTF8&ASIN=B0C7R61DWT,"5.0 "," the United States "," April 29, 2024",,Verified Purchase,Great stretch which accommodates my growing belly without feeling constricting. It’s petite friendly as well. Buy your regular size. Just like the picture. Fully recommend.,
TJ,AMAZING,https://www.amazon.com/gp/customer-reviews/R1NKI6H4ZXSM1O/ref=cm_cr_getr_d_rvw_ttl?ie=UTF8&ASIN=B0C7R61DWT,"5.0 "," the United States "," October 3, 2023",Size: X-SmallColor: Black,Verified Purchase,"This is one of the most underated lulu dupes. This feels just like align fabric, so soft and stretchy. Its so comfortable and buttery soft. I'm usually in between a size small and xs but purchased a xs for a tighter fit. It fit perfectly!! Its such great quality and I got so many compliments. Dont waste you money on 100+ dollar lululemon body suit when you can get this. Ive washed it once so far and no sign of pilling. GREAT PRODUCT!",3
Anna Pesco,Ordering this in more colors!!!,https://www.amazon.com/gp/customer-reviews/R7VW0XACX8IDK/ref=cm_cr_getr_d_rvw_ttl?ie=UTF8&ASIN=B0C7R61DWT,"5.0 "," the United States "," April 3, 2024",,Verified Purchase,"So COMFY, FLATTERING, and stretchy, I will be purchasing this in all the colors! Definitely not a workout material or level of support but so great for lounging and errands.",
Veronica,Love it! Comfy and soft; I don’t feel like like an infant.,https://www.amazon.com/gp/customer-reviews/R1ZYS7EE5Z1QC0/ref=cm_cr_getr_d_rvw_ttl?ie=UTF8&ASIN=B0C7R61DWT,"5.0 "," the United States "," August 7, 2023",Size: SmallColor: Black,Verified Purchase,"This is SO comfy, and (thankfully) stretchy. I was worried that it might be too tight and make me feel like I have camel toe all the time, but it great. I wear it around the house when I work at home and throw a loose button up over  it. Only suggestion I’d have would be to add side pockets (like you have on your workout shorts - which I bought multiples of). I now have 5 pieces from this brand and love it.",2
Amazon Customer,Simply perfect,https://www.amazon.com/gp/customer-reviews/R3I9MIRV9AN61B/ref=cm_cr_getr_d_rvw_ttl?ie=UTF8&ASIN=B0C7R61DWT,"5.0 "," the United States "," February 20, 2024",Size: MediumColor: Black,Verified Purchase,"The fabric, the length, the sizing. They are all simply great. I’ve ordered shorts before and they are all great. I’m 6/8 in pants and M/L in shirts and I ordered M",
GREEN REVIVAL CLT,Crz does it again,https://www.amazon.com/gp/customer-reviews/R3IKWOHX4NBGB1/ref=cm_cr_getr_d_rvw_ttl?ie=UTF8&ASIN=B0C7R61DWT,"5.0 "," the United States "," July 31, 2023",Size: X-SmallColor: Black,Verified Purchase,I have so many of their products and they just keep getting better and better. I typically wear an XXS in their leggings because I feel like they hold me in the best and do not slip. That being said I got a XS in this and it is perfect! I do have a long torso so I wanted to be sure they wouldn’t ride up. The shorts don’t ride up at all. It’s so comfy and soft but the material is high quality and thick!,4
Addi,Such a cute romper!,https://www.amazon.com/gp/customer-reviews/R31U5T4IC4BW8Y/ref=cm_cr_getr_d_rvw_ttl?ie=UTF8&ASIN=B0C7R61DWT,"5.0 "," the United States "," November 27, 2023",Size: MediumColor: Deep Purple,Verified Purchase,"Cozy, cute and stylish! This romper was a major win and is so cute to wear as loungewear around the house, or with some sneakers and an oversized jacket to run some errands. Fit true to size and such a pretty color! Great coverage, it is not sheer at all, and the material is comfortable!",
Ripley 💖,Love it!,https://www.amazon.com/gp/customer-reviews/R2RFS2HK1J2DKA/ref=cm_cr_getr_d_rvw_ttl?ie=UTF8&ASIN=B0C7R61DWT,"5.0 "," the United States "," March 10, 2024",Size: XX-SmallColor: Black,Verified Purchase,"I get asked where I bought this every time I wear it.  I will say it is probably best for short, small chested girls unless you size up.",
rebecca,"Great color, thin fabric",https://www.amazon.com/gp/customer-reviews/R2XMDK444M9B4S/ref=cm_cr_getr_d_rvw_ttl?ie=UTF8&ASIN=B0C7R61DWT,"4.0 "," the United States "," August 24, 2023",,Verified Purchase,"The color is so gorgeous and the fabric is buttery soft. However it’s very thin, so may be less appropriate for girlies with cellulite or with certain pairs of panties. Super cute tho.",
Bethany Kemp,Perfect,https://www.amazon.com/gp/customer-reviews/R2ZNQ4FSHNPQRX/ref=cm_cr_getr_d_rvw_ttl?ie=UTF8&ASIN=B0C7R61DWT,"5.0 "," the United States "," March 19, 2024",Size: LargeColor: Black,Verified Purchase,"Everything about it is perfect, and now I want it in every color! The material is such high quality and extremely comfortable",
Shayla,Comfy as hell!,https://www.amazon.com/gp/customer-reviews/R1WWBPJRFXCGKL/ref=cm_cr_getr_d_rvw_ttl?ie=UTF8&ASIN=B0C7R61DWT,"5.0 "," the United States "," December 3, 2023",Size: SmallColor: Borealis Green,Verified Purchase,This is the third color I have bought because the other two were so great I needed another 🙈 really comfy and sporty and is a whole outfit on its own or throw a top over it to layer! $28 Black Friday is a great price too 👍,
Amy LaRoe,Love it!,https://www.amazon.com/gp/customer-reviews/R36PTG61AW4M5U/ref=cm_cr_getr_d_rvw_ttl?ie=UTF8&ASIN=B0C7R61DWT,"5.0 "," the United States "," December 20, 2023",Size: X-LargeColor: Black,Verified Purchase,Super comfy and got lots of compliments on it with my plaid shacket!  I’m a C/D and with the pads still felt confident enough not to wear a bra. Definitely something I will wear during multiple seasons. Not super compressive but smooths everything.,
Outforawalk,S’moooth feel,https://www.amazon.com/gp/customer-reviews/R28WLM3XWC8CLH/ref=cm_cr_getr_d_rvw_ttl?ie=UTF8&ASIN=B0C7R61DWT,"5.0 "," the United States "," October 28, 2023",,Verified Purchase,"I’m big on the feel of the fabric. This one doesn’t make my skin crawl. It gets a thumbs up. It’s a solid, no-frills, sporty one-piece. It doesn’t tug or get uncomfortable. Made with nice bra pads, adjustable straps, smooth fabric, vibrant color and a good fit. I’m really happy I tried it. I do love the orange color too.",14
Angel Lindseth,Amazing!!!,https://www.amazon.com/gp/customer-reviews/R1G4RIVUBRCS5P/ref=cm_cr_getr_d_rvw_ttl?ie=UTF8&ASIN=B0C7R61DWT,"5.0 "," the United States "," April 1, 2024",Size: X-SmallColor: Black,Verified Purchase,This is buttery soft and the fit is amazing! Definitely a 🍋 dupe but at an affordable price.,
Alicia,Comfortable,https://www.amazon.com/gp/customer-reviews/R1AEFK4S1T1L4Y/ref=cm_cr_getr_d_rvw_ttl?ie=UTF8&ASIN=B0C7R61DWT,"5.0 "," the United States "," May 21, 2024",Size: SmallColor: Black,Verified Purchase,Fits true to size. Super soft.,
chelse Sorensen,So comfortable !,https://www.amazon.com/gp/customer-reviews/R20NRSJJIO07JQ/ref=cm_cr_getr_d_rvw_ttl?ie=UTF8&ASIN=B0C7R61DWT,"5.0 "," the United States "," September 26, 2023",Size: LargeColor: Black,Verified Purchase,This feels identical to align material. I bought this in multiple colors because I liked the fit so much . Shorts are a good length where your tush isn’t hanging out the bottom and the built in bra is a really nice feature . Very nice to just throw on and head out the door . Very effortless,
Ann,"Decent quality, can seen underwear lines in the back.",https://www.amazon.com/gp/customer-reviews/R2ACD49ZK5Y5F2/ref=cm_cr_getr_d_rvw_ttl?ie=UTF8&ASIN=B0C7R61DWT,"4.0 "," the United States "," September 25, 2023",,Verified Purchase,Wish the back was double lined as well at least for lighter colors,
Jammie Kidwell,See through,https://www.amazon.com/gp/customer-reviews/RLQJ5SXR8AIV3/ref=cm_cr_getr_d_rvw_ttl?ie=UTF8&ASIN=B0C7R61DWT,"3.0 "," the United States "," April 2, 2024",,Verified Purchase,Pretty see through but not terrible,
