﻿评论用户,评论概述,评论链接,星级评分,评论地点,评论时间,类型,是否购买,评论详情,觉得该评论有帮助的人数
candidreviewer,Cool and comfortable,https://www.amazon.com/gp/customer-reviews/R7F255512CN9C/ref=cm_cr_arp_d_rvw_ttl?ie=UTF8&ASIN=B09VQ4SMKB,"5.0 "," the United States "," November 10, 2024",Special Size: Regular SizeSize: SmallColor: Set 11,Verified Purchase,"These were purchased to wear during the hot, dry summer months in Nevada and I wore them all the time. They really are cool, comfortable, stretchable, lightweight, and the crop top fit my petite frame perfectly. They are wash and wear and don't wrinkle and are well made so I will be able to use them again next summer. Great deal for the price and the colors are exactly as shown.",3
Gabrielle O'Neill,Love these for everyday wear!,https://www.amazon.com/gp/customer-reviews/R2JSEFUG8NQ00C/ref=cm_cr_arp_d_rvw_ttl?ie=UTF8&ASIN=B09VQ4SMKB,"5.0 "," the United States "," June 11, 2024",Special Size: Regular SizeSize: MediumColor: Set 6,Verified Purchase,"I recently purchased a few dry fit tops, and I couldn't be happier with my purchase. These tops have quickly become a staple in my workout wardrobe, and I am thoroughly impressed with their performance and quality.  First and foremost, the dry fit material used in these tops is exceptional. It is lightweight, breathable, and moisture-wicking, which makes it perfect for intense workout sessions. The fabric quickly absorbs sweat and dries fast, keeping me cool and comfortable throughout my workouts. I no longer have to worry about feeling sticky or weighed down by sweat-soaked clothes.  The fit of these tops is also fantastic. They are designed to be form-fitting without being restrictive, allowing for a full range of motion during exercise. The stretchy fabric and ergonomic seams ensure that the tops move with my body, providing a comfortable and supportive fit. I appreciate how these tops hug my curves without feeling too tight or constricting.  Durability is another standout feature of these dry fit tops. Even after multiple washes, the fabric remains in excellent condition, maintaining its shape and color. The tops have proven to be resistant to pilling and fading, which is a testament to their high-quality construction. I can confidently say that these tops will withstand the test of time and regular use.  I also appreciate the versatility of these tops. They are not only suitable for workouts but also stylish enough to be worn as casual attire. Whether I'm hitting the gym, going for a run, or simply running errands, these tops provide both functionality and fashion. The sleek and modern design adds a touch of style to my activewear collection.  Furthermore, the variety of colors and styles available is impressive. There are numerous options to choose from, allowing me to find tops that suit my personal style and preferences. Whether I want a basic black top or a vibrant colored one, there is a wide range of choices to cater to different tastes.  Lastly, the price point of these dry fit tops is reasonable and well worth the investment. Considering the quality, performance, and versatility they offer, I believe they provide excellent value for money. I have seen other similar tops on the market at higher price points, but these tops have certainly exceeded my expectations without breaking the bank.  In conclusion, I highly recommend these dry fit tops to anyone in need of comfortable and high-performance activewear. The superior moisture-wicking properties, excellent fit, durability, versatility, and reasonable price make them a top choice for workout enthusiasts like myself. I am extremely satisfied with my purchase and will definitely be adding more of these tops to my collection.",19
Savannah,Actually plus size!,https://www.amazon.com/gp/customer-reviews/R1PPJAI7DF97TC/ref=cm_cr_arp_d_rvw_ttl?ie=UTF8&ASIN=B09VQ4SMKB,"4.0 "," the United States "," September 6, 2024",Special Size: Plus SizeSize: 1XColor: Set 12,Verified Purchase,"Ordered the 1X (my regular size) and fits like a loose crop top; if you're looking for oversized, I'd go up at least once. Hits me right at the belly button. It's breathable and great for working out but does tend to ride up a bit during more strenuous workouts. Deducting a star because there were loose threads after the first wash; it's not falling apart and I've washed them several times since, just kind of annoying. I think they're worth the price though considering how many you get.",
KLB,Prefect!,https://www.amazon.com/gp/customer-reviews/R1EG14TNCD3C9/ref=cm_cr_arp_d_rvw_ttl?ie=UTF8&ASIN=B09VQ4SMKB,"5.0 "," the United States "," January 18, 2025",Special Size: Regular SizeSize: SmallColor: Set 5,Verified Purchase,"Easy to pack and wear.  Bought these short sleeve crop tops after buying the long sleeve and sleeveless versions. Nice colors and great fit for 5'3"" at 120lbs.",
Francisco Estrada,"Good item, wrong color",https://www.amazon.com/gp/customer-reviews/R1V39I9DK5HB4T/ref=cm_cr_arp_d_rvw_ttl?ie=UTF8&ASIN=B09VQ4SMKB,"3.0 "," the United States "," August 7, 2024",Special Size: Regular SizeSize: LargeColor: Set 4,Verified Purchase,"The shirts are fine, light, and seem like they will be great for working out. The stars have nothing to do with the quality of the shirts, it is more about the inconvenience of expecting a specific color and getting the incorrect one. We ordered set 4 which includes black, dark grey, navy, dark green, and pink. We did not get the pink shirt at all and instead got the bright green from a different set. Now I either keep it or return them all for the set that has the pink one. Like I said, not a totally big deal but it is a bummer when you were looking forward to specific colors :( The shirts seem great though!",4
Amazon Customer,The best cropped work out shirts!!!!,https://www.amazon.com/gp/customer-reviews/R1N1AA0H22YH9Q/ref=cm_cr_arp_d_rvw_ttl?ie=UTF8&ASIN=B09VQ4SMKB,"5.0 "," the United States "," December 13, 2024",Special Size: Regular SizeSize: SmallColor: Set 1,Verified Purchase,"These are incredibly soft and fit great.  They’re a true crop style and length, not overly boxy.  They wash great and did not shrink!  I plan to order more colors!  Love!",
Elizabeth Samuelson,"Little crop, stretchy, BREATHABLE",https://www.amazon.com/gp/customer-reviews/R30II076Z8KDY6/ref=cm_cr_arp_d_rvw_ttl?ie=UTF8&ASIN=B09VQ4SMKB,"5.0 "," the United States "," December 28, 2024",Special Size: Plus SizeSize: 1XColor: Set 3,Verified Purchase,"These tops are great for workouts or lounging. They come in such fun colors, a set with so many for the cost, and are super comfortable! Another killer Amazon set! Buy these now!",
Patty,"Great inexpensive shirts, especially for the quantity",https://www.amazon.com/gp/customer-reviews/R3EKH75PRQUBOR/ref=cm_cr_arp_d_rvw_ttl?ie=UTF8&ASIN=B09VQ4SMKB,"4.0 "," the United States "," August 11, 2024",Special Size: Regular SizeSize: X-LargeColor: Set 5,Verified Purchase,"I’ve been really pleasantly surprised by these shirts. They are thin, but not too sheer, and I can just toss them in the washer and dryer and there’s been no issues. Based on other reviews, I sized up so they wouldn’t be overly cropped and they fit perfectly! That said, I do think they probably do run slightly small overall, but sizing up solved any problems I might have had. I’ve worn these for sports and casual wear and they’ve been great for both occasions.",
Roxanne Paradeza,The material and the length was perfect for me!,https://www.amazon.com/gp/customer-reviews/R3KESCWC5L31OX/ref=cm_cr_arp_d_rvw_ttl?ie=UTF8&ASIN=B09VQ4SMKB,"5.0 "," the United States "," January 7, 2025",Special Size: Regular SizeSize: SmallColor: Set 1,Verified Purchase,I was looking for a t-shirt that I can wear to the gym. I'm 4'11'' and finding a crop top is difficult to find. I didn't want to get something that shows my whole midline so I was really pleased that these shirt are just the perfect length for me. I also love the dry fit breathable material!,
Stephanie,Perfect for workouts!,https://www.amazon.com/gp/customer-reviews/R19CXAGST91DZX/ref=cm_cr_arp_d_rvw_ttl?ie=UTF8&ASIN=B09VQ4SMKB,"5.0 "," the United States "," January 14, 2025",Special Size: Regular SizeSize: MediumColor: Set 5,Verified Purchase,I love that these are light and dry fit. Perfect for my workouts! The fit is good. I kind of wish I got a small but still fits good.,
Delores K.,Short waisted,https://www.amazon.com/gp/customer-reviews/R43GRCW611OO9/ref=cm_cr_getr_d_rvw_ttl?ie=UTF8&ASIN=B09VQ4SMKB,"4.0 "," the United States "," December 22, 2024",Special Size: Regular SizeSize: MediumColor: Set 5,Verified Purchase,These would have been great if they hadn't been as short waisted as they were.,
Jen Moore,Love these!,https://www.amazon.com/gp/customer-reviews/RER146M1YEC1A/ref=cm_cr_getr_d_rvw_ttl?ie=UTF8&ASIN=B09VQ4SMKB,"5.0 "," the United States "," January 13, 2025",Special Size: Regular SizeSize: LargeColor: Set 8,Verified Purchase,Fit perfectly and so comfortable! I’ve also gotten lots of compliments! Plan to buy more for sure,
Fernando Diaz,Son de buena calidad,https://www.amazon.com/gp/customer-reviews/R1N7N8C5MMPI8S/ref=cm_cr_getr_d_rvw_ttl?ie=UTF8&ASIN=B09VQ4SMKB,"5.0 "," the United States "," January 18, 2025",Special Size: Regular SizeSize: LargeColor: Set 3,Verified Purchase,Tela bastante fresca y de buena calidad. Perfecta para entrenar,
Joplin,Good quality,https://www.amazon.com/gp/customer-reviews/RGIQ0DZWNLAV1/ref=cm_cr_getr_d_rvw_ttl?ie=UTF8&ASIN=B09VQ4SMKB,"4.0 "," the United States "," December 24, 2024",Special Size: Regular SizeSize: XX-LargeColor: Set 6,Verified Purchase,Quality good,
Amazon Customer,The quality has improved,https://www.amazon.com/gp/customer-reviews/RF5QEDOH1FPEH/ref=cm_cr_getr_d_rvw_ttl?ie=UTF8&ASIN=B09VQ4SMKB,"5.0 "," the United States "," December 9, 2024",Special Size: Regular SizeSize: SmallColor: Set 1,Verified Purchase,"I've bought these before and loved them enough to buy again. This recent purchase definitely had an improvement in quality!  Crops are croppy. I do find that they fit my shoulders a tad tight(not at the point of needing to size up though) as a rock climber, but they aren't restricting what so ever and I like the fit. Looks awesome with high waisted leggings as it gives my body a beautiful shape.",2
Miranda Meadows,Great gift,https://www.amazon.com/gp/customer-reviews/R3C21EAP05C04F/ref=cm_cr_getr_d_rvw_ttl?ie=UTF8&ASIN=B09VQ4SMKB,"5.0 "," the United States "," November 15, 2024",Special Size: Regular SizeSize: LargeColor: Set 6,Verified Purchase,"I purchased this as a gift for my 25 yr. Old daughter who just had a baby as it looked like something that would be comfortable and yet easy to feed baby without much effort.  What I hadn't expected was how excited she actually was when she received them.  She was thrilled with the fit, the material and the overall look of the tops.  What I had thought was going to be ""something to lounge in"" she saw as cool and stylish and would wear it out of the house... and the icing on the cake was that there were 5 tops in the package.  I'd say, this was money well spent indeed.",
Madi,Great but small in chest,https://www.amazon.com/gp/customer-reviews/RZPTUUCABKFOF/ref=cm_cr_getr_d_rvw_ttl?ie=UTF8&ASIN=B09VQ4SMKB,"4.0 "," the United States "," November 15, 2024",Special Size: Regular SizeSize: MediumColor: Set 10,Verified Purchase,I’m a 36 C and these are a little tight across the chest so they gather a little in the armpit. Otherwise they were GREAT for my backpacking trip!,
Jay,Great tee,https://www.amazon.com/gp/customer-reviews/R2GAH9KY0UVQQ1/ref=cm_cr_getr_d_rvw_ttl?ie=UTF8&ASIN=B09VQ4SMKB,"4.0 "," the United States "," November 19, 2024",Special Size: Regular SizeSize: SmallColor: Set 9,Verified Purchase,Wrinkle resistant nice loose fit not clingy Grest choice of colours. Ordered a small. Fits perfect. I’m 5”4” 115 lbs 32 D,
Meredith,Cute but you get what you pay for with these,https://www.amazon.com/gp/customer-reviews/R1WNHXX6PJSDSA/ref=cm_cr_getr_d_rvw_ttl?ie=UTF8&ASIN=B09VQ4SMKB,"4.0 "," the United States "," September 10, 2024",Special Size: Regular SizeSize: MediumColor: Set 5,Verified Purchase,"I love these - the style and fit, and how they feel when working out (sweating).  BUT beware of washing... I washed these with cold water (did not dry them) before wearing and the seams on the inside, especially under the armpits, fell apart on over half of them.  I had to spend time cutting the extra strings out before I could wear them so I will NOT be drying them, ever...I love them though so this was disappointing.  I will still wear them until all the seams come out and keep cutting the strings.  I wish I could give 5 stars.  Maybe I got some lemons though. Still very cute and practical.",10
Kay Dingman,Length of shirt,https://www.amazon.com/gp/customer-reviews/R2FIY2WODY77F9/ref=cm_cr_getr_d_rvw_ttl?ie=UTF8&ASIN=B09VQ4SMKB,"4.0 "," the United States "," October 23, 2024",Special Size: Plus SizeSize: 2XColor: Set 9,Verified Purchase,I was excited to get the shirts however I have to return them. The length in the back was perfect but the front is too short. It’s hard to find a larger size that doesn’t go below your butt so was hoping these would work.  Hopefully l can find some that will work. The colors and fabric are great!,
Amy Marshall,Love them,https://www.amazon.com/gp/customer-reviews/R2RFASB6W5O6EZ/ref=cm_cr_getr_d_rvw_ttl?ie=UTF8&ASIN=B09VQ4SMKB,"5.0 "," the United States "," December 19, 2024",Special Size: Regular SizeSize: LargeColor: Set 4,Verified Purchase,"Vibrant colors, soft feel, been through the washer and dryer many times with 0 issues. My friend screen pressed one and it took well also!",
Manifiesto inconformidad por artículo recibió falta adherencia AMZPS009097191. Se hará la devolución respectiva,En el proceso,https://www.amazon.com/gp/customer-reviews/RWI4NAQ7Z0MW4/ref=cm_cr_getr_d_rvw_ttl?ie=UTF8&ASIN=B09VQ4SMKB,"4.0 "," the United States "," November 17, 2024",Special Size: Regular SizeSize: LargeColor: Set 6,Verified Purchase,Parece buen producto,
DAI,Barbie pink,https://www.amazon.com/gp/customer-reviews/R3RF2JMZ6Y68SY/ref=cm_cr_getr_d_rvw_ttl?ie=UTF8&ASIN=B09VQ4SMKB,"4.0 "," the United States "," September 30, 2024",Special Size: Regular SizeSize: SmallColor: Set 4,Verified Purchase,Color received for the pink shirt does not match picture. More of a heads up if you are selecting this bundle for the pink shirt like I was. It will not match your expectations.  The other colors do match the picture and all the details in the description are accurate.,
Amazon Customer,Comfortable,https://www.amazon.com/gp/customer-reviews/R3O2FWMW87G1T6/ref=cm_cr_getr_d_rvw_ttl?ie=UTF8&ASIN=B09VQ4SMKB,"5.0 "," the United States "," December 22, 2024",Special Size: Regular SizeSize: MediumColor: Set 1,Verified Purchase,Nice fit. Not too short if wearing high rise leggings.,
Amber,"Wanted to love em, smelly",https://www.amazon.com/gp/customer-reviews/R2AJOJXOTOEFB2/ref=cm_cr_getr_d_rvw_ttl?ie=UTF8&ASIN=B09VQ4SMKB,"3.0 "," the United States "," January 19, 2025",Special Size: Regular SizeSize: MediumColor: Set 6,Verified Purchase,"I bought these for yoga and OTF workouts. Love the shape, crop and stretch, however, they smell even after washing with heavy duty detergent. I’m not even a super sweaty gal.",
Narilynn,I LOVE these BUT,https://www.amazon.com/gp/customer-reviews/R35EHTSS51GY51/ref=cm_cr_getr_d_rvw_ttl?ie=UTF8&ASIN=B09VQ4SMKB,"4.0 "," the United States "," October 10, 2024",,Verified Purchase,The seams aren’t the best and comes apart very easily but it’s a nice thick shirt that dries quick so I like to workout in them and they fit nice,
Eva,Cropped and oversized,https://www.amazon.com/gp/customer-reviews/R3IDSALALR0X6T/ref=cm_cr_getr_d_rvw_ttl?ie=UTF8&ASIN=B09VQ4SMKB,"4.0 "," the United States "," October 29, 2024",Special Size: Regular SizeSize: SmallColor: Set 10,Verified Purchase,Very boxy fit. Silky athletic material. Sweat shows very easily,5
Dakota Kenney,Great material + sizing,https://www.amazon.com/gp/customer-reviews/R39NYYKT8GUWAO/ref=cm_cr_getr_d_rvw_ttl?ie=UTF8&ASIN=B09VQ4SMKB,"5.0 "," the United States "," December 8, 2024",Special Size: Regular SizeSize: XX-LargeColor: Set 2,Verified Purchase,"These shirts were just what I was looking for to workout! They fit as expected, and feel more expensive than they are. Great value buy!",
Nadia,Nice,https://www.amazon.com/gp/customer-reviews/R3NVF31JXIBQRT/ref=cm_cr_getr_d_rvw_ttl?ie=UTF8&ASIN=B09VQ4SMKB,"5.0 "," the United States "," November 25, 2024",Special Size: Regular SizeSize: X-LargeColor: Set 10,Verified Purchase,"The shirts seem to be pretty good quality more than anything I like that they’re silky and soft. They also fit perfectly in my opinion. Not too cropped, long enough to cover my mid-section but still gives the feel of a crop top",
Hams2233,Love,https://www.amazon.com/gp/customer-reviews/R1JEKPZ2PDYW3Q/ref=cm_cr_getr_d_rvw_ttl?ie=UTF8&ASIN=B09VQ4SMKB,"5.0 "," the United States "," November 17, 2024",Special Size: Regular SizeSize: SmallColor: Set 9,Verified Purchase,"I bought these shirts after multiple failed attempts to buy cheaper workout gear on Amazon, and these are awesome! They’re so cute and flattering, and the quality is just as good as more expensive brands. I’ve been wearing them since summer, and I dry them in the drier on delicate, and they still look new.",
Maya Willow,See through,https://www.amazon.com/gp/customer-reviews/R1UXCILHGE3XY2/ref=cm_cr_getr_d_rvw_ttl?ie=UTF8&ASIN=B09VQ4SMKB,"4.0 "," the United States "," October 24, 2024",Special Size: Regular SizeSize: SmallColor: Set 5,Verified Purchase,The white one is see through but still comfy.,
jhug14,Nice but tight sleeves,https://www.amazon.com/gp/customer-reviews/R38RYR5HHBY2UC/ref=cm_cr_getr_d_rvw_ttl?ie=UTF8&ASIN=B09VQ4SMKB,"4.0 "," the United States "," August 21, 2024",Special Size: Regular SizeSize: SmallColor: Set 1,Verified Purchase,"I like the colors and length of the shirt. I got a Medium. The only thing I don't like about it are the sleeves, which hug your arm/armpit, it's a little too tight, and I prefer more looser sleeves. Either way, I wear these a lot during the summer, so I'm glad I got them but I wish the sleeves had more room.",2
Amazon Customer,Love them! Size up!!,https://www.amazon.com/gp/customer-reviews/R3KOGHLJI996N7/ref=cm_cr_getr_d_rvw_ttl?ie=UTF8&ASIN=B09VQ4SMKB,"5.0 "," the United States "," November 19, 2024",Special Size: Regular SizeSize: X-LargeColor: Set 1,Verified Purchase,"Just what I wanted for workout tshirts! I sized up from a large to xl and I am so glad I did- they fit perfect! I also like how they are cropped, but still a decent length that covers my stomach",
Shane,Comfy shirts for various occasions,https://www.amazon.com/gp/customer-reviews/RDIWKIMXIUMOW/ref=cm_cr_getr_d_rvw_ttl?ie=UTF8&ASIN=B09VQ4SMKB,"4.0 "," the United States "," August 18, 2024",Special Size: Regular SizeSize: LargeColor: Set 8,Verified Purchase,"I bought these for work, they're very comfortable & the colors are nice. I still don't know if I super love the way the material feels on me, I feel like it highlights parts of my body I don't necessarily want it to but overall for the price point, it's a great option to have the basics in your closet.",
Andrea,Nice and fresh,https://www.amazon.com/gp/customer-reviews/R3O5X7D0UJ277A/ref=cm_cr_getr_d_rvw_ttl?ie=UTF8&ASIN=B09VQ4SMKB,"5.0 "," the United States "," December 11, 2024",Special Size: Regular SizeSize: MediumColor: Set 5,Verified Purchase,Perfect sizing and wear for the gym,
Valerie Velez,Smells so bad,https://www.amazon.com/gp/customer-reviews/R2RTVH6B61E84T/ref=cm_cr_getr_d_rvw_ttl?ie=UTF8&ASIN=B09VQ4SMKB,"3.0 "," the United States "," December 27, 2024",Special Size: Regular SizeSize: SmallColor: Set 9,Verified Purchase,"I wanted to love it. The fit is great, but the smell is so bad. No matter how much I wash it. I think it’s because it’s 100% polyester.",
Littlelo,Great,https://www.amazon.com/gp/customer-reviews/R1328KL2JH3GAY/ref=cm_cr_getr_d_rvw_ttl?ie=UTF8&ASIN=B09VQ4SMKB,"5.0 "," the United States "," November 23, 2024",Special Size: Regular SizeSize: MediumColor: Set 1,Verified Purchase,"Love these! Great for workout in TX heat. Dry fast but does show wetness easy. Soft, lightweight, not one color is see through. Washed fine in washer.",
Laura,Why am I spending so much before?! Love!,https://www.amazon.com/gp/customer-reviews/R3H2CUVILNFNWB/ref=cm_cr_getr_d_rvw_ttl?ie=UTF8&ASIN=B09VQ4SMKB,"5.0 "," the United States "," October 26, 2024",Special Size: Regular SizeSize: LargeColor: Set 8,Verified Purchase,"This is my first, I think, review. Never bothered to write one before. But this one... I'm so glad I bought this! Spent so much before in the past for 'quality' athletic tee. This is beating all the other branded ones I've had in the past. So so good. It's cropped, a little tight, if you are used to wearing oversized tees for working out. But true to size. If you're still thinking, buy it!",
LuluBee,You will love these!,https://www.amazon.com/gp/customer-reviews/R2OWUIXQ409W1A/ref=cm_cr_getr_d_rvw_ttl?ie=UTF8&ASIN=B09VQ4SMKB,"5.0 "," the United States "," November 8, 2024",Special Size: Regular SizeSize: LargeColor: Set 9,Verified Purchase,"Nice shorter length, perfect alone or use as under shirt for layering with an athletic shirt or with jeans & a blazer. Washes beautifully. I do not place in the dryer. No wrinkles either. I ordered 2 sets different colors and can wear these year around. True to size.",
Simply Rebecca Marie,comfortable and breathable,https://www.amazon.com/gp/customer-reviews/ROQC3H8SSI5BJ/ref=cm_cr_getr_d_rvw_ttl?ie=UTF8&ASIN=B09VQ4SMKB,"5.0 "," the United States "," January 6, 2025",Special Size: Regular SizeSize: LargeColor: Set 12,Verified Purchase,Great tops for summer. They are thin and very breathable. Perfect for these hot Florida summers.,
amanda conner,Very comfortable,https://www.amazon.com/gp/customer-reviews/R266N3D8YXXWKJ/ref=cm_cr_getr_d_rvw_ttl?ie=UTF8&ASIN=B09VQ4SMKB,"5.0 "," the United States "," November 24, 2024",Special Size: Plus SizeSize: 3XColor: Set 4,Verified Purchase,These shirts are very comfortable and soft . The fabric is thin and light weight but seem perfect for working out,
Ferdinan,fit nicely.,https://www.amazon.com/gp/customer-reviews/R39BDE4JPRPQR2/ref=cm_cr_getr_d_rvw_ttl?ie=UTF8&ASIN=B09VQ4SMKB,"4.0 "," the United States "," September 16, 2024",Special Size: Plus SizeSize: 3XColor: Set 12,Verified Purchase,fit nicely. Liked better if 100% cotton.,
Michelle,Great Fit!,https://www.amazon.com/gp/customer-reviews/R2XODRTYGVQMVY/ref=cm_cr_getr_d_rvw_ttl?ie=UTF8&ASIN=B09VQ4SMKB,"5.0 "," the United States "," October 30, 2024",Special Size: Plus SizeSize: 2XColor: Set 5,Verified Purchase,"I'm 5' 4"" and currently around 240lbs so finding a cute oversized t-shirt isn't easy. The Plus Size 2X fits like a dream. I like the cropped look with high-waisted leggings or jeans. My one warning is to wash with like colors because the darker colors will run the first time, even on cool.",
Shawnna,Nice material and perfect fit,https://www.amazon.com/gp/customer-reviews/R1EBY5UOPHVKC8/ref=cm_cr_getr_d_rvw_ttl?ie=UTF8&ASIN=B09VQ4SMKB,"5.0 "," the United States "," November 11, 2024",Special Size: Regular SizeSize: SmallColor: Set 5,Verified Purchase,"Sizing was right on point. Colors were just as pictured. I would definitely hang dry these As a few overdrive, then they do get wrinkly just like how microfiber would. They are soft on your skin.",
Jessica,Very good value,https://www.amazon.com/gp/customer-reviews/R1JELI9M1CNMSA/ref=cm_cr_getr_d_rvw_ttl?ie=UTF8&ASIN=B09VQ4SMKB,"5.0 "," the United States "," October 8, 2024",Special Size: Regular SizeSize: LargeColor: Set 6,Verified Purchase,I purchased these for wearing on the days I workout or go for a walk. I just wanted something breathable and light enough. I live in Texas and we are somehow still expeiencing Summer-like temps in the Fall so this works. I love the fact that I could get them in a multi-pack and in different colors. Not dissapointed at all.,
Amazon Customer,Nice deal but see through!,https://www.amazon.com/gp/customer-reviews/RAMMJUOW71NAI/ref=cm_cr_getr_d_rvw_ttl?ie=UTF8&ASIN=B09VQ4SMKB,"4.0 "," the United States "," August 20, 2024",Special Size: Regular SizeSize: MediumColor: Set 6,Verified Purchase,Only complaint is fabric is pretty see through. Good quality for value.,
Vic,Nice shirts,https://www.amazon.com/gp/customer-reviews/R3K9QC23H027X5/ref=cm_cr_getr_d_rvw_ttl?ie=UTF8&ASIN=B09VQ4SMKB,"4.0 "," the United States "," April 7, 2024",Special Size: Regular SizeSize: MediumColor: Set 3,Verified Purchase,The material of these is very nice and the colors are accurate to the pictures. I think they’ll be great for working out and for casual wear. They are pretty cropped so keep that in mind. I am 5’8 and the bottom comes right to the middle of my stomach when standing. I am usually a medium and they feel true to size. One of my shirts did arrive with some kind of black marks on it but none of the others have any marks. I’ll try to wash it to see if it comes out but just something to note.,3
Gemini,Love!!,https://www.amazon.com/gp/customer-reviews/RNH5EK8VFX1G5/ref=cm_cr_getr_d_rvw_ttl?ie=UTF8&ASIN=B09VQ4SMKB,"5.0 "," the United States "," November 23, 2024",Special Size: Regular SizeSize: SmallColor: Set 9,Verified Purchase,"Perfect fit, great colors and comfy",
Mandy,LOVE these!,https://www.amazon.com/gp/customer-reviews/R1SDNYKLTWMG4X/ref=cm_cr_getr_d_rvw_ttl?ie=UTF8&ASIN=B09VQ4SMKB,"5.0 "," the United States "," October 14, 2024",Special Size: Regular SizeSize: X-LargeColor: Set 1,Verified Purchase,I was skeptical about the quality for the price of these but they have far exceeded my expectations! They’re soft but sweat resistant and the colors are exactly as described. The material is thin but I live in a super humid climate so this worked great for me.,
Dana,Meh,https://www.amazon.com/gp/customer-reviews/RKG7PG3SZKDGZ/ref=cm_cr_getr_d_rvw_ttl?ie=UTF8&ASIN=B09VQ4SMKB,"2.0 "," the United States "," January 16, 2025",Special Size: Regular SizeSize: LargeColor: Set 10,Verified Purchase,"I gave 2/5 based on the number of shirt I actually use. The two darkest (black and olive green) are great and I wear them all the time. I ended up getting rid of the 3 lightest colors as you could see not only the color of my bras through them, but also their outline. I do love the two I kept though. The fabric is nice and I like the looseness around the bottom. The length of them is also perfect for me (5 feet tall). Not too short where I feel uncomfortable raising my hands, but also not too long where it's questionable that it's cropped.",
Amazon Customer,Seams come apart,https://www.amazon.com/gp/customer-reviews/R1B4DFFBRGFUZ5/ref=cm_cr_getr_d_rvw_ttl?ie=UTF8&ASIN=B09VQ4SMKB,"3.0 "," the United States "," October 30, 2024",Special Size: Regular SizeSize: MediumColor: Set 2,Verified Purchase,I've bought these in the past and didn't have any trouble but this last pack almost every shirt has come apart in the seam on the sleeve once i washed it.,4
kerero83,LOVE these for running,https://www.amazon.com/gp/customer-reviews/R2GR1ITUFH84IX/ref=cm_cr_getr_d_rvw_ttl?ie=UTF8&ASIN=B09VQ4SMKB,"5.0 "," the United States "," August 27, 2024",Special Size: Regular SizeSize: SmallColor: Set 11,Verified Purchase,"I was getting too tanned during summer while running in a sports bra and it was fading my tats.  I needed to cover them but still stay cool in the Oklahoma summer weather.  These are perfect!  You are still hot-but they wick sweat and are loose enough that they get a breeze under them.  I am 5 ft 4, 32DD, 122 lbs and the small was perfect with room to spare for a draft",
Imfm,Me encantan,https://www.amazon.com/gp/customer-reviews/R5GWHZR3O5IGU/ref=cm_cr_getr_d_rvw_ttl?ie=UTF8&ASIN=B09VQ4SMKB,"5.0 "," the United States "," November 15, 2024",Special Size: Regular SizeSize: MediumColor: Set 6,Verified Purchase,"Muy comodas, bonitas y dry fit.  Excelente compra",
Robin,Glad I sized up!,https://www.amazon.com/gp/customer-reviews/RB8CEW90C1N5A/ref=cm_cr_getr_d_rvw_ttl?ie=UTF8&ASIN=B09VQ4SMKB,"4.0 "," the United States "," July 19, 2024",Special Size: Regular SizeSize: X-LargeColor: Set 12,Verified Purchase,Colors come as pictured. Definitely a crop top. Glad I sized up as it runs small! Feels like workout material,
AA,Cute tees!,https://www.amazon.com/gp/customer-reviews/R32UOUYLSMHXOY/ref=cm_cr_getr_d_rvw_ttl?ie=UTF8&ASIN=B09VQ4SMKB,"4.0 "," the United States "," February 27, 2024",Special Size: Regular SizeSize: SmallColor: Set 1,Verified Purchase,"These colors are so cute (see video) and the top fit is true to size. They are really short/crop so if you have a long torso, do consider checking out other options. Or you could pair these with high waist leggings. They are made of polyester though and is pretty thin fabric. Unfortunately one of the tees came damaged so I am going to have to return them. I will be ordering a replacement because I really like them. Taking one star away due to the defective item. Update to review: I contacted the seller but have not got a response from them.",10
saphhire1989,Odd fit,https://www.amazon.com/gp/customer-reviews/R2MIWBP0BZEEOS/ref=cm_cr_getr_d_rvw_ttl?ie=UTF8&ASIN=B09VQ4SMKB,"4.0 "," the United States "," April 12, 2024",Special Size: Regular SizeSize: MediumColor: Set 2,Verified Purchase,I love the material and colors of these shirts but the fit requires changing. The sleeves are just barely big enough but the body is huge and boxy. It’s stretchy and I am keeping them because I think I can just take in the sides. I wear a small or medium in most shirts and bought a medium but probably wouldn’t be able to do the small because of the sleeve hole size.,
mtsnider,Night shirt,https://www.amazon.com/gp/customer-reviews/R1ST858RHS5WZT/ref=cm_cr_getr_d_rvw_ttl?ie=UTF8&ASIN=B09VQ4SMKB,"4.0 "," the United States "," July 20, 2024",Special Size: Plus SizeSize: 2XColor: Set 3,Verified Purchase,"There nice but you'll need something underneath, kinda silky feal short great for working out",
Mickey,Good for price,https://www.amazon.com/gp/customer-reviews/R2AOAEPOSOAB5A/ref=cm_cr_getr_d_rvw_ttl?ie=UTF8&ASIN=B09VQ4SMKB,"4.0 "," the United States "," June 21, 2024",Special Size: Regular SizeSize: XX-LargeColor: Set 5,Verified Purchase,"The material is very thin, and a bit see through but not bad. It feels very comfortable. It’s not too short and fits over my chest. I used the size guide just to be safe.",
nicole blake,Great value,https://www.amazon.com/gp/customer-reviews/RQMFYK38E47TK/ref=cm_cr_getr_d_rvw_ttl?ie=UTF8&ASIN=B09VQ4SMKB,"4.0 "," the United States "," June 15, 2024",Special Size: Regular SizeSize: LargeColor: Set 1,Verified Purchase,I bought these to work out in with high waisted shorts.  They are comfy and flattering without being too tight.  They haven’t shrunk in the drier but I always dry on low.,
Ana,Definitely Repurchasing,https://www.amazon.com/gp/customer-reviews/R2EHTIMCCS9ADL/ref=cm_cr_getr_d_rvw_ttl?ie=UTF8&ASIN=B09VQ4SMKB,"5.0 "," the United States "," September 16, 2024",Special Size: Regular SizeSize: MediumColor: Set 6,Verified Purchase,This set of tees are so comfortable & cooling. I ordered size M which is my usual size. Tees are stretchy & colors are vibrant & just as pictured. When standing still my stomach doesn’t show even though they are cropped they aren’t tiny. I want to repurchase a L.,
Jasmine Alexis,Can’t complain but won’t buy again,https://www.amazon.com/gp/customer-reviews/R1RHJ8TS2SRCTH/ref=cm_cr_getr_d_rvw_ttl?ie=UTF8&ASIN=B09VQ4SMKB,"3.0 "," the United States "," September 5, 2024",Special Size: Regular SizeSize: LargeColor: Set 11,Verified Purchase,"The colors are awesome! But they are very thin material, - you can see through the white one, and they are very cropped - which I know a lot of people love, but I like longer, thicker work out shirts. they can also be very staticky and stick to your bra other anything you’re wearing underneath. They stain easily (sweat, water, etc). They do wash well and don’t wrinkle. I just didn’t love them for myself.",5
Jessica,Comfortable and light! But one came with a stain =(,https://www.amazon.com/gp/customer-reviews/R2WEVFW8K9TAUY/ref=cm_cr_getr_d_rvw_ttl?ie=UTF8&ASIN=B09VQ4SMKB,"4.0 "," the United States "," May 15, 2024",Special Size: Regular SizeSize: MediumColor: Set 6,Verified Purchase,I bought these tops because I needed more options for my runs that weren't just free t-shirts from past races. They're very cute and comfortable. The reason I gave 4 stars instead of 5 was because the pink one came with a blue stain on the back left shoulder area. I'm hoping it'll wash out.,3
19cobra93,"Good shirts, color was off.",https://www.amazon.com/gp/customer-reviews/R2E3MACZA7G48H/ref=cm_cr_getr_d_rvw_ttl?ie=UTF8&ASIN=B09VQ4SMKB,"4.0 "," the United States "," June 10, 2024",Special Size: Regular SizeSize: SmallColor: Set 4,Verified Purchase,Shirts feel great and were packaged nicely. But every one of them was darker than advertised. The pink is super neon and the rest of them almost blend together with how dark they are.,
Stephanie Lynn,soft and good quality,https://www.amazon.com/gp/customer-reviews/RTMG9DZ2E2K9T/ref=cm_cr_getr_d_rvw_ttl?ie=UTF8&ASIN=B09VQ4SMKB,"5.0 "," the United States "," October 29, 2024",Special Size: Regular SizeSize: LargeColor: Set 4,Verified Purchase,very happy with this purchase. they are soft and seem to hold up very well in the wash.,
"Bad quality, cheap , not even like a rug, more like a throw",Very nice quality!,https://www.amazon.com/gp/customer-reviews/R1WEMUFM0DWYZ8/ref=cm_cr_getr_d_rvw_ttl?ie=UTF8&ASIN=B09VQ4SMKB,"5.0 "," the United States "," September 29, 2024",Special Size: Regular SizeSize: SmallColor: Set 10,Verified Purchase,Love these shirtsMy daughter loved him and they're not too short.They don't show too much.  Great price for a bundle!  Good quality material and doesn't shrink a lot.  Definitely would purchase again.,
Amazon Customer,THEY ARE AS ADVERTISED BUT STILL UNDERWHELMING,https://www.amazon.com/gp/customer-reviews/RZDI5CEMCXBE7/ref=cm_cr_getr_d_rvw_ttl?ie=UTF8&ASIN=B09VQ4SMKB,"4.0 "," the United States "," March 16, 2024",Special Size: Regular SizeSize: LargeColor: Set 2,Verified Purchase,I’m revising this review because I’ve now worn and used this t-shirt and find it comfortable. I don’t want to sweat in this fabric but it is lightweight and comfortable. PREVIOUS REVIEW: I can't imagine sweating in this fabric. These shirts are underwhelming and I'm not returning them but will not be buying these again. The fabric is that shiny nylon fabric that isn't good in the heat. I love in a warm weather climate so this is an important factor. Lesson Learned.,21
Camrharr,Great Cropped Workout Shirts,https://www.amazon.com/gp/customer-reviews/R4HL2WA7EIG03/ref=cm_cr_getr_d_rvw_ttl?ie=UTF8&ASIN=B09VQ4SMKB,"4.0 "," the United States "," June 9, 2024",Special Size: Regular SizeSize: MediumColor: Set 3,Verified Purchase,Really like these shirts. Go great with my high waisted workout shorts. Some of the lighter shirts are a little on the sheer side but other than that they are great. Soft and comfortable.,
Em Weaver,Love these shirts!,https://www.amazon.com/gp/customer-reviews/RW6PH6DZU63JA/ref=cm_cr_getr_d_rvw_ttl?ie=UTF8&ASIN=B09VQ4SMKB,"5.0 "," the United States "," June 13, 2024",Special Size: Plus SizeSize: 2XColor: Set 6,Verified Purchase,"I’m a bigger girl and ordered these shirts after much consideration because I felt like I was “too big” to wear a crop top. I put one on and immediately fell in love. They don’t show too much skin especially if you’re wearing high waisted shirts/leggings with them. The material is almost silky and very breathable! They’re so comfortable and if I could get away with it, I’d wear them to work. I love the colors of them and plan to order more in different colors. If you’re on the fence, just do it! Totally worth it!",
Reagan,Great Fit!!,https://www.amazon.com/gp/customer-reviews/R340WO65A3FTFS/ref=cm_cr_getr_d_rvw_ttl?ie=UTF8&ASIN=B09VQ4SMKB,"5.0 "," the United States "," October 12, 2024",Special Size: Regular SizeSize: LargeColor: Set 4,Verified Purchase,"These are soft, breathable and good quality for the price! They are long enough to not have your whole stomach showing, unless you raise your arms up.",
Cheyenne L.,Cute!,https://www.amazon.com/gp/customer-reviews/R2UML3HR6AJ6NN/ref=cm_cr_getr_d_rvw_ttl?ie=UTF8&ASIN=B09VQ4SMKB,"4.0 "," the United States "," June 17, 2024",Special Size: Plus SizeSize: 3XColor: Set 6,Verified Purchase,They are definitely not as airy friendly as I hoped. They will make you burn up lolol But overall a cute shirt for working out in,
William Larry Foxx,"Nice colors, fit is good",https://www.amazon.com/gp/customer-reviews/R293RJ3TBTNJY1/ref=cm_cr_getr_d_rvw_ttl?ie=UTF8&ASIN=B09VQ4SMKB,"4.0 "," the United States "," February 29, 2024",Special Size: Plus SizeSize: 3XColor: Set 11,Verified Purchase,"As a plus sized woman, I like workout shirts that are comfortable, allow movement and aren’t too baggy. These are great. I ordered my normal size (I usually size up in cropped shirts) but couldn’t in this case. They fit well and weren’t clingy so that I would be uncomfortable but they have a sheen to them that wasn’t obvious to me in the pics so I will be returning them.",2
Lindsey,Good for weight loss at the gym,https://www.amazon.com/gp/customer-reviews/R2RAWETIHXXU8Z/ref=cm_cr_getr_d_rvw_ttl?ie=UTF8&ASIN=B09VQ4SMKB,"5.0 "," the United States "," January 8, 2024",,Verified Purchase,"Breathable, cropped but not too short, I like cropped tops that are just cropped a bit, these fall right at my belly button and for my personal preference that’s perfect, white is a little see through with bright or dark sports bras underneath but that’s to be expected with this type of slick fabric. I loved them to wear to the gym during my weight loss journey in 2023. I ordered a large about a year ago I believe, they are way too big on me now, at the time I purchased I was 5’3, 190lbs, with a 36DD chest for reference. I didn’t notice any sweat stains visible during work outs. These were great because they’re designed to look a little baggy to begin with so I love that I’m still able to wear them now that I lost the weight, they’re baggier now and will be reordering in a small.",2
Hayley,Great for the gym or every day wear,https://www.amazon.com/gp/customer-reviews/R1JHL2QIZC9FGG/ref=cm_cr_getr_d_rvw_ttl?ie=UTF8&ASIN=B09VQ4SMKB,"5.0 "," the United States "," September 11, 2024",Special Size: Regular SizeSize: MediumColor: Set 5,Verified Purchase,Love these tops! They are flattering and comfortable. I don’t like wearing tank tops anymore because I’m self conscious about my arms. But these are nice because of the short sleeve and they’re not super cropped. Right length in my opinion.,
JJ,Which one to wear?,https://www.amazon.com/gp/customer-reviews/R2OFY20NVZJRO7/ref=cm_cr_getr_d_rvw_ttl?ie=UTF8&ASIN=B09VQ4SMKB,"4.0 "," the United States "," April 2, 2024",Special Size: Plus SizeSize: 3XColor: Set 3,Verified Purchase,"Wish it had better choices of color, but hey! You can’t win everything, it’s a workout kind of day when you put these on right? I bought in 2x when I use to weigh 275lbs but now they keep me warm when it’s a little cool in the gym. Don’t wear outside when it’s hot 🥵 please.",
Jesselle Jayleen,Perfect Gym Tees!,https://www.amazon.com/gp/customer-reviews/R25TY0T44VNKG7/ref=cm_cr_getr_d_rvw_ttl?ie=UTF8&ASIN=B09VQ4SMKB,"5.0 "," the United States "," November 10, 2024",Special Size: Plus SizeSize: 2XColor: Set 8,Verified Purchase,Love these,
Lisa,Almost perfect,https://www.amazon.com/gp/customer-reviews/R3N4KQR8LUUIST/ref=cm_cr_getr_d_rvw_ttl?ie=UTF8&ASIN=B09VQ4SMKB,"4.0 "," the United States "," June 10, 2024",Special Size: Regular SizeSize: MediumColor: Set 11,Verified Purchase,Loved the shirts for working out. Would have given a 5 star but the white shirt showed up with a stain mark already.,3
Lexi,Cute and Lightweight,https://www.amazon.com/gp/customer-reviews/R1PUHADYUWGZIC/ref=cm_cr_getr_d_rvw_ttl?ie=UTF8&ASIN=B09VQ4SMKB,"5.0 "," the United States "," May 18, 2024",Special Size: Regular SizeSize: LargeColor: Set 8,Verified Purchase,"I like these shirts a lot! They’re lightweight and the perfect length on me with a short torso. I’m a bit self conscious about my lower abdomen area and these mostly cover it which is exactly what I was wanting. I’m 5’2 and 145lbs and got them in a large so they weren’t too tight. They’re not tight but not super baggy either, the large fits me perfectly. I’ve washed them a few times as well and they’ve held up so far! They’re also cute enough to wear as normal shirts but are perfect for working out as well. Definitely recommend.",8
Samantha,"See-Through, Tight Sleeves",https://www.amazon.com/gp/customer-reviews/R1BRBUD9STNPA0/ref=cm_cr_getr_d_rvw_ttl?ie=UTF8&ASIN=B09VQ4SMKB,"2.0 "," the United States "," November 4, 2024",Special Size: Regular SizeSize: SmallColor: Set 8,Verified Purchase,"I was really hoping these shirts would work. But, they are pretty sheer. Even in the black shirt with a black bra on, I can see my whole bra through it in natural light even though it's loose fitting. The shirts are also weirdly tight on my armpits. The rest of the shirt fits nice and loose (not super boxy, but definitely not fitted), but the arm holes are almost cutting off my circulation.. and I don't have very big arms. Super weird and not proportional to the rest of the shirt. The sleeve itself is comfortable and well sized. It is just the armpit seam where the sleeve attaches to the rest of the shirt that is way too small.",
Allie,So far so good!,https://www.amazon.com/gp/customer-reviews/RB8G97DHIIRD5/ref=cm_cr_getr_d_rvw_ttl?ie=UTF8&ASIN=B09VQ4SMKB,"5.0 "," the United States "," August 20, 2024",Special Size: Regular SizeSize: MediumColor: Set 1,Verified Purchase,"No complaints so far! They are made of the fabric that will hold odor if not properly washed, so keep that in mind- not an issue for me but might be for others. I love them and they’re excellent to workout in. Very comfy and great to pair with my bike shorts!",
Leah Sagrera,Love!!,https://www.amazon.com/gp/customer-reviews/R3CJUUHB1UYBLL/ref=cm_cr_getr_d_rvw_ttl?ie=UTF8&ASIN=B09VQ4SMKB,"5.0 "," the United States "," May 7, 2024",Special Size: Regular SizeSize: SmallColor: Set 8,Verified Purchase,"Hands down awesome purchase! I just started to get back into working out and needed more clothes so I purchased this pack. The colors are so cute a very vibrant. The performance is great- I’ve had them for almost 3 months and don’t have issues with any peeling for tears. The fabric is super soft, silky and comfortable + you can’t see any sweat marks. I even find myself wearing them around the house on my lazy days or to go run errands with a pair of leggings. For how many you get and the value I HIGHLY recommend. Will be ordering my colors!",4
Amazon Customer,order at least one size up,https://www.amazon.com/gp/customer-reviews/R18IO7HAEWQG1J/ref=cm_cr_getr_d_rvw_ttl?ie=UTF8&ASIN=B09VQ4SMKB,"4.0 "," the United States "," March 3, 2024",Special Size: Regular SizeSize: SmallColor: Set 4,Verified Purchase,I ordered a small and should have gone with a medium (and possibly a large). The neck area was a little too small and my arm pits were in a chokehold. (the shoulder width is smaller than a normal small)  Love the dry fit feel however. If I had gotten a size up it might have worked out,2
Dominique,"Great cut, not T-shirt material",https://www.amazon.com/gp/customer-reviews/R9EPS3N7Q6HNO/ref=cm_cr_getr_d_rvw_ttl?ie=UTF8&ASIN=B09VQ4SMKB,"4.0 "," the United States "," May 3, 2024",Special Size: Regular SizeSize: LargeColor: Set 6,Verified Purchase,"The cut of the shirt is perfect. Perfect length and fit, but the material is that weird stretchy material. Not T-shirt material. I'll keep them but if you're looking for actual cotton, this ain't it.",
Isabella,Good but not great,https://www.amazon.com/gp/customer-reviews/R3DYKPVK846FJD/ref=cm_cr_getr_d_rvw_ttl?ie=UTF8&ASIN=B09VQ4SMKB,"4.0 "," the United States "," April 29, 2024",Special Size: Regular SizeSize: SmallColor: Set 5,Verified Purchase,"Don’t expect to have the highest quality of shirt for this pack, however they do it’s job and look pretty. Would buy again.",
DavidLeMe,Comfy in 106° weather,https://www.amazon.com/gp/customer-reviews/R2XVZ027Q8D0LQ/ref=cm_cr_getr_d_rvw_ttl?ie=UTF8&ASIN=B09VQ4SMKB,"5.0 "," the United States "," June 6, 2024",Special Size: Regular SizeSize: MediumColor: Set 10,Verified Purchase,"I am currently 31 weeks pregnant and for a crop top in size medium it fit pretty loose which I was very happy about. The material is very light weight I loved the comfort and colors though one color looks like it's dark grey it's actually a dark army green so please be aware, for the pink color it's got a texture to it it's not just a solid color which I was also happy about as well. Very happy with my purchase",2
maria jose,Corre un poco más grande que la talla!,https://www.amazon.com/gp/customer-reviews/R30PWVOV24FQQU/ref=cm_cr_getr_d_rvw_ttl?ie=UTF8&ASIN=B09VQ4SMKB,"4.0 "," the United States "," February 22, 2024",Special Size: Regular SizeSize: SmallColor: Set 9,Verified Purchase,"la tela es Dryfit o parecida, estira mucho y los colores tal cual sugiere la imagen, yo mido 1.72 ctm y normalmente pediría L, la página de mis tallas me sugería XL y me quedó grande, igual las usaré pero habría preferido M o L le compré a mi hija talla S y le quedó grande! del resto está bien",
Sarah Dunnagan,Cute set,https://www.amazon.com/gp/customer-reviews/R2EAZ3XTGGE5VM/ref=cm_cr_getr_d_rvw_ttl?ie=UTF8&ASIN=B09VQ4SMKB,"4.0 "," the United States "," May 30, 2024",Special Size: Regular SizeSize: MediumColor: Set 3,Verified Purchase,"Nice set of 5, great colors white one is see through. Bought for my daughter with summer sports. These will work fine",
Fay,Yay :),https://www.amazon.com/gp/customer-reviews/RO9DDT1D4ILAI/ref=cm_cr_getr_d_rvw_ttl?ie=UTF8&ASIN=B09VQ4SMKB,"5.0 "," the United States "," September 12, 2024",Special Size: Regular SizeSize: MediumColor: Set 2,Verified Purchase,"Fantastic for the price! The colors are nice and vibrant, they feel soft and not super short (goes to my bellybutton). I went with the M, fits perfectly- not tight, but not overly baggy. I’m 5’4” 150",3
J. S. Miklos,Love the fit and material,https://www.amazon.com/gp/customer-reviews/R2KE16990O2PQZ/ref=cm_cr_getr_d_rvw_ttl?ie=UTF8&ASIN=B09VQ4SMKB,"5.0 "," the United States "," October 2, 2024",Special Size: Regular SizeSize: SmallColor: Set 6,Verified Purchase,"The material is so comfortable, resistant to wrinkles, soft, yet durable. Nice loose fit yet cropped just right. I’m getting more. Great wardrobe staple.",
Megan,Short,https://www.amazon.com/gp/customer-reviews/R2S4E32FCJSMX0/ref=cm_cr_getr_d_rvw_ttl?ie=UTF8&ASIN=B09VQ4SMKB,"3.0 "," the United States "," July 19, 2024",Special Size: Regular SizeSize: LargeColor: Set 9,Verified Purchase,"I got these to workout in. They are certainly cropped. I got large, but they’re a bit too short for my liking, but I am tall. I’m 5’8”, so I think these would fit better on a shorter person. I kept them anyway since I wear them over a jumpsuit, but they barely cover my stomach even with high waisted pants. They come down to my mid ribs. So if you don’t mind showing some stomach then these will work fine.",
Kevin Sabourin,I’m In Love,https://www.amazon.com/gp/customer-reviews/R3DLEGP5WOD0X/ref=cm_cr_getr_d_rvw_ttl?ie=UTF8&ASIN=B09VQ4SMKB,"5.0 "," the United States "," September 23, 2024",Special Size: Regular SizeSize: MediumColor: Set 5,Verified Purchase,I have been looking for this T-shirts for a while and finally I found them.. I want all the colours. Sooo comfy! Try it and you’ll never regret it.,7
Carly Thacker,The arm holes are small,https://www.amazon.com/gp/customer-reviews/R1Q2CYM8S62HK5/ref=cm_cr_getr_d_rvw_ttl?ie=UTF8&ASIN=B09VQ4SMKB,"4.0 "," the United States "," May 1, 2024",Special Size: Regular SizeSize: MediumColor: Set 11,Verified Purchase,I really liked the shirts but the only problem was when I put my arms down the shirt was tight on my armpits. Everywhere else was baggy and loose but the arms.,
Okay purchase,Soft,https://www.amazon.com/gp/customer-reviews/R1OWE4BV9R34WE/ref=cm_cr_getr_d_rvw_ttl?ie=UTF8&ASIN=B09VQ4SMKB,"5.0 "," the United States "," September 6, 2024",Special Size: Regular SizeSize: MediumColor: Set 9,Verified Purchase,"I got a medium and I am 5,3 140 lbs. the shirts lay right at my belly button. Maybe I would have gotten a large for more tummy coverage but super comfy.",
Tess B.,Upsize,https://www.amazon.com/gp/customer-reviews/R1W09DJI90MDYN/ref=cm_cr_getr_d_rvw_ttl?ie=UTF8&ASIN=B09VQ4SMKB,"3.0 "," the United States "," September 2, 2024",Special Size: Regular SizeSize: X-LargeColor: Set 1,Verified Purchase,I like these but I’m usually a large and had to buy the XL but the fit well if you upsize. I do wish the seams were better made,
K.Meeks,Nice quality,https://www.amazon.com/gp/customer-reviews/R2BUXGO2BLXCZ0/ref=cm_cr_getr_d_rvw_ttl?ie=UTF8&ASIN=B09VQ4SMKB,"4.0 "," the United States "," April 23, 2024",Special Size: Regular SizeSize: MediumColor: Set 12,Verified Purchase,"I thought these would be more of a cotton material, but they are shiny, like workout clothes. They are not super cropped. If you are short, they will hit just at your waist.",
Diane Brewer,Nice shirts to wear at the gym,https://www.amazon.com/gp/customer-reviews/R2E80MCDGFPJ5A/ref=cm_cr_getr_d_rvw_ttl?ie=UTF8&ASIN=B09VQ4SMKB,"5.0 "," the United States "," October 7, 2024",Special Size: Regular SizeSize: X-LargeColor: Set 7,Verified Purchase,I have worn these shirts over the tank tops. This shirt is very soft and comfortable. Washes well.,
Gretchen Macdowall,Nice summer tops,https://www.amazon.com/gp/customer-reviews/R37VKPIM21HMKK/ref=cm_cr_getr_d_rvw_ttl?ie=UTF8&ASIN=B09VQ4SMKB,"5.0 "," the United States "," April 22, 2024",Special Size: Regular SizeSize: MediumColor: Set 12,Verified Purchase,"I got these to replace some worn summer t-shirts.  I like the fabric, which is very light, and the design. They are loose and swingy at the bottom so they are easy to put on and take off. The neck is wide enough to get over a ponytail but not so wide that it shifts to show bra straps. They cold-water wash and  medium dry without shrinking. The only slight negative is that a light color, which is the bright green in my collection, will show a bra underneath.",
Ashley,Cute and comfy,https://www.amazon.com/gp/customer-reviews/RYZVK89LPQFKY/ref=cm_cr_getr_d_rvw_ttl?ie=UTF8&ASIN=B09VQ4SMKB,"5.0 "," the United States "," August 14, 2024",Special Size: Regular SizeSize: SmallColor: Set 6,Verified Purchase,"Super cute and comfy. I like that they’re cropped, but a little longer than some other crop tops. I can wear with mid rise bottoms and not show too much skin. The material is great for hot and humid summers",
Kelly,"fine for around the house, poor quality",https://www.amazon.com/gp/customer-reviews/R3R1OUNNEQDNJB/ref=cm_cr_getr_d_rvw_ttl?ie=UTF8&ASIN=B09VQ4SMKB,"3.0 "," the United States "," August 3, 2024",Special Size: Regular SizeSize: MediumColor: Set 6,Verified Purchase,these are lightweight and fine for working out or around the house but not the nicest quality. I wouldn't wear them out and about.  after 1st washing they were already having hem issues,
Tiffany Blackley,Dri-fit,https://www.amazon.com/gp/customer-reviews/R3T0RNJVL8BW9Y/ref=cm_cr_getr_d_rvw_ttl?ie=UTF8&ASIN=B09VQ4SMKB,"5.0 "," the United States "," July 27, 2024",Special Size: Regular SizeSize: LargeColor: Set 2,Verified Purchase,"I purchased these shirts for our trip to Costa Rica, and I’m so glad I did! Especially on our rainforest hike where it poured on us. I was able to wring my shirt out and throw it back on. It kept me cool in the humidity, and dried quickly after the down pours.",6
christina ward,Perfect for workouts,https://www.amazon.com/gp/customer-reviews/RGLVW68YOS7NX/ref=cm_cr_getr_d_rvw_ttl?ie=UTF8&ASIN=B09VQ4SMKB,"4.0 "," the United States "," February 3, 2024",Special Size: Regular SizeSize: X-LargeColor: Set 9,Verified Purchase,"These shirts are great and fit perfectly. I got them because I was wanting to start my own fitness journey and I think these are a great start. I will say though the the coral looking top with the black, green, dark blue, and light purple pack, is not coral, it is a bright red",2
