﻿评论用户,评论概述,评论链接,星级评分,评论地点,评论时间,类型,是否购买,评论详情,觉得该评论有帮助的人数
Just Another Mom,Amazing stretch and comfort!,https://www.amazon.com/gp/customer-reviews/R2P9P95SHX6HIT/ref=cm_cr_arp_d_rvw_ttl?ie=UTF8&ASIN=B09Y5V1BRR,"5.0 "," the United States "," December 14, 2024",Size: LargeColor: Grey,Verified Purchase,"I absolutely love these joggers! So many great features - hidden pockets, stretchy and ""forgiving"" fabric, super soft and comfortable. They will be perfect for running around town, walking or working out, lounging around the house, and traveling. I'm obsessed and now have these in five colors! For context, I'm 5'3 153# and bought the Large. Waist is perfect and legs/butt are slightly loose but not baggy.",4
madi m,great work or athletic pants,https://www.amazon.com/gp/customer-reviews/R186DLGUUG39A1/ref=cm_cr_arp_d_rvw_ttl?ie=UTF8&ASIN=B09Y5V1BRR,"5.0 "," the United States "," September 1, 2024",Size: SmallColor: Black,Verified Purchase,"LOVE THESE PANTS!! perfect fit, sits right below the belly button for a high waisted feel but isn’t tight or uncomfortable. highly recommend for anyone as the pants stretch and stay cozy. no zipper, easy to wash, lightweight but durable, not see-through.",10
Cassie Skidmore,Cute and comfy,https://www.amazon.com/gp/customer-reviews/R36BEXXH8QL0LP/ref=cm_cr_arp_d_rvw_ttl?ie=UTF8&ASIN=B09Y5V1BRR,"4.0 "," the United States "," January 11, 2025",Size: SmallColor: Mauve Pink,Verified Purchase,These fit true to size. The material feel expensive. The color is more pink than purple. I bought 3 more colors and can’t wait to get them in for our Disney trip! They are perfect length for me. I’m 5”1 140 lbs.,
Kellie Parks,Comfortable and stylish,https://www.amazon.com/gp/customer-reviews/R2L5AVKF2TH6Q9/ref=cm_cr_arp_d_rvw_ttl?ie=UTF8&ASIN=B09Y5V1BRR,"5.0 "," the United States "," December 19, 2024",Size: X-LargeColor: Grey,Verified Purchase,"I’m very pleased with the fabric, how nice it is after washing, no shrinkage! The thickness is just right for what I wear them for ~ working in a medical office, so it’s chilly!  They are very comfortable and easy on the budget!",
Nancy L. Mulder,Slim Fit Luxurious Jogger Pants,https://www.amazon.com/gp/customer-reviews/R3F09UFHKOQ89E/ref=cm_cr_arp_d_rvw_ttl?ie=UTF8&ASIN=B09Y5V1BRR,"5.0 "," the United States "," January 7, 2025",Size: SmallColor: Brown,Verified Purchase,"These ""Slim Fit Luxurious Jogger Pants"" are a slim, high-wasted fit and feel so luxurious! I am 5'2"" and weigh 115 pounds; the pants are a perfect fit. They are not baggy at all and could actually pass as more than a casual pant. They have four pockets - two are zippered. I chose the brown color because it is on trend, but there are 19 other colors to choose from. These jogger pants are a definite reorder in another color for me.",
Elizabeth Samuelson,Great joggers!,https://www.amazon.com/gp/customer-reviews/R2Q5XL7X5PI2US/ref=cm_cr_arp_d_rvw_ttl?ie=UTF8&ASIN=B09Y5V1BRR,"5.0 "," the United States "," December 28, 2024",Size: XX-LargeColor: Olive Green,Verified Purchase,"These are perfect for work or casual wear! If I want a leggings girl I’d likely wear these on my days off! But these are my school clothes for work! Allows me to get around easily since I travel a lot, but they look professional! Super comfortable and love that a lot of this brands designs come with zipper side pockets!",
Kindle Customer,Unbreathable material,https://www.amazon.com/gp/customer-reviews/R5TRZHBKPSXL4/ref=cm_cr_arp_d_rvw_ttl?ie=UTF8&ASIN=B09Y5V1BRR,"3.0 "," the United States "," November 27, 2024",Size: MediumColor: White,Verified Purchase,"Thick, good quality, nicely shaped and good sizing, love the pockets. But the material is a bit unbreathable, feels like a water-resistant material but it's not water-resistant.",
Megan  Haines,Bought them in 6 colors,https://www.amazon.com/gp/customer-reviews/RRCFRGRUZYFRS/ref=cm_cr_arp_d_rvw_ttl?ie=UTF8&ASIN=B09Y5V1BRR,"5.0 "," the United States "," January 3, 2025",Size: MediumColor: Pale,Verified Purchase,"Got these and legitimately loved them so much I got 6 different pairs in different colors. Absolute comfortable, functional, flattering, and well made.  Can’t recommend enough",
Rachel Mcumber,Obsessed with these!,https://www.amazon.com/gp/customer-reviews/R3O8CPCC4TWIF2/ref=cm_cr_arp_d_rvw_ttl?ie=UTF8&ASIN=B09Y5V1BRR,"4.0 "," the United States "," January 6, 2025",Size: X-SmallColor: Grey,Verified Purchase,"These are my all time favorite joggers! I have them in multiple colors cause they’re so great. Super comfortable, especially to workout in! And they’re cute too! Not too thick or thin in material, just perfect! - they definitely run big though so size down! I’m usually a small or medium and these are an XS - only annoying thing is the strings have like a metal piece on the ends that constantly bang together when you walk lmaooo so I just tuck the strings in cause they’re worth it!",4
Amazon Customer,Own multiple pairs and colors,https://www.amazon.com/gp/customer-reviews/RMCQEL53I3PL7/ref=cm_cr_arp_d_rvw_ttl?ie=UTF8&ASIN=B09Y5V1BRR,"5.0 "," the United States "," January 8, 2025",Size: MediumColor: Olive Green,Verified Purchase,"I use these as work Scrub pants. They look like Scrub pants, super comfortable,  flattering, and move with my body. The ONLY thing I'd change is get rid of the high waist. I wish there was a mid waist option. I have a short torso and high waisted bottoms look frumpy on me. Highly recommend. For reference 5'9, 160lbs, long legs, flat stomach, curvy booty and thighs",
Amazon Customer,Great Value!,https://www.amazon.com/gp/customer-reviews/RAPLO09YD3VQA/ref=cm_cr_getr_d_rvw_ttl?ie=UTF8&ASIN=B09Y5V1BRR,"5.0 "," the United States "," January 16, 2025",Size: LargeColor: Black,Verified Purchase,"It’s difficult to tell the difference between these joggers and a very expensive pair of joggers in my closet. These wash up like new every time,  retain their shape, and dry quickly. They can be worn for a workout or for dining out when paired with the right shoes.",
Jaime Galloway,Best joggers ever,https://www.amazon.com/gp/customer-reviews/R178EUT9OY7U3E/ref=cm_cr_getr_d_rvw_ttl?ie=UTF8&ASIN=B09Y5V1BRR,"5.0 "," the United States "," January 17, 2025",Size: XX-LargeColor: Wine Red,Verified Purchase,"Very soft, stretchy, and comfortable! If you're looking for ""warm"" joggers, you may not like these. The material makes them cool to the touch. But if you're looking for something comfortable that you can dress up or down, you'll love these.",
A,Okay but not as I expected,https://www.amazon.com/gp/customer-reviews/R3PV8Z6TQF8KM9/ref=cm_cr_getr_d_rvw_ttl?ie=UTF8&ASIN=B09Y5V1BRR,"4.0 "," the United States "," December 3, 2024",Size: MediumColor: Black,Verified Purchase,I wanted pants to workout in that weren’t tight like leggings. I bought a size up so they wouldn’t be so clingy. I don’t like the material. If it gets caught on something it will ruin them. They also show all lines of anything you wear underneath them. They are better than other pants I’ve bought and I love the zipper pocket. They are too loose around the waist since I bought a size up but not too tight around the legs. Not great and would’ve returned if I didn’t miss the window but they are comfortable.,
brbreunig,Comfy!,https://www.amazon.com/gp/customer-reviews/R1M0LVHCK5KZTV/ref=cm_cr_getr_d_rvw_ttl?ie=UTF8&ASIN=B09Y5V1BRR,"4.0 "," the United States "," January 8, 2025",Size: MediumColor: Black Camo,Verified Purchase,When your daughter says they are the perfect LuLu dupe I think that deserves some stars!  A little thinner material then I expected but feel wonderful!,
Springer Lover,"Well made, look good",https://www.amazon.com/gp/customer-reviews/R3O58WRIP20H06/ref=cm_cr_getr_d_rvw_ttl?ie=UTF8&ASIN=B09Y5V1BRR,"5.0 "," the United States "," January 15, 2025",Size: LargeColor: Sage Green,Verified Purchase,"These are well made joggers that are nice enough looking to wear under many circumstances, not just to the gym.",
Sal,Nice!,https://www.amazon.com/gp/customer-reviews/R28P98DCLVMQC5/ref=cm_cr_getr_d_rvw_ttl?ie=UTF8&ASIN=B09Y5V1BRR,"5.0 "," the United States "," January 18, 2025",Size: SmallColor: Black,Verified Purchase,Fit was perfect and looks really good on me. I will be buying more!!,
Michele,great value and quality,https://www.amazon.com/gp/customer-reviews/R21QTBLAIVETAU/ref=cm_cr_getr_d_rvw_ttl?ie=UTF8&ASIN=B09Y5V1BRR,"5.0 "," the United States "," December 23, 2024",Size: MediumColor: Black,Verified Purchase,"I’m a sports med physical therapist and have bought these multiple times. I wear size medium- i am 5’7’’ and 165 lbs- athletic build- size 8-10 in pants. They fit great. I will continue to purchase these. I have only bought black- have not tried other colors. They are flexible and easy to move in. I am able to squat, jump, move around comfortably",
Christopher J.,Not a Jogger,https://www.amazon.com/gp/customer-reviews/R3M51PAL01OMM1/ref=cm_cr_getr_d_rvw_ttl?ie=UTF8&ASIN=B09Y5V1BRR,"4.0 "," the United States "," December 16, 2024",Size: SmallColor: Navy,Verified Purchase,"I totally would have given this a 5 star had they actually been jogger pants. They do not cuff at the bottom hem. But they fit well, and a bit stretchy. Color is spot on, and pockets are nice a deep! Will definitely buy again!",
georgie forka,Perfect light weight jogger!,https://www.amazon.com/gp/customer-reviews/RCAKJUSC7BUQ2/ref=cm_cr_getr_d_rvw_ttl?ie=UTF8&ASIN=B09Y5V1BRR,"5.0 "," the United States "," January 15, 2025",Size: XX-LargeColor: Black,Verified Purchase,These are the perfect joggers! They are fun and even a little dressy. Plan on ordering more!!!,
Awesome!! I got this for my husband Shawn and he LOVED IT!,Pants,https://www.amazon.com/gp/customer-reviews/R3U8BYXLOQUYHS/ref=cm_cr_getr_d_rvw_ttl?ie=UTF8&ASIN=B09Y5V1BRR,"5.0 "," the United States "," January 15, 2025",Size: XX-LargeColor: Black,Verified Purchase,I LOVE these pants!! Fabric is amazing and fits like a glove!! They're perfect,
Krista Ray,Great material,https://www.amazon.com/gp/customer-reviews/R2X0DW5D0IPIDV/ref=cm_cr_getr_d_rvw_ttl?ie=UTF8&ASIN=B09Y5V1BRR,"4.0 "," the United States "," December 29, 2024",Size: MediumColor: Black,Verified Purchase,Great sleek material. A little bulky on top but great for casual athlesure style.,
Amber Hurd,tight in the waist,https://www.amazon.com/gp/customer-reviews/R30XUMJ7LT6MEY/ref=cm_cr_getr_d_rvw_ttl?ie=UTF8&ASIN=B09Y5V1BRR,"4.0 "," the United States "," December 3, 2024",Size: XX-LargeColor: Black,Verified Purchase,"I bought these, had to send them back and size up. I still think they are too tight in the waist. The fabric is very smooth and stretchy. The waistband is made of a different fabric. They are thin and light. If you are heavier in the tummy like me, size up for sure.",
Renee,Good quality. Very comfortable.,https://www.amazon.com/gp/customer-reviews/R15VRC46LFD9HY/ref=cm_cr_getr_d_rvw_ttl?ie=UTF8&ASIN=B09Y5V1BRR,"5.0 "," the United States "," January 1, 2025",Size: X-LargeColor: Navy,Verified Purchase,"These are great, good quality.  The wide waste band is very comfortable.  I ordered a second pair I liked them so much.  Wear them for yoga too.",
Thalia Hernandez,Confortable,https://www.amazon.com/gp/customer-reviews/R2ZJD8X6E7JBRT/ref=cm_cr_getr_d_rvw_ttl?ie=UTF8&ASIN=B09Y5V1BRR,"4.0 "," the United States "," December 20, 2024",Size: LargeColor: Light Grey,Verified Purchase,"They are super comfortable and thing, good for your everyday errands, second pair I buy",
ENESA BEBA BARUT,Quality is superb,https://www.amazon.com/gp/customer-reviews/R2QZ6F7NVW5TGG/ref=cm_cr_getr_d_rvw_ttl?ie=UTF8&ASIN=B09Y5V1BRR,"5.0 "," the United States "," January 13, 2025",Size: SmallColor: Navy,Verified Purchase,"These pants are great quality, comfortable and light.",
YD,Really comfortable,https://www.amazon.com/gp/customer-reviews/R3EYUAAXATBOD2/ref=cm_cr_getr_d_rvw_ttl?ie=UTF8&ASIN=B09Y5V1BRR,"5.0 "," the United States "," January 11, 2025",Size: MediumColor: Black,Verified Purchase,Good quality,
Rachel Bebak,Fits perfectly and great quality,https://www.amazon.com/gp/customer-reviews/R37Z9CLN0PCRCV/ref=cm_cr_getr_d_rvw_ttl?ie=UTF8&ASIN=B09Y5V1BRR,"5.0 "," the United States "," December 4, 2024",Size: MediumColor: Navy,Verified Purchase,"I'm 5' tall and 120 pounds. These are a perfect fit! The fabric is on the shiny side, making them sleek, but I love the look.  I first bought a black pair using a coupon code, then went back and paid full price for the blue pair because I loved them so much. Highly recommend!",
SuzieQ.,Feels and looks much better than expected,https://www.amazon.com/gp/customer-reviews/RT3GI63PLN8GT/ref=cm_cr_getr_d_rvw_ttl?ie=UTF8&ASIN=B09Y5V1BRR,"4.0 "," the United States "," December 24, 2024",Size: SmallColor: Grey,Verified Purchase,"It’s comfortable. I did not think I was going to like the fabric or the material when I looked at it, but when I put it on, I absolutely loved it! It’s a great value for the money.",3
Amazon Customer,Comfy,https://www.amazon.com/gp/customer-reviews/R2L3RLRY3JQA2O/ref=cm_cr_getr_d_rvw_ttl?ie=UTF8&ASIN=B09Y5V1BRR,"5.0 "," the United States "," December 11, 2024",Size: SmallColor: Black,Verified Purchase,"These joggers are great, they fit well and have the right amount of stretch. I got a small, 5’1”, 140lb, waist 28.5in, hip 38in, perfect fit, not snug or too loose. Will be ordering other colors.",
Marilyn Dougherty,Great fit,https://www.amazon.com/gp/customer-reviews/R2X0XYQW7KS42I/ref=cm_cr_getr_d_rvw_ttl?ie=UTF8&ASIN=B09Y5V1BRR,"5.0 "," the United States "," December 31, 2024",Size: X-SmallColor: Black,Verified Purchase,Great product and fit.,
Melissa Scano,Comfy,https://www.amazon.com/gp/customer-reviews/R1IQ4KLF9P9C6K/ref=cm_cr_getr_d_rvw_ttl?ie=UTF8&ASIN=B09Y5V1BRR,"5.0 "," the United States "," January 3, 2025",Size: X-SmallColor: Navy,Verified Purchase,Very comfy,
T Laub,Wanted to really like these!,https://www.amazon.com/gp/customer-reviews/RUHKE7KE7JJV8/ref=cm_cr_getr_d_rvw_ttl?ie=UTF8&ASIN=B09Y5V1BRR,"4.0 "," the United States "," October 13, 2024",Size: LargeColor: Savannah Red,Verified Purchase,"I purchased size Large in the Savanna Red. Joggers are cute, very comfortable. The red is more of a burnt, brick red which I find great for the fall. Pants appear well made, thick, soft material. Love that they have hidden zippers. One behind front pocket, other in back. Pockets are big enough for a phone. I like the length of the jogger. Reason for 4 stars, material is not see through, but shows all of your backside dimples.",7
Dawn Mazz,Amazing Joggers,https://www.amazon.com/gp/customer-reviews/RFMHHTJXPIHPV/ref=cm_cr_getr_d_rvw_ttl?ie=UTF8&ASIN=B09Y5V1BRR,"5.0 "," the United States "," November 17, 2024",Size: LargeColor: Olive Green,Verified Purchase,These joggers do not disappoint. Fabric is soft not at all scratchy. They are very flattering on my body. For reference I'm 135lb and 5feet 5inches tall. My true size is a medium but I went up a size for better length. I definitely could have got a medium but the length with have been above my ankles. These also washed well I air dried them. I will be adding more colors.,
Cindy Tracy,"Great fit, very flattering",https://www.amazon.com/gp/customer-reviews/RWXEBS4GLUOXE/ref=cm_cr_getr_d_rvw_ttl?ie=UTF8&ASIN=B09Y5V1BRR,"5.0 "," the United States "," December 17, 2024",Size: MediumColor: Navy,Verified Purchase,"I liked the fit and the styling. Perfect for around town, and lounging.",
Dubs Chops,Fit great,https://www.amazon.com/gp/customer-reviews/RB16MNZGHZH9S/ref=cm_cr_getr_d_rvw_ttl?ie=UTF8&ASIN=B09Y5V1BRR,"5.0 "," the United States "," December 20, 2024",Size: MediumColor: Dark Khaki,Verified Purchase,Cute color. Lots of compliments.,
tyler king,Soft material,https://www.amazon.com/gp/customer-reviews/R1VB7LUN4MRV60/ref=cm_cr_getr_d_rvw_ttl?ie=UTF8&ASIN=B09Y5V1BRR,"4.0 "," the United States "," November 10, 2024",Size: SmallColor: Grey,Verified Purchase,Soft and comfy material but the waist is kind of tight. No give to the waist.,
Jessica,Ok but not great fit,https://www.amazon.com/gp/customer-reviews/RVMO3G5GCCK1D/ref=cm_cr_getr_d_rvw_ttl?ie=UTF8&ASIN=B09Y5V1BRR,"4.0 "," the United States "," October 12, 2024",Size: SmallColor: Black,Verified Purchase,I normally wear a L in leggings and had to size down to a Small. I originally ordered a M but had to return since they were baggy throughout. The waist is high rise and I would have preferred it to be normal. Texture is slick wicking and not the kind that accumulate fuzz,
Tom Breathitt,Comfortable,https://www.amazon.com/gp/customer-reviews/R3V5GZREPLLLPG/ref=cm_cr_getr_d_rvw_ttl?ie=UTF8&ASIN=B09Y5V1BRR,"5.0 "," the United States "," December 19, 2024",Size: X-SmallColor: Green Camo,Verified Purchase,Very cute on and comfy,
Heather Graham,So comfortable!!,https://www.amazon.com/gp/customer-reviews/RBCR6441YXFY5/ref=cm_cr_getr_d_rvw_ttl?ie=UTF8&ASIN=B09Y5V1BRR,"5.0 "," the United States "," October 21, 2024",Size: LargeColor: Black,Verified Purchase,"Ordered these pants on a whim for a trip. They fit perfectly and are amazingly comfortable!! I ended up buying another pair and will buy more and other colors in the near future! I am a mom and also a Nanny so comfort is key with me! I also love the back pockets, have zippers, in case you need to go somewhere and don’t want to carry a purse, but want your items to stay secure. I highly recommend these pants for comfort! Also great to work out and as the material is soft and easy to move in! The only thing I would say, if they are not really meant for warmth, as the material is thin.",2
Kristin,I’ve been looking for a long time…,https://www.amazon.com/gp/customer-reviews/R3VACM7TMMFXV5/ref=cm_cr_getr_d_rvw_ttl?ie=UTF8&ASIN=B09Y5V1BRR,"5.0 "," the United States "," November 3, 2024",Size: LargeColor: Black,Verified Purchase,"I love leggings but there is a time of the month I just want something loose. I’ve been looking for a long time for high waist, relaxed, light weight joggers I can wear all day long. These fit perfect for me and I highly recommend them. The material is comfortable and doesn’t irritate as the day goes on. They looked just as fresh at 8p as they did at 8a when I put them on. I am 5’7 and 165lbs size L and got color black.",
Evalie Coston,Exactly what I wanted,https://www.amazon.com/gp/customer-reviews/R2RBPUAXC28X59/ref=cm_cr_getr_d_rvw_ttl?ie=UTF8&ASIN=B09Y5V1BRR,"5.0 "," the United States "," November 24, 2024",Size: LargeColor: Dusty Blue,Verified Purchase,I ordered these for a long flight I was taking and I wore them on the trip they were so comfy I got  a second color!,
Kindle Customer,Love these joggers!,https://www.amazon.com/gp/customer-reviews/R3G2SGTQPCGWPC/ref=cm_cr_getr_d_rvw_ttl?ie=UTF8&ASIN=B09Y5V1BRR,"5.0 "," the United States "," November 8, 2024",Size: MediumColor: Khaki,Verified Purchase,"Great joggers! I wear these to work and many of my Lulu wearing students have commented on them. Maaterial is soft. My husband has pointed out that you can see the seems of the rear pocket under the material, but it’s not a deal breaker for me. I plan on ordering more.",
Garner,Very comfortable,https://www.amazon.com/gp/customer-reviews/R25AODZQ27O8KV/ref=cm_cr_getr_d_rvw_ttl?ie=UTF8&ASIN=B09Y5V1BRR,"5.0 "," the United States "," December 7, 2024",Size: LargeColor: Black,Verified Purchase,No zippered pocket for phone. Bought 2b,
Kindle Customer,So cute!,https://www.amazon.com/gp/customer-reviews/R1F1SVWBPD56A4/ref=cm_cr_getr_d_rvw_ttl?ie=UTF8&ASIN=B09Y5V1BRR,"5.0 "," the United States "," December 4, 2024",Size: SmallColor: Light Grey,Verified Purchase,"These joggers fit so well, are soft, and very flexible.",
tb,Jogger,https://www.amazon.com/gp/customer-reviews/R3TYB9X1ZIRLHA/ref=cm_cr_getr_d_rvw_ttl?ie=UTF8&ASIN=B09Y5V1BRR,"5.0 "," the United States "," November 20, 2024",Size: MediumColor: Light Grey,Verified Purchase,Material is high quality. Ordered a medium and fit is perfect and flattering (I’m 5’6 135lbs). Love the side zipper pockets! Planning to order more colors.,
Kaylee Boley Hebert,Great joggers,https://www.amazon.com/gp/customer-reviews/R3CYBMIJI56U1A/ref=cm_cr_getr_d_rvw_ttl?ie=UTF8&ASIN=B09Y5V1BRR,"5.0 "," the United States "," November 17, 2024",Size: SmallColor: Brown,Verified Purchase,"Had to pay a little more for these, but the quality is there. Nice fit, great material. I’m 5’1” 120 lbs and purchased a small.",
Nadine Sinclair,Love this,https://www.amazon.com/gp/customer-reviews/R1OTBFGZ6BOIHC/ref=cm_cr_getr_d_rvw_ttl?ie=UTF8&ASIN=B09Y5V1BRR,"5.0 "," the United States "," December 1, 2024",Size: XX-LargeColor: Black,Verified Purchase,"So comfy ,great material ,fits perfect",
Sandra hufford,True to size,https://www.amazon.com/gp/customer-reviews/R1E07Q92Q3LROB/ref=cm_cr_getr_d_rvw_ttl?ie=UTF8&ASIN=B09Y5V1BRR,"5.0 "," the United States "," November 7, 2024",Size: X-LargeColor: Savannah Red,Verified Purchase,Love these joggers! The material is super soft and comfortable! Leg length is perfect!  Extra pocket makes them great for stress free storage while out and about!  I have them in several colors,
MSUmom,Great fit,https://www.amazon.com/gp/customer-reviews/R28A8CYG4Q40JM/ref=cm_cr_getr_d_rvw_ttl?ie=UTF8&ASIN=B09Y5V1BRR,"5.0 "," the United States "," November 20, 2024",Size: SmallColor: Black,Verified Purchase,Bought for my daughter who is petite. She loves the fit and style of the pants.,
Amazon Customer,Great fit,https://www.amazon.com/gp/customer-reviews/R2ZKCEYCXNR508/ref=cm_cr_getr_d_rvw_ttl?ie=UTF8&ASIN=B09Y5V1BRR,"4.0 "," the United States "," September 17, 2024",Size: MediumColor: Navy,Verified Purchase,"True to size, comfort is good great material. I wear them all the time!",
Alexa Wardlaw,"Love, but maybe size up!",https://www.amazon.com/gp/customer-reviews/R13455101WPNJV/ref=cm_cr_getr_d_rvw_ttl?ie=UTF8&ASIN=B09Y5V1BRR,"5.0 "," the United States "," October 16, 2024",Size: X-LargeColor: Mauve Pink,Verified Purchase,"These are so comfortable! The material is lightweight and breathable. The waistband is a different material. These are not see through, nor are they baggy, but I feel that I would probably size up for a looser fit. It is just my preference, so I didn’t knock any stars for these amazing joggers, but if you go true to size they fit a little snug (at least this is my experience). I love these, though, and the pink color is beautiful!",3
Amazon Customer,Nice,https://www.amazon.com/gp/customer-reviews/R2TDOJ6OWQ2NUR/ref=cm_cr_getr_d_rvw_ttl?ie=UTF8&ASIN=B09Y5V1BRR,"5.0 "," the United States "," November 20, 2024",Size: MediumColor: Black,Verified Purchase,"Really comfortable, fit nice looks good on.  Would buy again",
Donna M,Good Quality,https://www.amazon.com/gp/customer-reviews/R2LCQMTHPTY5XL/ref=cm_cr_getr_d_rvw_ttl?ie=UTF8&ASIN=B09Y5V1BRR,"3.0 "," the United States "," December 20, 2024",Size: LargeColor: Navy,Verified Purchase,"These joggers are well made and fit well, however they were not flattering on me because the material was too thin so I returned them.",
PMD,Get it,https://www.amazon.com/gp/customer-reviews/R23XDCAX2D7MN1/ref=cm_cr_getr_d_rvw_ttl?ie=UTF8&ASIN=B09Y5V1BRR,"4.0 "," the United States "," August 13, 2024",Size: LargeColor: Black,Verified Purchase,"I like the feel of the fabric, the stretch on it is amazing. I was moving and shaking all day. (6hours) Bought a large and it was comfy, not flattening down the booty. I’m 5’8” 204 lbs.",
Roorz,Worth it!,https://www.amazon.com/gp/customer-reviews/RAO4Z3PUHSMK5/ref=cm_cr_getr_d_rvw_ttl?ie=UTF8&ASIN=B09Y5V1BRR,"5.0 "," the United States "," November 17, 2024",Size: MediumColor: Black,Verified Purchase,Love the material and fit! Recommended if looking for a weekend/daily jogger pant,
Very Happy,Silky soft n comfy,https://www.amazon.com/gp/customer-reviews/R13D28ZXT6YN9L/ref=cm_cr_getr_d_rvw_ttl?ie=UTF8&ASIN=B09Y5V1BRR,"5.0 "," the United States "," September 28, 2024",Size: LargeColor: Navy,Verified Purchase,I just love these joggers. I mainly always wear tight leggings. I decided to go out of my daily wear routine wear n but these. I fell in love with these. Fit pwrfectly n the waistband is extremely comfortable. I wear these or anything i put on for lounge wear but able to sport it out n about. 1 of my favs now.  I got these in a large. Perfect!!,
Brittny,Favorite joggers!,https://www.amazon.com/gp/customer-reviews/R266Q8T3BLFBDZ/ref=cm_cr_getr_d_rvw_ttl?ie=UTF8&ASIN=B09Y5V1BRR,"5.0 "," the United States "," November 11, 2024",Size: MediumColor: Sage Green,Verified Purchase,Absolutely love these joggers! They are super cute on and so comfortable!! You can dress them up a little too!,
Julie,Amazing!,https://www.amazon.com/gp/customer-reviews/RF4HQW6OYNHIN/ref=cm_cr_getr_d_rvw_ttl?ie=UTF8&ASIN=B09Y5V1BRR,"5.0 "," the United States "," October 18, 2024",Size: MediumColor: Black,Verified Purchase,Incredibly soft and comfortable. I bought 2 more in different colors. Nice pocket size. Fits really well. A friend saw me wear these pants and bought a couple pairs for herself. I’ve worn and washed multiple times and still look like new. Highly recommend,
David W. Harris,GREAT quality!,https://www.amazon.com/gp/customer-reviews/R13I62FMMJBVXX/ref=cm_cr_getr_d_rvw_ttl?ie=UTF8&ASIN=B09Y5V1BRR,"5.0 "," the United States "," November 8, 2024",Size: X-LargeColor: Black,Verified Purchase,"These are soft, great joggers. They have an athletic-type fabric but it’s comfortable while still looking nice. The band is wide and comfortable. I love these!",8
Amazon Customer,PERFECT!!!!,https://www.amazon.com/gp/customer-reviews/R28KQKDYGZTYUY/ref=cm_cr_getr_d_rvw_ttl?ie=UTF8&ASIN=B09Y5V1BRR,"5.0 "," the United States "," October 20, 2024",Size: MediumColor: Black,Verified Purchase,"These are so comfortable that I now have them in the colors! I’ve worn them traveling and around the house or on the go. No complaints! If you want a loose fit, I suggest sizing up.",
Aubrey Smith,Great fit!  Size up if you want a baggier fit.,https://www.amazon.com/gp/customer-reviews/R2VVSX60RPG7NY/ref=cm_cr_getr_d_rvw_ttl?ie=UTF8&ASIN=B09Y5V1BRR,"5.0 "," the United States "," September 28, 2024",Size: X-LargeColor: Black,Verified Purchase,"Pants fit great, super comfortable, and they’re high-waisted!  True to size.  However, if you want a baggier fit, I recommend sizing up.  Will definitely be buying more pairs of these!  These are perfect for around the house and working out.",
Mom-in-charge,Love Love Love!,https://www.amazon.com/gp/customer-reviews/RTSWZQ31IUJXY/ref=cm_cr_getr_d_rvw_ttl?ie=UTF8&ASIN=B09Y5V1BRR,"5.0 "," the United States "," October 1, 2024",Size: SmallColor: Black,Verified Purchase,"Love these pants. Perfect length, I’m 5’4”. Soft & very flattering!!! I just ordered a dark khaki and white pair! I ordered a small even though Amazon suggested a medium and the fit perfectly. 130 lbs for reference!",3
Susan Shelly,Good fit,https://www.amazon.com/gp/customer-reviews/RLM21CP7QC11B/ref=cm_cr_getr_d_rvw_ttl?ie=UTF8&ASIN=B09Y5V1BRR,"5.0 "," the United States "," November 2, 2024",Size: X-LargeColor: Black,Verified Purchase,"Fits nice and comfortable, soft material",
A. Gjeny,NOT Sweatpants!!,https://www.amazon.com/gp/customer-reviews/R1QPT5XJT41JXZ/ref=cm_cr_getr_d_rvw_ttl?ie=UTF8&ASIN=B09Y5V1BRR,"3.0 "," the United States "," September 27, 2024",Size: MediumColor: Light Grey,Verified Purchase,These are advertised as sweatpants. I expected them to be made of typical sweatpant/sweatshirt material - in part because so many reviewers said they were cozy. NO they are NOT sweatpants. They are joggers. MUCH thinner material. Will not provide the kind of warmth for winter that I am looking for.  They seem to be made well and fabric and style is nice - IF you're looking for joggers - NOT sweatpants.  I am returning them.,
Crystal Ybarbo,So COMFORTABLE!,https://www.amazon.com/gp/customer-reviews/R22VJUSDAR16CO/ref=cm_cr_getr_d_rvw_ttl?ie=UTF8&ASIN=B09Y5V1BRR,"5.0 "," the United States "," October 25, 2024",Size: LargeColor: Black,Verified Purchase,Thick and true to size! Super soft and great fit! Will be ordering in more colors.,
Charlene,Great Pants,https://www.amazon.com/gp/customer-reviews/R342JL088L9R0Y/ref=cm_cr_getr_d_rvw_ttl?ie=UTF8&ASIN=B09Y5V1BRR,"5.0 "," the United States "," October 24, 2024",Size: LargeColor: Navy,Verified Purchase,Great pants at a very goid price.  Oder the recommended size.  Fits perfectly.,
George Lawrence,Comfort,https://www.amazon.com/gp/customer-reviews/R13EUKO3WXUBFE/ref=cm_cr_getr_d_rvw_ttl?ie=UTF8&ASIN=B09Y5V1BRR,"5.0 "," the United States "," November 2, 2024",Size: MediumColor: Black,Verified Purchase,The fit and softness of these pants.,
A. Cofield,"Cute style, but Material not what I expected.",https://www.amazon.com/gp/customer-reviews/R1R46DCIXEN2GT/ref=cm_cr_getr_d_rvw_ttl?ie=UTF8&ASIN=B09Y5V1BRR,"3.0 "," the United States "," March 12, 2024",Size: LargeColor: Wine Red,Verified Purchase,"I got these pants because I wanted another pair in addition to my beloved champion pants, which have the same percentage of polyester to elastic blend. However, the material was not what I expected. They were super stretchy and thicker than I expected. Not that I mind stretch, but it seemed more than 17% compared to my other brands. I would also add that the drawstring is also elastic, which makes it feel flimsy. I wish it had just been woven polyester or plastic for sturdiness.  I took the sizing recommendation of sizing up when ordering. I wish I had sized down because the pants are a little too baggy on me. I think it’s my body structure. I’m around 5’8” and 158, so maybe a size 10-12. If I had to go back and order again I’d stick with a medium, but that’s my preference.  Like I said, the design is cute. I like having a deep zipper pocket for my phone. The price was close to what I paid for my champions. Based on the material and fit I do wish I’d paid about 15% less.",
Stephanie De La Cruz,Love them,https://www.amazon.com/gp/customer-reviews/RX94761OAELH0/ref=cm_cr_getr_d_rvw_ttl?ie=UTF8&ASIN=B09Y5V1BRR,"5.0 "," the United States "," October 25, 2024",Size: X-LargeColor: Black,Verified Purchase,Wear them all the time! Stretchy so fits small waste and big butt and thighs,
Rachel,Love these!,https://www.amazon.com/gp/customer-reviews/RLV7WPOB2Y66T/ref=cm_cr_getr_d_rvw_ttl?ie=UTF8&ASIN=B09Y5V1BRR,"5.0 "," the United States "," August 17, 2024",Size: SmallColor: Black,Verified Purchase,"I’m 5 m pregnant & work as a NP, I have been having a hard time finding maternity scrubs I like - these are FABULOUS! I have worn them around the house, to work, at my in-laws - running around doing errands etc. without any discomfort. The fabric is outstanding, the stretch is nice and forgiving; that said, they look quite structured. I will be ordering more without question.",4
Adriana,Love them!! ❤️,https://www.amazon.com/gp/customer-reviews/R24UYNLPOLY2NQ/ref=cm_cr_getr_d_rvw_ttl?ie=UTF8&ASIN=B09Y5V1BRR,"5.0 "," the United States "," October 6, 2024",Size: SmallColor: Black,Verified Purchase,These pants are super comfy. The material and color are high quality. You can dress it up or down. Just loveee themm!! 😍,
Lori J.,"Nice looking, I’ll fitted",https://www.amazon.com/gp/customer-reviews/R23OAEU1CT3HT2/ref=cm_cr_getr_d_rvw_ttl?ie=UTF8&ASIN=B09Y5V1BRR,"2.0 "," the United States "," January 11, 2025",Size: XX-LargeColor: Dark Khaki,Verified Purchase,"These joggers are dressier than the sweatshirt material. However, if you are wider in the middle, even a little, these are not the ones to get. I usually wear a large/extra large. I ordered these in xxl because I didn’t wanted them tight. They were big everywhere except the the waist. It is tight an actually pulls the pockets in a weird way. For slimmer ladies, I’m sure they’re fine, but not for me. The material is very strange as well. Almost like a this scuba material. Might be great for summer wear. Unfortunately, I will be returning.",2
Kal,Best pants ever!,https://www.amazon.com/gp/customer-reviews/ROOI3D9LONYD1/ref=cm_cr_getr_d_rvw_ttl?ie=UTF8&ASIN=B09Y5V1BRR,"5.0 "," the United States "," October 4, 2024",Size: LargeColor: Khaki,Verified Purchase,"I am a supervisor and have to dress professionally, I have these pants in many colors and they look professional and are SO comfortable. Has many pockets too!!",
Amazon Customer,Delivery was  very fast,https://www.amazon.com/gp/customer-reviews/R127DCP3ILBCJS/ref=cm_cr_getr_d_rvw_ttl?ie=UTF8&ASIN=B09Y5V1BRR,"5.0 "," the United States "," October 1, 2024",Size: X-LargeColor: Brown,Verified Purchase,Quality is good.  Color is lovely fits perfectly and I would definitely purchase another.The price is very cheap and definitely value for money.  Very comfortable workout pants,
bridshac,color is completely off,https://www.amazon.com/gp/customer-reviews/R1H10516BSG1K/ref=cm_cr_getr_d_rvw_ttl?ie=UTF8&ASIN=B09Y5V1BRR,"3.0 "," the United States "," October 28, 2024",Size: X-LargeColor: Savannah Red,Verified Purchase,"The color is totally different from the images, it’s way way darker. However the pants themselves are really comfortable",2
J.Ulm,"Super comfy, looks expensive, great price!",https://www.amazon.com/gp/customer-reviews/R30JJLTTKBYLW9/ref=cm_cr_getr_d_rvw_ttl?ie=UTF8&ASIN=B09Y5V1BRR,"5.0 "," the United States "," September 7, 2024",Size: LargeColor: Black,Verified Purchase,"Bought these to wear when I want to dress down for work, running errands, lounging—they are perfect for everything. Great weight, wide waistband hits right at my belly button, and sized up to Large to get a little extra room in the hips/thighs. LOVE THESE. Will buy again!",
Jess,The best pants!,https://www.amazon.com/gp/customer-reviews/R31CRQ9G6L2XFP/ref=cm_cr_getr_d_rvw_ttl?ie=UTF8&ASIN=B09Y5V1BRR,"5.0 "," the United States "," October 14, 2024",Size: MediumColor: Sage Green,Verified Purchase,I love these and will buy 1 in every color! Very comfortable. Def recommend,
oliva,Joggers  great value,https://www.amazon.com/gp/customer-reviews/R36B7O1V454U1T/ref=cm_cr_getr_d_rvw_ttl?ie=UTF8&ASIN=B09Y5V1BRR,"4.0 "," the United States "," April 24, 2024",Size: X-LargeColor: Grey,Verified Purchase,Love these joggers !!! Material very soft and stretchy and love ❤️ the zipper pocket for phone !!! The size was just a but smaller than I liked…..but  I got large  so maybe go one size up  …. The color  grey that I got I love too!!!Great  value as well !!,2
Connie Watts,Cute joggers,https://www.amazon.com/gp/customer-reviews/R2Y72J978C8997/ref=cm_cr_getr_d_rvw_ttl?ie=UTF8&ASIN=B09Y5V1BRR,"5.0 "," the United States "," October 27, 2024",Size: XX-LargeColor: Navy,Verified Purchase,"Easy care, light weight joggers.",
JH Kingsbury,Fantastic,https://www.amazon.com/gp/customer-reviews/R27HF64XKV7J0C/ref=cm_cr_getr_d_rvw_ttl?ie=UTF8&ASIN=B09Y5V1BRR,"5.0 "," the United States "," September 30, 2024",Size: MediumColor: Olive Green,Verified Purchase,I love these. Got shorts for under skirts and long for sweaters.  So soft. Pockets on the side. Little tummy control.,
MJ,Cute & comfy,https://www.amazon.com/gp/customer-reviews/RR2HE9ZMMV626/ref=cm_cr_getr_d_rvw_ttl?ie=UTF8&ASIN=B09Y5V1BRR,"4.0 "," the United States "," June 28, 2024",Size: LargeColor: Grey,Verified Purchase,Waste is a bit off - not quite normal and not quite high,
Amazon customer,Very comfortable,https://www.amazon.com/gp/customer-reviews/R3V2AEQHKP8KJC/ref=cm_cr_getr_d_rvw_ttl?ie=UTF8&ASIN=B09Y5V1BRR,"5.0 "," the United States "," October 8, 2024",Size: MediumColor: Black,Verified Purchase,"The pants are very comfortable, good quality, great for travel and every day use. I would definitely buy again.",
Becky Latka,Great comfortable pant,https://www.amazon.com/gp/customer-reviews/R3363DVLVY08WQ/ref=cm_cr_getr_d_rvw_ttl?ie=UTF8&ASIN=B09Y5V1BRR,"5.0 "," the United States "," October 15, 2024",Size: MediumColor: Black,Verified Purchase,"Fit great, seem to be high quality… just what I was looking for.",
bonnie Chambliss,Not what I thought I was Getting!!,https://www.amazon.com/gp/customer-reviews/R2NBRQ3HOLGSG6/ref=cm_cr_getr_d_rvw_ttl?ie=UTF8&ASIN=B09Y5V1BRR,"2.0 "," the United States "," December 20, 2024",Size: X-LargeColor: Grey,Verified Purchase,"These pants are really soft and comfortable. The only time I have worn then, I realized one leg is actually about 2 inches shorter than the other leg. Also, I purchased a gray pair. They are not gray, they are more of a green. I wasn't going to keep the, but I left them in the package and realize I am beyond the time to return them. So the only thing I can do, is shorten the other leg, were they will be the same. Disappointed, because they were not the cheap one.. Lesson learned.....",
Kindle Customer,"Great Fit, Nice Material",https://www.amazon.com/gp/customer-reviews/R3GOH798KCV0QI/ref=cm_cr_getr_d_rvw_ttl?ie=UTF8&ASIN=B09Y5V1BRR,"5.0 "," the United States "," July 16, 2024",Size: X-SmallColor: Sage Green,Verified Purchase,"I rarely leave reviews, but clothing can be tricky. I can't speak to how these joggers will hold up over time, but they are well-made and fit perfectly. I'm 5'4"" and 125lbs, and I went with the XS to avoid the baggy look. The waistband is stylish, not bunchy, and it feels secure without being tight. The fit in the legs is flattering, with enough room to move. Great product!",2
KMA,"Comfortable with style, wide choice of colors and deep pockets",https://www.amazon.com/gp/customer-reviews/R2070TQCJAMMJW/ref=cm_cr_getr_d_rvw_ttl?ie=UTF8&ASIN=B09Y5V1BRR,"5.0 "," the United States "," August 12, 2024",Size: LargeColor: Light Grey,Verified Purchase,"These stylish joggers have a cuff that does not cling or ride up. There are deep pockets on both sides and one side has an extra small  side zip pocket.  The loose leg style allows air to circulate.. These joggers wash, dry, and wear beautifully. I’ve bought 4 pair already!",
Trudy Odvody,Love,https://www.amazon.com/gp/customer-reviews/R2QYE7WKZMZZ9R/ref=cm_cr_getr_d_rvw_ttl?ie=UTF8&ASIN=B09Y5V1BRR,"5.0 "," the United States "," October 11, 2024",Size: LargeColor: Grey,Verified Purchase,Exactly what I was looking for!  These pants are so comfortable!,
NellyBee,Love love love,https://www.amazon.com/gp/customer-reviews/RJX1I76317O8X/ref=cm_cr_getr_d_rvw_ttl?ie=UTF8&ASIN=B09Y5V1BRR,"5.0 "," the United States "," August 14, 2024",Size: LargeColor: Black,Verified Purchase,"I love these joggers. They are so comfortable and look high end and elegant, whilst still being practical. They are a true to fit size and wash well. I own six different colors and may end up buying more! The pockets are deep enough for a phone. Highly recommend.",10
Hannah,Cute & comfy joggers!,https://www.amazon.com/gp/customer-reviews/R20FE9J6GNX19C/ref=cm_cr_getr_d_rvw_ttl?ie=UTF8&ASIN=B09Y5V1BRR,"4.0 "," the United States "," March 28, 2024",Size: MediumColor: Slate Blue,Verified Purchase,"I liked the color, comfort and how well these joggers fit. The thick band on the waist is awesome and it’s high waisted! I’m 5’1, 147lbs(6months post baby) and very thick and wide on my bottom half. My only complaint is that it was too long. My only dislike is I had to cuff the bottoms for them to look like an appropriate length.",26
Lady In Nevada,Not bad but odd seams,https://www.amazon.com/gp/customer-reviews/R8T8DYL2YR4B1/ref=cm_cr_getr_d_rvw_ttl?ie=UTF8&ASIN=B09Y5V1BRR,"4.0 "," the United States "," May 1, 2024",Size: MediumColor: Black,Verified Purchase,The pants fit fine but the back seams were not straight and flat so these points were poking out. I think going down a size would be too tight but haven’t tried that yet because the length is already almost short on me at 5’8.,9
Ashley Stueve,FTTS,https://www.amazon.com/gp/customer-reviews/R1GA9LDRNYPL27/ref=cm_cr_getr_d_rvw_ttl?ie=UTF8&ASIN=B09Y5V1BRR,"5.0 "," the United States "," October 24, 2024",Size: LargeColor: Black,Verified Purchase,So soft and comfortable!,
L.R.,Amazingly Comfortable,https://www.amazon.com/gp/customer-reviews/R3GQ44H86KN29J/ref=cm_cr_getr_d_rvw_ttl?ie=UTF8&ASIN=B09Y5V1BRR,"5.0 "," the United States "," August 6, 2024",Size: LargeColor: Mauve Pink,Verified Purchase,"I absolutely LOVE this trousers. It is very comfortable, machine washable and durable. I wear it to run errands all the time or just stepping out anywhere. The zipper pockets are a huge convince when I don’t want to carry a handbag - my phone is easily secured. Would definitely recommend",4
LK,Thin Material,https://www.amazon.com/gp/customer-reviews/RQMDUIG9MPTGH/ref=cm_cr_getr_d_rvw_ttl?ie=UTF8&ASIN=B09Y5V1BRR,"4.0 "," the United States "," March 29, 2024",Size: MediumColor: Black,Verified Purchase,"These pants were pretty much exactly what I expected. The material is thin so it definitely shows imperfections. The lining of the pockets shows, but overall they are good quality. I am 5’4” and about 145lb, size medium fits well. I do wish the material was thicker for more compression but they are comfortable",4
Jamie,100/10,https://www.amazon.com/gp/customer-reviews/R39XJFS75AWSGH/ref=cm_cr_getr_d_rvw_ttl?ie=UTF8&ASIN=B09Y5V1BRR,"5.0 "," the United States "," September 22, 2024",Size: SmallColor: Slate Blue,Verified Purchase,Love the buttery soft material. Light weight. Washed and very well. Color just as the product photo. True to size. Great value for the money!,7
Linda,So comfortable and flattering,https://www.amazon.com/gp/customer-reviews/R3LVFBPFT7RZ4P/ref=cm_cr_getr_d_rvw_ttl?ie=UTF8&ASIN=B09Y5V1BRR,"5.0 "," the United States "," June 26, 2024",Size: XX-LargeColor: Olive Green,Verified Purchase,"These pants are probably the most comfortable I own. They feel great on and have the perfect amount of stretch. The weight is great so they don't feel cheap. I wore them on a hot day and did get a bit overheated, but I wouldn't call them very warm. They are a good mid-weight pant. I hope the fabric holds up as great as they look now because I bought 3 colors!",4
Pam Vogt,Nice pants,https://www.amazon.com/gp/customer-reviews/R2WHW35DLJQMKL/ref=cm_cr_getr_d_rvw_ttl?ie=UTF8&ASIN=B09Y5V1BRR,"5.0 "," the United States "," September 25, 2024",Size: LargeColor: Khaki,Verified Purchase,Exactly as described. Soft fabric. Very comfortable to wear. Will buy again.,
Shylo,No stretch in the waist,https://www.amazon.com/gp/customer-reviews/R2PBG01PX9A4QS/ref=cm_cr_getr_d_rvw_ttl?ie=UTF8&ASIN=B09Y5V1BRR,"4.0 "," the United States "," April 1, 2024",Size: XX-LargeColor: Black,Verified Purchase,"The material is great on these, but the 2X fit more like an XL in the waist and they barely had any stretch. They were the perfect length for me at 5'8"". If the waist had more stretch, or would have been just a little bigger, they would have been perfect!",
LILIANA MARIA CASTILLO,"Llegó a tiempo, talla encaja perfecto.",https://www.amazon.com/gp/customer-reviews/RNQ9NKSSQPYG8/ref=cm_cr_getr_d_rvw_ttl?ie=UTF8&ASIN=B09Y5V1BRR,"5.0 "," the United States "," October 2, 2024",Size: SmallColor: Black,Verified Purchase,"Llegó a tiempo, talla encaja perfecto.",
Sue,Pants joggers,https://www.amazon.com/gp/customer-reviews/R2OAFHB24PJ6YV/ref=cm_cr_getr_d_rvw_ttl?ie=UTF8&ASIN=B09Y5V1BRR,"5.0 "," the United States "," October 7, 2024",Size: MediumColor: Brown,Verified Purchase,Comfortable size is right,
Chumpy,Perfect!,https://www.amazon.com/gp/customer-reviews/R1Y7EAEBLIGYXF/ref=cm_cr_getr_d_rvw_ttl?ie=UTF8&ASIN=B09Y5V1BRR,"5.0 "," the United States "," September 4, 2024",Size: MediumColor: Light Grey,Verified Purchase,These were exactly what I was looking for and just as described. Sizing was great. Fit wonderfully. Very pleased!,
